event_key,SQLDATE,EventCode,status,verdict,grade,title,reason,used_url,source_url
1021509124,2022-01-02,192,OK_ORIGINAL,AMBIGUOUS,MEDIUM,Taiwan leader urges China to curb 'military adventurism',"기사는 중국과 대만의 군사적 긴장 고조를 다루고 있지만, '영토 점령'이라는 특정 CAMEO 코드를 직접적으로 명시하는 행동은 기사에 포함되어 있지 않습니다.",https://mizzima.com/article/taiwan-leader-urges-china-curb-military-adventurism,https://mizzima.com/article/taiwan-leader-urges-china-curb-military-adventurism
1300611184,2026-04-23,193,OK_ORIGINAL,AMBIGUOUS,MEDIUM,Blocking of Taiwan president's flight seen as 'warning shot' by China,"기사는 대만 총통의 해외 순방 취소와 중국의 영향력을 언급하며 양안 간의 긴장감을 나타내지만, 소형화기 충돌과 같은 직접적인 군사적 사건을 묘사하고 있지는 않습니다.",https://asia.nikkei.com/politics/international-relations/taiwan-tensions/blocking-of-taiwan-president-s-flight-seen-as-warning-shot-by-china,https://asia.nikkei.com/politics/international-relations/taiwan-tensions/blocking-of-taiwan-president-s-flight-seen-as-warning-shot-by-china
1203871805,2024-10-13,190,NOTFOUND,-,UNVERIFIED,,본문 확보 실패,,https://shafaq.com/en/World/Taiwan-spots-Chinese-carrier-movement-as-Beijing-signals-battle-readiness
1203871309,2024-10-13,190,OK_ORIGINAL,MATCH,HIGH,Taiwan spots Chinese carrier movement as Beijing signals battle readiness - Shafaq News | Latest breaking news in Iraq and the world,기사는 중국 항공모함이 대만 인근 해역을 항해하고 중국군이 전투 준비 태세를 선언하는 등 양안 간의 군사적 긴장 상황을 보도하고 있어 GDELT 분류 코드 190(재래식 무력 사용)과 부합합니다.,https://shafaq.com/en/World/Taiwan-spots-Chinese-carrier-movement-as-Beijing-signals-battle-readiness,https://shafaq.com/en/World/Taiwan-spots-Chinese-carrier-movement-as-Beijing-signals-battle-readiness
1185500997,2024-07-05,190,OK_ORIGINAL,AMBIGUOUS,MEDIUM,"Taiwan reports more Chinese military activity, calls for de-escalation","기사는 중국의 군사 활동을 보고하고 있지만, '재래식 무력 사용(use conventional force)'이라는 GDELT 분류 코드와 달리 실제 무력 충돌보다는 위협 및 압박 활동을 묘사하고 있습니다.",https://www.yahoo.com/news/taiwan-reports-more-chinese-military-034457354.html,https://www.yahoo.com/news/taiwan-reports-more-chinese-military-034457354.html
1185500999,2024-07-05,190,OK_ORIGINAL,AMBIGUOUS,MEDIUM,"Taiwan reports more Chinese military activity, calls for de-escalation","기사는 중국의 군사 활동 증가를 보고하고 있지만, '재래식 무력 사용'에 해당하는 실제 무력 충돌보다는 '합동 전투 준비 순찰'과 같은 시위 성격의 활동을 묘사하고 있어 직접적인 무력 사용과는 거리가 있습니다.",https://www.yahoo.com/news/taiwan-reports-more-chinese-military-034457354.html,https://www.yahoo.com/news/taiwan-reports-more-chinese-military-034457354.html
1185500998,2024-07-05,190,OK_ORIGINAL,AMBIGUOUS,MEDIUM,"Taiwan reports more Chinese military activity, calls for de-escalation","기사에서는 중국의 군사 활동 증가를 보고하지만, 이는 재래식 무력 사용(use conventional force)으로 직접적으로 분류되기보다는 긴장 고조 및 심리전의 맥락에서 해석될 수 있습니다.",https://www.theglobeandmail.com/world/article-taiwan-reports-more-chinese-military-activity-calls-for-de-escalation/,https://www.theglobeandmail.com/world/article-taiwan-reports-more-chinese-military-activity-calls-for-de-escalation/
1185501000,2024-07-05,190,OK_ORIGINAL,AMBIGUOUS,MEDIUM,"Taiwan reports more Chinese military activity, calls for de-escalation","기사는 중국의 군사 활동 증가와 대만의 긴장 완화 요구를 다루지만, '재래식 무력 사용'이라는 CAMEO 코드 190의 직접적인 사건을 묘사하기보다는 군사적 압박과 순찰 활동에 대한 내용이므로 유형 일치 여부가 애매합니다.",https://www.theglobeandmail.com/world/article-taiwan-reports-more-chinese-military-activity-calls-for-de-escalation/,https://www.theglobeandmail.com/world/article-taiwan-reports-more-chinese-military-activity-calls-for-de-escalation/
1278888150,2025-12-12,154,OK_ORIGINAL,MATCH,HIGH,"Taiwan records increase in Chinese military activity with 33 PLA aircraft sorties, 7 PLAN vessels around its territory","기사에서 중국 인민해방군(PLA) 항공기 및 해군 함정의 대만 영해 주변 활동 증가를 보고하며, 이는 군사 동원 및 증강에 해당합니다.",http://www.taiwansun.com/news/278749850/taiwan-records-increase-in-chinese-military-activity-with-33-pla-aircraft-sorties-7-plan-vessels-around-its-territory,http://www.taiwansun.com/news/278749850/taiwan-records-increase-in-chinese-military-activity-with-33-pla-aircraft-sorties-7-plan-vessels-around-its-territory
1278888152,2025-12-12,154,OK_ORIGINAL,MATCH,HIGH,"Taiwan records increase in Chinese military activity with 33 PLA aircraft sorties, 7 PLAN vessels around its territory","기사는 중국 인민해방군(PLA)의 항공기 및 해군 함정 활동 증가를 상세히 보도하고 있으며, 이는 GDELT 분류 코드 154인 '군사 동원·증강'에 부합합니다.",http://www.taiwansun.com/news/278749850/taiwan-records-increase-in-chinese-military-activity-with-33-pla-aircraft-sorties-7-plan-vessels-around-its-territory,http://www.taiwansun.com/news/278749850/taiwan-records-increase-in-chinese-military-activity-with-33-pla-aircraft-sorties-7-plan-vessels-around-its-territory
1278888153,2025-12-12,154,OK_ORIGINAL,MATCH,HIGH,"Taiwan records increase in Chinese military activity with 33 PLA aircraft sorties, 7 PLAN vessels around its territory","기사는 중국 인민해방군(PLA)의 항공기 출격 및 해군 함정 활동 증가를 구체적으로 언급하며, 이는 GDELT의 '군사 동원·증강' 분류와 직접적으로 부합합니다.",http://www.taiwansun.com/news/278749850/taiwan-records-increase-in-chinese-military-activity-with-33-pla-aircraft-sorties-7-plan-vessels-around-its-territory,http://www.taiwansun.com/news/278749850/taiwan-records-increase-in-chinese-military-activity-with-33-pla-aircraft-sorties-7-plan-vessels-around-its-territory
1278888151,2025-12-12,154,OK_ORIGINAL,MATCH,HIGH,"Taiwan records increase in Chinese military activity with 33 PLA aircraft sorties, 7 PLAN vessels around its territory","기사는 중국 인민해방군(PLA) 항공기와 중국 인민해방군 해군(PLAN) 선박의 대만 주변 활동 증가를 보고하며, 이는 군사 동원 및 증강으로 분류되는 CAMEO 코드 154에 부합합니다.",http://www.taiwansun.com/news/278749850/taiwan-records-increase-in-chinese-military-activity-with-33-pla-aircraft-sorties-7-plan-vessels-around-its-territory,http://www.taiwansun.com/news/278749850/taiwan-records-increase-in-chinese-military-activity-with-33-pla-aircraft-sorties-7-plan-vessels-around-its-territory
1062996967,2022-09-14,190,OK_ORIGINAL,MISMATCH,LOW,Ex-chief of general staff urges military-to-military dialogue with China - Focus Taiwan,"기사는 중국과 대만 간의 군사적 대화 채널 구축을 촉구하는 내용을 담고 있을 뿐, 실제 재래식 무력 사용에 대한 내용은 포함하고 있지 않습니다.",https://focustaiwan.tw/cross-strait/202209140019,https://focustaiwan.tw/cross-strait/202209140019
1108124161,2023-06-11,195,OK_ORIGINAL,MATCH,HIGH,Taiwan says 10 Chinese warplanes cross median line,"기사는 중국 전투기가 대만 해협 중간선을 넘었다는 내용을 다루며, 이는 GDELT의 '공중무기 사용' 분류 유형과 직접적으로 관련됩니다.",https://www.newcastleherald.com.au/story/8229779/taiwan-says-10-chinese-warplanes-cross-median-line/,https://www.newcastleherald.com.au/story/8229779/taiwan-says-10-chinese-warplanes-cross-median-line/
1108122694,2023-06-11,195,OK_ORIGINAL,MATCH,HIGH,Taiwan sends up fighters as Chinese warplanes cross strait's median line,"기사 내용은 중국 군용기가 대만해협 중간선을 넘어오자 대만 공군이 전투기를 출격시키는 상황을 묘사하며, 이는 '공중무기 사용'이라는 분류 유형과 직접적으로 일치합니다.",https://news.yahoo.com/taiwan-says-10-chinese-warplanes-060949732.html,https://news.yahoo.com/taiwan-says-10-chinese-warplanes-060949732.html
1108118696,2023-06-11,154,OK_WAYBACK,MATCH,MEDIUM,Taiwan sends up fighters as Chinese warplanes cross strait's median line,"기사는 중국 군용기가 대만해협 중간선을 넘어온 사건을 보도하며, 대만 역시 이에 대응하여 전투기를 출격시키고 군사 시스템을 배치한 내용을 담고 있어 CAMEO 코드 154: 군사 동원·증강에 부합합니다.",http://web.archive.org/web/20230611233041/https://www.reuters.com/world/asia-pacific/taiwan-says-10-chinese-warplanes-cross-straits-median-line-2023-06-11/,https://www.reuters.com/world/asia-pacific/taiwan-says-10-chinese-warplanes-cross-straits-median-line-2023-06-11/
1108122147,2023-06-11,154,OK_ORIGINAL,MATCH,HIGH,Taiwan sends up fighters as Chinese warplanes cross strait's median line,"기사는 중국 군용기가 대만해협 중간선을 넘어 대만의 전투기 대응을 야기하는 군사 활동을 묘사하며, 이는 군사 동원 및 증강으로 분류될 수 있는 사건에 해당합니다.",https://news.yahoo.com/taiwan-says-10-chinese-warplanes-060949732.html,https://news.yahoo.com/taiwan-says-10-chinese-warplanes-060949732.html
1108110638,2023-06-11,154,OK_ORIGINAL,MATCH,HIGH,Taiwan Activates Air Defence as China Aircraft Enter Zone,기사는 대만 방공 시스템 활성화와 중국 군용기 진입을 다루고 있어 CAMEO 코드 154 '군사 동원·증강' 유형에 부합하는 양안 군사 사건입니다.,https://www.theepochtimes.com/taiwan-activates-air-defence-as-china-aircraft-enter-zone_5320519.html,https://www.theepochtimes.com/taiwan-activates-air-defence-as-china-aircraft-enter-zone_5320519.html
1108119833,2023-06-11,154,OK_WAYBACK,MATCH,MEDIUM,Taiwan sends up fighters as Chinese warplanes cross strait's median line,"기사는 중국 군용기가 대만 해협 중간선을 넘어온 사건을 보도하고 있으며, 이는 군사 동원 및 증강으로 볼 수 있습니다.",http://web.archive.org/web/20230611065132/https://www.marketscreener.com/news/latest/Taiwan-sends-up-fighters-as-Chinese-warplanes-cross-strait-s-median-line--44087973/,https://www.marketscreener.com/news/latest/Taiwan-sends-up-fighters-as-Chinese-warplanes-cross-strait-s-median-line--44087973/
1057568799,2022-08-07,190,OK_ORIGINAL,MATCH,HIGH,Taiwan Vows to Resist Pressure as China Announces More Drills,"기사는 중국이 대만 주변에서 실시한 군사 훈련에 대해 다루고 있으며, 이는 재래식 무력 사용(use conventional force)으로 분류되는 사건 유형과 일치합니다.",https://news.yahoo.com/taiwan-vows-not-bow-pressure-071742342.html,https://news.yahoo.com/taiwan-vows-not-bow-pressure-071742342.html
1057525544,2022-08-07,150,OK_ORIGINAL,MISMATCH,LOW,What’s next for the US-China relationship,"이 기사는 미중 관계에 대한 전반적인 분석이며, 펠로시 의장의 대만 방문에 따른 중국의 군사적 행동을 언급하지만, GDELT 분류 유형인 '군사 태세'에 직접적으로 초점을 맞추고 있지는 않습니다.",https://www.vox.com/2022/8/6/23294700/the-us-and-china-might-not-get-over-the-taiwan-crisis,https://www.vox.com/2022/8/6/23294700/the-us-and-china-might-not-get-over-the-taiwan-crisis
1057553554,2022-08-07,190,OK_WAYBACK,MATCH,MEDIUM,"China continues to simulate attack on Taiwan, says Taipei - La Prensa Latina Media","기사는 중국 인민해방군이 대만을 공격하는 것을 시뮬레이션하는 군사 훈련을 계속하고 있다고 명시하고 있으며, 이는 재래식 무력 사용(use conventional force)으로 분류되는 CAMEO 코드 190과 일치합니다.",http://web.archive.org/web/20220807070558/https://www.laprensalatina.com/china-continues-to-simulate-attack-on-taiwan-says-taipei/,https://www.laprensalatina.com/china-continues-to-simulate-attack-on-taiwan-says-taipei/
1057597800,2022-08-07,150,OK_ORIGINAL,MATCH,HIGH,Taiwan announces response to Chinese military exercises - Free Press,"기사는 대만과 중국 간의 군사 훈련 및 대응에 대한 내용을 다루고 있으며, 이는 '군사 태세(military posturing)'라는 GDELT 분류와 일치합니다.",https://www.slobodenpecat.mk/en/tajvan-najavi-odgovor-na-kineskite-voeni-vezhbi/,https://www.slobodenpecat.mk/en/tajvan-najavi-odgovor-na-kineskite-voeni-vezhbi/
1057571016,2022-08-07,194,NOTFOUND,-,UNVERIFIED,,본문 확보 실패,,https://www.sfgate.com/news/article/China-keeps-up-pressure-on-Taiwan-with-4th-day-of-17357276.php
1057571265,2022-08-07,190,NOTFOUND,-,UNVERIFIED,,본문 확보 실패,,https://www.gazetteseries.co.uk/news/national/20606460.china-keeps-pressure-taiwan-fourth-day-military-drills/
1057531799,2022-08-07,150,OK_ORIGINAL,MATCH,HIGH,Taiwan Accuses China of Simulating an Invasion - The Daily Signal,"기사는 중국이 대만을 침공하는 모의 훈련을 실시했다고 보도하며, 이는 '군사 태세'로 분류될 수 있는 양안 군사 사건에 해당합니다.",https://www.dailysignal.com/2022/08/06/taiwan-accuses-china-of-simulating-an-invasion/,https://www.dailysignal.com/2022/08/06/taiwan-accuses-china-of-simulating-an-invasion/
1057556625,2022-08-07,150,NOTFOUND,-,UNVERIFIED,,본문 확보 실패,,http://www.uniindia.com/news/world/pelosi-s-taiwan-trip-played-into-china-s-hands-trump-says/2796632.html
1057563051,2022-08-07,150,OK_ORIGINAL,MATCH,HIGH,China wants to complete the largest military exercises to date in Taiwan | Online Free Press release news distribution - TopWireNews.com,"기사는 중국이 대만 주변에서 최대 규모의 군사 훈련을 마무리하고 있으며, 이는 분석가들이 봉쇄 및 침공 연습으로 묘사하는 군사 태세를 명확히 보여주기 때문에 CAMEO 코드 150: 군사 태세와 일치합니다.",https://news.topwirenews.com/2022/08/07/china-wants-to-complete-the-largest-military-exercises-to-date-in-taiwan/,https://news.topwirenews.com/2022/08/07/china-wants-to-complete-the-largest-military-exercises-to-date-in-taiwan/
1057570593,2022-08-07,190,NOTFOUND,-,UNVERIFIED,,본문 확보 실패,,https://www.sfgate.com/news/article/China-keeps-up-pressure-on-Taiwan-with-4th-day-of-17357276.php
1057526941,2022-08-07,154,OK_ORIGINAL,MATCH,HIGH,Four ways China could take Taiwan from blockade squeeze to 48hr all-out invasion,"기사는 중국이 대만을 침공할 수 있는 다양한 시나리오를 논하며, 이는 군사적 동원 및 증강의 맥락에 부합합니다.",https://www.thesun.co.uk/news/19440030/four-ways-china-take-taiwan-lightning-invasion/,https://www.thesun.co.uk/news/19440030/four-ways-china-take-taiwan-lightning-invasion/
1057535736,2022-08-07,150,NOTFOUND,-,UNVERIFIED,,본문 확보 실패,,https://mb.com.ph/2022/08/07/taiwan-accuses-beijing-of-simulating-invasion-as-us-china-relations-nosedive/
1057570594,2022-08-07,190,NOTFOUND,-,UNVERIFIED,,본문 확보 실패,,https://www.sfgate.com/news/article/China-keeps-up-pressure-on-Taiwan-with-4th-day-of-17357276.php
1057593736,2022-08-07,150,OK_ORIGINAL,MATCH,HIGH,22 Chinese warplanes approach Taiwan during drills — Taiwan’s defense ministry,"기사는 중국의 대만 주변 군사 훈련 및 군사력 과시를 다루고 있으며, 이는 GDELT의 '군사 태세(military posturing)' 분류와 일치합니다.",https://tass.com/world/1490511,https://tass.com/world/1490511
1057598044,2022-08-07,150,OK_ORIGINAL,MATCH,HIGH,Taiwan crisis created by US to increase military presence in region — Chinese top diplomat,"기사는 중국 외교부 장관의 발언을 인용하여 미국이 대만 방문을 통해 지역 내 군사적 영향력을 확대하려는 의도를 지적하며, 이는 양안 지역에서의 군사적 긴장을 고조시키는 '군사 태세'에 해당하기 때문입니다.",https://tass.com/world/1490517,https://tass.com/world/1490517
1057603852,2022-08-07,150,OK_ORIGINAL,MISMATCH,LOW,'Rehearsal for real operation': China performs 'island attack' during military drills near Taiwan - Times of India,제공된 기사 본문은 중국-대만 군사 사건과 전혀 관련 없는 주제를 다루고 있어 GDELT 분류와 일치하지 않습니다.,https://timesofindia.indiatimes.com/world/china/rehearsal-for-real-operation-china-performs-island-attack-during-military-drills-near-taiwan/articleshow/93413744.cms,https://timesofindia.indiatimes.com/world/china/rehearsal-for-real-operation-china-performs-island-attack-during-military-drills-near-taiwan/articleshow/93413744.cms
1057595983,2022-08-07,190,EMPTY,-,UNVERIFIED,,본문 확보 실패,,http://www.msn.com/en-us/news/world/taiwan-vows-not-to-bow-to-pressure-china-drills-set-to-end/ar-AA10oh7B
1057571628,2022-08-07,194,NOTFOUND,-,UNVERIFIED,,본문 확보 실패,,https://www.gazetteseries.co.uk/news/national/20606460.china-keeps-pressure-taiwan-fourth-day-military-drills/
1057597896,2022-08-06,150,OK_ORIGINAL,MATCH,HIGH,Experts mull ‘normalized’ China drills - Taipei Times,"기사는 중국의 대만 주변 대규모 군사 훈련을 언급하며, 이는 '군사 태세'에 해당하는 활동으로 GDELT 분류와 일치합니다.",https://www.taipeitimes.com/News/taiwan/archives/2022/08/08/2003783170,https://www.taipeitimes.com/News/taiwan/archives/2022/08/08/2003783170
1066848368,2022-10-10,190,OK_ORIGINAL,MISMATCH,LOW,"Elon Musk's unsolicited idea for Taiwan welcomed by Beijing, slammed in Taipei","이 기사는 양안 간의 군사적 충돌이나 무력 사용을 다루는 것이 아니라, 엘론 머스크의 대만에 대한 제안에 대한 중국과 대만의 반응을 다루고 있습니다.",https://www.wral.com/elon-musks-unsolicited-idea-for-taiwan-welcomed-by-beijing-slammed-in-taipei/20515278/,https://www.wral.com/elon-musks-unsolicited-idea-for-taiwan-welcomed-by-beijing-slammed-in-taipei/20515278/
1066848880,2022-10-10,190,OK_ORIGINAL,MISMATCH,LOW,"Elon Musk's unsolicited idea for Taiwan welcomed by Beijing, slammed in Taipei","기사는 엘론 머스크의 제안에 대한 중국과 대만의 반응을 다루고 있으며, 재래식 무력 사용과는 관련이 없습니다.",https://www.wral.com/elon-musks-unsolicited-idea-for-taiwan-welcomed-by-beijing-slammed-in-taipei/20515278/,https://www.wral.com/elon-musks-unsolicited-idea-for-taiwan-welcomed-by-beijing-slammed-in-taipei/20515278/
1066848881,2022-10-10,190,OK_ORIGINAL,MISMATCH,LOW,"Elon Musk's unsolicited idea for Taiwan welcomed by Beijing, slammed in Taipei","기사는 엘론 머스크의 발언과 그에 대한 양안 반응을 다루고 있으며, 재래식 무력 사용과는 관련이 없습니다.",https://www.wral.com/elon-musks-unsolicited-idea-for-taiwan-welcomed-by-beijing-slammed-in-taipei/20515278/,https://www.wral.com/elon-musks-unsolicited-idea-for-taiwan-welcomed-by-beijing-slammed-in-taipei/20515278/
1066848369,2022-10-10,190,OK_ORIGINAL,MISMATCH,LOW,"Elon Musk's unsolicited idea for Taiwan welcomed by Beijing, slammed in Taipei","기사는 중국과 대만 간의 정치적, 외교적 긴장 상황을 다루고 있지만, 재래식 무력 사용과 관련된 군사 사건은 전혀 발생하지 않았습니다.",https://www.wral.com/elon-musks-unsolicited-idea-for-taiwan-welcomed-by-beijing-slammed-in-taipei/20515278/,https://www.wral.com/elon-musks-unsolicited-idea-for-taiwan-welcomed-by-beijing-slammed-in-taipei/20515278/
1204200967,2024-10-15,150,OK_ORIGINAL,MATCH,HIGH,"China mobilizes planes and warships around Taiwan. ""Outlying islands in a state of maximum alert""","기사는 중국이 대만 주변에서 항공기와 함정을 동원하여 군사 훈련을 실시하고 있으며, 이는 CAMEO 코드 150 '군사 태세'와 일치하는 사건입니다.",https://www.odnako.org/china-mobilizes-planes-and-warships-around-taiwan-outlying-islands-in-a-state-of-maximum-alert/,https://www.odnako.org/china-mobilizes-planes-and-warships-around-taiwan-outlying-islands-in-a-state-of-maximum-alert/
1204254704,2024-10-15,151,OK_ORIGINAL,MATCH,HIGH,A record-breaking 153 Chinese warplanes flew around Taiwan in war games meant as a warning,"기사는 중국 군용기의 기록적인 대만 주변 비행 및 대규모 전쟁 훈련을 상세히 보도하고 있으며, 이는 CAMEO 코드 151(경계 수준 강화)에 해당되는 군사적 긴장 고조 행위로 볼 수 있습니다.",https://www.yahoo.com/news/record-breaking-153-chinese-warplanes-155804592.html,https://www.yahoo.com/news/record-breaking-153-chinese-warplanes-155804592.html
1204115603,2024-10-15,150,OK_ORIGINAL,MISMATCH,LOW,Home,"제시된 기사 제목과 본문 내용은 캐나다 국내 뉴스, 북미 스포츠, 국제 경제, 캐나다 정치 등 GDELT에서 분류한 양안 군사 사건과 전혀 관련이 없는 주제를 다루고 있습니다.",https://www.ganderbeacon.ca/china-has-started-military-exercises-around-taiwan/,https://www.ganderbeacon.ca/china-has-started-military-exercises-around-taiwan/
1204140502,2024-10-15,154,OK_ORIGINAL,MATCH,HIGH,"Taiwan reports increased Chinese military activity near its territory, detects 153 PLA aircraft, 14 naval vessels","기사는 대만 영토 인근에서 중국의 군사 활동 증가를 보고하고 있으며, 이는 GDELT의 '군사 동원·증강' 분류 유형과 직접적으로 일치합니다.",https://www.bignewsnetwork.com/news/274709519/taiwan-reports-increased-chinese-military-activity-near-its-territory-detects-153-pla-aircraft-14-naval-vessels,https://www.bignewsnetwork.com/news/274709519/taiwan-reports-increased-chinese-military-activity-near-its-territory-detects-153-pla-aircraft-14-naval-vessels
1204140504,2024-10-15,154,OK_ORIGINAL,MATCH,HIGH,"Taiwan reports increased Chinese military activity near its territory, detects 153 PLA aircraft, 14 naval vessels","기사는 중국 인민해방군(PLA) 항공기 및 해군 함정의 대만 영토 인근 활동 증가를 상세히 보고하고 있으며, 이는 GDELT의 '군사 동원·증강' 분류 유형과 일치합니다.",https://www.bignewsnetwork.com/news/274709519/taiwan-reports-increased-chinese-military-activity-near-its-territory-detects-153-pla-aircraft-14-naval-vessels,https://www.bignewsnetwork.com/news/274709519/taiwan-reports-increased-chinese-military-activity-near-its-territory-detects-153-pla-aircraft-14-naval-vessels
1204116315,2024-10-15,195,OK_ORIGINAL,MISMATCH,LOW,Home,"기사는 캐나다의 스포츠, 교통, 국제 시장, 법률 등 다양한 주제를 다루고 있으며, 양안 군사 사건과 전혀 관련이 없습니다.",https://www.ganderbeacon.ca/china-has-started-military-exercises-around-taiwan/,https://www.ganderbeacon.ca/china-has-started-military-exercises-around-taiwan/
1204116318,2024-10-15,195,OK_ORIGINAL,MISMATCH,LOW,Home,"이 기사는 캐나다의 스포츠, 교통, 사기, 금융 등 다양한 국내 뉴스를 다루고 있으며, 양안 군사 사건이나 공중 무기 사용에 대한 언급이 전혀 없습니다.",https://www.ganderbeacon.ca/china-has-started-military-exercises-around-taiwan/,https://www.ganderbeacon.ca/china-has-started-military-exercises-around-taiwan/
1204140505,2024-10-15,154,OK_ORIGINAL,MATCH,HIGH,"Taiwan reports increased Chinese military activity near its territory, detects 153 PLA aircraft, 14 naval vessels","기사는 중국 인민해방군(PLA)의 항공기와 해군 함정의 대만 영토 주변 활동 증가를 보고하고 있으며, 이는 CAMEO 코드 154 '군사 동원·증강' 분류와 일치합니다.",https://www.bignewsnetwork.com/news/274709519/taiwan-reports-increased-chinese-military-activity-near-its-territory-detects-153-pla-aircraft-14-naval-vessels,https://www.bignewsnetwork.com/news/274709519/taiwan-reports-increased-chinese-military-activity-near-its-territory-detects-153-pla-aircraft-14-naval-vessels
1204274834,2024-10-15,150,OK_ORIGINAL,MATCH,HIGH,UK urges China to exercise restraint after military drill around Taiwan,"기사는 대만 주변의 중국 군사 훈련을 보도하고 있으며, 이는 '군사 태세'로 분류될 수 있는 명백한 양안 군사 사건입니다.",https://news.webindia123.com/news/Articles/World/20241015/4246076.html,https://news.webindia123.com/news/Articles/World/20241015/4246076.html
1204164269,2024-10-15,150,OK_ORIGINAL,MATCH,HIGH,"China military exercise is destabilizing the situation near Taiwan, the Pentagon claims","펜타곤은 중국의 대만 주변 군사 훈련이 상황을 불안정하게 만들고 압력을 가하기 위한 것이라고 주장하며, 이는 군사 태세(military posturing)에 해당합니다.",https://news.am/eng/news/847323.html,https://news.am/eng/news/847323.html
1204137924,2024-10-15,151,OK_ORIGINAL,MATCH,HIGH,A record number of Chinese warplanes flew close to Taiwan during military drills,"기사는 중국의 대만 인근 군사 훈련 중 기록적인 수의 전투기 비행을 다루고 있으며, 이는 경계 수준 강화와 일치하는 사건입니다.",https://keyt.com/news/national-world/cnn-world/2024/10/14/a-record-number-of-chinese-warplanes-flew-close-to-taiwan-during-military-drills/,https://keyt.com/news/national-world/cnn-world/2024/10/14/a-record-number-of-chinese-warplanes-flew-close-to-taiwan-during-military-drills/
1204119179,2024-10-15,150,OK_ORIGINAL,MISMATCH,LOW,Advertiser,"제시된 기사는 캐나다의 우주 임무, 디지털 추적 장치, 게임 산업, 항공사, 항공 승객 보호 시스템, 당뇨병 약품, 기업가 정신, 에너지 비용 등에 대한 내용으로, 양안 군사 사건이나 군사 태세와는 전혀 관련이 없습니다.",https://www.gfwadvertiser.ca/china-has-started-military-exercises-around-taiwan/,https://www.gfwadvertiser.ca/china-has-started-military-exercises-around-taiwan/
1204119180,2024-10-15,150,OK_ORIGINAL,MISMATCH,LOW,Advertiser,"기사 제목과 본문 내용 모두 캐나다의 다양한 국내외 이슈를 다루고 있으며, 양안 군사 사건과 관련된 내용은 전혀 포함하고 있지 않습니다.",https://www.gfwadvertiser.ca/china-has-started-military-exercises-around-taiwan/,https://www.gfwadvertiser.ca/china-has-started-military-exercises-around-taiwan/
1204254702,2024-10-15,151,OK_ORIGINAL,MATCH,HIGH,A record-breaking 153 Chinese warplanes flew around Taiwan in war games meant as a warning,"기사는 중국의 대규모 전쟁 게임과 153대의 중국 군용기가 대만 주변을 비행한 기록적인 사건을 자세히 설명하며, 이는 CAMEO 코드 151인 '경계 수준 강화'에 해당합니다.",https://www.yahoo.com/news/record-breaking-153-chinese-warplanes-155804592.html,https://www.yahoo.com/news/record-breaking-153-chinese-warplanes-155804592.html
1218009664,2024-12-29,190,OK_ORIGINAL,AMBIGUOUS,MEDIUM,Inside China's paramilitary force that could be key in an invasion of Taiwan,"기사는 대만 침공 가능성을 언급하며 중국의 준군사 조직 훈련을 다루고 있지만, 실제 재래식 무력 사용에 대한 직접적인 묘사는 없어 분류 유형과 명확히 일치한다고 보기 어렵습니다.",https://www.businessinsider.com/inside-china-amphibious-training-could-be-key-in-taiwan-invasion-2024-12,https://www.businessinsider.com/inside-china-amphibious-training-could-be-key-in-taiwan-invasion-2024-12
1218009663,2024-12-29,190,OK_ORIGINAL,MATCH,HIGH,Inside China's paramilitary force that could be key in an invasion of Taiwan,기사는 중국의 대만 침공 가능성에 대비한 군사 훈련에 대한 내용을 다루고 있어 CAMEO 코드 190 (재래식 무력 사용)으로 분류된 양안 군사 사건과 일치합니다.,https://www.businessinsider.com/inside-china-amphibious-training-could-be-key-in-taiwan-invasion-2024-12,https://www.businessinsider.com/inside-china-amphibious-training-could-be-key-in-taiwan-invasion-2024-12
1218012053,2024-12-29,190,OK_ORIGINAL,MATCH,HIGH,Inside China's paramilitary force that could be key in an invasion of Taiwan,"기사는 중국의 대만 침공 가능성과 이를 위한 중국 무장경찰의 훈련을 상세히 다루고 있어, CAMEO 코드 190 '재래식 무력 사용'에 부합하는 양안 군사 사건으로 볼 수 있습니다.",https://www.yahoo.com/news/inside-chinas-paramilitary-force-could-104801289.html,https://www.yahoo.com/news/inside-chinas-paramilitary-force-could-104801289.html
1186964660,2024-07-13,152,OK_ORIGINAL,MATCH,HIGH,Taiwan on alert over 'waves' of missile tests in north China | Law-Order,"기사는 중국이 내몽골에서 미사일 테스트를 진행하고 이에 대만은 경계 태세를 유지하고 있다는 내용을 담고 있으며, 이는 CAMEO 코드 152 '군사력 증강(military exercise/buildup)'과 일치합니다.",https://www.devdiscourse.com/article/law-order/3015703-taiwan-on-alert-over-waves-of-missile-tests-in-north-china,https://www.devdiscourse.com/article/law-order/3015703-taiwan-on-alert-over-waves-of-missile-tests-in-north-china
1186970534,2024-07-13,150,OK_ORIGINAL,AMBIGUOUS,MEDIUM,RIMPAC a demonstration of US hegemony,"기사는 RIMPAC 훈련을 언급하며 중국을 가상의 적으로 간주하지만, 직접적으로 양안(중국-대만) 간의 군사 사건을 다루기보다는 미국의 군사적 영향력과 서방 국가들의 전략에 대한 비판에 초점을 맞추고 있습니다.",http://europe.chinadaily.com.cn/a/202407/13/WS6691db81a31095c51c50ddc6.html,http://europe.chinadaily.com.cn/a/202407/13/WS6691db81a31095c51c50ddc6.html
1281621069,2025-12-31,194,OK_ORIGINAL,MATCH,HIGH,China fires rockets off Taiwan’s coast during massive military drill | Honolulu Star-Advertiser,"기사는 중국이 대만 해안 근처에 로켓을 발사하고 대규모 군사 훈련을 실시했다고 보도하며, 이는 중화기 무력충돌(CAMEO 코드 194)에 해당합니다.",https://www.staradvertiser.com/2025/12/30/breaking-news/china-fires-rockets-off-taiwans-coast-in-massive-military-drill/,https://www.staradvertiser.com/2025/12/30/breaking-news/china-fires-rockets-off-taiwans-coast-in-massive-military-drill/
1281672428,2025-12-31,190,OK_ORIGINAL,AMBIGUOUS,MEDIUM,Why China is riled up by US firms' arms sales to Taiwan,"기사는 미국이 대만에 무기를 판매하여 중국이 격분하고 있다는 내용을 다루고 있으며, 이는 잠재적인 군사적 긴장을 야기할 수 있지만, 기사 본문에는 실제 재래식 무력 사용이 발생했다는 직접적인 언급은 없습니다.",https://www.the-star.co.ke/news/world/2025-12-31-why-china-is-riled-up-by-us-firms-arms-sales-to-taiwan,https://www.the-star.co.ke/news/world/2025-12-31-why-china-is-riled-up-by-us-firms-arms-sales-to-taiwan
1281657851,2025-12-31,150,OK_ORIGINAL,MATCH,HIGH,Taipei says over 200 aircrafts flew around Taiwanese territory during China's military exercise,"기사는 중국이 대만 영토 주변에서 군사 훈련을 실시하고 있으며, 이는 CAMEO 코드 150의 '군사 태세' 분류와 일치하는 행위입니다.",https://www.prokerala.com/news/articles/a1713359.html,https://www.prokerala.com/news/articles/a1713359.html
1281652752,2025-12-31,150,OK_ORIGINAL,MATCH,HIGH,China's Drills Around Taiwan Touched The 24-mile Special Zone For The First Time,"기사는 중국의 대만 주변 군사 훈련이 24마일 특별 해양 구역에 진입했으며, 이는 군사적 위협과 긴장 고조를 보여주는 명백한 군사 태세에 해당하므로 GDELT 분류와 일치합니다.",https://charter97.org/en/news/2025/12/31/668451/,https://charter97.org/en/news/2025/12/31/668451/
1281660434,2025-12-31,150,OK_ORIGINAL,MATCH,HIGH,Spokesperson statement on China's military exercise around Taiwan,"기사는 중국의 대만 주변 군사 훈련에 대해 언급하며, 이는 CAMEO 코드 150의 '군사 태세'에 해당합니다.",https://www.globalsecurity.org/wmd/library/news/taiwan/2025/taiwan-251230-eeas01.htm,https://www.globalsecurity.org/wmd/library/news/taiwan/2025/taiwan-251230-eeas01.htm
1281679785,2025-12-31,150,OK_ORIGINAL,MATCH,HIGH,China announces it has ‘successfully completed’ military exercises near Taiwan,"기사는 중국이 대만 인근에서 군사 훈련을 완료했다고 발표한 내용을 다루고 있으며, 이는 '군사 태세'에 해당하는 양안 군사 사건으로 분류할 수 있습니다.",https://www.shropshirestar.com/world-news/2025/12/31/china-announces-it-has-successfully-completed-military-exercises-near-taiwan/,https://www.shropshirestar.com/world-news/2025/12/31/china-announces-it-has-successfully-completed-military-exercises-near-taiwan/
1281671629,2025-12-31,190,OK_ORIGINAL,MISMATCH,LOW,Why China is riled up by US firms' arms sales to Taiwan,"기사는 미국과 중국 간의 군사 사건이 아닌, 미국 기업의 대만 무기 판매와 이에 대한 중국의 외교적 반발을 다루고 있어 GDELT의 '재래식 무력 사용' 분류와 일치하지 않습니다.",https://www.the-star.co.ke/news/world/2025-12-31-why-china-is-riled-up-by-us-firms-arms-sales-to-taiwan,https://www.the-star.co.ke/news/world/2025-12-31-why-china-is-riled-up-by-us-firms-arms-sales-to-taiwan
1281602716,2025-12-31,194,OK_ORIGINAL,MATCH,HIGH,China launches largest military drills off Taiwan in 8 months with live-fire exercises caught on camera,기사는 중국이 대만 인근에서 대규모 실탄 사격 훈련을 실시하며 중화기를 사용하는 군사 행동을 묘사하고 있어 CAMEO 코드 194(중화기 무력충돌)와 일치합니다.,https://www.foxnews.com/world/china-launches-largest-military-drills-taiwan-8-months-live-fire-exercises-caught-camera,https://www.foxnews.com/world/china-launches-largest-military-drills-taiwan-8-months-live-fire-exercises-caught-camera
1281660416,2025-12-31,150,OK_ORIGINAL,MATCH,HIGH,90 PLA warplanes cross Taiwan Strait median line as China stages drills,"기사에서 중국 PLA의 대규모 군사 훈련과 대만 해협 중간선을 넘는 90대의 군용기 출현을 언급하고 있어, 이는 '군사 태세(military posturing)'에 해당합니다.",https://www.globalsecurity.org/wmd/library/news/taiwan/2025/taiwan-251230-cna09.htm,https://www.globalsecurity.org/wmd/library/news/taiwan/2025/taiwan-251230-cna09.htm
1207923343,2024-11-04,151,OK_ORIGINAL,MATCH,HIGH,"Taiwan reports 44 aircraft, 6 vessels and 1 ship from China around it's country",기사는 중국 군용기의 대만 방공식별구역 진입 및 경계 태세 강화 내용을 상세히 보도하여 GDELT의 '경계 수준 강화' 분류와 일치합니다.,https://news.webindia123.com/news/Articles/World/20241104/4252431.html,https://news.webindia123.com/news/Articles/World/20241104/4252431.html
1207924184,2024-11-04,154,OK_ORIGINAL,MATCH,HIGH,"Taiwan reports 44 aircraft, 6 vessels and 1 ship from China around it's country","기사는 중국 군용기 및 선박이 대만 주변 및 대만해협 중간선을 넘어 진입한 사건을 상세히 보도하고 있으며, 이는 군사 동원 및 증강 활동으로 분류되는 CAMEO 코드 154와 일치합니다.",https://news.webindia123.com/news/Articles/World/20241104/4252431.html,https://news.webindia123.com/news/Articles/World/20241104/4252431.html
1057343088,2022-08-05,194,OK_ORIGINAL,MISMATCH,LOW,"10 things you need to know today: August 5, 2022","기사는 미국 내 경찰의 총격 사건과 러시아에서 발생한 마약 혐의로 기소된 미국 농구 선수의 재판에 관한 내용으로, 양안 군사 사건과 전혀 관련이 없습니다.",https://theweek.com/briefing/daily-briefing/1015693/10-things-you-need-to-know-today-august-5-2022,https://theweek.com/briefing/daily-briefing/1015693/10-things-you-need-to-know-today-august-5-2022
1057269168,2022-08-05,193,OK_WAYBACK,MISMATCH,LOW,'If China dares to launch an invasion of Taiwan then..': Taiwanese MP hits out at Beijing over military drills,"기사는 중국의 대만 침공 가능성과 미사일 발사에 대해 언급하고 있으나, 소형화기 충돌(small-arms clash)이라는 특정 사건 유형과는 직접적으로 일치하지 않습니다.",http://web.archive.org/web/20220805072315/https://www.dnaindia.com/world/report-taiwanese-mp-wang-ting-yu-warnschina-if-it-try-to-invade-taiwan-2973963,https://www.dnaindia.com/world/report-taiwanese-mp-wang-ting-yu-warnschina-if-it-try-to-invade-taiwan-2973963
1057250957,2022-08-05,194,OK_ORIGINAL,MATCH,HIGH,China fires missiles in ‘unprecedented’ drills around Taiwan,"기사는 중국이 대만 주변 해역에 탄도 미사일을 발사한 군사 훈련에 대해 설명하고 있으며, 이는 중화기를 사용한 무력 충돌 사건과 일치합니다.",https://island.lk/china-fires-missiles-in-unprecedented-drills-around-taiwan/,https://island.lk/china-fires-missiles-in-unprecedented-drills-around-taiwan/
1057343084,2022-08-05,150,OK_WAYBACK,MATCH,MEDIUM,"China halts climate, military ties over Pelosi Taiwan visit",기사는 대만 방문에 대한 대응으로 중국이 군사적 긴장을 고조시키고 군사 훈련을 실시하는 내용을 다루고 있어 GDELT의 '군사 태세' 분류와 일치합니다.,http://web.archive.org/web/20220805140846/https://www.ctinsider.com/news/article/China-summons-European-diplomats-over-statement-17353425.php,https://www.ctinsider.com/news/article/China-summons-European-diplomats-over-statement-17353425.php
1057288014,2022-08-05,194,OK_ORIGINAL,MATCH,HIGH,China sends warships and jets close to Taiwan and sparks alert in Japan as tensions rise - Local News 8,"기사는 중국과 대만 간의 군사 훈련, 군함 및 항공기 배치, 대만 방공식별구역 침범 등 중화기를 동반한 군사적 충돌과 관련된 내용을 구체적으로 묘사하고 있어 CAMEO 코드 194와 일치합니다.",https://localnews8.com/news/2022/08/04/china-fires-missiles-over-taiwan-for-first-time-as-beijing-retaliates-against-pelosi-visit/,https://localnews8.com/news/2022/08/04/china-fires-missiles-over-taiwan-for-first-time-as-beijing-retaliates-against-pelosi-visit/
1057250958,2022-08-05,194,OK_ORIGINAL,MATCH,HIGH,China fires missiles in ‘unprecedented’ drills around Taiwan,"기사는 중국이 대만 주변에서 탄도 미사일을 발사하는 군사 훈련에 대한 내용으로, GDELT 분류 유형인 '중화기 무력충돌(armed clash, heavy weapons)'과 부합합니다.",https://island.lk/china-fires-missiles-in-unprecedented-drills-around-taiwan/,https://island.lk/china-fires-missiles-in-unprecedented-drills-around-taiwan/
1057262103,2022-08-05,194,OK_ORIGINAL,MATCH,HIGH,China sends warships and jets close to Taiwan and sparks alert in Japan as tensions rise | CNN,"기사는 중국과 대만 간의 군사 훈련, 군함 및 항공기 배치, 그리고 대만의 경고 및 방어 태세 강화를 묘사하며, 이는 중화기를 동반한 무력 충돌에 해당하므로 CAMEO 코드 194와 일치합니다.",https://edition.cnn.com/2022/08/04/asia/china-taiwan-pelosi-japan-tensions-intl-hnk/,https://edition.cnn.com/2022/08/04/asia/china-taiwan-pelosi-japan-tensions-intl-hnk/
1057275473,2022-08-05,195,OK_ORIGINAL,MATCH,HIGH,"Taiwan slams ‘evil neighbor’ China after missiles fly over island | The Asahi Shimbun: Breaking News, Japan News and Analysis","기사는 중국이 대만 상공으로 미사일을 발사한 사건을 보도하고 있으며, 이는 GDELT의 '공중무기 사용(air weapons)' 분류 유형과 일치합니다.",https://www.asahi.com/ajw/articles/14688169,https://www.asahi.com/ajw/articles/14688169
1057306852,2022-08-05,194,OK_WAYBACK,MISMATCH,LOW,Some nationalists felt China did too little to counter Pelosi. Beijing wants to change their minds,"기사는 펠로시 의장의 대만 방문에 대한 중국의 정치적, 수사적 반응에 초점을 맞추고 있으며, 중화기를 동반한 실제 무력 충돌 사건을 다루고 있지 않습니다.",http://web.archive.org/web/20220805092405/https://www.gwinnettdailypost.com/news/some-nationalists-felt-china-did-too-little-to-counter-pelosi-beijing-wants-to-change-their/article_ad51e7c9-95fb-517c-9ec1-858c0c55133c.html,https://www.gwinnettdailypost.com/news/some-nationalists-felt-china-did-too-little-to-counter-pelosi-beijing-wants-to-change-their/article_ad51e7c9-95fb-517c-9ec1-858c0c55133c.html
1057289702,2022-08-05,195,OK_ORIGINAL,MATCH,HIGH,Taiwan slams ‘evil neighbor’ China after missiles fly over island,"기사 본문에서 중국이 대만 주변 해역으로 미사일을 발사했으며, 이 중 일부는 대만 수도 타이베이를 넘어갔다고 명시하고 있어 CAMEO 코드 195: 공중무기 사용과 일치합니다.",https://newsinfo.inquirer.net/1641545/taiwan-slams-evil-neighbour-china-after-missiles-fly-over-island,https://newsinfo.inquirer.net/1641545/taiwan-slams-evil-neighbour-china-after-missiles-fly-over-island
1057262106,2022-08-05,194,OK_ORIGINAL,MATCH,HIGH,China sends warships and jets close to Taiwan and sparks alert in Japan as tensions rise | CNN,"기사는 중국과 대만 간의 군사 훈련, 군함 및 항공기 이동, 대만 군대의 대응, 중화기(미사일 시스템) 언급 등을 상세히 묘사하고 있어 CAMEO 코드 194(중화기 무력충돌)와 일치합니다.",https://edition.cnn.com/2022/08/04/asia/china-taiwan-pelosi-japan-tensions-intl-hnk/,https://edition.cnn.com/2022/08/04/asia/china-taiwan-pelosi-japan-tensions-intl-hnk/
1057277066,2022-08-05,150,OK_ORIGINAL,MATCH,HIGH,Do Not ‘Manufacture a Crisis’: Antony Blinken Tells China Amid Military Drill Because of Nancy Pelosi Taiwan Visit,"기사는 중국의 대만 인근 미사일 발사 및 군사 훈련과 관련된 내용을 다루고 있으며, 이는 GDELT의 '군사 태세(military posturing)' 분류와 일치합니다.",http://www.hngn.com/articles/243657/20220804/antony-blinken-china-taiwan-nancy-pelosi-taiwan.htm,http://www.hngn.com/articles/243657/20220804/antony-blinken-china-taiwan-nancy-pelosi-taiwan.htm
1057310114,2022-08-05,194,NOTFOUND,-,UNVERIFIED,,본문 확보 실패,,http://www.arirang.co.kr/News/News_View.asp?sys_lang=Eng&nseq=305146
1057262100,2022-08-05,150,OK_ORIGINAL,MATCH,HIGH,US labels China missile launch an 'overreaction' to Pelosi Taiwan trip,"기사는 중국이 대만 방문에 대한 '과잉 대응'으로 탄도 미사일을 발사한 사건을 다루고 있으며, 이는 군사 태세(military posturing)라는 GDELT 분류와 부합합니다.",https://www.skynews.com.au/world-news/united-states/white-house-accuses-china-of-choosing-to-overreact-by-launching-ballistic-missiles-near-taiwan-in-response-to-nancy-pelosis-visit/news-story/d6bcabcf06136d71d76241e89505ea01,https://www.skynews.com.au/world-news/united-states/white-house-accuses-china-of-choosing-to-overreact-by-launching-ballistic-missiles-near-taiwan-in-response-to-nancy-pelosis-visit/news-story/d6bcabcf06136d71d76241e89505ea01
1057277071,2022-08-05,194,OK_ORIGINAL,MATCH,HIGH,China Launches Its Largest-Ever Military Drills Near Taiwan After Pelosi Visit,"기사는 중국이 대만 해협에서 실시한 대규모 군사 훈련과 미사일 발사를 상세히 묘사하고 있어, 중화기를 동원한 무력 충돌에 해당하므로 CAMEO 코드 194와 일치합니다.",https://news.antiwar.com/2022/08/04/china-launches-its-largest-ever-military-drills-near-taiwan-after-pelosi-visit/,https://news.antiwar.com/2022/08/04/china-launches-its-largest-ever-military-drills-near-taiwan-after-pelosi-visit/
1057278580,2022-08-05,150,OK_ORIGINAL,MATCH,HIGH,China says military drills around Taiwan are 'necessary' reaction to US 'provocation' - NewZimbabwe.com,"기사는 미국 의원의 대만 방문에 대한 중국의 반응으로 대만 주변 해협에서 군사 훈련을 실시하고 있다고 보도하며, 이는 GDELT의 '군사 태세' 분류와 일치합니다.",https://www.newzimbabwe.com/china-says-military-drills-around-taiwan-are-necessary-reaction-to-us-provocation/,https://www.newzimbabwe.com/china-says-military-drills-around-taiwan-are-necessary-reaction-to-us-provocation/
1057245553,2022-08-05,194,OK_WAYBACK,AMBIGUOUS,MEDIUM,Taiwan Faces Urgent Fighter Pilot Shortage as Xi Tests Defenses,"기사는 대만 주변의 중국 군사 활동 증가를 다루지만, 중화기를 동반한 직접적인 무력 충돌보다는 조우 및 훈련에 더 초점을 맞추고 있어 CAMEO 코드 194(중화기 무력충돌)와 정확히 일치하는지 애매합니다.",http://web.archive.org/web/20220804235134/http://www.msn.com/en-us/news/world/taiwan-faces-urgent-fighter-pilot-shortage-as-xi-tests-defenses/ar-AA10iUBG,http://www.msn.com/en-us/news/world/taiwan-faces-urgent-fighter-pilot-shortage-as-xi-tests-defenses/ar-AA10iUBG
1057272280,2022-08-05,150,EMPTY,-,UNVERIFIED,,본문 확보 실패,,http://www.vindy.com/wire/?category=6&ID=227047
1057272295,2022-08-05,150,EMPTY,-,UNVERIFIED,,본문 확보 실패,,http://www.vindy.com/wire/?category=6&ID=227047
1057333996,2022-08-05,194,OK_ORIGINAL,MATCH,HIGH,"Days After Pelosi's Taiwan Visit, China Still Fuming",기사 본문에서 중국이 대만 인근 해역에 미사일을 발사하고 공중 및 해상 전투 훈련을 실시하는 등 중화기 사용을 동반한 군사적 충돌이 묘사되어 CAMEO 코드 194(중화기 무력충돌)와 부합합니다.,https://www.bignewsnetwork.com/news/272644372/days-after-pelosis-taiwan-visit-china-still-fuming,https://www.bignewsnetwork.com/news/272644372/days-after-pelosis-taiwan-visit-china-still-fuming
1057262105,2022-08-05,194,OK_ORIGINAL,AMBIGUOUS,MEDIUM,China Launches 11 Ballistic Missiles Into Waters Around Taiwan,"중화기를 사용한 군사적 행위가 발생했지만, 실제로 발사된 미사일이 다른 곳에 낙하하고 피해가 보고되지 않아 GDELT의 '중화기 무력충돌' 유형과 직접적으로 일치하는지는 불확실합니다.",https://maritime-executive.com/article/china-launches-11-ballistic-missiles-into-waters-around-taiwan,https://maritime-executive.com/article/china-launches-11-ballistic-missiles-into-waters-around-taiwan
1057275474,2022-08-05,195,EMPTY,-,UNVERIFIED,,본문 확보 실패,,http://www.msn.com/en-us/news/world/taiwan-slams-evil-neighbour-china-after-missiles-fly-over-island/ar-AA10kgzL
1057277566,2022-08-05,150,OK_ORIGINAL,MATCH,HIGH,Taiwanese President Calls Chinese Military Drills 'Irresponsible',"기사는 중국의 대만 해안 주변 군사 훈련에 대한 대만 총통의 발언을 다루고 있으며, 이는 GDELT의 '군사 태세' 분류와 일치합니다.",https://menafn.com/1104649770/Taiwanese-President-Calls-Chinese-Military-Drills-Irresponsible,https://menafn.com/1104649770/Taiwanese-President-Calls-Chinese-Military-Drills-Irresponsible
1057289194,2022-08-05,191,OK_ORIGINAL,MATCH,HIGH,Indo-Pacific Allies Seek NATO Solidarity Amid China’s Show of Force Over Taiwan,"기사는 중국의 대만 주변 군사 훈련을 다루며, 이는 중국이 대만 해협에서 봉쇄를 연습할 것이라고 언급하고 있어 CAMEO 코드 191(봉쇄·이동제한)과 일치합니다.",https://www.voanews.com/a/indo-pacific-allies-seek-nato-solidarity-amid-china-s-show-of-force-over-taiwan-/6688012.html,https://www.voanews.com/a/indo-pacific-allies-seek-nato-solidarity-amid-china-s-show-of-force-over-taiwan-/6688012.html
1057365992,2022-08-05,195,OK_ORIGINAL,MATCH,HIGH,Taiwan reports underplay ‘hundreds&#39; of PLA aircraft in live-fire drills,"기사 내용은 중국군이 대만 주변에서 수백 대의 항공기를 동원한 실탄 훈련을 실시하고 있으며, 이는 GDELT 분류 사건 유형인 '공중무기 사용(air weapons)'에 부합하는 양안 군사 사건을 설명하고 있습니다.",https://www.janes.com/defence-news/taiwan-reports-underplay-hundreds-of-pla-aircraft-in-live-fire-drills/,https://www.janes.com/defence-news/taiwan-reports-underplay-hundreds-of-pla-aircraft-in-live-fire-drills/
1057308081,2022-08-05,151,OK_WAYBACK,AMBIGUOUS,MEDIUM,Taiwan and China: Is an invasion imminent and how do their forces compare?,"기사는 대만과 중국 간의 군사적 긴장 상황을 다루고 있으나, '경계 수준 강화'라는 구체적인 사건 유형보다는 전반적인 군사적 대립 가능성을 논하고 있어 명확히 일치한다고 보기 어렵습니다.",http://web.archive.org/web/20220805191657/https://www.telegraph.co.uk/world-news/2022/08/05/china-taiwan-history-military-invade-independence-beijing/,https://www.telegraph.co.uk/world-news/2022/08/05/china-taiwan-history-military-invade-independence-beijing/
1057250959,2022-08-05,194,OK_ORIGINAL,MATCH,HIGH,China fires missiles in ‘unprecedented’ drills around Taiwan,"기사는 중국이 대만 주변 해상에 탄도미사일을 발사하는 군사 훈련을 묘사하고 있으며, 이는 중화기 무력충돌에 해당합니다.",https://island.lk/china-fires-missiles-in-unprecedented-drills-around-taiwan/,https://island.lk/china-fires-missiles-in-unprecedented-drills-around-taiwan/
1057310166,2022-08-05,150,OK_ORIGINAL,MATCH,HIGH,USS Ronald Reagan strike group monitoring China's military exercises off Taiwan,"기사는 중국의 대만 주변 군사 훈련을 미국 항모강습단이 감시하고 있다는 내용을 다루고 있으며, 이는 CAMEO 코드 150인 군사 태세와 일치합니다.",https://www.rfa.org/english/news/china/ronald-reagan-strike-group-08052022050336.html,https://www.rfa.org/english/news/china/ronald-reagan-strike-group-08052022050336.html
1057254490,2022-08-05,150,OK_ORIGINAL,MATCH,HIGH,PLA drills a deterrent to collusion between United States and China's Taiwan: spokesperson - People's Daily Online,"기사는 중국 인민해방군(PLA)의 대만 주변 군사 훈련에 대해 보도하며, 이는 CAMEO 코드 150인 '군사 태세'에 부합합니다.",http://en.people.cn/n3/2022/0805/c90000-10131416.html,http://en.people.cn/n3/2022/0805/c90000-10131416.html
1057308076,2022-08-05,150,NOTFOUND,-,UNVERIFIED,,본문 확보 실패,,https://www.itv.com/news/2022-08-05/chinese-planes-and-ships-cross-unofficial-buffer-zone-with-taiwan
1057308077,2022-08-05,150,NOTFOUND,-,UNVERIFIED,,본문 확보 실패,,https://www.itv.com/news/2022-08-05/chinese-planes-and-ships-cross-unofficial-buffer-zone-with-taiwan
1057315998,2022-08-05,150,EMPTY,-,UNVERIFIED,,본문 확보 실패,,http://www.msn.com/en-us/news/world/china-halts-climate-military-ties-over-pelosi-taiwan-visit/ar-AA10kw3C
1232386599,2025-03-16,190,OK_ORIGINAL,MISMATCH,LOW,Debunking the West’s Misguided Stance on Taiwan’s Future,"기사는 대만 문제에 대한 서구의 입장을 논하고 있으며, 재래식 무력 사용과 같은 군사적 사건을 직접적으로 다루고 있지 않습니다.",https://www.capitalfm.co.ke/news/2025/03/debunking-the-wests-misguided-stance-on-taiwans-future/,https://www.capitalfm.co.ke/news/2025/03/debunking-the-wests-misguided-stance-on-taiwans-future/
1232424512,2025-03-16,193,OK_ORIGINAL,MISMATCH,LOW,3 Taiwanese productions to feature at Czech human rights film festival - Focus Taiwan,"기사는 대만의 인권 영화제 출품에 관한 내용으로, GDELT가 분류한 소형화기 충돌과 전혀 관련이 없습니다.",https://focustaiwan.tw/culture/202503160009,https://focustaiwan.tw/culture/202503160009
1055393650,2022-07-23,190,NOTFOUND,-,UNVERIFIED,,본문 확보 실패,,https://www.mykxlg.com/news/world/chinese-court-executes-man-who-set-ex-wife-on-fire/article_715d4412-642b-5dd8-b9c5-8d9cced1ea45.html
1055384869,2022-07-23,190,NOTFOUND,-,UNVERIFIED,,본문 확보 실패,,https://www.washingtonpost.com/world/chinese-court-executes-man-who-set-ex-wife-on-fire/2022/07/23/510b227e-0a55-11ed-80b6-43f2bfcc6662_story.html
1055385264,2022-07-23,190,OK_ORIGINAL,AMBIGUOUS,MEDIUM,Chinese People's Liberation Army Navy ship spotted near Taiwan ahead of annual war-games,"기사는 중국 인민해방군 해군 함정이 대만 근처에서 목격되었다는 내용을 다루지만, 이는 군사 훈련을 앞두고 발생한 사건으로 재래식 무력 사용(CAMEO 코드 190)에 직접적으로 해당한다고 보기 어렵습니다.",https://www.bignewsnetwork.com/news/272629729/chinese-people-liberation-army-navy-ship-spotted-near-taiwan-ahead-of-annual-war-games,https://www.bignewsnetwork.com/news/272629729/chinese-people-liberation-army-navy-ship-spotted-near-taiwan-ahead-of-annual-war-games
1082844998,2023-02-01,192,OK_ORIGINAL,AMBIGUOUS,MEDIUM,Taiwan activates defenses in response to China incursions,"기사는 중국의 대만 인근 군사 활동을 다루고 있으나, '영토 점령(occupy territory)'보다는 '군사적 위협 및 시위'에 더 가깝습니다.",https://www.thestandard.com.hk/breaking-news/section/3/199811/Taiwan-activates-defenses-in-response-to-China-incursions&nbsp,https://www.thestandard.com.hk/breaking-news/section/3/199811/Taiwan-activates-defenses-in-response-to-China-incursions&nbsp
1082925992,2023-02-01,192,OK_ORIGINAL,AMBIGUOUS,MEDIUM,Taiwan activates defenses vs China army operations,"기사는 중국의 군사 작전에 대한 대만의 대응을 다루고 있지만, 중국이 대만 영토를 점령하려 한다는 직접적인 내용은 없어 CAMEO 코드 192(영토 점령)와 명확하게 일치한다고 보기 어렵습니다.",https://www.manilatimes.net/2023/02/02/news/world/taiwan-activates-defenses-vs-china-army-operations/1876923,https://www.manilatimes.net/2023/02/02/news/world/taiwan-activates-defenses-vs-china-army-operations/1876923
1082842326,2023-02-01,192,EMPTY,-,UNVERIFIED,,본문 확보 실패,,http://www.msn.com/en-us/news/world/taiwan-activates-defenses-in-response-to-china-incursions/ar-AA16Yun6
1082842327,2023-02-01,192,EMPTY,-,UNVERIFIED,,본문 확보 실패,,http://www.msn.com/en-us/news/world/taiwan-activates-defenses-in-response-to-china-incursions/ar-AA16Yun6
1034833363,2022-03-20,195,OK_ORIGINAL,MATCH,HIGH,"2 Chinese fighter jets, 2 bombers enter Taiwan's ADIZ","기사는 중국 전투기 및 폭격기의 대만 방공식별구역(ADIZ) 진입을 다루며, 이는 분류된 '공중무기 사용' 사건 유형과 일치합니다.",https://news.webindia123.com/news/Articles/World/20220320/3921519.html,https://news.webindia123.com/news/Articles/World/20220320/3921519.html
1034833366,2022-03-20,195,OK_ORIGINAL,MATCH,HIGH,"2 Chinese fighter jets, 2 bombers enter Taiwan's ADIZ","기사에서 중국 전투기 및 폭격기가 대만의 방공식별구역(ADIZ)에 진입한 내용을 보도하며, 이는 '공중무기 사용(air weapons)'이라는 GDELT 분류 유형과 직접적으로 일치하는 양안 군사 사건을 설명합니다.",https://news.webindia123.com/news/Articles/World/20220320/3921519.html,https://news.webindia123.com/news/Articles/World/20220320/3921519.html
1034833371,2022-03-20,195,OK_ORIGINAL,MATCH,HIGH,"2 Chinese fighter jets, 2 bombers enter Taiwan's ADIZ","기사는 중국 전투기와 폭격기가 대만의 방공 식별 구역(ADIZ)에 진입한 사건을 다루고 있으며, 이는 '공중무기 사용'이라는 GDELT 분류 유형과 직접적으로 일치합니다.",https://news.webindia123.com/news/Articles/World/20220320/3921519.html,https://news.webindia123.com/news/Articles/World/20220320/3921519.html
1034833364,2022-03-20,195,OK_ORIGINAL,MATCH,HIGH,"2 Chinese fighter jets, 2 bombers enter Taiwan's ADIZ","기사 제목과 본문 모두 중국 전투기와 폭격기가 대만의 방공식별구역(ADIZ)에 진입한 사건을 다루고 있으며, 이는 '공중무기 사용'과 직접적으로 연관된 군사적 행동입니다.",https://news.webindia123.com/news/Articles/World/20220320/3921519.html,https://news.webindia123.com/news/Articles/World/20220320/3921519.html
1034842824,2022-03-20,195,OK_ORIGINAL,MISMATCH,LOW,"2 Chinese fighter jets, 2 bombers enter Taiwan's ADIZ","기사는 중국 전투기와 폭격기의 대만 방공식별구역(ADIZ) 진입에 관한 것으로, 이는 군사적 위협이나 훈련으로 간주될 수 있지만, '공중무기 사용'으로 직접 분류하기에는 명백한 무기 사용 정황이 기사에 나타나 있지 않습니다.",https://www.taiwansun.com/news/272404346/2-chinese-fighter-jets-2-bombers-enter-taiwan-adiz,https://www.taiwansun.com/news/272404346/2-chinese-fighter-jets-2-bombers-enter-taiwan-adiz
1183310092,2024-06-23,192,NOTFOUND,-,UNVERIFIED,,본문 확보 실패,,https://aninews.in/news/world/asia/china-could-take-control-of-taiwan-without-firing-a-shot-warns-think-tank20240623071046/
1183311091,2024-06-23,192,OK_ORIGINAL,AMBIGUOUS,MEDIUM,"China could take control of Taiwan without firing a shot, warns Think Tank","기사는 중국이 대만을 점령할 수 있다는 가능성을 다루지만, 묘사된 주요 시나리오는 군사적 충돌 없이 경제적, 해상 봉쇄를 통한 압박이며, 이는 직접적인 '영토 점령'보다는 더 복잡한 압박 전술에 해당합니다.",https://www.newzealandstar.com/news/274428366/china-could-take-control-of-taiwan-without-firing-a-shot-warns-think-tank,https://www.newzealandstar.com/news/274428366/china-could-take-control-of-taiwan-without-firing-a-shot-warns-think-tank
1183380650,2023-06-24,150,OK_ORIGINAL,MATCH,HIGH,Han Kuang drills to switch focus - Taipei Times,"기사는 대만의 연례 군사 훈련인 한광 훈련에 대해 설명하고 있으며, 중국의 침공에 대한 군대의 대응 능력을 시험하는 데 초점을 맞추고 있어 군사 태세(military posturing)로 분류된 CAMEO 코드 150과 일치합니다.",https://www.taipeitimes.com/News/front/archives/2024/06/24/2003819800,https://www.taipeitimes.com/News/front/archives/2024/06/24/2003819800
1245177296,2025-05-21,154,OK_ORIGINAL,MATCH,HIGH,China conducted drills near Taiwan on Lai's one year in office – state TV,"기사는 중국이 대만 근처에서 군사 훈련을 실시했다고 보도하며, 이는 GDELT의 '군사 동원·증강' 분류 유형과 일치합니다.",https://www.manilatimes.net/2025/05/21/world/asia-oceania/china-conducted-drills-near-taiwan-on-lais-one-year-in-office-state-tv/2118239,https://www.manilatimes.net/2025/05/21/world/asia-oceania/china-conducted-drills-near-taiwan-on-lais-one-year-in-office-state-tv/2118239
1038339251,2022-04-08,192,NOTFOUND,-,UNVERIFIED,,본문 확보 실패,,https://journalgazette.net/opinion/columns/20220408/close-call-with-china
1290117429,2026-02-20,190,OK_ORIGINAL,MISMATCH,LOW,"Holding out: for domestic munitions supply, Taiwan needs drones. Millions of drones | The Strategist","기사는 대만과 중국 간의 군사적 긴장 상황과 대만의 탄약 부족 문제를 다루고 있지만, 실제 재래식 무력 사용 사건에 대한 보고가 아닌, 잠재적인 충돌에 대비한 전략과 무기 체계(드론)의 필요성을 논하고 있습니다.",https://www.aspistrategist.org.au/holding-out-for-domestic-munitions-supply-taiwan-needs-drones-millions-of-drones/,https://www.aspistrategist.org.au/holding-out-for-domestic-munitions-supply-taiwan-needs-drones-millions-of-drones/
1267475385,2025-10-08,152,NOTFOUND,-,UNVERIFIED,,본문 확보 실패,,https://aninews.in/news/world/asia/taiwan-tightens-security-to-thwart-chinas-covert-grip-on-medical-supply-chains20251008191821/
1041226515,2022-04-26,150,EMPTY,-,UNVERIFIED,,본문 확보 실패,,https://www.msn.com/en-us/news/world/taiwan-aims-to-learn-lessons-of-ukraine-in-annual-military-drills/ar-AAWAZQf
1041327416,2022-04-26,150,OK_ORIGINAL,MATCH,HIGH,"Taiwan's 38th annual wargames based on possible Chinese offensive strategies, lessons from Ukraine
 | Taiwan News | Apr. 26, 2022 18:22","기사는 대만이 중국의 가능한 공격 전략을 기반으로 군사 훈련을 실시한다는 내용으로, GDELT가 분류한 '군사 태세' 유형과 일치합니다.",https://www.taiwannews.com.tw/en/news/4519695,https://www.taiwannews.com.tw/en/news/4519695
1079285728,2023-01-09,190,OK_ORIGINAL,MATCH,HIGH,Taiwan's defense ministry says dozens of Chinese military aircraft entered air space near island,"기사는 중국 군용 항공기가 대만 주변 영공으로 진입하고, 대만은 이에 대응하기 위해 방어 시스템을 활성화했다는 내용을 다루고 있어, 이는 재래식 무력 사용에 해당합니다.",https://www.foxnews.com/world/taiwans-defense-ministry-dozens-chinese-military-aircraft-entered-air-space-island,https://www.foxnews.com/world/taiwans-defense-ministry-dozens-chinese-military-aircraft-entered-air-space-island
1079273026,2023-01-09,190,NOTFOUND,-,UNVERIFIED,,본문 확보 실패,,https://www.arabnews.com/node/2228991/world
1079293147,2023-01-09,190,NOTFOUND,-,UNVERIFIED,,본문 확보 실패,,https://www.shorenewsnetwork.com/2023/01/09/taiwan-condemns-china-for/
1079285382,2023-01-09,190,OK_ORIGINAL,MATCH,HIGH,China carries out combat drills around Taiwan again,기사는 중국 군대가 대만 주변에서 '합동 전투 준비 순찰 및 실전 훈련'을 실시했다고 명시적으로 언급하고 있어 CAMEO 코드 190(재래식 무력 사용)과 일치합니다.,https://dunyanews.tv/en/World/688145-China-carries-out-combat-drills-around-Taiwan-again,https://dunyanews.tv/en/World/688145-China-carries-out-combat-drills-around-Taiwan-again
1079285381,2023-01-09,150,OK_ORIGINAL,MATCH,HIGH,"China Taiwan News: China carries out combat drills around Taiwan again, second in a month | World News - Times of India",기사 제목은 중국이 대만 주변에서 다시 전투 훈련을 실시했다고 명시하고 있어 CAMEO 코드 150 (군사 태세)에 부합합니다.,https://timesofindia.indiatimes.com/world/china/china-carries-out-combat-drills-around-taiwan-again-second-in-a-month/articleshow/96842610.cms,https://timesofindia.indiatimes.com/world/china/china-carries-out-combat-drills-around-taiwan-again-second-in-a-month/articleshow/96842610.cms
1079290706,2023-01-09,190,NOTFOUND,-,UNVERIFIED,,본문 확보 실패,,https://www.japantimes.co.jp/news/2023/01/09/asia-pacific/china-taiwan-adiz-kevin-mccarthy/
1079293759,2023-01-09,150,NOTFOUND,-,UNVERIFIED,,본문 확보 실패,,https://www.marketwatch.com/story/china-holds-large-scale-military-exercises-aimed-at-taiwan-01673239325
1079299558,2023-01-09,150,NOTFOUND,-,UNVERIFIED,,본문 확보 실패,,https://www.cnnphilippines.com:443/world/2023/1/9/chinese-military-exercises-taiwan.html
1079388814,2023-01-09,150,OK_ORIGINAL,MATCH,HIGH,Taiwan slams China's large-scale military exercises,"기사 내용은 중국의 대만 주변 대규모 군사 훈련에 대한 대만의 대응을 다루고 있으며, 이는 CAMEO 코드 150인 군사 태세에 부합하는 양안 군사 사건입니다.",https://news.webindia123.com/news/Articles/World/20230109/4024870.html,https://news.webindia123.com/news/Articles/World/20230109/4024870.html
1079293758,2023-01-09,150,OK_ORIGINAL,MISMATCH,LOW,Taiwan's National Security Taking Undue Precedence,"기사는 대만 국방 강화 노력에 대해 설명하지만, 이는 중국의 군사적 위협에 대한 대응이며 직접적인 군사적 태세(military posturing)를 묘사하는 내용은 아닙니다.",https://menafn.com/1105399435/Taiwans-National-Security-Taking-Undue-Precedence,https://menafn.com/1105399435/Taiwans-National-Security-Taking-Undue-Precedence
1079399604,2023-01-09,192,OK_ORIGINAL,AMBIGUOUS,MEDIUM,War-game simulation predicts outcome of Taiwan conflict,"기사는 양안 군사 충돌의 시뮬레이션 결과를 다루지만, 실제 영토 점령 사건 자체에 대한 내용은 포함하지 않습니다.",https://www.shanghainews.net/news/273341327/war-game-simulation-predicts-outcome-of-taiwan-conflict,https://www.shanghainews.net/news/273341327/war-game-simulation-predicts-outcome-of-taiwan-conflict
1079340949,2023-01-09,154,OK_ORIGINAL,MATCH,HIGH,Beijing deploys troops near Taiwan,기사 제목과 본문 내용 모두 중국이 대만 근처에 군 병력을 배치하고 군사 훈련을 실시한다는 내용을 담고 있어 GDELT 분류 코드 154 (군사 동원·증강)와 일치합니다.,https://www.chinanationalnews.com/news/273338000/beijing-deploys-troops-near-taiwan,https://www.chinanationalnews.com/news/273338000/beijing-deploys-troops-near-taiwan
1214021981,2024-12-06,192,OK_ORIGINAL,MISMATCH,LOW,Taiwan's leader calls on China to refrain from threats ahead of expected military drills,"기사는 대만의 지도자가 중국의 군사 훈련 가능성에 대해 우려를 표명하고 자제를 촉구하는 내용으로, 영토 점령과는 거리가 멉니다.",https://www.independent.co.uk/news/taiwan-ap-china-palau-taipei-b2659933.html,https://www.independent.co.uk/news/taiwan-ap-china-palau-taipei-b2659933.html
1214048165,2024-12-06,192,NOTFOUND,-,UNVERIFIED,,본문 확보 실패,,https://www.the-messenger.com/news/world/article_fdc08bd4-3572-53c4-80f2-89390adabdc2.html
1214021982,2024-12-06,192,OK_ORIGINAL,MISMATCH,LOW,Taiwan's leader calls on China to refrain from threats ahead of expected military drills,"기사는 중국이 대만에 대한 군사 훈련을 계획하고 있다는 추측에 대해 대만 지도자가 자제를 촉구하는 내용으로, 영토 점령 사건과는 거리가 멉니다.",https://www.independent.co.uk/news/taiwan-ap-china-palau-taipei-b2659933.html,https://www.independent.co.uk/news/taiwan-ap-china-palau-taipei-b2659933.html
1214019890,2024-12-06,192,OK_ORIGINAL,AMBIGUOUS,MEDIUM,Taiwan's leader calls on China to refrain from threats ahead of expected military drills,"기사는 중국과 대만 간의 긴장 상황을 다루고 있지만, '영토 점령'이라는 구체적인 사건 유형과 직접적으로 일치하는 내용은 언급되지 않았습니다.",https://www.yahoo.com/news/taiwans-leader-calls-china-refrain-084341324.html,https://www.yahoo.com/news/taiwans-leader-calls-china-refrain-084341324.html
1214038385,2024-12-06,192,NOTFOUND,-,UNVERIFIED,,본문 확보 실패,,https://www.dailyexcelsior.com/taiwans-leader-calls-on-china-to-refrain-from-threats-ahead-of-expected-military-drills/
1250462668,2025-07-06,150,OK_ORIGINAL,MATCH,HIGH,China opens third extension to sensitive Taiwan Strait flight path,"기사는 중국이 대만해협의 비공식 분할선을 변경하는 항공로를 연장하는 '일방적' 조치를 취했으며, 이는 대만의 '현상 변경' 시도로 간주되어 긴장을 고조시키고 있으며, 이는 군사적 압박과 관련된 '군사 태세'로 볼 수 있습니다.",https://www.straitstimes.com/asia/china-opens-third-extension-to-sensitive-taiwan-strait-flight-path,https://www.straitstimes.com/asia/china-opens-third-extension-to-sensitive-taiwan-strait-flight-path
1305911957,2026-05-26,190,OK_ORIGINAL,MATCH,HIGH,"Taiwan tracks second Chinese 'combat' patrol in a week, sends ships and jets to monitor","기사는 중국의 '합동 전투 태세 순찰'을 언급하며 대만이 함선과 전투기를 보내 감시했다고 보도하고 있어, 재래식 무력 사용(use conventional force)으로 분류된 CAMEO 코드 190과 부합합니다.",https://www.yahoo.com/news/articles/taiwan-tracks-second-chinese-combat-234354286.html,https://www.yahoo.com/news/articles/taiwan-tracks-second-chinese-combat-234354286.html
1305893414,2026-05-26,190,NOTFOUND,-,UNVERIFIED,,본문 확보 실패,,https://www.internazionale.it/ultime-notizie-reuters/2026/05/26/taiwan-tracks-second-chinese-combat-patrol-in-a-week-sends-ships-and-jets-to-monitor
1305918530,2026-05-26,190,OK_ORIGINAL,MATCH,HIGH,Taiwan tracks second Chinese 'combat' patrol in a week,"기사 내용은 중국의 '합동 전투 준비 순찰'을 포함한 군사 활동을 다루고 있으며, 이는 CAMEO 코드 190(재래식 무력 사용)과 직접적으로 일치합니다.",https://www.easternriverinachronicle.com.au/story/9254187/taiwan-tracks-second-chinese-combat-patrol-in-a-week/,https://www.easternriverinachronicle.com.au/story/9254187/taiwan-tracks-second-chinese-combat-patrol-in-a-week/
1298676572,2026-04-11,151,OK_ORIGINAL,MATCH,HIGH,Taiwan spotted Chinese warplanes as Xi met opposition leader in Beijing,"기사는 대만 인근에서 중국 군용기가 발견된 사건을 보도하며, 이는 경계 수준 강화와 직접적으로 관련될 수 있는 군사적 긴장 상황을 나타냅니다.",https://www.straitstimes.com/asia/taiwan-spotted-chinese-warplanes-as-xi-met-opposition-leader-in-beijing,https://www.straitstimes.com/asia/taiwan-spotted-chinese-warplanes-as-xi-met-opposition-leader-in-beijing
1298682792,2026-04-11,151,OK_ORIGINAL,MATCH,HIGH,Taiwan spotted Chinese warplanes as Xi met opposition leader in Beijing,"기사는 중국 군용기 16대가 대만 근처에서 작전을 펼친 것을 보도하며, 이는 경계 수준 강화로 볼 수 있습니다.",https://www.asiaone.com/asia/taiwan-spotted-chinese-warplanes-xi-met-opposition-leader-beijing,https://www.asiaone.com/asia/taiwan-spotted-chinese-warplanes-xi-met-opposition-leader-beijing
1183874291,2024-06-26,190,NOTFOUND,-,UNVERIFIED,,본문 확보 실패,,https://www.marketscreener.com/quote/index/MSCI-TAIWAN-STRD-107361484/news/Taiwan-reports-Chinese-combat-patrol-Beijing-vows-to-hunt-independence-diehards-47219263/
1183874292,2024-06-26,190,NOTFOUND,-,UNVERIFIED,,본문 확보 실패,,https://www.marketscreener.com/quote/index/MSCI-TAIWAN-STRD-107361484/news/Taiwan-reports-Chinese-combat-patrol-Beijing-vows-to-hunt-independence-diehards-47219263/
1183898003,2024-06-26,152,OK_ORIGINAL,AMBIGUOUS,MEDIUM,Taiwan monitors four China Coast Guard vessels in restricted waters off Kinmen Islands,"기사는 중국 해경선의 대만 관할 지역 침입을 다루고 있으며 이는 양안 군사 사건으로 볼 수 있으나, '군사력 증강'보다는 해상 통제력 강화 또는 기존 순찰 강화에 더 초점을 맞추고 있어 GDELT 분류 유형과의 명확한 일치가 애매합니다.",https://www.newzealandstar.com/news/274433855/taiwan-monitors-four-china-coast-guard-vessels-in-restricted-waters-off-kinmen-islands,https://www.newzealandstar.com/news/274433855/taiwan-monitors-four-china-coast-guard-vessels-in-restricted-waters-off-kinmen-islands
1039019343,2022-04-12,195,OK_ORIGINAL,AMBIGUOUS,MEDIUM,Taiwan conducts military games,"기사는 대만에서 진행된 군사 훈련에 대한 내용이지만, '공중무기 사용(air weapons)'이라는 CAMEO 코드 195에 직접적으로 부합하는 실제 무기 사용이나 공격 행위에 대한 설명보다는 공중 방어 훈련을 주로 다루고 있습니다.",https://www.middleeaststar.com/news/272474484/taiwan-conducts-military-games,https://www.middleeaststar.com/news/272474484/taiwan-conducts-military-games
1039019344,2022-04-12,195,OK_ORIGINAL,AMBIGUOUS,MEDIUM,Taiwan conducts military games,"기사는 대만 군사 훈련에 대해 보도하고 있으나, '공중무기 사용'이라는 GDELT 분류는 실제 무기 사용이 아닌 훈련을 묘사하고 있어 직접적인 일치 여부가 불분명합니다.",https://www.middleeaststar.com/news/272474484/taiwan-conducts-military-games,https://www.middleeaststar.com/news/272474484/taiwan-conducts-military-games
1092828040,2023-04-01,190,OK_ORIGINAL,MATCH,HIGH,Taiwan responds to Chinese 'combat readiness' patrols,"기사는 대만이 중국 항공기 10대를 경고하며 전투기를 파견했다는 내용을 다루고 있어, GDELT가 분류한 '재래식 무력 사용' 사건 유형과 일치합니다.",https://www.bignewsnetwork.com/news/273696950/taiwan-responds-to-chinese-combat-readiness-patrols,https://www.bignewsnetwork.com/news/273696950/taiwan-responds-to-chinese-combat-readiness-patrols
1092828041,2023-04-01,190,OK_ORIGINAL,MATCH,HIGH,Taiwan responds to Chinese 'combat readiness' patrols,"기사는 대만 전투기가 중국 항공기를 경고하며 퇴치한 사건을 다루고 있으며, 이는 재래식 무력 사용(use conventional force)으로 분류된 CAMEO 코드 190에 해당합니다.",https://www.bignewsnetwork.com/news/273696950/taiwan-responds-to-chinese-combat-readiness-patrols,https://www.bignewsnetwork.com/news/273696950/taiwan-responds-to-chinese-combat-readiness-patrols
1092828042,2023-04-01,190,OK_ORIGINAL,MATCH,HIGH,Taiwan responds to Chinese 'combat readiness' patrols,"기사는 대만 해협 중간선을 넘은 중국 항공기에 대해 대만이 전투기를 보내 경고하며 대응하는 내용을 다루고 있어, CAMEO 코드 190(재래식 무력 사용)과 일치합니다.",https://www.bignewsnetwork.com/news/273696950/taiwan-responds-to-chinese-combat-readiness-patrols,https://www.bignewsnetwork.com/news/273696950/taiwan-responds-to-chinese-combat-readiness-patrols
1298070524,2026-04-07,192,OK_ORIGINAL,AMBIGUOUS,MEDIUM,Rare Beijing visit shifts calculations on US-China war,"기사는 양안 관계에 대한 정치적 대화와 긴장 완화 노력을 다루고 있으며, 직접적인 영토 점령 사건을 묘사하고 있지 않아 CAMEO 코드 192와는 일치하지 않습니다.",https://www.newsweek.com/rare-beijing-visit-shifts-calculations-on-us-china-war-11794313,https://www.newsweek.com/rare-beijing-visit-shifts-calculations-on-us-china-war-11794313
1297937841,2026-04-07,150,OK_ORIGINAL,MATCH,HIGH,OAC minister discloses locations of Chinese vessels around Taiwan  - Taipei Times,"기사는 대만 해협 주변의 중국 선박 위치를 공개하는 내용을 다루고 있으며, 이는 GDELT 분류 유형인 '군사 태세(military posturing)'에 해당합니다.",https://www.taipeitimes.com/News/taiwan/archives/2026/04/07/2003855187,https://www.taipeitimes.com/News/taiwan/archives/2026/04/07/2003855187
1145965167,2023-12-13,150,OK_ORIGINAL,MATCH,HIGH,Chinese forces approached close to Taiwan coast to 'intimidate' voters before key elections - sources,"기사는 중국군이 대만 선거를 앞두고 유권자를 위협하기 위해 대만 해안에 접근한 것을 설명하며, 이는 CAMEO 코드 150의 '군사 태세' 정의와 일치합니다.",https://news.yahoo.com/chinese-forces-approached-close-taiwan-020132124.html,https://news.yahoo.com/chinese-forces-approached-close-taiwan-020132124.html
1251641819,2025-07-12,190,OK_ORIGINAL,MISMATCH,LOW,Taiwan deploys advanced US rockets in closely watched part of annual drills,"기사는 대만과 미국의 재래식 무력 사용과 관련된 훈련에 대한 내용이지만, 실제 무력 사용(use conventional force)이 아닌 훈련 및 무기 배치를 다루고 있어 CAMEO 코드 190과 직접적으로 일치하지 않습니다.",https://www.aljazeera.com/news/2025/7/12/taiwan-deploys-advanced-us-rockets-in-closely-watched-part-of-annual-drills,https://www.aljazeera.com/news/2025/7/12/taiwan-deploys-advanced-us-rockets-in-closely-watched-part-of-annual-drills
1251657461,2025-07-12,150,OK_ORIGINAL,MATCH,HIGH,Taiwan conducts live explosive Han Kuang drills along Tamsui River to block Chinese PLA amphibious assault aimed at capital,"기사는 대만이 중국의 상륙 공격을 시뮬레이션하며 실탄 폭발 훈련을 실시하는 내용을 다루고 있어, GDELT 분류 유형인 '군사 태세'에 부합하는 양안 군사 사건으로 판단됩니다.",http://www.singaporestar.com/news/278440236/taiwan-conducts-live-explosive-han-kuang-drills-along-tamsui-river-to-block-chinese-pla-amphibious-assault-aimed-at-capital,http://www.singaporestar.com/news/278440236/taiwan-conducts-live-explosive-han-kuang-drills-along-tamsui-river-to-block-chinese-pla-amphibious-assault-aimed-at-capital
1251687917,2025-07-11,150,OK_ORIGINAL,MATCH,HIGH,Explosives used in Tamsui defense drill - Taipei Times,"기사는 대만(Tamsui)에서 실시된 대규모 연례 군사 훈련인 '한광' 훈련의 일부로, 중국의 잠재적 군사 행동에 대비한 방어 훈련 시나리오를 상세히 묘사하고 있어 군사 태세(military posturing)에 해당합니다.",https://www.taipeitimes.com/News/front/archives/2025/07/13/2003840199,https://www.taipeitimes.com/News/front/archives/2025/07/13/2003840199
1251657462,2025-07-12,150,OK_ORIGINAL,MATCH,HIGH,Taiwan conducts live explosive Han Kuang drills along Tamsui River to block Chinese PLA amphibious assault aimed at capital,"기사는 대만이 중국의 상륙 작전을 시뮬레이션하며 실탄 폭발 훈련을 진행하는 내용을 담고 있어, '군사 태세'라는 분류와 일치하는 양안 군사 사건입니다.",http://www.singaporestar.com/news/278440236/taiwan-conducts-live-explosive-han-kuang-drills-along-tamsui-river-to-block-chinese-pla-amphibious-assault-aimed-at-capital,http://www.singaporestar.com/news/278440236/taiwan-conducts-live-explosive-han-kuang-drills-along-tamsui-river-to-block-chinese-pla-amphibious-assault-aimed-at-capital
1251673698,2025-07-12,150,OK_ORIGINAL,MATCH,HIGH,"Ex-U.S. Army Pacific Commander visits Taiwan, observes Han Kuang drills: Report - Focus Taiwan","은퇴한 미군 사령관이 대만 군사 훈련을 참관한 것은 양안 군사 사건이며, 이는 군사 태세(military posturing) 분류와 부합합니다.",https://focustaiwan.tw:443/politics/202507120017,https://focustaiwan.tw:443/politics/202507120017
1168046908,2024-04-05,154,NOTFOUND,-,UNVERIFIED,,본문 확보 실패,,https://www.marketscreener.com/quote/index/MSCI-TAIWAN-STRD-107361484/news/U-S-China-hold-military-talks-in-Hawaii-46374108/
1151970980,2024-01-16,190,OK_ORIGINAL,MISMATCH,LOW,"BNN Bloomberg - Canada Business News, TSX Today, Oil and Energy Prices","해당 기사는 캐나다의 교량 건설, LNG 프로젝트, 경제 동맹 등 경제 및 비즈니스 관련 내용을 다루고 있으며, 양안 군사 사건과는 전혀 관련이 없습니다.",https://www.bnnbloomberg.ca/us-lawmakers-near-taiwan-tax-deal-risking-anger-from-china-1.2022617,https://www.bnnbloomberg.ca/us-lawmakers-near-taiwan-tax-deal-risking-anger-from-china-1.2022617
1151953773,2024-01-16,190,OK_ORIGINAL,MISMATCH,LOW,"What Taiwan’s election outcome means for China, US and the world","이 기사는 대만 총통 선거 결과와 그 지정학적 함의에 대해 논하고 있으며, 재래식 무력 사용과 같은 군사적 충돌에 대한 내용은 포함하고 있지 않습니다.",https://www.aa.com.tr/en/asia-pacific/what-taiwan-s-election-outcome-means-for-china-us-and-the-world/3110466,https://www.aa.com.tr/en/asia-pacific/what-taiwan-s-election-outcome-means-for-china-us-and-the-world/3110466
1071273060,2022-11-09,154,OK_ORIGINAL,MATCH,HIGH,Xi Orders Chinese Military To Prepare For War Amid Tension With Taiwan » IndiaPost NewsPaper,기사 제목과 본문 모두 중국이 대만을 향해 군사 훈련 강화 및 전쟁 준비를 지시했다는 내용을 다루고 있어 CAMEO 코드 154 (군사 동원·증강)와 일치합니다.,https://www.indiapost.com/xi-orders-chinese-military-to-prepare-for-war-amid-tension-with-taiwan/,https://www.indiapost.com/xi-orders-chinese-military-to-prepare-for-war-amid-tension-with-taiwan/
1071273063,2022-11-09,154,OK_ORIGINAL,MATCH,HIGH,Xi Orders Chinese Military To Prepare For War Amid Tension With Taiwan » IndiaPost NewsPaper,"기사는 시진핑 주석이 대만과의 긴장 속에서 군사 훈련 강화와 전쟁 준비를 지시한 내용을 다루고 있으며, 이는 CAMEO 코드 154인 '군사 동원·증강' 분류와 일치합니다.",https://www.indiapost.com/xi-orders-chinese-military-to-prepare-for-war-amid-tension-with-taiwan/,https://www.indiapost.com/xi-orders-chinese-military-to-prepare-for-war-amid-tension-with-taiwan/
1071324391,2022-11-09,154,OK_ORIGINAL,MATCH,HIGH,Taiwan to focus on military drone production - FT,"기사는 대만 정부가 잠재적 충돌을 대비하여 군사 드론 생산에 500억 대만 달러를 투자할 계획을 보도하고 있으며, 이는 군사 동원 및 증강에 해당합니다.",https://www.chinanationalnews.com/news/273064520/taiwan-to-focus-on-military-drone-production---ft,https://www.chinanationalnews.com/news/273064520/taiwan-to-focus-on-military-drone-production---ft
1255263566,2025-08-01,150,OK_ORIGINAL,MISMATCH,LOW,Man detained for illegally helping Chinese influencer get Taiwan visa - Focus Taiwan,"이 기사는 대만 비자 관련 사기 사건을 다루고 있으며, 양안 간 군사 사건과는 관련이 없습니다.",https://focustaiwan.tw/society/202508010027,https://focustaiwan.tw/society/202508010027
1084805606,2023-02-14,190,OK_ORIGINAL,MISMATCH,LOW,TNL The News Lens 關鍵評論網,"이 기사는 대만 외교관 급여 문제, 러시아-우크라이나 전쟁의 경제적 영향, 북한의 핵 정책, 그리고 조사 보도 저널리즘에 대한 내용을 다루고 있어 양안 군사 사건과는 관련이 없습니다.",https://international.thenewslens.com/article/181084,https://international.thenewslens.com/article/181084
1081055142,2023-01-20,154,OK_ORIGINAL,MATCH,HIGH,Taiwan Preparing For War With China? US National Guard Reportedly Training Taipei's Armed Forces,"기사는 미국 국경 수비대가 대만 군대를 훈련시키고 있다는 내용을 담고 있으며, 이는 중국의 위협에 대한 대만의 군사적 대비 및 증강을 시사하므로 GDELT의 '군사 동원·증강' 분류와 일치합니다.",https://www.ibtimes.com/taiwan-preparing-war-china-us-national-guard-reportedly-training-taipeis-armed-forces-3659276,https://www.ibtimes.com/taiwan-preparing-war-china-us-national-guard-reportedly-training-taipeis-armed-forces-3659276
1081107682,2023-01-20,192,OK_ORIGINAL,MISMATCH,LOW,Taiwan Broadcaster Aims to Fill Gaps in Coverage,"이 기사는 대만의 미디어 환경에 대한 내용이며, 중국-대만 간의 군사적 영토 점령에 대한 내용을 다루고 있지 않습니다.",https://www.voanews.com/a/taiwan-broadcaster-aims-to-fill-gaps-in-coverage-/6927202.html,https://www.voanews.com/a/taiwan-broadcaster-aims-to-fill-gaps-in-coverage-/6927202.html
1284015855,2025-01-15,150,OK_ORIGINAL,AMBIGUOUS,MEDIUM,Taiwan locates black box for F-16 jet,"기사는 F-16 전투기 추락 사고에 대한 것이며, 이는 사고 조사 및 수색에 관한 내용으로 직접적인 군사적 충돌이나 긴장을 나타내는 '군사 태세'와는 거리가 있습니다.",https://www.spacewar.com/afp/260115044206.zgzogosw.html,https://www.spacewar.com/afp/260115044206.zgzogosw.html
1030573802,2022-02-26,151,NOTFOUND,-,UNVERIFIED,,본문 확보 실패,,https://www.ctvnews.ca/world/china-says-u-s-warship-sailing-in-taiwan-strait-provocative-1.5797326
1030573803,2022-02-26,151,NOTFOUND,-,UNVERIFIED,,본문 확보 실패,,https://www.ctvnews.ca/world/china-says-u-s-warship-sailing-in-taiwan-strait-provocative-1.5797326
1059021660,2022-08-17,150,OK_ORIGINAL,MATCH,HIGH,"Taiwan, China Stage Dueling Military Exercises","기사 제목과 본문 모두 대만과 중국이 군사 훈련을 실시하는 양안 군사 사건을 다루고 있으며, 이는 GDELT 분류 유형인 '군사 태세'와 직접적으로 부합합니다.",https://www.theepochtimes.com/taiwan-and-china-stage-dueling-military-exercises_4670637.html,https://www.theepochtimes.com/taiwan-and-china-stage-dueling-military-exercises_4670637.html
1058946980,2022-08-17,150,OK_ORIGINAL,MISMATCH,LOW,California seeks $1.4 billion to keep nuclear plant open,"이 기사는 캘리포니아의 원자력 발전소 운영 연장에 관한 내용으로, 양안 군사 사건이나 군사 태세와 전혀 관련이 없습니다.",https://www.californiatelegraph.com/news/272654523/california-seeks-14-billion-to-keep-nuclear-plant-open,https://www.californiatelegraph.com/news/272654523/california-seeks-14-billion-to-keep-nuclear-plant-open
1058951497,2022-08-17,150,OK_ORIGINAL,MATCH,HIGH,Did China's military exercises near Taiwan reveal critical information about its missiles?,"기사는 중국의 대만 주변 군사 훈련 발표 및 제재 조치를 다루고 있으며, 이는 GDELT 분류 유형인 '군사 태세'에 부합합니다.",https://www.daijiworld.com/news/newsDisplay?newsID=990216,https://www.daijiworld.com/news/newsDisplay?newsID=990216
1058932978,2022-08-17,194,OK_ORIGINAL,AMBIGUOUS,MEDIUM,US commander says China missile fire over Taiwan must be contested,"기사는 중국의 대만 상공 미사일 발사를 군사적 '도전'으로 언급하지만, GDELT 분류인 '중화기 무력충돌(armed clash, heavy weapons)'에 해당하는 실제 교전이나 무력 충돌을 묘사하고 있지는 않습니다.",https://www.mizzima.com/article/us-commander-says-china-missile-fire-over-taiwan-must-be-contested,https://www.mizzima.com/article/us-commander-says-china-missile-fire-over-taiwan-must-be-contested
1053124648,2022-07-08,190,OK_ORIGINAL,MATCH,HIGH,China holds combat exercises around Taiwan as US senator visits,"기사는 중국 군이 대만 주변 해상 및 공역에서 실시한 '합동 전투 준비 훈련, 순찰, 전투 훈련'을 설명하고 있으며, 이는 CAMEO 코드 190인 '재래식 무력 사용'에 해당합니다.",https://newsinfo.inquirer.net/1624314/china-holds-combat-exercises-around-taiwan-as-us-senator-visits,https://newsinfo.inquirer.net/1624314/china-holds-combat-exercises-around-taiwan-as-us-senator-visits
1053111803,2022-07-08,150,EMPTY,-,UNVERIFIED,,본문 확보 실패,,https://www.msn.com/en-us/news/world/china-military-holds-exercises-around-taiwan-berates-united-states/ar-AAZlbcb
1053124679,2022-07-08,150,OK_ORIGINAL,MATCH,HIGH,China military holds combat exercises around Taiwan as US senator visits island,"기사는 중국군이 대만 주변에서 실시한 '합동 전투 준비 훈련'에 대해 보도하며, 이는 GDELT 분류 유형인 '군사 태세(military posturing)'와 직접적으로 일치합니다.",https://www.thestar.com.my/aseanplus/aseanplus-news/2022/07/08/china-military-holds-combat-exercises-around-taiwan-as-us-senator-visits-island,https://www.thestar.com.my/aseanplus/aseanplus-news/2022/07/08/china-military-holds-combat-exercises-around-taiwan-as-us-senator-visits-island
1053142645,2022-07-08,150,NOTFOUND,-,UNVERIFIED,,본문 확보 실패,,https://english.almayadeen.net/news/politics/chinese-military-conducts-drills-near-taiwan:-beijing
1053150725,2022-07-08,150,OK_ORIGINAL,MATCH,HIGH,China military holds combat exercises around Taiwan as US senator visits,"기사는 중국과 대만 주변에서 발생한 군사 훈련에 대해 보도하며, 이는 GDELT가 분류한 '군사 태세'에 해당합니다.",https://www.presstv.ir/Detail/2022/07/08/685254/Chinese-military-combat-readiness-exercises-Taiwan-Wu-Qian,https://www.presstv.ir/Detail/2022/07/08/685254/Chinese-military-combat-readiness-exercises-Taiwan-Wu-Qian
1057108388,2022-08-04,154,OK_ORIGINAL,MATCH,HIGH,China made multiple incursions of median line; Taiwan deployed missile systems to track: Source,"기사는 중국 군함 및 항공기가 대만해협 중간선을 넘었다는 내용을 다루고 있으며, 이는 GDELT 분류 유형인 '군사 동원·증강'과 일치하는 군사적 움직임을 보여줍니다.",https://economictimes.indiatimes.com/news/defence/china-made-multiple-incursions-of-median-line-taiwan-deployed-missile-systems-to-track-source/articleshow/93339379.cms,https://economictimes.indiatimes.com/news/defence/china-made-multiple-incursions-of-median-line-taiwan-deployed-missile-systems-to-track-source/articleshow/93339379.cms
1057127659,2022-08-04,192,OK_ORIGINAL,AMBIGUOUS,MEDIUM,China made multiple incursions of median line; Taiwan deployed missile systems to track – source,"기사는 중국 군용 선박 및 항공기가 대만 해협 중간선을 침범한 사건을 다루고 있지만, '영토 점령'이라는 분류 유형은 명확하게 일치하지 않고 군사적 긴장 고조로 해석될 여지가 있습니다.",https://wtvbam.com/2022/08/04/china-made-multiple-incursions-of-median-line-taiwan-deployed-missile-systems-to-track-source/,https://wtvbam.com/2022/08/04/china-made-multiple-incursions-of-median-line-taiwan-deployed-missile-systems-to-track-source/
1057163245,2022-08-04,190,NOTFOUND,-,UNVERIFIED,,본문 확보 실패,,https://www.infowars.com/posts/taiwan-fires-flares-at-chinese-drones-flying-over-heavily-fortified-kinmen-islands/
1057186990,2022-08-04,194,OK_ORIGINAL,MATCH,HIGH,China Launches Missiles As Part Of Live-Fire Military Drills Around Taiwan | 96.3 | 102.5 NewsRadio WFLA,"기사는 중국이 대만 주변에서 탄도 미사일을 발사하는 라이브 파이어 훈련을 실시했으며, 이는 CAMEO 코드 194(중화기 무력충돌)와 일치합니다.",https://wflapanamacity.iheart.com/content/2022-08-04-china-launches-missile-as-it-begins-live-fire-military-drills-around-taiwan/,https://wflapanamacity.iheart.com/content/2022-08-04-china-launches-missile-as-it-begins-live-fire-military-drills-around-taiwan/
1057080259,2022-08-04,150,OK_ORIGINAL,AMBIGUOUS,MEDIUM,China blocks some Taiwan imports but avoids chip disruptions,"기사는 대만산 수입품 차단과 같은 중국의 경제적 압박 조치를 다루고 있어 군사 사건으로 직접 분류하기에는 애매하며, 이는 군사 태세보다는 경제적 제재에 더 가깝습니다.",https://apnews.com/article/taiwan-technology-health-asia-china-4e66d6d2944204a5261b4bfbe0048688,https://apnews.com/article/taiwan-technology-health-asia-china-4e66d6d2944204a5261b4bfbe0048688
1057231640,2022-08-04,194,OK_ORIGINAL,MATCH,HIGH,"Chinese missiles fall near Taiwan, raising alert level in Japan","기사는 중국 미사일이 대만 인근 해역에 낙하한 사건을 다루고 있으며, 이는 중화기(미사일)를 동원한 양안 군사 충돌에 해당합니다.","https://www.asianews.it/news-en/Chinese-missiles-fall-near-Taiwan,-raising-alert-level-in-Japan-56405.html","https://www.asianews.it/news-en/Chinese-missiles-fall-near-Taiwan,-raising-alert-level-in-Japan-56405.html"
1057195311,2022-08-04,154,OK_ORIGINAL,MATCH,HIGH,China’s military drills ‘will be directly translated into combat operations’ as 22 fighter jets enters Taiwan’s airspace - London Business News | Londonlovesbusiness.com,"기사는 중국이 대만 상공에 전투기를 띄우고 군사 훈련을 실시하며, 이를 실제 전투 작전으로 전환할 수 있다고 언급하고 있어 CAMEO 코드 154 (군사 동원·증강) 분류와 일치합니다.",https://londonlovesbusiness.com/chinas-military-drills-will-be-directly-translated-into-combat-operations-as-22-fighter-jets-enters-taiwans-airspace/,https://londonlovesbusiness.com/chinas-military-drills-will-be-directly-translated-into-combat-operations-as-22-fighter-jets-enters-taiwans-airspace/
1057093945,2022-08-04,150,NOTFOUND,-,UNVERIFIED,,본문 확보 실패,,https://www.ndtv.com/world-news/china-military-drills-around-taiwan-unjustified-says-eu-diplomatic-chief-3223030
1057186991,2022-08-04,194,OK_ORIGINAL,MATCH,HIGH,China Launches Missiles As Part Of Live-Fire Military Drills Around Taiwan | 96.3 | 102.5 NewsRadio WFLA,"기사는 중국이 대만 주변 해역에 탄도 미사일을 발사하는 군사 훈련에 대한 내용을 다루고 있으며, 이는 중화기를 사용한 군사 충돌로 볼 수 있어 CAMEO 코드 194와 일치합니다.",https://wflapanamacity.iheart.com/content/2022-08-04-china-launches-missile-as-it-begins-live-fire-military-drills-around-taiwan/,https://wflapanamacity.iheart.com/content/2022-08-04-china-launches-missile-as-it-begins-live-fire-military-drills-around-taiwan/
1057084582,2022-08-04,190,NOTFOUND,-,UNVERIFIED,,본문 확보 실패,,https://www.telegraph.co.uk/world-news/2022/08/04/taiwan-fires-chinese-drones-amid-tensions-beijing/
1057202241,2022-08-04,150,OK_ORIGINAL,MATCH,HIGH,Update: China conducts expansive military drills around Taiwan in wake of Pelosi&#39;s visit,"기사는 중국의 대만 주변 군사 훈련을 상세히 보도하고 있으며, 이는 CAMEO 코드 150(군사 태세)에 명확하게 부합하는 군사 태세 활동입니다.",https://www.janes.com/defence-news/update-china-conducts-expansive-military-drills-around-taiwan-in-wake-of-pelosis-visit/,https://www.janes.com/defence-news/update-china-conducts-expansive-military-drills-around-taiwan-in-wake-of-pelosis-visit/
1057069469,2022-08-04,150,NOTFOUND,-,UNVERIFIED,,본문 확보 실패,,https://www.wvnews.com/mineralnews/newsfeed/world/pelosi-tells-taiwan-us-commitment-to-democracy-is-ironclad/article_7857b3c1-7aa7-5724-89e5-bb14c5098169.html
1057069490,2022-08-04,150,NOTFOUND,-,UNVERIFIED,,본문 확보 실패,,https://www.wvnews.com/mineralnews/newsfeed/world/pelosi-tells-taiwan-us-commitment-to-democracy-is-ironclad/article_7857b3c1-7aa7-5724-89e5-bb14c5098169.html
1057092371,2022-08-04,194,NOTFOUND,-,UNVERIFIED,,본문 확보 실패,,https://www.investmentwatchblog.com/china-has-established-a-blockade-around-taiwan-and-plans-to-shoot-missiles-directly-over-the-island/
1057106064,2022-08-04,150,OK_ORIGINAL,MATCH,HIGH,China begins major Taiwan military drills after Pelosi visit,"기사는 중국의 대규모 대만 군사 훈련 시작을 보도하며, 이는 '군사 태세'에 해당하는 명백한 양안 군사 사건입니다.",https://www.thestar.com.my/aseanplus/aseanplus-news/2022/08/04/china-begins-major-taiwan-military-drills-after-pelosi-visit,https://www.thestar.com.my/aseanplus/aseanplus-news/2022/08/04/china-begins-major-taiwan-military-drills-after-pelosi-visit
1057107621,2022-08-04,150,NOTFOUND,-,UNVERIFIED,,본문 확보 실패,,https://www.telegraphindia.com/world/pelosi-effect-china-launches-live-ammo-military-exercises-around-taiwan/cid/1878172
1057117198,2022-08-04,150,OK_ORIGINAL,MATCH,HIGH,Taiwan braces as China drills follow Pelosi visit,"기사는 펠로시 의장의 대만 방문 이후 중국이 대만 주변에서 대규모 군사 훈련을 실시하는 것을 설명하며, 이는 '군사 태세' 분류와 일치하는 양안 군사 사건입니다.",https://www.rnz.co.nz/news/world/472235/taiwan-braces-as-china-drills-follow-pelosi-visit,https://www.rnz.co.nz/news/world/472235/taiwan-braces-as-china-drills-follow-pelosi-visit
1057121231,2022-08-04,190,OK_ORIGINAL,MATCH,HIGH,"China besieged Taiwan: Island blocked, 27 planes","기사 제목에서 'China besieged Taiwan' 및 'Island blocked, 27 planes'와 같은 표현은 중국이 대만을 군사적으로 봉쇄하고 무력을 사용했음을 시사하며, 이는 CAMEO 코드 190 '재래식 무력 사용'과 일치합니다.",https://www.b92.net/eng/comments.php?nav_id=114144,https://www.b92.net/eng/comments.php?nav_id=114144
1057121235,2022-08-04,191,OK_ORIGINAL,AMBIGUOUS,MEDIUM,EXPLAINER: Why is China staging drills around Taiwan?,"기사는 중국의 대만 주변 군사 훈련을 다루고 있지만, GDELT의 CAMEO 코드 191 '봉쇄·이동제한'으로 직접적으로 분류될 만큼 명확한 봉쇄 또는 이동 제한 조치를 설명하고 있지는 않습니다.",https://apnews.com/bcd77a80ddbece51f45c5fca4f60e22e,https://apnews.com/bcd77a80ddbece51f45c5fca4f60e22e
1057121236,2022-08-04,191,OK_ORIGINAL,AMBIGUOUS,MEDIUM,EXPLAINER: Why is China staging drills around Taiwan?,"기사는 중국의 대만 주변 군사 훈련에 대해 설명하고 있지만, '봉쇄·이동제한'이라는 구체적인 CAMEO 코드 191 유형보다는 더 넓은 범위의 군사 훈련이나 위협을 다루고 있어 명확하게 일치한다고 보기 어렵습니다.",https://apnews.com/bcd77a80ddbece51f45c5fca4f60e22e,https://apnews.com/bcd77a80ddbece51f45c5fca4f60e22e
1057126601,2022-08-04,154,EMPTY,-,UNVERIFIED,,본문 확보 실패,,http://www.msn.com/en-nz/news/world/taiwan-preparing-for-war-without-seeking-war-as-china-begins-military-exercises/ar-AA10hZj6
1057179705,2022-08-04,194,NOTFOUND,-,UNVERIFIED,,본문 확보 실패,,https://www.shorenewsnetwork.com/2022/08/04/furious-china-fires-missiles/
1057146089,2022-08-04,194,NOTFOUND,-,UNVERIFIED,,본문 확보 실패,,https://www.shorenewsnetwork.com/2022/08/04/china-fires-missiles-into/
1057158823,2022-08-04,194,NOTFOUND,-,UNVERIFIED,,본문 확보 실패,,https://www.economist.com/asia/2022/08/03/nancy-pelosi-has-left-taiwan-the-real-crisis-may-be-just-beginning
1057143011,2022-08-04,194,OK_ORIGINAL,MATCH,HIGH,"China fires missiles around Taiwan, sparking US condemnation","기사는 중국이 대만 주변에서 탄도 미사일과 전투기를 동원한 대규모 군사 훈련을 실시했으며, 이는 중화기를 동반한 무력 충돌로 볼 수 있어 GDELT 분류 유형과 일치합니다.",https://www.capitalfm.co.ke/news/2022/08/china-begins-major-taiwan-military-drills-after-pelosi-visit/,https://www.capitalfm.co.ke/news/2022/08/china-begins-major-taiwan-military-drills-after-pelosi-visit/
1057141622,2022-08-04,150,OK_ORIGINAL,MATCH,HIGH,"Facing growing threats from China, these big war games are how Taiwan prepares to fend off a Chinese invasion","기사는 대만이 중국의 잠재적 침공에 대비하는 연례 군사 훈련인 '한광 훈련'에 대해 다루고 있으며, 이는 중국의 군사적 위협에 대한 대만의 군사 태세 강화 활동과 직접적으로 일치합니다.",https://www.businessinsider.com/war-games-taiwan-military-people-ready-for-possible-china-offensive-2022-8,https://www.businessinsider.com/war-games-taiwan-military-people-ready-for-possible-china-offensive-2022-8
1057141626,2022-08-04,150,EMPTY,-,UNVERIFIED,,본문 확보 실패,,https://www.msn.com/en-us/news/world/facing-growing-threats-from-china-these-big-war-games-are-how-taiwan-prepares-to-fend-off-a-chinese-invasion/ar-AA10igSj
1057126058,2022-08-04,194,EMPTY,-,UNVERIFIED,,본문 확보 실패,,https://www.straitstimes.com/asia/east-asia/china-to-stage-major-military-drills-around-taiwan-after-pelosi-visit
1057169048,2022-08-04,194,EMPTY,-,UNVERIFIED,,본문 확보 실패,,https://www.msn.com/en-gb/news/world/taiwan-confirms-multiple-chinese-missile-launches-into-waters-of-taiwan-strait-during-military-drills-e2-80-93-live/ar-AA10hrWH
1057081964,2022-08-04,150,NOTFOUND,-,UNVERIFIED,,본문 확보 실패,,https://www.ndtv.com/world-news/chinas-military-drills-after-nancy-pelosi-visit-irresponsible-warns-us-3222946
1057154915,2022-08-04,192,OK_ORIGINAL,AMBIGUOUS,MEDIUM,Why Xi Jinping's Invasion Of Taiwan Is Inevitable But Not Imminent,"기사는 중국의 대만 침공 가능성을 논하지만, 현재 시점에서는 침공이 일어나지 않을 것이며, '영토 점령'이라는 구체적인 사건이 발생했음을 명시하지 않기 때문입니다.",https://thefederalist.com/2022/08/04/why-xi-jinpings-invasion-of-taiwan-is-inevitable-but-not-imminent/,https://thefederalist.com/2022/08/04/why-xi-jinpings-invasion-of-taiwan-is-inevitable-but-not-imminent/
1057154916,2022-08-04,193,OK_ORIGINAL,MISMATCH,LOW,Why Xi Jinping's Invasion Of Taiwan Is Inevitable But Not Imminent,"기사는 대만 침공의 가능성을 논하지만, 소형 무기 충돌과 같은 실제적인 군사적 충돌을 묘사하고 있지는 않습니다.",https://thefederalist.com/2022/08/04/why-xi-jinpings-invasion-of-taiwan-is-inevitable-but-not-imminent/,https://thefederalist.com/2022/08/04/why-xi-jinpings-invasion-of-taiwan-is-inevitable-but-not-imminent/
1057169046,2022-08-04,192,OK_ORIGINAL,AMBIGUOUS,MEDIUM,Beijing will wipe out a vibrant democracy if it seizes control of Taiwan | The Strategist,"기사는 중국의 대만 침공 가능성을 언급하지만, 현재 시점에서 영토 점령이라는 특정 사건이 발생했음을 직접적으로 보도하는 것이 아니라 잠재적 위협에 대한 분석에 초점을 맞추고 있습니다.",https://www.aspistrategist.org.au/beijing-will-wipe-out-a-vibrant-democracy-if-it-seizes-control-of-taiwan/,https://www.aspistrategist.org.au/beijing-will-wipe-out-a-vibrant-democracy-if-it-seizes-control-of-taiwan/
1057081933,2022-08-04,150,NOTFOUND,-,UNVERIFIED,,본문 확보 실패,,https://www.ndtv.com/world-news/chinas-military-drills-after-nancy-pelosi-visit-irresponsible-warns-us-3222946
1057127660,2022-08-04,193,NOTFOUND,-,UNVERIFIED,,본문 확보 실패,,https://www.itv.com/news/2022-08-04/footage-captures-china-opening-fire-as-it-surrounds-taiwan-with-military-drills
1057140874,2022-08-04,150,OK_ORIGINAL,MATCH,HIGH,China starts live-fire military exercises around Taiwan,"기사는 중국이 대만 주변에서 실탄 사격을 포함한 전례 없는 군사 훈련을 실시했다는 내용을 보도하고 있어, GDELT가 분류한 '군사 태세' 사건 유형과 부합합니다.",https://theweek.com/taiwan/1015651/china-starts-live-fire-military-exercises-around-taiwan,https://theweek.com/taiwan/1015651/china-starts-live-fire-military-exercises-around-taiwan
1057152657,2022-08-04,194,OK_ORIGINAL,AMBIGUOUS,MEDIUM,Japan expresses 'grave concern' over China's military drill near Taiwan,"기사는 중국의 대만 주변 군사 훈련에 대한 일본의 우려를 다루고 있으며, 이는 양안 군사 사건과 관련 있지만, '중화기 무력충돌(armed clash, heavy weapons)'이라는 CAMEO 코드 194와 직접적으로 일치하는 실제 무력 충돌보다는 훈련 및 미사일 발사 등의 활동을 묘사하고 있어 명확한 무력 충돌로 단정하기 어렵습니다.",https://www.freepressjournal.in/world/japan-expresses-grave-concern-over-chinas-military-drill-near-taiwan,https://www.freepressjournal.in/world/japan-expresses-grave-concern-over-chinas-military-drill-near-taiwan
1057179707,2022-08-04,194,OK_ORIGINAL,MATCH,HIGH,"China fires waves of missiles over the Taiwan Strait, raising tensions in the region","기사는 중국이 대만 해협에 미사일을 발사한 사건을 보도하고 있으며, 이는 중화기(미사일)를 사용한 무력 충돌에 해당하여 CAMEO 코드 194와 일치합니다.",https://www.wkms.org/npr-news/npr-news/2022-08-04/china-fires-waves-of-missiles-over-the-taiwan-strait-raising-tensions-in-the-region,https://www.wkms.org/npr-news/npr-news/2022-08-04/china-fires-waves-of-missiles-over-the-taiwan-strait-raising-tensions-in-the-region
1057093938,2022-08-04,150,OK_ORIGINAL,MATCH,HIGH,China to stage major drills around Taiwan after Pelosi visit,"기사는 펠로시 미국 하원의장의 대만 방문 이후 중국이 대만 주변에서 대규모 군사 훈련을 실시할 것이라는 내용을 담고 있어, 이는 '군사 태세(military posturing)'라는 CAMEO 코드 150과 일치합니다.",https://economictimes.indiatimes.com/news/defence/china-to-stage-major-drills-around-taiwan-after-pelosi-visit/articleshow/93336123.cms,https://economictimes.indiatimes.com/news/defence/china-to-stage-major-drills-around-taiwan-after-pelosi-visit/articleshow/93336123.cms
1057093939,2022-08-04,150,OK_ORIGINAL,MATCH,HIGH,China to stage major drills around Taiwan after Pelosi visit,"기사 제목과 본문 내용이 펠로시 의장의 대만 방문 이후 중국이 대만 주변에서 대규모 군사 훈련을 계획하고 있음을 명확히 보여주므로, 이는 '군사 태세(military posturing)'에 해당합니다.",https://economictimes.indiatimes.com/news/defence/china-to-stage-major-drills-around-taiwan-after-pelosi-visit/articleshow/93336123.cms,https://economictimes.indiatimes.com/news/defence/china-to-stage-major-drills-around-taiwan-after-pelosi-visit/articleshow/93336123.cms
1057200488,2022-08-04,194,OK_ORIGINAL,AMBIGUOUS,MEDIUM,Japan makes claim about Chinese missiles,"기사는 일본의 EEZ에 떨어진 중국 미사일에 대한 일본 방위상의 발언을 다루고 있으며, 이는 양안 긴장 상황과 관련될 수 있으나, 중화기 무력 충돌이라는 GDELT의 구체적인 분류 유형과는 직접적으로 일치하지 않습니다.",https://www.chinanationalnews.com/news/272643346/japan-makes-claim-about-chinese-missiles,https://www.chinanationalnews.com/news/272643346/japan-makes-claim-about-chinese-missiles
1057075715,2022-08-04,150,EMPTY,-,UNVERIFIED,,본문 확보 실패,,https://www.stuff.co.nz/world/asia/300654066/china-tightens-noose-with-taiwan-blockade
1057079062,2022-08-04,150,EMPTY,-,UNVERIFIED,,본문 확보 실패,,https://inlandnewstoday.com/story.php?s=68209
1057079065,2022-08-04,194,EMPTY,-,UNVERIFIED,,본문 확보 실패,,https://inlandnewstoday.com/story.php?s=68209
1057154941,2022-08-04,194,OK_ORIGINAL,MATCH,HIGH,Chinese military launches ballistic missiles into waters near Taiwan in retaliation for American lawmaker Pelosis visit - The Tribune,"기사는 중국이 대만 인근 해역에 탄도 미사일을 발사한 사건을 보도하고 있으며, 이는 중화기 무력충돌에 해당합니다.",https://www.tribuneindia.com/news/world/taiwan-cancels-airline-flights-as-chinese-navy-fires-artillery-near-island-in-retaliation-for-a-top-american-lawmakers-visit-418812,https://www.tribuneindia.com/news/world/taiwan-cancels-airline-flights-as-chinese-navy-fires-artillery-near-island-in-retaliation-for-a-top-american-lawmakers-visit-418812
1057079063,2022-08-04,150,EMPTY,-,UNVERIFIED,,본문 확보 실패,,https://inlandnewstoday.com/story.php?s=68209
1057086896,2022-08-04,150,NOTFOUND,-,UNVERIFIED,,본문 확보 실패,,https://www.nytimes.com/2022/08/03/world/asia/taiwan-china-military-exercises.html
1057086919,2022-08-04,150,NOTFOUND,-,UNVERIFIED,,본문 확보 실패,,https://www.nytimes.com/2022/08/03/world/asia/taiwan-china-military-exercises.html
1057104367,2022-08-04,150,OK_ORIGINAL,MATCH,HIGH,Chinese missiles land in JAPAN'S waters amid Taiwan live-fire drills,"기사는 중국이 대만 주변에서 대규모 실탄 훈련을 실시하면서 일본 수역에 미사일을 발사한 사건을 다루고 있으며, 이는 군사적 위협 및 시위 활동을 포함하는 '군사 태세' 분류와 일치합니다.",https://www.dailymail.co.uk/news/article-11079181/China-stage-major-drills-Taiwan-Pelosi-visit.html,https://www.dailymail.co.uk/news/article-11079181/China-stage-major-drills-Taiwan-Pelosi-visit.html
1057104993,2022-08-04,190,OK_ORIGINAL,MATCH,HIGH,Taiwan fires flares at 'Chinese drones' flying over Kinmen Island,"기사에서 대만 군대가 중국 드론에 대응하여 조명탄을 발사했다는 내용이 포함되어 있으며, 이는 재래식 무력의 사용으로 분류될 수 있습니다.",https://www.dailymail.co.uk/news/article-11079453/Taiwan-fires-flares-Chinese-drones-flying-heavily-fortified-Kinmen-Islands.html,https://www.dailymail.co.uk/news/article-11079453/Taiwan-fires-flares-Chinese-drones-flying-heavily-fortified-Kinmen-Islands.html
1057106065,2022-08-04,151,OK_ORIGINAL,MATCH,HIGH,China conducts live-fire military drills around Taiwan a day after Nancy Pelosi’s visit,"기사는 중국이 대만 주변 해역에서 실탄 사격 훈련을 실시했다는 내용을 다루고 있으며, 이는 경계 수준 강화와 일치하는 양안 군사 사건입니다.",https://scroll.in/latest/1029733/china-launches-live-fire-military-drills-around-taiwan-a-day-after-nancy-pelosis-visit,https://scroll.in/latest/1029733/china-launches-live-fire-military-drills-around-taiwan-a-day-after-nancy-pelosis-visit
1057116222,2022-08-04,194,OK_ORIGINAL,AMBIGUOUS,MEDIUM,China-Taiwan: China restarts drills as Pelosi vows Taiwan won't be isolated,"기사는 중국과 대만 간의 군사적 긴장 상황을 보도하고 있으나, '중화기 무력충돌'과 같이 구체적인 중화기 사용이나 직접적인 무력 충돌에 대한 언급이 없어 분류 유형과 정확히 일치하는지 명확하지 않습니다.",https://www.bbc.com/news/live/world-asia-62404233,https://www.bbc.com/news/live/world-asia-62404233
1057121233,2022-08-04,190,OK_ORIGINAL,MISMATCH,LOW,"China besieged Taiwan: Island blocked, 27 planes","기사 본문은 양안 군사 사건이 아닌 불가리아 휴가, 세르비아 연금, 체코 고속도로 규정, 우크라이나 전쟁, 보스니아 헤르체고비나 축구, 남아프리카 총기 난사, 크로아티아 선박 수리, 오슬로 육상 경기, 베오그라드 체포 등 다양한 주제를 다루고 있어 GDELT 분류 사건 유형과 일치하지 않습니다.",https://www.b92.net/eng/comments.php?nav_id=114144,https://www.b92.net/eng/comments.php?nav_id=114144
1057122769,2022-08-04,194,OK_ORIGINAL,AMBIGUOUS,MEDIUM,China’s Own ‘Sarmat Missile’ Spotted Amid Tensions With US; Internet Flooded By Beijing’s Military Movement,"기사는 양안 긴장 상황에서 중국의 군사력 과시 및 이동을 다루고 있으나, 명시적인 '중화기 무력충돌'이 발생했다는 내용은 포함하지 않아 분류 유형과 직접적으로 일치한다고 보기 어렵습니다.",https://eurasiantimes.com/netizens-spot-chinas-own-sarmat-icbm-amid-tensions-with-us/,https://eurasiantimes.com/netizens-spot-chinas-own-sarmat-icbm-amid-tensions-with-us/
1057129731,2022-08-04,194,OK_ORIGINAL,MATCH,HIGH,China kicks off war games with ballistic missiles into the sea off Taiwan,"기사는 중국이 대만 주변 해상에 탄도 미사일을 발사하는 군사 훈련을 묘사하고 있으며, 이는 CAMEO 코드 194 '중화기 무력충돌(armed clash, heavy weapons)' 유형과 일치합니다.",https://www.rfa.org/english/news/china/china-fires-missiles-08042022051216.html,https://www.rfa.org/english/news/china/china-fires-missiles-08042022051216.html
1057141627,2022-08-04,150,EMPTY,-,UNVERIFIED,,본문 확보 실패,,https://www.msn.com/en-us/news/world/facing-growing-threats-from-china-these-big-war-games-are-how-taiwan-prepares-to-fend-off-a-chinese-invasion/ar-AA10igSj
1057143008,2022-08-04,150,OK_ORIGINAL,MATCH,HIGH,"China fires missiles around Taiwan, sparking US condemnation","기사는 중국이 대만 주변에서 대규모 군사 훈련을 실시하며 미사일을 발사하고 전투기를 배치하는 등 군사적 위협을 가하는 내용을 담고 있어, CAMEO 코드 150인 '군사 태세(military posturing)'와 일치합니다.",https://www.capitalfm.co.ke/news/2022/08/china-begins-major-taiwan-military-drills-after-pelosi-visit/,https://www.capitalfm.co.ke/news/2022/08/china-begins-major-taiwan-military-drills-after-pelosi-visit/
1057163889,2022-08-04,194,OK_ORIGINAL,MATCH,HIGH,"With Pelosi Gone, China Circles Taiwan with Missiles","기사는 중국이 대만을 둘러싸고 탄도 미사일을 발사한 사건을 보도하고 있으며, 이는 중화기 무력충돌에 해당합니다.",https://www.bignewsnetwork.com/news/272643255/with-pelosi-gone-china-circles-taiwan-with-missiles,https://www.bignewsnetwork.com/news/272643255/with-pelosi-gone-china-circles-taiwan-with-missiles
1057179704,2022-08-04,150,OK_ORIGINAL,MATCH,HIGH,China conducts largest air breach of median line to date,"기사는 대만 해협에서의 중국 항공기 공중 침범 사건을 다루고 있으며, 이는 군사적 긴장과 잠재적 갈등을 암시하는 군사 태세에 해당합니다.",https://www.janes.com/defence-news/defence/latest/china-conducts-largest-air-breach-of-median-line-to-date,https://www.janes.com/defence-news/defence/latest/china-conducts-largest-air-breach-of-median-line-to-date
1057196111,2022-08-04,150,OK_ORIGINAL,AMBIGUOUS,MEDIUM,The crisis around Taiwan is only just beginning,"기사는 대만 위기 상황과 시진핑의 정치적 입지를 설명하며 군사적 행동을 시사하지만, 직접적인 군사적 태세 구축을 묘사하는 내용이 부족하여 CAMEO 코드 150과 명확히 일치한다고 보기 어렵습니다.",https://www.newstatesman.com/world/asia/2022/08/china-military-drills-crisis-taiwan,https://www.newstatesman.com/world/asia/2022/08/china-military-drills-crisis-taiwan
1057209310,2022-08-04,194,OK_ORIGINAL,MATCH,HIGH,China Fires 11 Ballistic Missiles Near Taiwan After Nancy Pelosi Visit,"기사에서 중국이 대만 인근에 탄도 미사일을 발사한 '실탄 군사 훈련'을 언급하며, 이는 GDELT 분류 코드 194 '중화기 무력충돌'과 일치합니다.",https://www.breitbart.com/politics/2022/08/04/china-fires-11-ballistic-missiles-taiwan/,https://www.breitbart.com/politics/2022/08/04/china-fires-11-ballistic-missiles-taiwan/
1057107596,2022-08-04,150,OK_ORIGINAL,AMBIGUOUS,MEDIUM,"Analysis: As Pelosi leaves Taiwan, stability in Asia grows more precarious","기사 제목은 펠로시 의장의 대만 방문 이후 아시아의 불안정성이 증가함을 언급하며 양안 관계의 긴장을 시사하지만, 본문 내용은 군사 사건 분류 유형과 직접적으로 일치하지 않습니다.",https://www.theday.com/nation/20220804/analysis-as-pelosi-leaves-taiwan-stability-in-asia-grows-more-precarious/,https://www.theday.com/nation/20220804/analysis-as-pelosi-leaves-taiwan-stability-in-asia-grows-more-precarious/
1057150419,2022-08-04,194,EMPTY,-,UNVERIFIED,,본문 확보 실패,,https://www.msn.com/en-us/news/world/china-fires-11-missiles-near-taiwan-in-biggest-test-in-decades/ar-AA10hlFP
1057086895,2022-08-04,150,NOTFOUND,-,UNVERIFIED,,본문 확보 실패,,https://www.nytimes.com/2022/08/03/world/asia/taiwan-china-military-exercises.html
1057086897,2022-08-04,150,OK_ORIGINAL,MATCH,HIGH,"How has China demonstrated its outrage over Pelosi's visit, what's America's stand?","기사는 펠로시 의장의 대만 방문에 대한 중국의 군사 활동, 즉 주변 해역에서의 군사 훈련을 상세히 설명하며, 이는 GDELT의 '군사 태세(military posturing)' 분류와 직접적으로 일치합니다.",https://www.indiatoday.in/world/story/china-outrage-over-nancy-pelosi-visit-us-taiwan-world-reaction-1983523-2022-08-04,https://www.indiatoday.in/world/story/china-outrage-over-nancy-pelosi-visit-us-taiwan-world-reaction-1983523-2022-08-04
1057116221,2022-08-04,194,OK_ORIGINAL,MATCH,HIGH,China resumes military exercises around Taiwan after Pelosi visit (Ld),"기사는 대만 해협에서 중국군이 실시한 장거리 화력 실탄 사격 훈련을 명시하며, 이는 중화기를 동원한 군사적 충돌로 볼 수 있어 GDELT의 CAMEO 코드 194 분류와 일치합니다.",https://www.prokerala.com/news/articles/a1332105.html,https://www.prokerala.com/news/articles/a1332105.html
1057125672,2022-08-04,154,OK_ORIGINAL,MATCH,HIGH,WATCH: Taiwan ‘prepares for war’ as China conducts live-fire exercises in Taiwan Strait,"기사는 중국의 대만 해협에서의 실탄 사격 훈련을 다루고 있으며, 이는 군사 동원 및 증강에 해당합니다.",https://www.iol.co.za/news/world/watch-taiwan-prepares-for-war-as-china-conducts-live-fire-exercises-in-taiwan-strait-4a4a8e6c-3c28-4b4c-b3e2-bc58bc6abb69,https://www.iol.co.za/news/world/watch-taiwan-prepares-for-war-as-china-conducts-live-fire-exercises-in-taiwan-strait-4a4a8e6c-3c28-4b4c-b3e2-bc58bc6abb69
1057152655,2022-08-04,194,NOTFOUND,-,UNVERIFIED,,본문 확보 실패,,https://www.business-standard.com/article/international/china-fires-11-ballistic-missiles-near-taiwan-in-biggest-test-in-decades-122080400936_1.html
1057201511,2022-08-04,195,OK_ORIGINAL,MATCH,HIGH,22 Chinese aircraft cross Taiwan Strait median line as PLA launches drills - Focus Taiwan,"기사는 중국 항공기가 대만 해협 중간선을 넘어 군사 훈련을 실시했다는 내용을 다루고 있으며, 이는 GDELT 분류 사건 유형인 '공중무기 사용(air weapons)'에 해당합니다.",https://focustaiwan.tw/cross-strait/202208040022,https://focustaiwan.tw/cross-strait/202208040022
1057109367,2022-08-04,150,EMPTY,-,UNVERIFIED,,본문 확보 실패,,https://www.msn.com/en-us/news/world/china-launches-military-exercises-around-taiwan-after-pelosi-visit/ar-AA10hZDl
1057200484,2022-08-04,154,OK_ORIGINAL,MATCH,HIGH,Chinese drills could provide lessons on tackling future threats: Experts - Focus Taiwan,"기사는 중국의 대만 주변 실사격 훈련이 미래 위협에 대한 통찰력을 제공할 수 있다는 전문가들의 의견을 다루고 있으며, 이는 CAMEO 코드 154인 군사 동원·증강 유형과 일치합니다.",https://focustaiwan.tw/cross-strait/202208040019,https://focustaiwan.tw/cross-strait/202208040019
1057073484,2022-08-04,194,OK_ORIGINAL,MATCH,HIGH,China fires hypersonic missiles in Taiwan blockade drill - media,기사는 중국이 대만 주변에서 대규모 군사 훈련을 실시하며 하이퍼소닉 미사일 등 첨단 무기를 동원한 '실탄 사격 훈련'을 포함하고 있어 CAMEO 코드 194(중화기 무력충돌)와 일치합니다.,https://www.bignewsnetwork.com/news/272642549/china-fires-hypersonic-missiles-in-taiwan-blockade-drill---media,https://www.bignewsnetwork.com/news/272642549/china-fires-hypersonic-missiles-in-taiwan-blockade-drill---media
1057109368,2022-08-04,150,OK_ORIGINAL,MATCH,HIGH,"China Taiwan latest news: Day after Pelosi's visit, China begins military exercises around Taiwan  - India TV News","기사는 낸시 펠로시 대만 방문 이후 중국이 대만 주변에서 군사 훈련을 시작했다는 내용을 보도하고 있으며, 이는 GDELT 분류 코드 150인 '군사 태세'에 부합합니다.",https://www.indiatvnews.com/news/world/china-taiwan-latest-news-china-military-drills-nancy-pelosi-taiwan-visit-taiwan-defence-ministry-us-china-war-2022-08-04-797305,https://www.indiatvnews.com/news/world/china-taiwan-latest-news-china-military-drills-nancy-pelosi-taiwan-visit-taiwan-defence-ministry-us-china-war-2022-08-04-797305
1057134703,2022-08-04,191,NOTFOUND,-,UNVERIFIED,,본문 확보 실패,,https://zeenews.india.com/world/why-is-china-staging-drills-around-taiwan-after-pelosi-visit-read-here-2493132.html
1303378848,2026-05-10,194,OK_ORIGINAL,MISMATCH,LOW,HIMARS to be deployed to islands - Taipei Times,"기사는 대만의 중화기 도입 및 전력 강화 계획에 대한 내용으로, 실제로 발생한 중화기 무력충돌 사건을 다루고 있지 않습니다.",https://www.taipeitimes.com/News/front/archives/2026/05/11/2003857105,https://www.taipeitimes.com/News/front/archives/2026/05/11/2003857105
1040269884,2022-04-20,190,NOTFOUND,-,UNVERIFIED,,본문 확보 실패,,https://tribune.com.pk/story/2353448/taiwan-tv-station-apologises-after-mistakenly-reporting-chinese-attack
1040319502,2022-04-20,190,NOTFOUND,-,UNVERIFIED,,본문 확보 실패,,https://www.shorenewsnetwork.com/2022/04/20/pentagon-chief-speaks-with/
1040318684,2022-04-20,190,NOTFOUND,-,UNVERIFIED,,본문 확보 실패,,https://www.shorenewsnetwork.com/2022/04/20/pentagon-chief-speaks-with/
1184634862,2024-06-30,192,OK_ORIGINAL,AMBIGUOUS,MEDIUM,A prominent think tank says China could take control of Taiwan without even launching an invasion — here's how,"기사는 중국이 군사적 침공 없이 대만의 통제권을 장악할 수 있는 가능성을 언급하지만, 이는 GDELT가 분류한 '영토 점령'이라는 직접적인 군사 행동과는 차이가 있어 분류 유형과의 일치가 명확하지 않습니다.",https://www.yahoo.com/news/prominent-think-tank-says-china-105009590.html,https://www.yahoo.com/news/prominent-think-tank-says-china-105009590.html
1184634863,2024-06-30,192,OK_ORIGINAL,AMBIGUOUS,MEDIUM,A prominent think tank says China could take control of Taiwan without even launching an invasion — here's how,"기사는 중국이 대만을 침공 없이 통제할 수 있는 방안을 제시하지만, 직접적인 '영토 점령' 행위를 묘사하지는 않습니다.",https://www.yahoo.com/news/prominent-think-tank-says-china-105009590.html,https://www.yahoo.com/news/prominent-think-tank-says-china-105009590.html
1184672618,2024-06-30,190,OK_ORIGINAL,MISMATCH,LOW,Taiwanese-Chinese couple seek same-sex marriage recognition with legal battle,"본 기사는 양안 간의 군사적 사건이 아닌, 대만과 중국 국적의 동성 커플이 대만에서 결혼 및 이민을 인정받기 위한 법적 절차에 관한 내용입니다.",https://news.webindia123.com/news/Articles/World/20240630/4210766.html,https://news.webindia123.com/news/Articles/World/20240630/4210766.html
1146958263,2023-12-18,190,OK_ORIGINAL,AMBIGUOUS,MEDIUM,China is subtly increasing military pressure on Taiwan. Here's how,"기사는 중국의 대만에 대한 군사적 압박 증가를 다루지만, 실제 '재래식 무력 사용'을 구체적으로 묘사하기보다는 '회색 지대' 전술과 같은 압박 행위를 주로 설명하고 있습니다.",https://www.kunc.org/npr-news/2023-12-18/china-is-subtly-increasing-military-pressure-on-taiwan-heres-how,https://www.kunc.org/npr-news/2023-12-18/china-is-subtly-increasing-military-pressure-on-taiwan-heres-how
1146956682,2023-12-18,190,OK_ORIGINAL,AMBIGUOUS,MEDIUM,China is subtly increasing military pressure on Taiwan. Here's how,"기사는 중국의 군사적 압박을 묘사하지만, 재래식 무력 사용(CAMEO 코드 190)보다는 '회색 지대' 전술과 같은 간접적인 압박에 초점을 맞추고 있어 분류 유형과 명확히 일치한다고 보기 어렵습니다.",https://www.kunc.org/npr-news/2023-12-18/china-is-subtly-increasing-military-pressure-on-taiwan-heres-how,https://www.kunc.org/npr-news/2023-12-18/china-is-subtly-increasing-military-pressure-on-taiwan-heres-how
1093168114,2023-04-03,192,EMPTY,-,UNVERIFIED,,본문 확보 실패,,https://www.msn.com/en-us/news/world/is-china-about-to-invade-taiwan/ar-AAS1ry6
1105469205,2023-05-29,190,OK_ORIGINAL,MISMATCH,LOW,Navy to receive second indigenous corvette next month - Taipei Times,"이 기사는 대만이 자체적으로 국산 호위함을 건조하고 인도받는다는 내용으로, 재래식 무력 사용과 관련된 군사 사건으로 분류하기 어렵습니다.",https://www.taipeitimes.com/News/front/archives/2023/05/30/2003800652,https://www.taipeitimes.com/News/front/archives/2023/05/30/2003800652
1105468495,2023-05-29,190,OK_ORIGINAL,MISMATCH,LOW,Navy to receive second indigenous corvette next month - Taipei Times,"이 기사는 대만의 자체 함정 건조 및 인도에 관한 내용으로, 재래식 무력 사용(use conventional force)과는 직접적인 관련이 없습니다.",https://www.taipeitimes.com/News/front/archives/2023/05/30/2003800652,https://www.taipeitimes.com/News/front/archives/2023/05/30/2003800652
1275197680,2025-11-20,190,OK_ORIGINAL,MISMATCH,LOW,Taiwan's leader shows solidarity with Japan amid standoff with China by wielding a plateful of sushi,"기사는 대만 총통이 일본과의 연대를 보여주기 위해 스시를 먹는 행위에 대한 것으로, 실제 재래식 무력 사용과는 거리가 멉니다.",https://www.cbsnews.com/news/taiwan-china-japan-standoff-lai-ching-te/,https://www.cbsnews.com/news/taiwan-china-japan-standoff-lai-ching-te/
1275160139,2025-11-20,190,OK_ORIGINAL,MISMATCH,LOW,Taiwan’s President shows support for Japan in China dispute with sushi lunch,"해당 기사는 대만 총통의 일본 음식 섭취를 통해 일본에 대한 지지를 표명하는 내용으로, 재래식 무력 사용과는 관련이 없는 외교적, 상징적 행위에 대한 기사입니다.",https://www.straitstimes.com/asia/east-asia/taiwan-president-shows-support-for-japan-in-china-dispute-with-sushi-lunch,https://www.straitstimes.com/asia/east-asia/taiwan-president-shows-support-for-japan-in-china-dispute-with-sushi-lunch
1065066775,2022-09-28,150,OK_ORIGINAL,AMBIGUOUS,MEDIUM,China criticises Buttigieg backing of Taiwan at UN civil aviation body,"기사는 중국과 대만의 외교적 갈등을 다루지만, 직접적인 군사적 행동이나 군사 태세보다는 UN 민간 항공 기구에서의 정치적 발언과 그에 대한 반박에 초점을 맞추고 있어 CAMEO 코드 150(군사 태세)과 명확하게 일치한다고 보기 어렵습니다.",https://www.scmp.com/news/china/diplomacy/article/3194063/china-criticises-buttigieg-backing-taiwan-un-civil-aviation,https://www.scmp.com/news/china/diplomacy/article/3194063/china-criticises-buttigieg-backing-taiwan-un-civil-aviation
1065039933,2022-09-28,150,OK_ORIGINAL,MISMATCH,LOW,Buttigieg backs Taiwan participation in UN civil aviation body,"해당 기사는 미국 교통부 장관이 대만의 UN 민간 항공 기구 참여를 지지하는 내용으로, 군사적 행동이나 태세와는 거리가 멀기 때문입니다.",https://kelo.com/2022/09/27/buttigieg-backs-taiwan-participation-in-un-civil-aviation-body/,https://kelo.com/2022/09/27/buttigieg-backs-taiwan-participation-in-un-civil-aviation-body/
1065094807,2022-09-28,150,OK_ORIGINAL,MATCH,HIGH,"In Asia, Harris Slams China’s ‘Intimidation’ and ‘Coercion’","기사는 중국의 대만에 대한 위협과 동중국해 및 남중국해에서의 중국의 도발을 언급하며, 이는 CAMEO 코드 150 '군사 태세'에 해당하는 양안 군사 사건으로 분류하는 것이 적절합니다.",https://www.voanews.com/a/in-asia-harris-slams-china-s-intimidation-and-coercion-/6766626.html,https://www.voanews.com/a/in-asia-harris-slams-china-s-intimidation-and-coercion-/6766626.html
1075007173,2022-12-06,150,OK_ORIGINAL,MATCH,HIGH,Eye Of The Storm: Taiwan At The Centre Of Sino-U.S. Tensions,"기사는 펠로시 미 하원의장의 대만 방문에 대한 중국의 군사 훈련 및 미사일 발사 등 대만해협의 긴장 상황을 상세히 묘사하고 있으며, 이는 CAMEO 코드 150 '군사 태세'에 부합합니다.",https://www.ibtimes.com/eye-storm-taiwan-centre-sino-us-tensions-3643952,https://www.ibtimes.com/eye-storm-taiwan-centre-sino-us-tensions-3643952
1251093910,2025-07-09,154,OK_ORIGINAL,MATCH,HIGH,Inside Taiwan’s machine gun classes preparing for war with China,기사는 대만에서 중국과의 전쟁에 대비하여 예비군이 사격 훈련을 받는 내용을 다루고 있어 CAMEO 코드 154 '군사 동원·증강'에 부합합니다.,https://www.yahoo.com/news/inside-taiwan-machine-gun-classes-125739129.html,https://www.yahoo.com/news/inside-taiwan-machine-gun-classes-125739129.html
1251016824,2025-07-09,150,OK_ORIGINAL,MATCH,HIGH,"Record-long live-fire Han Kuang drills open, target gray zone tactics - Focus Taiwan","기사는 대만과 중국을 명시하며, '대만의 연례 군사 훈련'과 '중국의 '회색 지대' 전술에 대한 대응'에 초점을 맞추고 있어 군사 태세(military posturing)에 해당합니다.",https://focustaiwan.tw/politics/202507090006,https://focustaiwan.tw/politics/202507090006
1251068574,2025-07-09,150,OK_ORIGINAL,MATCH,HIGH,Taiwan launches annual war games with simulated attacks against military - BusinessWorld Online,"기사는 대만이 중국의 침공을 가정한 연례 군사 훈련을 실시하는 내용을 다루고 있으며, 이는 군사 태세(military posturing)에 해당합니다.",https://www.bworldonline.com/world/2025/07/09/684230/taiwan-launches-annual-war-games-with-simulated-attacks-against-military/,https://www.bworldonline.com/world/2025/07/09/684230/taiwan-launches-annual-war-games-with-simulated-attacks-against-military/
1250962614,2025-07-09,150,NOTFOUND,-,UNVERIFIED,,본문 확보 실패,,https://www.yahoo.com/news/happens-taiwans-han-kuang-military-234537368.html
1251001271,2025-07-09,190,NOTFOUND,-,UNVERIFIED,,본문 확보 실패,,https://japantoday.com/category/world/taiwan-launches-annual-war-games-with-simulated-attacks-against-military-command3
1250973281,2025-07-09,190,OK_ORIGINAL,MATCH,HIGH,Taiwan launches biggest war games with simulated attacks against military command,"이 기사는 대만이 중국의 침공을 상정한 최대 규모의 군사 훈련을 실시하는 내용을 다루고 있으며, 이는 재래식 무력 사용(CAMEO 코드 190)으로 분류된 양안 군사 사건과 일치합니다.",https://www.yahoo.com/news/taiwan-launches-annual-war-games-010821536.html,https://www.yahoo.com/news/taiwan-launches-annual-war-games-010821536.html
1251022005,2025-07-09,190,OK_ORIGINAL,AMBIGUOUS,MEDIUM,Record-long live-fire Han Kuang drills start - Taipei Times,"기사는 대만의 연례 군사 훈련인 '한광 훈련'에 대한 내용이지만, 이는 재래식 무력 사용보다는 훈련 시뮬레이션에 초점을 맞추고 있어 GDELT 분류 유형인 '재래식 무력 사용'과 직접적으로 일치한다고 보기 어렵습니다.",https://www.taipeitimes.com/News/taiwan/archives/2025/07/09/2003840015,https://www.taipeitimes.com/News/taiwan/archives/2025/07/09/2003840015
1142748271,2023-11-27,190,OK_ORIGINAL,MISMATCH,LOW,FACT CHECK: No reports of Taiwan attacking Chinese fishing vessels,"기사는 대만에서 중국 어선을 공격했다는 주장을 반박하며, 실제로 물대포 사용 보고가 없다고 명시하고 있으므로 재래식 무력 사용과는 일치하지 않습니다.",https://www.rappler.com/newsbreak/fact-check/no-reports-taiwan-attack-chinese-fishing-vessels/,https://www.rappler.com/newsbreak/fact-check/no-reports-taiwan-attack-chinese-fishing-vessels/
1142754346,2023-11-27,190,OK_ORIGINAL,AMBIGUOUS,MEDIUM,China-US battle over Taiwan would be ‘a war too many’ for world right now: Expert - Worldnews.com,"기사는 대만 관련 긴장을 언급하지만, 재래식 무력 사용보다는 전문가의 의견을 다루고 있어 분류 유형과 명확히 일치하지 않습니다.",https://article.wn.com/view/2023/11/27/ChinaUS_battle_over_Taiwan_would_be_a_war_too_many_for_world/,https://article.wn.com/view/2023/11/27/ChinaUS_battle_over_Taiwan_would_be_a_war_too_many_for_world/
1142781733,2023-11-27,190,OK_ORIGINAL,AMBIGUOUS,MEDIUM,China-US battle over Taiwan would be ‘a war too many’ for world right now: Expert,"기사는 양안 간의 잠재적인 군사 충돌 가능성에 대해 논의하지만, 실제 재래식 무력 사용이 발생했음을 보고하지는 않습니다.",https://www.aa.com.tr/en/politics/china-us-battle-over-taiwan-would-be-a-war-too-many-for-world-right-now-expert/3066009,https://www.aa.com.tr/en/politics/china-us-battle-over-taiwan-would-be-a-war-too-many-for-world-right-now-expert/3066009
1142833018,2023-11-27,190,OK_ORIGINAL,MISMATCH,LOW,Taiwan draws clear US-vs.-China battle lines in key election,"이 기사는 대만 총선과 관련된 정치적 사건을 다루고 있으며, 재래식 무력 사용과 같은 군사적 사건과는 관련이 없습니다.",https://www.stripes.com/theaters/asia_pacific/2023-11-27/taiwan-election-us-china-12183257.html,https://www.stripes.com/theaters/asia_pacific/2023-11-27/taiwan-election-us-china-12183257.html
1067161949,2022-10-12,150,NOTFOUND,-,UNVERIFIED,,본문 확보 실패,,https://gazette.com/news/us-world/taiwan-says-china-looking-at-ukraine-war-to-develop-hybrid-strategies/article_8af5f52f-3ca7-5500-936d-fc3603b8d434.html
1067161950,2022-10-12,150,NOTFOUND,-,UNVERIFIED,,본문 확보 실패,,https://gazette.com/news/us-world/taiwan-says-china-looking-at-ukraine-war-to-develop-hybrid-strategies/article_8af5f52f-3ca7-5500-936d-fc3603b8d434.html
1024350158,2022-01-21,150,OK_ORIGINAL,MISMATCH,LOW,Bidens invited to state visit to Japan in spring,"이 기사는 미국과 일본 정상의 만남 및 북한 핵 활동 억제 논의에 관한 내용으로, 양안(중국-대만) 군사 사건과는 직접적인 관련이 없습니다.",https://www.dailymail.co.uk/news/article-10427003/Biden-seek-support-Japanese-PM-Kishida-Fumio-Ukraine.html,https://www.dailymail.co.uk/news/article-10427003/Biden-seek-support-Japanese-PM-Kishida-Fumio-Ukraine.html
1024390271,2022-01-21,150,NOTFOUND,-,UNVERIFIED,,본문 확보 실패,,https://omaha.com/news/national/govt-and-politics/biden-kishida-1st-formal-talks-touch-on-china-nuke-weapons/article_f86df10f-579e-5e07-abe2-123a22b72dbd.html
1024374315,2022-01-21,150,NOTFOUND,-,UNVERIFIED,,본문 확보 실패,,https://www.startribune.com/biden-kishida-1st-formal-talks-touch-on-china-nuke-weapons/600138056/
1024373111,2022-01-21,150,NOTFOUND,-,UNVERIFIED,,본문 확보 실패,,https://wtop.com/asia/2022/01/biden-kishida-talks-to-touch-on-north-korea-china/
1024388797,2022-01-21,150,NOTFOUND,-,UNVERIFIED,,본문 확보 실패,,https://www.bozemandailychronicle.com/ap_news/us/biden-kishida-1st-formal-talks-touch-on-china-nuke-weapons/article_0540c8e6-aae8-5fd1-a4e2-249af6535cdf.html
1024388796,2022-01-21,150,NOTFOUND,-,UNVERIFIED,,본문 확보 실패,,https://www.bozemandailychronicle.com/ap_news/us/biden-kishida-1st-formal-talks-touch-on-china-nuke-weapons/article_0540c8e6-aae8-5fd1-a4e2-249af6535cdf.html
1178368423,2024-05-28,150,OK_ORIGINAL,MISMATCH,LOW,GLOBALink | Russian student welcomes exciting new life in China,"기사 내용은 러시아 학생의 중국 생활, 미국 외교 정책, NASA 망원경 발사, 홍역 발생, 헬리콥터 비행 금지, 핵융합 에너지 개발 등 다양한 주제를 다루고 있으며, 양안 군사 사건이나 군사 태세와는 전혀 관련이 없습니다.",https://www.shanghaisun.com/news/274387008/globalink--russian-student-welcomes-exciting-new-life-in-china,https://www.shanghaisun.com/news/274387008/globalink--russian-student-welcomes-exciting-new-life-in-china
1178331567,2024-05-28,150,OK_ORIGINAL,MISMATCH,LOW,ChiNext Index opens lower Tuesday,"기사는 중국 증시 지수의 하락에 관한 것으로, 양안 군사 사건과 전혀 관련이 없습니다.",https://www.shanghaisun.com/news/274386966/chinext-index-opens-lower-tuesday,https://www.shanghaisun.com/news/274386966/chinext-index-opens-lower-tuesday
1178298598,2024-05-28,150,NOTFOUND,-,UNVERIFIED,,본문 확보 실패,,https://www.2lt.com.au/responding-to-chinas-military-drills-taiwan-mobilizes-jets-missiles/
1178302512,2024-05-28,150,OK_ORIGINAL,MATCH,HIGH,"Taiwan issues alerts over China's military drills, scrambles jets","기사는 중국의 대만 주변 군사 훈련에 대한 대만의 대응을 자세히 설명하며, 이는 GDELT의 '군사 태세(military posturing)' 분류와 일치하는 양안 군사 사건입니다.",https://www.sierraleonetimes.com/news/274386879/taiwan-issues-alerts-over-china-military-drills-scrambles-jets,https://www.sierraleonetimes.com/news/274386879/taiwan-issues-alerts-over-china-military-drills-scrambles-jets
1271246049,2025-10-29,154,OK_ORIGINAL,MATCH,HIGH,"Taiwan reports increase in Chinese military activity, with five PLAN vessels, 25 PLA aircraft sorties near its territory","기사는 중국 군용기 및 함정의 활동 증가를 보고하고 있으며, 이는 CAMEO 코드 154 '군사 동원·증강'과 일치합니다.",http://www.bignewsnetwork.com/news/278662092/taiwan-reports-increase-in-chinese-military-activity-with-five-plan-vessels-25-pla-aircraft-sorties-near-its-territory,http://www.bignewsnetwork.com/news/278662092/taiwan-reports-increase-in-chinese-military-activity-with-five-plan-vessels-25-pla-aircraft-sorties-near-its-territory
1271246050,2025-10-29,154,OK_ORIGINAL,MATCH,HIGH,"Taiwan reports increase in Chinese military activity, with five PLAN vessels, 25 PLA aircraft sorties near its territory","기사는 중국 인민해방군(PLA) 항공기 및 해군(PLAN) 함정의 활동 증가를 보고하며, 이는 군사 동원 또는 증강의 맥락으로 해석될 수 있습니다.",http://www.bignewsnetwork.com/news/278662092/taiwan-reports-increase-in-chinese-military-activity-with-five-plan-vessels-25-pla-aircraft-sorties-near-its-territory,http://www.bignewsnetwork.com/news/278662092/taiwan-reports-increase-in-chinese-military-activity-with-five-plan-vessels-25-pla-aircraft-sorties-near-its-territory
1156933701,2024-02-10,190,OK_ORIGINAL,MISMATCH,LOW,How Taiwan’s elections challenge the power of China’s Communist Party,"기사는 대만의 선거가 중국 공산당의 권위에 도전하는 방식에 대한 정치적 분석을 다루고 있으며, 재래식 무력 사용과 같은 군사 사건을 묘사하지 않습니다.",https://www.aljazeera.com/news/2024/2/10/how-taiwans-elections-challenge-the-power-of-chinas-communist-party,https://www.aljazeera.com/news/2024/2/10/how-taiwans-elections-challenge-the-power-of-chinas-communist-party
1156933272,2024-02-10,190,OK_ORIGINAL,MISMATCH,LOW,How Taiwan’s elections challenge the power of China’s Communist Party,"이 기사는 대만 선거와 중국 공산당의 권력에 대해 다루고 있으며, 재래식 무력 사용과 같은 군사 사건에 관한 내용은 포함하고 있지 않습니다.",https://www.aljazeera.com/news/2024/2/10/how-taiwans-elections-challenge-the-power-of-chinas-communist-party,https://www.aljazeera.com/news/2024/2/10/how-taiwans-elections-challenge-the-power-of-chinas-communist-party
1165131797,2024-03-21,154,NOTFOUND,-,UNVERIFIED,,본문 확보 실패,,https://www.swoknews.com/ap/international/china-on-track-to-be-ready-to-invade-taiwan-by-2027-us-says/article_8e834aa0-0f5f-5746-91b1-45a6d0e3ad0b.html
1165191214,2024-03-14,194,NOTFOUND,-,UNVERIFIED,,본문 확보 실패,,https://www.heraldscotland.com/news/12117114.clinton-acts-in-face-of-chinese-bullying-and-turns-a-tense-situation-into-a-volatile-one-us-warships-head-for-taiwan/
1165191585,2024-03-21,150,NOTFOUND,-,UNVERIFIED,,본문 확보 실패,,https://www.heraldscotland.com/news/12117114.clinton-acts-in-face-of-chinese-bullying-and-turns-a-tense-situation-into-a-volatile-one-us-warships-head-for-taiwan/
1226887797,2025-02-16,150,NOTFOUND,-,UNVERIFIED,,본문 확보 실패,,https://www.classy100.com/news/chinas-ramped-up-exercises-may-be-fig-leaf-for-invasion/
1048749651,2022-06-10,190,EMPTY,-,UNVERIFIED,,본문 확보 실패,,https://www.msn.com/en-ca/news/world/us-chinese-defense-ministers-meet-hoping-to-avoid-misunderstandings/ar-AAYiBpt
1048747426,2022-06-10,190,EMPTY,-,UNVERIFIED,,본문 확보 실패,,https://www.msn.com/en-us/news/world/u-s-chinese-defence-ministers-meet-face-to-face-seeking-to-avoid-misunderstandings/ar-AAYiBcS
1048746906,2022-06-10,190,EMPTY,-,UNVERIFIED,,본문 확보 실패,,https://www.msn.com/en-us/news/world/u-s-chinese-defence-ministers-meet-face-to-face-seeking-to-avoid-misunderstandings/ar-AAYiBcS
1048746907,2022-06-10,190,EMPTY,-,UNVERIFIED,,본문 확보 실패,,https://www.msn.com/en-us/news/world/u-s-chinese-defence-ministers-meet-face-to-face-seeking-to-avoid-misunderstandings/ar-AAYiBcS
1106515046,2023-06-03,190,OK_ORIGINAL,MISMATCH,LOW,Theatre In Democratic Taiwan Stages Hong Kong Play About Tiananmen Square,"이 기사는 대만에서 열리는 홍콩 연극에 관한 내용으로, 양안 간의 군사적 충돌이나 재래식 무력 사용과는 관련이 없습니다.",https://www.ibtimes.com/theatre-democratic-taiwan-stages-hong-kong-play-about-tiananmen-square-3697448,https://www.ibtimes.com/theatre-democratic-taiwan-stages-hong-kong-play-about-tiananmen-square-3697448
1106513950,2023-06-03,190,OK_ORIGINAL,MISMATCH,LOW,Theatre in democratic Taiwan stages Hong Kong play about Tiananmen square,"기사는 대만에서 홍콩의 민주화 시위를 다룬 연극에 대한 내용으로, 재래식 무력 사용과 관련된 군사 사건과는 전혀 관련이 없습니다.",https://news.yahoo.com/theatre-democratic-taiwan-stages-hong-035440965.html,https://news.yahoo.com/theatre-democratic-taiwan-stages-hong-035440965.html
1241429520,2025-05-02,190,OK_ORIGINAL,MISMATCH,LOW,Taiwan to mark World War 2 end in history narrative battle with China,"기사는 2차 세계대전 종전 기념 행사에 대한 내용이며, 중국과 대만 간의 직접적인 재래식 무력 사용이나 군사적 충돌에 대한 내용은 포함하고 있지 않습니다.",https://www.asiaone.com/asia/taiwan-mark-world-war-2-end-history-narrative-battle-china,https://www.asiaone.com/asia/taiwan-mark-world-war-2-end-history-narrative-battle-china
1241428760,2025-05-02,190,OK_ORIGINAL,MISMATCH,LOW,Taiwan to mark World War 2 end in history narrative battle with China,"이 기사는 제2차 세계 대전 종전을 기념하는 대만의 역사적 해석에 관한 내용이며, 중국과 대만 간의 직접적인 재래식 무력 사용 사건을 다루고 있지 않습니다.",https://www.asiaone.com/asia/taiwan-mark-world-war-2-end-history-narrative-battle-china,https://www.asiaone.com/asia/taiwan-mark-world-war-2-end-history-narrative-battle-china
1021932818,2022-01-05,190,OK_ORIGINAL,AMBIGUOUS,MEDIUM,Taiwan fighter jets act out war scenario,"기사는 대만 전투기 조종사들의 '전시 시나리오' 훈련을 묘사하고 있지만, 실제 재래식 무력이 사용된 사건이 아닌 훈련으로, CAMEO 코드 190(재래식 무력 사용)과 직접적으로 일치한다고 보기에는 애매합니다.",https://www.rt.com/news/545222-taiwan-fighter-jets-war-scenario-drills/,https://www.rt.com/news/545222-taiwan-fighter-jets-war-scenario-drills/
1021951531,2022-01-05,151,OK_ORIGINAL,MATCH,HIGH,2 Chinese warplanes enter Taiwan's air defence zone,"기사는 중국 전투기의 대만 방공식별구역 진입을 보도하고 있으며, 이는 경계 수준 강화와 관련된 양안 군사 사건으로 분류될 수 있습니다.",https://www.japanherald.com/news/272108644/2-chinese-warplanes-enter-taiwan-air-defence-zone,https://www.japanherald.com/news/272108644/2-chinese-warplanes-enter-taiwan-air-defence-zone
1021951532,2022-01-05,151,OK_ORIGINAL,MATCH,HIGH,2 Chinese warplanes enter Taiwan's air defence zone,"기사는 중국 군용기의 대만 방공식별구역 진입을 보고하며, 이는 경계 수준 강화로 이어질 수 있는 군사적 긴장을 나타내므로 CAMEO 코드 151과 일치합니다.",https://www.japanherald.com/news/272108644/2-chinese-warplanes-enter-taiwan-air-defence-zone,https://www.japanherald.com/news/272108644/2-chinese-warplanes-enter-taiwan-air-defence-zone
1021866967,2022-01-05,151,OK_ORIGINAL,MATCH,HIGH,7 Chinese warplanes enter Taiwan's air defence zone,"기사는 중국 군용기가 대만 방공식별구역에 진입한 사건을 보도하고 있으며, 이는 경계 수준 강화로 이어질 수 있는 군사적 긴장을 나타내므로 CAMEO 코드 151에 해당합니다.",https://news.webindia123.com/news/Articles/World/20220105/3886477.html,https://news.webindia123.com/news/Articles/World/20220105/3886477.html
1021866968,2022-01-05,151,NOTFOUND,-,UNVERIFIED,,본문 확보 실패,,https://www.business-standard.com/article/international/7-military-aircrafts-of-chinese-pla-enter-taiwan-s-air-defence-zone-122010500179_1.html
1063173343,2022-09-15,194,OK_ORIGINAL,MISMATCH,LOW,Senate Committee Advances Taiwan Policy Act with Bipartisan Support,"기사는 중화기를 사용한 군사적 충돌을 다루는 것이 아니라, 대만 정책 법안의 의회 통과에 관한 것으로 군사 사건과는 거리가 멉니다.",https://www.theepochtimes.com/senate-committee-passes-taiwan-policy-act-with-strong-bipartisan-support_4732747.html,https://www.theepochtimes.com/senate-committee-passes-taiwan-policy-act-with-strong-bipartisan-support_4732747.html
1285747029,2026-01-25,190,OK_ORIGINAL,MISMATCH,LOW,Crowds flock to Tokyo zoo to see pandas before they leave for China,"이 기사는 도쿄 동물원의 판다 반환에 관한 것으로, GDELT의 '재래식 무력 사용' 분류와는 전혀 관련이 없습니다.",https://www.yahoo.com/news/articles/crowds-flock-tokyo-zoo-see-072747585.html,https://www.yahoo.com/news/articles/crowds-flock-tokyo-zoo-see-072747585.html
1043346699,2022-05-09,150,NOTFOUND,-,UNVERIFIED,,본문 확보 실패,,https://www.uniindia.com/story/China-concludes-military-exercises-near-Taiwan
1043379594,2022-05-09,150,EMPTY,-,UNVERIFIED,,본문 확보 실패,,https://www.msn.com/en-gb/news/world/china-carries-out-fresh-round-of-military-exercises-near-taiwan/ar-AAX47Er
1124978842,2023-08-06,190,NOTFOUND,-,UNVERIFIED,,본문 확보 실패,,https://journalnow.com/news/nation-world/taiwan-government-races-to-counter-china-but-many-residents-not-worried-about-war/article_8e2dd663-abdb-52a4-97f0-78862e5ac2ec.html
1124978832,2023-08-06,190,NOTFOUND,-,UNVERIFIED,,본문 확보 실패,,https://journalnow.com/news/nation-world/taiwan-government-races-to-counter-china-but-many-residents-not-worried-about-war/article_8e2dd663-abdb-52a4-97f0-78862e5ac2ec.html
1122941496,2023-08-25,150,OK_ORIGINAL,MATCH,HIGH,China warns the US to cease 'arming' Taiwan in latest threat,"기사는 미국이 대만에 무기를 판매하는 것에 대한 중국의 경고를 다루고 있으며, 이는 양안 군사 사건에 해당하고 군사 태세(military posturing)라는 분류 유형과 일치합니다.",https://www.skynews.com.au/world-news/china-vows-forceful-resolute-measures-if-united-states-does-not-stop-arming-taiwan-after-biden-administration-approves-500m-weapons-package/news-story/ba3a1b7e7ba9dd7cbaffb8aa8a53a3b5,https://www.skynews.com.au/world-news/china-vows-forceful-resolute-measures-if-united-states-does-not-stop-arming-taiwan-after-biden-administration-approves-500m-weapons-package/news-story/ba3a1b7e7ba9dd7cbaffb8aa8a53a3b5
1122922995,2023-08-25,150,OK_ORIGINAL,MISMATCH,LOW,Taiwan's vice president accuses China of attempting to influence upcoming elections,"기사는 중국의 선거 개입 의혹을 다루고 있으며, 이는 군사적 행위보다는 정치적, 경제적 영향력 행사 시도에 해당하여 GDELT의 '군사 태세' 분류와 직접적으로 일치하지 않습니다.",https://apnews.com/article/william-lai-taiwan-china-trade-elections-1ea93d53661929bac7f8ac9dbb1f1f6a,https://apnews.com/article/william-lai-taiwan-china-trade-elections-1ea93d53661929bac7f8ac9dbb1f1f6a
1060492190,2022-08-28,150,OK_ORIGINAL,MATCH,HIGH,"US warships carrying out Taiwan Strait passage, first since Pelosi visit | The Jerusalem Post","기사는 미 해군 함정이 대만 해협을 통과하는 사건을 다루고 있으며, 이는 중국과 대만 간의 긴장 상황 속에서 군사적 존재감을 과시하고 군사적 태세를 보여주는 행위이므로 GDELT의 '군사 태세(military posturing)' 분류와 일치합니다.",https://www.jpost.com/breaking-news/article-715734,https://www.jpost.com/breaking-news/article-715734
1060492188,2022-08-28,190,OK_ORIGINAL,MISMATCH,LOW,Taiwan opposition defends China outreach after controversial visit | The Jerusalem Post,"기사는 대만 야당의 중국과의 소통 노력과 관련된 정치적 논쟁을 다루고 있으며, 중국의 재래식 무력 사용이라는 GDELT 분류 사건 유형과는 직접적으로 일치하지 않습니다.",https://www.jpost.com/international/article-715741,https://www.jpost.com/international/article-715741
1060493604,2022-08-28,150,NOTFOUND,-,UNVERIFIED,,본문 확보 실패,,https://www.shorenewsnetwork.com/2022/08/28/u-s-warships-transit-taiwan/
1060487961,2022-08-28,151,OK_ORIGINAL,MATCH,HIGH,Two US Warships in Taiwan Strait as Washington Pushes Back on Beijing with Show of Force,"기사는 미 해군 함정의 대만 해협 통과를 보도하며, 이는 중국의 긴장 고조에 대한 미국의 무력 시위로 해석되어 경계 수준 강화와 일치합니다.",https://www.ibtimes.sg/two-us-warships-taiwan-strait-washington-pushes-back-beijing-show-force-66474,https://www.ibtimes.sg/two-us-warships-taiwan-strait-washington-pushes-back-beijing-show-force-66474
1060492001,2022-08-28,190,OK_ORIGINAL,AMBIGUOUS,MEDIUM,Taiwan opposition defends China outreach after controversial visit | The Jerusalem Post,"기사는 대만과 중국 간의 외교적 긴장과 이에 대한 대만 내 정치적 논쟁을 다루고 있으며, 직접적인 재래식 무력 사용 사건을 묘사하고 있지 않습니다.",https://www.jpost.com/international/article-715741,https://www.jpost.com/international/article-715741
1177688016,2024-05-24,150,OK_ORIGINAL,MATCH,HIGH,Taiwan calls China’s military exercises around island ‘irrational provocations’,"기사는 중국과 대만 간의 군사 훈련 및 이에 대한 대만의 대응을 다루고 있으며, 이는 '군사 태세'에 해당합니다.",https://www.stripes.com/theaters/asia_pacific/2024-05-24/china-military-exercises-taiwan-lai-ching-te-13958945.html,https://www.stripes.com/theaters/asia_pacific/2024-05-24/china-military-exercises-taiwan-lai-ching-te-13958945.html
1177733360,2024-05-24,150,OK_ORIGINAL,MATCH,HIGH,China's military intimidation only escalates cross-strait tensions: MAC,"기사는 중국의 대만 주변 군사 훈련에 대한 대만 측의 항의를 다루고 있으며, 이는 GDELT 분류 유형인 '군사 태세(military posturing)'와 일치합니다.",https://www.globalsecurity.org/wmd/library/news/taiwan/2024/taiwan-240523-cna03.htm,https://www.globalsecurity.org/wmd/library/news/taiwan/2024/taiwan-240523-cna03.htm
1177731830,2024-05-24,190,NOTFOUND,-,UNVERIFIED,,본문 확보 실패,,https://www.yahoo.com/news/taiwans-kinmen-island-lives-life-123352564.html
1177733361,2024-05-24,190,NOTFOUND,-,UNVERIFIED,,본문 확보 실패,,https://www.yahoo.com/news/taiwans-kinmen-island-lives-life-123352564.html
1177733362,2024-05-24,190,NOTFOUND,-,UNVERIFIED,,본문 확보 실패,,https://www.yahoo.com/news/taiwans-kinmen-island-lives-life-123352564.html
1177665624,2024-05-24,150,NOTFOUND,-,UNVERIFIED,,본문 확보 실패,,https://www.marketscreener.com/quote/index/MSCI-TAIWAN-STRD-107361484/news/Philippine-defence-chief-says-Taiwan-Strait-situation-an-internal-matter-46815662/
1177669801,2024-05-24,150,OK_ORIGINAL,MATCH,HIGH,Philippine Defense Chief Says Taiwan Strait Situation an 'Internal Matter',"기사는 중국의 대만 주변 군사 훈련과 관련된 내용이며, 이는 '군사 태세(military posturing)'로 분류된 CAMEO 코드 150에 부합합니다.",https://english.aawsat.com/world/5023887-philippine-defense-chief-says-taiwan-strait-situation-internal-matter,https://english.aawsat.com/world/5023887-philippine-defense-chief-says-taiwan-strait-situation-internal-matter
1177665623,2024-05-24,150,NOTFOUND,-,UNVERIFIED,,본문 확보 실패,,https://www.marketscreener.com/quote/index/MSCI-TAIWAN-STRD-107361484/news/Philippine-defence-chief-says-Taiwan-Strait-situation-an-internal-matter-46815662/
1177669800,2024-05-24,150,OK_ORIGINAL,MATCH,HIGH,Philippine Defense Chief Says Taiwan Strait Situation an 'Internal Matter',"기사는 중국의 대만 주변 군사 훈련을 언급하며, 이는 CAMEO 코드 150 '군사 태세'에 해당하는 양안 군사 사건을 다루고 있습니다.",https://english.aawsat.com/world/5023887-philippine-defense-chief-says-taiwan-strait-situation-internal-matter,https://english.aawsat.com/world/5023887-philippine-defense-chief-says-taiwan-strait-situation-internal-matter
1177652314,2024-05-24,150,OK_ORIGINAL,MATCH,HIGH,China conduct military drills around Taiwan to test test 'seize power' capabilities - Times of India,기사 제목이 중국의 대만 주변 군사 훈련을 언급하며 '세력 장악' 능력을 시험한다고 명시하여 GDELT의 '군사 태세' 분류와 일치합니다.,https://timesofindia.indiatimes.com/world/china/china-conduct-military-drills-around-taiwan-to-test-test-seize-power-capabilities/articleshow/110380702.cms,https://timesofindia.indiatimes.com/world/china/china-conduct-military-drills-around-taiwan-to-test-test-seize-power-capabilities/articleshow/110380702.cms
1177691853,2024-05-24,150,OK_ORIGINAL,MATCH,HIGH,China's war drills around Taiwan enter Day 2. Here's what it means for cross-strait relations,"기사는 중국의 대만 주변 군사 훈련에 대해 보도하고 있으며, 이는 GDELT의 '군사 태세' 분류와 일치합니다.",https://www.nbcchicago.com/news/business/money-report/chinas-war-drills-around-taiwan-enter-day-2-heres-what-it-means-for-cross-strait-relations/3445851/,https://www.nbcchicago.com/news/business/money-report/chinas-war-drills-around-taiwan-enter-day-2-heres-what-it-means-for-cross-strait-relations/3445851/
1177655789,2024-05-24,150,OK_ORIGINAL,MATCH,HIGH,China conducts second day of military exercises near Taiwan,"기사는 중국이 대만 주변에서 실시하는 군사 훈련을 설명하며, 이는 GDELT의 CAMEO 코드 150 '군사 태세' 분류에 직접적으로 부합합니다.",https://news.webindia123.com/news/Articles/World/20240524/4200079.html,https://news.webindia123.com/news/Articles/World/20240524/4200079.html
1177655791,2024-05-24,150,OK_ORIGINAL,MATCH,HIGH,China launches ‘punishment’ war games around Taiwan,"기사는 중국이 대만을 둘러싸고 군사 훈련을 실시했다는 내용으로, '군사 태세(military posturing)'라는 분류 유형과 일치합니다.",https://www.dawn.com/news/1835372/china-launches-punishment-war-games-around-taiwan,https://www.dawn.com/news/1835372/china-launches-punishment-war-games-around-taiwan
1177667480,2023-05-25,150,NOTFOUND,-,UNVERIFIED,,본문 확보 실패,,https://eng.mizzima.com/2024/05/23/10147
1177704764,2024-05-24,150,OK_ORIGINAL,MATCH,HIGH,Chinese aircraft detected 74.08 km from Taiwan: Defense ministry - Focus Taiwan,"기사는 중국 항공기가 대만 근처에 접근한 사건을 다루고 있으며, 이는 군사적 긴장 조성 및 위협을 나타내는 군사 태세(military posturing)로 분류될 수 있습니다.",https://focustaiwan.tw:443/cross-strait/202405240012,https://focustaiwan.tw:443/cross-strait/202405240012
1177641221,2024-05-24,150,NOTFOUND,-,UNVERIFIED,,본문 확보 실패,,https://www.dailytelegraph.com.au/news/world/china-holds-lareg-scale-war-games-encircling-democratic-taiwan/news-story/258e6aa41afb898a5a2763a1dedb2bc9?nk=907a37d4a33e89ba0fe22db88a430f90-1716519728
1177797441,2024-05-24,150,OK_ORIGINAL,MATCH,HIGH,Taiwan protesters meet China’s intimidation with defiance,"기사는 중국의 대규모 군사 훈련과 대만의 이에 대한 저항을 다루고 있으며, 이는 GDELT의 '군사 태세' 분류와 일치합니다.",https://www.csmonitor.com/World/Asia-Pacific/2024/0524/Taiwan-election-China-military-exercises,https://www.csmonitor.com/World/Asia-Pacific/2024/0524/Taiwan-election-China-military-exercises
1177681357,2024-05-24,202,OK_ORIGINAL,MISMATCH,LOW,Art exhibition to remember Tiananmen Square massacre held in Taipei - Focus Taiwan,"이 기사는 35년 전 천안문 광장 사건을 기념하는 예술 전시회에 관한 내용으로, 현재 진행 중인 양안 군사 사건이나 대량 살상 사건으로 분류하기에는 부적절합니다.",https://focustaiwan.tw:443/cross-strait/202405240008,https://focustaiwan.tw:443/cross-strait/202405240008
1177643035,2024-05-24,150,OK_ORIGINAL,MATCH,HIGH,China conducts second day of military exercises near Taiwan,"기사는 중국이 대만 인근에서 군사 훈련을 실시하는 내용을 다루고 있으며, 이는 CAMEO 코드 150 (군사 태세)의 정의와 일치합니다.",https://www.bignewsnetwork.com/news/274383371/china-conducts-second-day-of-military-exercises-near-taiwan,https://www.bignewsnetwork.com/news/274383371/china-conducts-second-day-of-military-exercises-near-taiwan
1177704763,2024-05-24,150,OK_ORIGINAL,MATCH,HIGH,Chinese aircraft detected 74.08 km from Taiwan: Defense ministry - Focus Taiwan,"기사는 중국 군용기의 대만 인근 비행 사실을 보도하고 있으며, 이는 '군사 태세(military posturing)'라는 GDELT 분류와 일치합니다.",https://focustaiwan.tw/cross-strait/202405240012,https://focustaiwan.tw/cross-strait/202405240012
1177731831,2024-05-24,190,NOTFOUND,-,UNVERIFIED,,본문 확보 실패,,https://www.yahoo.com/news/taiwans-kinmen-island-lives-life-123352564.html
1213701007,2024-12-04,190,OK_ORIGINAL,MISMATCH,LOW,China's new drone draws debate over its potential uses,"기사는 중국의 신형 드론 개발에 대한 논의를 다루고 있으며, 재래식 무력의 실제 사용에 대한 내용은 포함하고 있지 않아 GDELT 분류 유형과 일치하지 않습니다.",https://www.voanews.com/a/china-new-drone-draws-debate-over-its-potential-uses/7887404.html,https://www.voanews.com/a/china-new-drone-draws-debate-over-its-potential-uses/7887404.html
1213558875,2024-12-04,192,OK_ORIGINAL,AMBIGUOUS,MEDIUM,"Taiwan detects 15 Chinese aircraft, 7 naval vessels and 1 official ship around its ADIZ","기사는 중국의 군용기 및 군함의 대만 주변 활동을 다루고 있으나, '영토 점령'이라는 분류 유형과는 직접적으로 일치하지 않고 긴장 고조를 나타내고 있습니다.",https://www.bignewsnetwork.com/news/274815275/taiwan-detects-15-chinese-aircraft-7-naval-vessels-and-1-official-ship-around-its-adiz,https://www.bignewsnetwork.com/news/274815275/taiwan-detects-15-chinese-aircraft-7-naval-vessels-and-1-official-ship-around-its-adiz
1213558090,2024-12-04,192,OK_ORIGINAL,AMBIGUOUS,MEDIUM,"Taiwan detects 15 Chinese aircraft, 7 naval vessels and 1 official ship around its ADIZ","기사는 중국의 대만 주변 군사 활동을 보고하지만, 이는 영토 점령(occupy territory)이 아닌 ADIZ 침입 및 해상 활동에 해당하므로 GDELT 분류와 정확히 일치하지 않습니다.",https://www.bignewsnetwork.com/news/274815275/taiwan-detects-15-chinese-aircraft-7-naval-vessels-and-1-official-ship-around-its-adiz,https://www.bignewsnetwork.com/news/274815275/taiwan-detects-15-chinese-aircraft-7-naval-vessels-and-1-official-ship-around-its-adiz
1258682044,2025-08-20,154,OK_ORIGINAL,MATCH,HIGH,The Chinese multiple rocket launcher poised to match the US’ Himars system,"기사는 중국의 다연장 로켓 시스템 개발 및 배치에 대해 설명하고 있으며, 이는 대만 해협의 긴장 고조 속에서 군사적 준비 태세를 강화하는 '군사 동원·증강' 유형과 일치합니다.",https://www.scmp.com/news/china/military/article/3322516/phl16-multiple-rocket-launcher-chinas-answer-us-himars-system,https://www.scmp.com/news/china/military/article/3322516/phl16-multiple-rocket-launcher-chinas-answer-us-himars-system
1258521065,2025-08-20,150,OK_ORIGINAL,MISMATCH,LOW,No change in India’s position on Taiwan: Government sources,"이 기사는 인도의 대만 관련 입장 변화가 없음을 보도하는 것이지, 양안 간의 군사적 충돌이나 직접적인 군사 태세를 묘사하는 내용이 아닙니다.",https://www.sentinelassam.com/topheadlines/no-change-in-indias-position-on-taiwan-government-sources,https://www.sentinelassam.com/topheadlines/no-change-in-indias-position-on-taiwan-government-sources
1207221332,2024-10-23,150,OK_ORIGINAL,MATCH,HIGH,"In $2 billion arms sales to Taiwan, US approves missile defense system","기사는 미국이 대만에 미사일 방어 시스템을 판매하는 내용을 다루고 있으며, 이는 양안 간의 군사적 긴장 상황에서 군사적 태세를 강화하는 행위로 분류될 수 있습니다.",https://www.northkoreatimes.com/news/274739328/in-2-billion-arms-sales-to-taiwan-us-approves-missile-defense-system,https://www.northkoreatimes.com/news/274739328/in-2-billion-arms-sales-to-taiwan-us-approves-missile-defense-system
1207217862,2024-10-23,150,OK_ORIGINAL,MATCH,HIGH,US approves $2 billion in arms sales to Taiwan,"기사는 미국이 대만에 무기를 판매하는 내용을 다루고 있으며, 이는 중국의 군사적 압박에 대한 대만의 방어 강화 노력의 일환으로, CAMEO 코드 150 (군사 태세) 분류와 일치합니다.",https://www.bignewsnetwork.com/news/274739328/us-approves-2-billion-in-arms-sales-to-taiwan,https://www.bignewsnetwork.com/news/274739328/us-approves-2-billion-in-arms-sales-to-taiwan
1277763431,2025-12-05,151,OK_ORIGINAL,MATCH,HIGH,"Taiwan, Japan voice concern over Chinese military movements","기사는 중국의 대규모 해상 군사 활동에 대한 대만과 일본의 우려를 다루고 있으며, 이는 경계 수준 강화와 직접적으로 관련이 있습니다.",https://www.asiaone.com:443/asia/taiwan-japan-voice-concern-over-chinese-military-movements,https://www.asiaone.com:443/asia/taiwan-japan-voice-concern-over-chinese-military-movements
1277763433,2025-12-05,154,OK_ORIGINAL,MATCH,HIGH,"Taiwan, Japan voice concern over Chinese military movements","기사는 중국의 대규모 해상 군사 활동에 대한 대만과 일본의 우려를 다루고 있으며, 이는 군사 동원 및 증강(mobilization/buildup) 유형과 일치합니다.",https://www.asiaone.com:443/asia/taiwan-japan-voice-concern-over-chinese-military-movements,https://www.asiaone.com:443/asia/taiwan-japan-voice-concern-over-chinese-military-movements
1277758113,2025-12-05,190,OK_ORIGINAL,MISMATCH,LOW,Taiwan bans popular Chinese social media app amid growing number of fraud cases | CNN Business,"이 기사는 대만 정부가 중국 소셜 미디어 앱에 대해 사기 관련 우려로 인해 차단 조치를 내린 내용을 다루고 있으며, 이는 재래식 무력 사용과는 관련이 없습니다.",https://www.cnn.com/2025/12/05/tech/taiwan-ban-china-xiaohongshu-intl-hnk,https://www.cnn.com/2025/12/05/tech/taiwan-ban-china-xiaohongshu-intl-hnk
1277766551,2025-11-05,190,OK_ORIGINAL,AMBIGUOUS,MEDIUM,"Taiwan, Japan voice concern over Chinese military movements - Taipei Times","기사는 중국의 군사 활동에 대한 대만과 일본의 우려를 다루고 있지만, 직접적인 재래식 무력 사용이 발생했음을 명확히 보여주지는 않아 CAMEO 코드 190과 일치하는지 여부가 애매합니다.",https://www.taipeitimes.com/News/taiwan/archives/2025/12/05/2003848384,https://www.taipeitimes.com/News/taiwan/archives/2025/12/05/2003848384
1189883902,2024-07-30,150,OK_ORIGINAL,MATCH,HIGH,Taiwan's President Lai Calls For Unity In Face Of China 'Threat',"기사는 대만 총통이 중국의 위협에 맞서 민주주의 국가들의 단결을 촉구하는 내용을 담고 있으며, 이는 CAMEO 코드 150 '군사 태세'에 부합합니다.",https://www.ibtimes.com/taiwans-president-lai-calls-unity-face-china-threat-3738434,https://www.ibtimes.com/taiwans-president-lai-calls-unity-face-china-threat-3738434
1189878851,2024-07-30,150,NOTFOUND,-,UNVERIFIED,,본문 확보 실패,,https://gazette.com/news/us-world/taiwan-president-lai-says-chinas-threat-to-any-individual-country-is-threat-to-the-world/article_60b6e259-e459-5371-ac82-ab14234f600b.html
1189875558,2024-07-30,150,OK_ORIGINAL,MATCH,HIGH,"Taiwan president warns on China, highlights defence self-reliance","대만 총통이 중국의 위협을 강조하며 자체 방어 능력 강화와 무기 구매를 언급하고, 중국의 군사적 압박에 대한 대만의 대응을 다루고 있어 GDELT의 CAMEO 코드 150(군사 태세) 분류와 부합합니다.",https://www.yahoo.com/news/taiwan-president-lai-says-chinas-055307056.html,https://www.yahoo.com/news/taiwan-president-lai-says-chinas-055307056.html
1189914487,2024-07-30,190,OK_ORIGINAL,MISMATCH,LOW,Bodies of fishermen from February boat incident return to mainland,"기사는 양안 간의 군사적 충돌이 아닌, 대만 순찰선에 의해 추격당하고 충돌한 중국 어선의 사건에 대한 것으로, 재래식 무력 사용(CAMEO 코드 190)과는 직접적인 관련이 없습니다.",https://www.bignewsnetwork.com/news/274475230/bodies-of-fishermen-from-february-boat-incident-return-to-mainland,https://www.bignewsnetwork.com/news/274475230/bodies-of-fishermen-from-february-boat-incident-return-to-mainland
1060164167,2022-08-25,150,OK_ORIGINAL,MATCH,HIGH,China's Defense Ministry blames US for current crisis around Taiwan,"기사는 중국 국방부 대변인의 발언을 인용하며 대만 해협에서의 현재 위기 상황과 중국의 군사 훈련을 언급하고 있어 양안 군사 사건과 관련이 있으며, 이는 군사적 태세와 긴장 고조를 포함하는 '군사 태세(military posturing)' 유형에 부합합니다.",https://news.am/eng/news/717292.html,https://news.am/eng/news/717292.html
1060094430,2022-08-25,150,NOTFOUND,-,UNVERIFIED,,본문 확보 실패,,https://www.entornointeligente.com/taiwan-unveils-record-high-defence-budget-amid-tensions-with-china/
1060094431,2022-08-25,150,NOTFOUND,-,UNVERIFIED,,본문 확보 실패,,https://www.entornointeligente.com/taiwan-unveils-record-high-defence-budget-amid-tensions-with-china/
1060108482,2021-08-25,150,NOTFOUND,-,UNVERIFIED,,본문 확보 실패,,https://www.washingtonpost.com/world/2022/08/25/taiwan-defense-budget-china-military-invasion/
1060119081,2022-08-25,150,OK_ORIGINAL,MISMATCH,LOW,Taiwan plans 14% boost in defence spending to counter China - Times of India,"기사의 제목은 대만의 국방 예산 증액 계획을 언급하지만, 본문 내용은 요리법 및 식물 재배, 사람과의 소통, 동물, 건강한 아침 식사 등 군사 사건과 전혀 관련 없는 주제를 다루고 있습니다.",https://timesofindia.indiatimes.com/world/rest-of-world/taiwan-plans-14-boost-in-defence-spending-to-counter-china/articleshow/93769848.cms,https://timesofindia.indiatimes.com/world/rest-of-world/taiwan-plans-14-boost-in-defence-spending-to-counter-china/articleshow/93769848.cms
1056718421,2022-08-02,194,OK_ORIGINAL,MISMATCH,LOW,"China could take 'military provocations' tied to a Pelosi visit to Taiwan, White House says","기사는 잠재적인 군사적 도발 가능성을 언급하지만, 실제 중화기 사용을 포함한 무력 충돌이 발생했음을 나타내지는 않아 CAMEO 코드 194와 일치하지 않습니다.",https://abcnews.go.com/Politics/china-military-provocations-tied-pelosi-visit-taiwan-white/story?id=87761483,https://abcnews.go.com/Politics/china-military-provocations-tied-pelosi-visit-taiwan-white/story?id=87761483
1056802698,2022-08-02,151,OK_ORIGINAL,AMBIGUOUS,MEDIUM,5 Things to Know Before the Stock Market Opens Tuesday,"기사는 대만 해협에서 중국 군용기가 활동했다는 내용을 포함하여 양안 긴장을 언급하지만, 주된 초점은 이러한 긴장이 주식 시장에 미치는 영향에 관한 것이므로 GDELT의 '경계 수준 강화'라는 군사 사건 분류와 직접적으로 일치한다고 보기 어렵습니다.",https://www.nbcdfw.com/news/business/money-report/5-things-to-know-before-the-stock-market-opens-tuesday-87/3037544/,https://www.nbcdfw.com/news/business/money-report/5-things-to-know-before-the-stock-market-opens-tuesday-87/3037544/
1056807611,2022-08-02,151,EMPTY,-,UNVERIFIED,,본문 확보 실패,,https://www.msn.com/en-us/news/politics/newt-gingrich-last-house-speaker-to-visit-taiwan-downplays-china-threats/ar-AA10dUkx
1056819026,2022-08-02,151,OK_ORIGINAL,MATCH,HIGH,Imminent force from China over Pelosi visit to Taiwan | NewsGhana,"기사는 펠로시 미국 하원의장의 대만 방문을 계기로 중국의 군사적 대응 가능성을 보도하며, 중국이 대만해협 중간선에 군용기를 보내고 실탄 훈련을 실시하는 등 군사적 긴장이 고조되고 있음을 시사하므로 경계 수준 강화와 일치합니다.",https://newsghana.com.gh/imminent-force-from-china-over-pelosi-visit-to-taiwan/,https://newsghana.com.gh/imminent-force-from-china-over-pelosi-visit-to-taiwan/
1056833659,2022-08-02,194,OK_ORIGINAL,AMBIGUOUS,MEDIUM,"Pelosi lands in Taiwan, Chinese warplanes in the air","기사는 펠로시 미 하원의장의 대만 방문과 이에 대한 중국의 경고를 다루고 있으나, GDELT 분류 유형인 '중화기 무력충돌'이 발생했다는 직접적인 내용은 포함하고 있지 않습니다.",https://www.afr.com/world/asia/pelosi-lands-in-taiwan-chinese-warplanes-in-the-air-20220802-p5b6qi,https://www.afr.com/world/asia/pelosi-lands-in-taiwan-chinese-warplanes-in-the-air-20220802-p5b6qi
1056760593,2022-08-02,154,EMPTY,-,UNVERIFIED,,본문 확보 실패,,https://www.msn.com/en-in/news/world/chinese-warplanes-fly-above-line-dividing-taiwan-strait-ahead-of-us-officials-visit/ar-AA10dnnR
1056712009,2022-08-02,150,NOTFOUND,-,UNVERIFIED,,본문 확보 실패,,https://www.dailytelegraph.com.au/news/world/nancy-pelosi-expected-to-visit-taiwan-despite-dire-warnings-from-china-about-peace-and-stability/news-story/67db21d97a63f220df3090e526bd0ab1?nk=f99cc8346d2940097f1fd4c0b56ce3aa-1659397651
1056803365,2022-08-02,195,OK_ORIGINAL,AMBIGUOUS,MEDIUM,"US Speaker Pelosi arrives in Taiwan to welcoming crowds, China military drills","기사는 낸시 펠로시 미국 하원의장의 대만 방문과 이에 대한 중국의 군사 훈련 계획을 다루고 있으나, '공중무기 사용'이라는 GDELT 분류 유형과 직접적으로 일치하는 공중무기 사용 사건에 대한 내용은 본문에 명시되어 있지 않습니다.",https://www.benarnews.org/english/news/malaysian/military-alert-08022022083612.html,https://www.benarnews.org/english/news/malaysian/military-alert-08022022083612.html
1056756982,2022-08-02,150,EMPTY,-,UNVERIFIED,,본문 확보 실패,,https://www.msn.com/en-us/news/world/this-is-how-china-could-hit-back-over-pelosis-taiwan-visit/ar-AA10dbZs
1056711097,2022-08-02,151,OK_ORIGINAL,MATCH,HIGH,China-Taiwan: Tensions spike ahead of Pelosi's expected visit,"기사는 펠로시 미 하원의장의 대만 방문 예정에 따라 중국의 군사적 긴장 고조, 전쟁 훈련, 중공군 전투기 중선 비행 등 군사적 사건을 다루고 있으며, 이는 GDELT 분류 유형인 '경계 수준 강화'와 일치합니다.",https://www.bbc.com/news/world-us-canada-62386487,https://www.bbc.com/news/world-us-canada-62386487
1056755076,2022-08-02,151,EMPTY,-,UNVERIFIED,,본문 확보 실패,,https://www.msn.com/en-us/news/world/taiwan-braces-for-chinese-show-of-force-with-pelosi-set-to-visit/ar-AA10cJe3
1056830992,2022-08-02,154,OK_ORIGINAL,MATCH,HIGH,China vows to ‘fight to death’ & masses tanks on beaches for Taiwan strike,기사는 중국이 대만을 침공할 수 있다는 군사적 위협과 함께 탱크를 해변에 배치하고 군함을 동원했다는 내용을 담고 있어 CAMEO 코드 154(군사 동원·증강)와 일치합니다.,https://www.the-sun.com/news/5910625/china-fight-to-death-taiwan-tanks/,https://www.the-sun.com/news/5910625/china-fight-to-death-taiwan-tanks/
1056823460,2022-08-02,151,OK_ORIGINAL,MATCH,HIGH,Taiwan makes defense pledge Reuters,"기사는 대만 국방부의 '적 위협' 억제를 위한 병력 파견 및 비상 계획 수립 언급을 통해 경계 수준이 강화되었음을 명확히 보여주며, 이는 CAMEO 코드 151(경계 수준 강화)과 일치합니다.",https://www.chinanationalnews.com/news/272640705/taiwan-makes-defense-pledge-reuters,https://www.chinanationalnews.com/news/272640705/taiwan-makes-defense-pledge-reuters
1159105606,2024-02-21,192,NOTFOUND,-,UNVERIFIED,,본문 확보 실패,,https://www.marketscreener.com/news/latest/On-frontline-Taiwan-islands-fishermen-wary-of-China-tensions-45995174/
1120486470,2023-08-12,150,NOTFOUND,-,UNVERIFIED,,본문 확보 실패,,https://www.nytimes.com/2023/08/12/world/asia/taiwan-us-china-lai-ching-te.html
1120486471,2023-08-12,150,NOTFOUND,-,UNVERIFIED,,본문 확보 실패,,https://www.nytimes.com/2023/08/12/world/asia/taiwan-us-china-lai-ching-te.html
1091614524,2023-03-28,190,NOTFOUND,-,UNVERIFIED,,본문 확보 실패,,https://news.yahoo.com/china-taiwan-battle-lines-run-014450552.html
1091615569,2023-03-28,190,NOTFOUND,-,UNVERIFIED,,본문 확보 실패,,https://news.yahoo.com/china-taiwan-battle-lines-run-014450552.html
1091615570,2023-03-28,190,NOTFOUND,-,UNVERIFIED,,본문 확보 실패,,https://news.yahoo.com/china-taiwan-battle-lines-run-014450552.html
1091614525,2023-03-28,190,NOTFOUND,-,UNVERIFIED,,본문 확보 실패,,https://news.yahoo.com/china-taiwan-battle-lines-run-014450552.html
1091614526,2023-03-28,190,NOTFOUND,-,UNVERIFIED,,본문 확보 실패,,https://news.yahoo.com/china-taiwan-battle-lines-run-014450552.html
1091614528,2023-03-28,190,OK_ORIGINAL,MISMATCH,LOW,China-Taiwan Battle Lines Run Through Latin America,"이 기사는 중국과 대만 간의 외교적 갈등을 다루고 있으며, 재래식 무력 사용과 관련된 군사 사건이 아닙니다.",https://www.ibtimes.com/china-taiwan-battle-lines-run-through-latin-america-3680848,https://www.ibtimes.com/china-taiwan-battle-lines-run-through-latin-america-3680848
1021738468,2022-01-04,154,EMPTY,-,UNVERIFIED,,본문 확보 실패,,https://www.msn.com/en-us/news/world/china-us-uk-france-and-russia-pledge-to-avoid-nuclear-war/ar-AASpmnF
1021738467,2022-01-04,154,OK_ORIGINAL,MISMATCH,LOW,"China, US, UK, France and Russia pledge to avoid nuclear war | CNN","기사는 핵전쟁 방지 및 핵 군축에 대한 5대 핵 강국의 공동 성명에 관한 것으로, 양안 군사 사건이나 군사 동원·증강과 직접적인 관련이 없습니다.",https://www.cnn.com/2022/01/04/world/p5-nations-nuclear-pledge-intl-hnk/,https://www.cnn.com/2022/01/04/world/p5-nations-nuclear-pledge-intl-hnk/
1251498460,2025-07-11,192,OK_ORIGINAL,MISMATCH,LOW,Army drill simulates Chinese airborne assault on Taoyuan Airport,"기사는 중국의 대만 공항 점령을 시뮬레이션하는 대만의 군사 훈련에 관한 것으로, 실제 영토 점령 사건과는 다릅니다.",https://www.globalsecurity.org/wmd/library/news/taiwan/2025/taiwan-250710-cna02.htm,https://www.globalsecurity.org/wmd/library/news/taiwan/2025/taiwan-250710-cna02.htm
1024666573,2022-01-24,151,EMPTY,-,UNVERIFIED,,본문 확보 실패,,http://www.msn.com/en-us/news/world/chinese-warplanes-fly-near-taiwan-after-us-japan-show-of-naval-might/ar-AAT4eNo
1024672958,2022-01-24,190,EMPTY,-,UNVERIFIED,,본문 확보 실패,,https://www.msn.com/en-us/news/world/china-sends-largest-incursion-of-jets-into-taiwan-defence-zone-in-months/ar-AAT4j3r
1024792429,2022-01-24,154,OK_ORIGINAL,MATCH,HIGH,China Flies Dozens of Warplanes Toward Taiwan in Latest Incursions,"기사는 중국이 대만에 수십 대의 전쟁기를 보내는 것을 묘사하며, 이는 GDELT의 '군사 동원·증강' 분류와 일치합니다.",https://www.australiannews.net/news/272227195/china-flies-dozens-of-warplanes-toward-taiwan-in-latest-incursions,https://www.australiannews.net/news/272227195/china-flies-dozens-of-warplanes-toward-taiwan-in-latest-incursions
1024792430,2022-01-24,154,OK_ORIGINAL,MATCH,HIGH,China Flies Dozens of Warplanes Toward Taiwan in Latest Incursions,"기사는 중국의 대규모 군용기 편대 비행을 설명하며, 이는 CAMEO 코드 154 '군사 동원·증강'의 정의에 부합합니다.",https://www.australiannews.net/news/272227195/china-flies-dozens-of-warplanes-toward-taiwan-in-latest-incursions,https://www.australiannews.net/news/272227195/china-flies-dozens-of-warplanes-toward-taiwan-in-latest-incursions
1147887000,2023-12-21,190,OK_ORIGINAL,MISMATCH,LOW,Vice presidential candidates discuss policies and vision - Taipei Times,"이 기사는 대만 부통령 후보들의 정책 토론에 관한 것으로, 재래식 무력 사용과 같은 군사 사건과는 관련이 없습니다.",https://www.taipeitimes.com/News/front/archives/2023/12/23/2003811029,https://www.taipeitimes.com/News/front/archives/2023/12/23/2003811029
1147886990,2023-12-21,190,OK_ORIGINAL,MISMATCH,LOW,Vice presidential candidates discuss policies and vision - Taipei Times,"기사는 대만의 부통령 후보들의 정책 토론에 관한 것으로, 재래식 무력 사용과 관련된 군사 사건을 다루지 않습니다.",https://www.taipeitimes.com/News/front/archives/2023/12/23/2003811029,https://www.taipeitimes.com/News/front/archives/2023/12/23/2003811029
1158483607,2024-02-18,190,OK_ORIGINAL,MISMATCH,LOW,China to step up patrols near Taiwan after 2 killed in deadly boat incident,"기사는 대만 해안경비대 추격 중 발생한 중국 선박 전복 사고와 관련된 사건을 다루고 있으며, 이는 재래식 무력 사용(CAMEO 코드 190)으로 분류하기에는 직접적인 군사 충돌이 발생하지 않았습니다.",https://www.dawn.com/news/1815207/china-to-step-up-patrols-near-taiwan-after-2-killed-in-deadly-boat-incident,https://www.dawn.com/news/1815207/china-to-step-up-patrols-near-taiwan-after-2-killed-in-deadly-boat-incident
1046487613,2022-05-27,190,OK_ORIGINAL,MISMATCH,LOW,Taiwan raids Chinese firms in latest crackdown on chip engineer-poaching,"이 기사는 대만 당국이 중국 기업의 인재 불법 유출을 단속하는 사건을 다루고 있으며, 이는 재래식 무력 사용과는 거리가 먼 경제 및 기술 안보 관련 사안입니다.",https://www.asiaone.com/asia/taiwan-raids-chinese-firms-latest-crackdown-chip-engineer-poaching,https://www.asiaone.com/asia/taiwan-raids-chinese-firms-latest-crackdown-chip-engineer-poaching
1046496600,2022-05-27,190,OK_ORIGINAL,MISMATCH,LOW,Taiwan Raids Ten Chinese Semiconductor Firms as Three-Way Chip War Worsens,"해당 기사는 반도체 인력 유출을 둘러싼 경제적/기술적 분쟁을 다루고 있으며, GDELT가 분류한 재래식 무력 사용(use conventional force)과는 관련이 없습니다.",https://www.ibtimes.sg/taiwan-raids-eight-chinese-semiconductor-firms-three-way-chip-war-worsens-64837,https://www.ibtimes.sg/taiwan-raids-eight-chinese-semiconductor-firms-three-way-chip-war-worsens-64837
1280848627,2025-12-24,190,OK_ORIGINAL,AMBIGUOUS,MEDIUM,China building capability to seize Taiwan by 2027: US,"기사는 중국이 대만을 점령할 군사적 역량을 구축하고 있다는 미국 국방부 보고서를 다루지만, 현재까지 실제 재래식 무력 사용(use conventional force)이 발생했다는 구체적인 내용보다는 미래의 가능성과 군사적 압력에 대해 언급하고 있어 분류 유형과 명확히 일치한다고 보기 어렵습니다.",https://ianslive.in/china-building-capability-to-seize-taiwan-by-2027-us--20251224211504,https://ianslive.in/china-building-capability-to-seize-taiwan-by-2027-us--20251224211504
1182190914,2024-06-17,190,NOTFOUND,-,UNVERIFIED,,본문 확보 실패,,https://www.nytimes.com/2024/06/17/world/asia/taiwan-china-diplomacy.html
1228831244,2025-02-26,190,OK_ORIGINAL,MATCH,HIGH,"China Holds ‘Shooting’ Drills off Taiwan’s Coast, Vows ‘Reunification’ Push","기사는 중국이 대만 해안에서 '사격 훈련'을 실시했다고 보도하며, 이는 재래식 무력을 사용하는 군사적 행동으로 분류 유형과 일치합니다.",https://english.aawsat.com/world/5116260-china-holds-%E2%80%98shooting%E2%80%99-drills-taiwan%E2%80%99s-coast-vows-%E2%80%98reunification%E2%80%99-push%C2%A0,https://english.aawsat.com/world/5116260-china-holds-%E2%80%98shooting%E2%80%99-drills-taiwan%E2%80%99s-coast-vows-%E2%80%98reunification%E2%80%99-push%C2%A0
1228831246,2025-02-26,190,OK_ORIGINAL,MATCH,HIGH,"China Holds ‘Shooting’ Drills off Taiwan’s Coast, Vows ‘Reunification’ Push","기사는 중국군이 대만 해안 근처에서 '사격 훈련'을 실시했다고 보도하며, 이는 재래식 무력 사용을 포함하는 군사 사건으로 분류 유형과 일치합니다.",https://english.aawsat.com/world/5116260-china-holds-%E2%80%98shooting%E2%80%99-drills-taiwan%E2%80%99s-coast-vows-%E2%80%98reunification%E2%80%99-push%C2%A0,https://english.aawsat.com/world/5116260-china-holds-%E2%80%98shooting%E2%80%99-drills-taiwan%E2%80%99s-coast-vows-%E2%80%98reunification%E2%80%99-push%C2%A0
1228833554,2025-02-26,190,NOTFOUND,-,UNVERIFIED,,본문 확보 실패,,https://www.japantimes.co.jp/news/2025/02/26/asia-pacific/china-taiwan-live-fire-drills/
1228833556,2025-02-26,190,NOTFOUND,-,UNVERIFIED,,본문 확보 실패,,https://www.japantimes.co.jp/news/2025/02/26/asia-pacific/china-taiwan-live-fire-drills/
1228784436,2025-02-26,154,OK_ORIGINAL,MATCH,HIGH,Taiwan reports increase in Chinese military activity around region,"기사는 중국 군용기 및 선박의 활동 증가를 보고하며, 이는 CAMEO 코드 154 '군사 동원·증강'에 해당합니다.",https://news.webindia123.com/news/Articles/World/20250226/4291238.html,https://news.webindia123.com/news/Articles/World/20250226/4291238.html
1228784437,2025-02-26,154,OK_ORIGINAL,MATCH,HIGH,Taiwan reports increase in Chinese military activity around region,"기사는 중국군 항공기 및 선박의 대만 주변 활동 증가를 보고하며, 이는 군사 동원 및 증강으로 분류되는 CAMEO 코드 154와 일치합니다.",https://news.webindia123.com/news/Articles/World/20250226/4291238.html,https://news.webindia123.com/news/Articles/World/20250226/4291238.html
1136126254,2023-10-26,150,OK_ORIGINAL,MATCH,HIGH,China’s aircraft carrier group enters western Pacific — Taiwan,"기사는 중국 항공모함 전단이 타이완 해협을 통과하여 서태평양으로 진입하는 사건을 다루고 있으며, 이는 '군사 태세'로 분류될 수 있는 행동입니다.",https://newsinfo.inquirer.net/1851434/chinas-aircraft-carrier-group-enters-western-pacific-taiwan,https://newsinfo.inquirer.net/1851434/chinas-aircraft-carrier-group-enters-western-pacific-taiwan
1077782852,2022-12-27,190,EMPTY,-,UNVERIFIED,,본문 확보 실패,,http://www.msn.com/en-us/news/world/taiwan-extends-mandatory-military-service-to-one-year/ar-AA15HnTU
1077820511,2022-12-27,151,NOTFOUND,-,UNVERIFIED,,본문 확보 실패,,https://www.swoknews.com/ap/international/taiwan-extends-mandatory-military-service-amid-china-tension/article_e1f35347-dace-5b3a-9d69-ca07c1176689.html
1077820513,2022-12-27,192,NOTFOUND,-,UNVERIFIED,,본문 확보 실패,,https://www.swoknews.com/ap/international/taiwan-extends-mandatory-military-service-amid-china-tension/article_e1f35347-dace-5b3a-9d69-ca07c1176689.html
1077758581,2022-12-27,150,EMPTY,-,UNVERIFIED,,본문 확보 실패,,http://www.msn.com/en-us/news/world/us-blasts-china-s-military-drills-near-taiwan-as-provocative/ar-AA15H2OQ
1184084854,2024-06-27,152,OK_ORIGINAL,MATCH,HIGH,Taiwan monitors four China Coast Guard vessels in restricted waters off Kinmen Islands | International,"기사는 대만 해안경비대가 킨먼 섬 인근 제한 수역에 진입한 중국 해안경비대 선박을 감시한 사건을 다루고 있으며, 이는 GDELT의 '군사력 증강(military exercise/buildup)' 분류와 직접적으로 부합합니다.",https://www.devdiscourse.com/article/international/2996023-taiwan-monitors-four-china-coast-guard-vessels-in-restricted-waters-off-kinmen-islands,https://www.devdiscourse.com/article/international/2996023-taiwan-monitors-four-china-coast-guard-vessels-in-restricted-waters-off-kinmen-islands
1044622660,2022-05-16,190,OK_ORIGINAL,MISMATCH,LOW,"Labor, training shortfalls led to CTS errors: NCC - Taipei Times","기사는 대만 방송사의 뉴스 오류에 관한 내용으로, GDELT가 분류한 재래식 무력 사용이라는 양안 군사 사건과는 관련이 없습니다.",https://www.taipeitimes.com/News/taiwan/archives/2022/05/17/2003778331,https://www.taipeitimes.com/News/taiwan/archives/2022/05/17/2003778331
1166970615,2024-03-31,154,OK_ORIGINAL,MATCH,HIGH,"Taiwan tracks six Chinese naval ships, four military aircraft; deploys forces in response","기사는 중국의 해군 함정과 군용기가 대만 주변에서 활동한 것을 탐지하고, 이에 대응하여 대만이 군대를 배치했다는 내용을 담고 있어 CAMEO 코드 154: 군사 동원·증강(mobilization/buildup) 유형과 부합합니다.",https://theprint.in/world/taiwan-tracks-six-chinese-naval-ships-four-military-aircraft-deploys-forces-in-response/2021846/,https://theprint.in/world/taiwan-tracks-six-chinese-naval-ships-four-military-aircraft-deploys-forces-in-response/2021846/
1057419692,2022-08-06,150,NOTFOUND,-,UNVERIFIED,,본문 확보 실패,,http://www.bigcountry995.com/story/62ed6b91b9f5f6071bf8cccf/china-halts-climate-military-ties-over-pelosi-taiwan-visit
1057448507,2022-08-06,194,OK_ORIGINAL,AMBIGUOUS,MEDIUM,Taiwan says multiple Chinese aircraft and vessels spotted in possible simulated attack,"기사는 중국과 대만 간의 군사 훈련 및 경계 상황을 묘사하고 있지만, '중화기 무력충돌'이라는 분류 유형에 해당하는 직접적인 무력 충돌이나 중화기 사용에 대한 구체적인 내용은 언급되지 않았습니다.",https://www.9news.com.au/world/taiwan-says-multiple-chinese-aircraft-and-vessels-spotted-in-possible-simulated-attack/f2a0ce6b-9b62-4bd3-93d7-ffa3f2d172f9,https://www.9news.com.au/world/taiwan-says-multiple-chinese-aircraft-and-vessels-spotted-in-possible-simulated-attack/f2a0ce6b-9b62-4bd3-93d7-ffa3f2d172f9
1057465311,2022-08-06,150,OK_ORIGINAL,MATCH,HIGH,China’s military exercises near Taiwan continue as drones fly over Kinmen islands,"기사는 중국군이 대만 주변에서 실시하는 대규모 군사 훈련과 시뮬레이션 공격, 항공기 및 함정 운용, ADIZ 침범 등을 상세히 묘사하며, 이는 CAMEO 코드 150인 '군사 태세'에 정확히 부합합니다.",https://www.rfa.org/english/news/china/china-military-exercises-08062022051411.html,https://www.rfa.org/english/news/china/china-military-exercises-08062022051411.html
1057479311,2022-08-06,190,OK_ORIGINAL,MATCH,HIGH,China forces in attack simulation: Taiwan,"기사는 중국이 대만을 공격하는 시뮬레이션 훈련을 실시했다고 명시하고 있으며, 이는 CAMEO 코드 190 (재래식 무력 사용)에 해당합니다.",https://www.sheppnews.com.au/world/china-forces-in-attack-simulation-taiwan/,https://www.sheppnews.com.au/world/china-forces-in-attack-simulation-taiwan/
1057431685,2022-08-06,150,OK_ORIGINAL,MATCH,HIGH,China-Taiwan Conflict: Japan Scrambles Fighter Jets After Chinese Suicide Drones Approach Sakishima Islands,"기사는 중국 무인 드론이 일본 사키시마 섬 근처로 접근하자 일본 전투기가 출격한 사건을 다루고 있으며, 이는 GDELT의 '군사 태세' 분류와 부합합니다.",https://eurasiantimes.com/china-taiwan-conflict-japan-scrambles-fighter-jets/,https://eurasiantimes.com/china-taiwan-conflict-japan-scrambles-fighter-jets/
1057456386,2022-08-06,150,NOTFOUND,-,UNVERIFIED,,본문 확보 실패,,https://www.newsx.com/headlines/china-simulating-attack-on-taiwan-strait-defence-ministry/
1057503468,2022-08-06,150,NOTFOUND,-,UNVERIFIED,,본문 확보 실패,,https://dailycaller.com/2022/08/06/chinese-military-attack-simulation-taiwan-strait/
1057416809,2022-08-06,150,OK_ORIGINAL,MATCH,HIGH,Taiwan Condemns China for Blocking Some of World's 'Busiest' Waters to Protest Pelosi,"기사는 중국이 대만 방문에 항의하여 해상 봉쇄 및 실탄 군사 훈련을 실시하는 등 군사적 위협을 가하는 내용을 다루고 있어, CAMEO 코드 150 '군사 태세' 분류와 일치합니다.",https://www.breitbart.com/politics/2022/08/05/taiwan-condemns-china-blocking-some-worlds-busiest-waters-protest-pelosi/,https://www.breitbart.com/politics/2022/08/05/taiwan-condemns-china-blocking-some-worlds-busiest-waters-protest-pelosi/
1057426790,2022-08-06,194,NOTFOUND,-,UNVERIFIED,,본문 확보 실패,,https://www.arabnews.com/node/2137096/world
1057479312,2022-08-06,190,OK_ORIGINAL,MATCH,HIGH,China forces in attack simulation: Taiwan,"기사는 중국과 대만 간의 군사 훈련과 시뮬레이션 공격을 묘사하며, 이는 재래식 무력 사용(CAMEO 코드 190)으로 분류될 수 있는 사건 유형과 직접적으로 일치합니다.",https://www.sheppnews.com.au/world/china-forces-in-attack-simulation-taiwan/,https://www.sheppnews.com.au/world/china-forces-in-attack-simulation-taiwan/
1057416810,2022-08-06,150,OK_ORIGINAL,MATCH,HIGH,Taiwan Condemns China for Blocking Some of World's 'Busiest' Waters to Protest Pelosi,"기사는 중국의 대만 주변 군사 훈련 및 미사일 발사 등 직접적인 군사 행동을 묘사하며, 이는 '군사 태세' 분류와 일치합니다.",https://www.breitbart.com/politics/2022/08/05/taiwan-condemns-china-blocking-some-worlds-busiest-waters-protest-pelosi/,https://www.breitbart.com/politics/2022/08/05/taiwan-condemns-china-blocking-some-worlds-busiest-waters-protest-pelosi/
1057438998,2022-08-06,150,NOTFOUND,-,UNVERIFIED,,본문 확보 실패,,https://www.asiaone.com/world/what-are-they-going-do-cancel-my-tiktok-nancy-pelosis-grandson-laughs-chinese-sanctions
1057446387,2022-08-06,195,OK_ORIGINAL,MATCH,HIGH,"Chinese planes, ships carry out simulated attacks on Taiwan: Taipei","기사는 중국 항공기와 군함이 대만을 공격하는 모의 훈련을 실시했다는 내용을 담고 있으며, 이는 '공중무기 사용'으로 분류된 CAMEO 코드 195와 일치합니다.",https://www.watoday.com.au/world/asia/chinese-planes-ships-carry-out-simulated-attacks-on-taiwan-taipei-20220806-p5b7sl.html,https://www.watoday.com.au/world/asia/chinese-planes-ships-carry-out-simulated-attacks-on-taiwan-taipei-20220806-p5b7sl.html
1057446388,2022-08-06,195,OK_ORIGINAL,MATCH,HIGH,"Chinese planes, ships carry out simulated attacks on Taiwan: Taipei","기사에서 중국의 항공기 및 함선이 대만에 대한 공격 시뮬레이션을 수행했다고 명시하고 있으며, 이는 CAMEO 코드 195 '공중무기 사용'과 직접적으로 관련됩니다.",https://www.watoday.com.au/world/asia/chinese-planes-ships-carry-out-simulated-attacks-on-taiwan-taipei-20220806-p5b7sl.html,https://www.watoday.com.au/world/asia/chinese-planes-ships-carry-out-simulated-attacks-on-taiwan-taipei-20220806-p5b7sl.html
1057481583,2022-08-06,154,OK_ORIGINAL,MATCH,HIGH,Taiwan scrambles fighter jets as 20 Chinese warplanes & 14 warships buzz island,"기사는 대만 방공식별구역에 진입한 중국 군용기와 군함에 대해 대만이 전투기를 출격시키고 미사일 시스템을 배치하는 등 군사적 대응을 설명하며, 이는 군사 동원 및 증강 활동에 해당합니다.",https://www.thesun.co.uk/news/19436875/taiwan-fighter-jets-china-invasion/,https://www.thesun.co.uk/news/19436875/taiwan-fighter-jets-china-invasion/
1057475279,2022-08-06,150,EMPTY,-,UNVERIFIED,,본문 확보 실패,,http://www.msn.com/en-us/news/world/ready-for-war-taiwan-issues-chilling-warning-over-china-s-attack-drills/ar-AA10ni0E
1057426009,2022-08-06,150,OK_ORIGINAL,AMBIGUOUS,MEDIUM,China halts climate and military dialogue with the U.S. over Pelosi's Taiwan visit,"기사는 중국의 군사적 대응을 포함하는 양안 군사 사건을 다루고 있지만, GDELT 분류 코드 150 '군사 태세'는 중국이 취한 일련의 조치 중 일부일 수 있으며, 기사 전체는 정치적, 외교적 갈등에 더 초점을 맞추고 있어 '군사 태세'로만 특정하기에는 애매한 측면이 있습니다.",https://www.hawaiipublicradio.org/npr-news/npr-news/2022-08-05/china-halts-climate-and-military-dialogue-with-the-u-s-over-pelosis-taiwan-visit,https://www.hawaiipublicradio.org/npr-news/npr-news/2022-08-05/china-halts-climate-and-military-dialogue-with-the-u-s-over-pelosis-taiwan-visit
1199006960,2024-09-18,154,NOTFOUND,-,UNVERIFIED,,본문 확보 실패,,https://mynorthwest.com/3988682/lessons-from-red-sea-and-ukraines-black-sea-fight-help-prep-navy-for-possible-conflict-with-china/
1198941706,2024-09-18,154,NOTFOUND,-,UNVERIFIED,,본문 확보 실패,,https://www.yahoo.com/news/chinese-navy-flotilla-sails-between-073939296.html
1198940534,2024-09-18,154,OK_ORIGINAL,MATCH,HIGH,"Taiwan reports increased Chinese military activity around it; detects 9 aircraft, 13 naval vessels","기사는 중국의 대만 주변 군사 활동 증가를 보고하고 있으며, 이는 CAMEO 코드 154인 군사 동원·증강에 해당합니다.",https://news.webindia123.com/news/Articles/World/20240918/4236576.html,https://news.webindia123.com/news/Articles/World/20240918/4236576.html
1198940535,2024-09-18,154,OK_ORIGINAL,MATCH,HIGH,"Taiwan reports increased Chinese military activity around it; detects 9 aircraft, 13 naval vessels","기사는 중국 군용기 및 해군 함정의 대만 주변 활동 증가를 보고하며, 이는 군사 동원 및 증강에 해당합니다.",https://news.webindia123.com/news/Articles/World/20240918/4236576.html,https://news.webindia123.com/news/Articles/World/20240918/4236576.html
1176109157,2024-05-16,192,OK_ORIGINAL,MISMATCH,LOW,‘Locust’: Cannes Review,"이 기사는 대만 배경의 영화 리뷰로, 양안 군사 사건이나 영토 점령과는 관련이 없습니다.",https://www.screendaily.com:443/reviews/locust-cannes-review/5193341.article,https://www.screendaily.com:443/reviews/locust-cannes-review/5193341.article
1150940618,2024-01-11,190,NOTFOUND,-,UNVERIFIED,,본문 확보 실패,,https://www.firstpost.com/world/china-fires-deepfake-salvo-at-taiwan-before-presidential-poll-13600882.html
1150945714,2024-01-11,190,OK_ORIGINAL,MISMATCH,LOW,KMT presidential nominee Hou rules out unification talks with China - Focus Taiwan,"기사는 대만 국민당 대선 후보가 중국과의 통일에 대한 대화 가능성을 배제하는 정치적 발언에 관한 것으로, 재래식 무력 사용과는 관련이 없습니다.",https://focustaiwan.tw:443/cross-strait/202401110006,https://focustaiwan.tw:443/cross-strait/202401110006
1150945715,2024-01-11,190,OK_ORIGINAL,MISMATCH,LOW,KMT presidential nominee Hou rules out unification talks with China - Focus Taiwan,"기사는 양안 통일에 대한 대만 후보의 정치적 입장을 다루고 있으며, 재래식 무력 사용과는 무관합니다.",https://focustaiwan.tw/cross-strait/202401110006,https://focustaiwan.tw/cross-strait/202401110006
1102129641,2023-05-13,150,OK_ORIGINAL,MATCH,HIGH,Drills reveal China’s new military strategy: expert - Taipei Times,"기사는 중국의 대만 주변 군사 훈련을 다루고 있으며, 이는 GDELT 분류인 '군사 태세(military posturing)'와 직접적으로 부합합니다.",https://www.taipeitimes.com/News/taiwan/archives/2023/05/14/2003799765,https://www.taipeitimes.com/News/taiwan/archives/2023/05/14/2003799765
1124496729,2023-09-03,192,NOTFOUND,-,UNVERIFIED,,본문 확보 실패,,https://www.channelnewsasia.com/asia/thousands-evacuated-flights-cancelled-taiwan-girds-typhoon-haikui-3743176
1124496731,2023-09-03,192,OK_ORIGINAL,MISMATCH,LOW,"Thousands evacuated, flights cancelled as Taiwan girds for Typhoon Haikui","이 기사는 태풍으로 인한 대피와 항공편 취소에 관한 내용으로, 영토 점령이라는 군사 사건과는 전혀 관련이 없습니다.",https://mymixfm.com/2023/09/02/thousands-evacuated-flights-cancelled-as-taiwan-girds-for-typhoon-haikui/,https://mymixfm.com/2023/09/02/thousands-evacuated-flights-cancelled-as-taiwan-girds-for-typhoon-haikui/
1124496730,2023-09-03,192,OK_ORIGINAL,MISMATCH,LOW,"Thousands evacuated, flights cancelled as Taiwan girds for Typhoon Haikui","이 기사는 태풍으로 인한 대만 주민 대피 및 항공편 취소에 관한 내용으로, 양안 군사 사건과는 관련이 없습니다.",https://mymixfm.com/2023/09/02/thousands-evacuated-flights-cancelled-as-taiwan-girds-for-typhoon-haikui/,https://mymixfm.com/2023/09/02/thousands-evacuated-flights-cancelled-as-taiwan-girds-for-typhoon-haikui/
1121692008,2023-08-19,150,NOTFOUND,-,UNVERIFIED,,본문 확보 실패,,https://www.kens5.com/article/news/nation-world/us-japan-south-korea-security-agreement/507-5c4f854a-abd5-4e35-bd0c-41726262d2ad
1121753723,2023-08-19,151,NOTFOUND,-,UNVERIFIED,,본문 확보 실패,,https://news.yahoo.com/taiwan-detects-42-warplanes-chinese-092832868.html
1121799818,2023-08-19,192,NOTFOUND,-,UNVERIFIED,,본문 확보 실패,,https://www.miamiherald.com/news/nation-world/world/article278406544.html
1121726391,2023-08-19,150,NOTFOUND,-,UNVERIFIED,,본문 확보 실패,,https://www.firstpost.com/world/china-launches-military-exercises-around-taiwan-as-stern-warning-13014322.html
1121726392,2023-08-19,150,NOTFOUND,-,UNVERIFIED,,본문 확보 실패,,https://www.firstpost.com/world/china-launches-military-exercises-around-taiwan-as-stern-warning-13014322.html
1070909368,2022-11-06,190,NOTFOUND,-,UNVERIFIED,,본문 확보 실패,,https://www.bloomberg.com/opinion/features/2022-11-06/why-japan-is-gearing-up-for-possible-war-with-china-over-taiwan
1070830676,2022-11-06,150,OK_ORIGINAL,MATCH,HIGH,Taiwan scrambles jets after detecting Chinese forces nearby,"기사는 대만 방공식별구역(ADIZ) 침투를 경고하기 위해 대만이 전투기를 출격시킨 사건을 보도하고 있으며, 이는 군사 태세(military posturing)에 해당합니다.",https://www.chinanationalnews.com/news/273044149/taiwan-scrambles-jets-after-detecting-chinese-forces-nearby,https://www.chinanationalnews.com/news/273044149/taiwan-scrambles-jets-after-detecting-chinese-forces-nearby
1070830677,2022-11-06,150,OK_ORIGINAL,MATCH,HIGH,Taiwan scrambles jets after detecting Chinese forces nearby,"기사는 대만 인근에서 탐지된 중국 군사 활동에 대한 대만의 대응을 설명하며, 이는 CAMEO 코드 150인 '군사 태세'의 정의와 일치합니다.",https://www.chinanationalnews.com/news/273044149/taiwan-scrambles-jets-after-detecting-chinese-forces-nearby,https://www.chinanationalnews.com/news/273044149/taiwan-scrambles-jets-after-detecting-chinese-forces-nearby
1070830678,2022-11-06,150,OK_ORIGINAL,MATCH,HIGH,Taiwan scrambles jets after detecting Chinese forces nearby,"기사는 중국의 군사 활동에 대응하여 대만이 전투기를 출격시키는 상황을 묘사하며, 이는 GDELT 분류 사건 유형인 '군사 태세'에 부합합니다.",https://www.chinanationalnews.com/news/273044149/taiwan-scrambles-jets-after-detecting-chinese-forces-nearby,https://www.chinanationalnews.com/news/273044149/taiwan-scrambles-jets-after-detecting-chinese-forces-nearby
1170147426,2024-04-16,154,NOTFOUND,-,UNVERIFIED,,본문 확보 실패,,"https://www.streetinsider.com/Reuters/US+defense+chief+speaks+with+Chinese+counterpart,+Pentagon+says/23071807.html"
1160091094,2024-02-26,154,NOTFOUND,-,UNVERIFIED,,본문 확보 실패,,https://www.newsweek.com/us-admiral-warns-china-could-launch-surprise-attack-military-drills-1873205
1066161481,2022-10-05,150,OK_ORIGINAL,MATCH,HIGH,US can upset Chinese blockade strategy of Taiwan: Navy commander,"기사는 중국의 대만 봉쇄 전략에 대한 미국의 대응 능력을 언급하며, 이는 명백히 양안 간의 군사적 긴장 상황과 관련이 있으며 '군사 태세(military posturing)'로 분류될 수 있는 내용입니다.",https://www.taiwansun.com/news/272816963/us-can-upset-chinese-blockade-strategy-of-taiwan-navy-commander,https://www.taiwansun.com/news/272816963/us-can-upset-chinese-blockade-strategy-of-taiwan-navy-commander
1066161480,2022-10-05,150,OK_ORIGINAL,MATCH,HIGH,US can upset Chinese blockade strategy of Taiwan: Navy commander,"기사는 중국의 대만 봉쇄 전략에 대한 미군 사령관의 발언을 다루고 있으며, 이는 GDELT의 '군사 태세' 분류와 일치합니다.",https://www.taiwansun.com/news/272816963/us-can-upset-chinese-blockade-strategy-of-taiwan-navy-commander,https://www.taiwansun.com/news/272816963/us-can-upset-chinese-blockade-strategy-of-taiwan-navy-commander
1066161482,2022-10-05,150,OK_ORIGINAL,MATCH,HIGH,US can upset Chinese blockade strategy of Taiwan: Navy commander,"기사는 미국이 중국의 대만 봉쇄 전략을 무력화할 수 있다는 미국 태평양 함대 사령관의 발언을 다루고 있으며, 이는 군사 태세에 해당하는 내용입니다.",https://www.taiwansun.com/news/272816963/us-can-upset-chinese-blockade-strategy-of-taiwan-navy-commander,https://www.taiwansun.com/news/272816963/us-can-upset-chinese-blockade-strategy-of-taiwan-navy-commander
1086362377,2023-02-23,150,OK_ORIGINAL,MATCH,HIGH,"China outpacing US in warship production, Navy secretary warns","기사는 중국의 해군력 증강과 그로 인한 미국의 해상 우위 위협을 다루고 있으며, 이는 '군사 태세'에 해당하는 내용으로 GDELT 분류 유형과 일치합니다.",https://www.foxnews.com/politics/china-outpacing-us-war-ship-production-navy-secretary-warns,https://www.foxnews.com/politics/china-outpacing-us-war-ship-production-navy-secretary-warns
1086348129,2023-02-23,154,OK_ORIGINAL,MATCH,HIGH,U.S. will QUADRUPLE troops deployed to Taiwan,"기사는 미국이 대만에 배치하는 병력을 4배로 늘린다는 내용을 다루고 있으며, 이는 CAMEO 코드 154의 '군사 동원·증강' 유형과 일치합니다.",https://www.dailymail.co.uk/news/article-11785265/U-S-QUADRUPLE-troops-deployed-Taiwan.html,https://www.dailymail.co.uk/news/article-11785265/U-S-QUADRUPLE-troops-deployed-Taiwan.html
1086371056,2023-02-23,154,OK_ORIGINAL,AMBIGUOUS,MEDIUM,"《TAIPEI TIMES》 Taiwan could withstand attack for two weeks, Chiu says - 焦點 - 自由時報電子報","기사는 대만의 국방부 장관이 중국의 군사적 공격에 대한 대만의 방어 능력을 언급하는 내용으로, 군사적 긴장을 시사하지만 직접적인 군사 동원이나 증강에 대한 구체적인 내용은 언급되지 않아 분류 유형과 명확하게 일치한다고 보기 어렵습니다.",https://news.ltn.com.tw/news/focus/breakingnews/4220930,https://news.ltn.com.tw/news/focus/breakingnews/4220930
1187197464,2024-07-15,154,OK_ORIGINAL,MATCH,HIGH,Taiwan reports increased Chinese military activity near its territory,"기사는 중국 인민해방군(PLA) 및 중국 인민해방군 해군(PLAN)의 항공기 및 군함이 대만 영토 인근에서 활동하는 것을 상세히 설명하고 있으며, 이는 CAMEO 코드 154 (군사 동원·증강)에 부합합니다.",https://www.bignewsnetwork.com/news/274454150/taiwan-reports-increased-chinese-military-activity-near-its-territory,https://www.bignewsnetwork.com/news/274454150/taiwan-reports-increased-chinese-military-activity-near-its-territory
1187197465,2024-07-15,154,OK_ORIGINAL,MATCH,HIGH,Taiwan reports increased Chinese military activity near its territory,기사는 중국 군사 활동 증가를 보고하며 이는 '군사 동원·증강'으로 분류되는 CAMEO 코드 154와 일치합니다.,https://www.bignewsnetwork.com/news/274454150/taiwan-reports-increased-chinese-military-activity-near-its-territory,https://www.bignewsnetwork.com/news/274454150/taiwan-reports-increased-chinese-military-activity-near-its-territory
1275968126,2025-11-25,190,OK_ORIGINAL,MISMATCH,LOW,'Extremely strong': Trump praises China ties after call,"이 기사는 도널드 트럼프 대통령과 시진핑 중국 국가주석 간의 통화 내용을 다루고 있으며, 대만 문제는 언급되지만 재래식 무력 사용을 묘사하는 사건이 아닙니다.",https://www.canberratimes.com.au/story/9119041/extremely-strong-trump-praises-china-ties-after-call/,https://www.canberratimes.com.au/story/9119041/extremely-strong-trump-praises-china-ties-after-call/
1275990363,2025-11-25,190,OK_ORIGINAL,AMBIGUOUS,MEDIUM,Xi Jinping tells Donald Trump Taiwan's 'return to China' is a key part of Beijing's vision,"기사는 대만 반환에 대한 시진핑 주석의 발언을 다루고 있으나, 실제 재래식 무력 사용은 포함되지 않아 GDELT 분류 유형과 직접적으로 일치하지 않습니다.",https://www.rnz.co.nz/news/world/579966/xi-jinping-tells-doland-trump-taiwan-s-return-to-china-is-a-key-part-of-beijing-s-vision,https://www.rnz.co.nz/news/world/579966/xi-jinping-tells-doland-trump-taiwan-s-return-to-china-is-a-key-part-of-beijing-s-vision
1117224955,2023-07-26,195,OK_ORIGINAL,MATCH,HIGH,"Taiwan conducts 1st drill defending Taoyuan Airport from Chinese attack
 | Taiwan News | Jul. 26, 2023 18:03","기사는 대만 공항 방어 훈련을 묘사하며, 이는 중국의 공격을 상정하고 있으며 AH-64E 아파치 공격 헬리콥터와 UH-60M 블랙 호크 헬리콥터가 동원된 훈련 내용을 담고 있어 CAMEO 코드 195 (공중무기 사용)와 일치합니다.",https://www.taiwannews.com.tw/en/news/4954783,https://www.taiwannews.com.tw/en/news/4954783
1117153155,2023-07-26,150,OK_ORIGINAL,MISMATCH,LOW,Typhoon Doksuri leaves at least 6 dead and displaces thousands in the northern Philippines,"이 기사는 태풍 '독수리'가 필리핀 북부에 미친 영향에 관한 내용으로, 양안(중국-대만) 군사 사건과는 전혀 관련이 없습니다.",https://www.seattletimes.com/nation-world/typhoon-blows-off-roofs-floods-villages-and-displaces-thousands-in-northern-philippines/,https://www.seattletimes.com/nation-world/typhoon-blows-off-roofs-floods-villages-and-displaces-thousands-in-northern-philippines/
1117224956,2023-07-26,195,OK_ORIGINAL,MISMATCH,LOW,"Taiwan conducts 1st drill defending Taoyuan Airport from Chinese attack
 | Taiwan News | Jul. 26, 2023 18:03","기사는 중국의 공격을 시뮬레이션하는 대만의 군사 훈련에 관한 내용이며, 실제 공중무기 사용 사건이 아닙니다.",https://www.taiwannews.com.tw/en/news/4954783,https://www.taiwannews.com.tw/en/news/4954783
1117153156,2023-07-26,150,OK_ORIGINAL,MISMATCH,LOW,Typhoon Doksuri leaves at least 6 dead and displaces thousands in the northern Philippines,"이 기사는 태풍 '독수리'가 필리핀 북부에 미친 영향에 대한 내용으로, 양안 군사 사건이나 군사 태세와는 전혀 관련이 없습니다.",https://www.seattletimes.com/nation-world/typhoon-blows-off-roofs-floods-villages-and-displaces-thousands-in-northern-philippines/,https://www.seattletimes.com/nation-world/typhoon-blows-off-roofs-floods-villages-and-displaces-thousands-in-northern-philippines/
1222627798,2025-01-25,190,NOTFOUND,-,UNVERIFIED,,본문 확보 실패,,https://www.hometownregister.com/news/national/rubio-clashes-with-china-fm-on-taiwan/article_376b3c92-4f0c-527c-bb66-f0dbb6dabbd7.html
1222629054,2025-01-25,190,NOTFOUND,-,UNVERIFIED,,본문 확보 실패,,https://www.hometownregister.com/news/national/rubio-clashes-with-china-fm-on-taiwan/article_376b3c92-4f0c-527c-bb66-f0dbb6dabbd7.html
1222629055,2025-01-25,190,NOTFOUND,-,UNVERIFIED,,본문 확보 실패,,https://www.hometownregister.com/news/national/rubio-clashes-with-china-fm-on-taiwan/article_376b3c92-4f0c-527c-bb66-f0dbb6dabbd7.html
1222627799,2025-01-25,190,NOTFOUND,-,UNVERIFIED,,본문 확보 실패,,https://www.hometownregister.com/news/national/rubio-clashes-with-china-fm-on-taiwan/article_376b3c92-4f0c-527c-bb66-f0dbb6dabbd7.html
1025550322,2022-01-28,190,NOTFOUND,-,UNVERIFIED,,본문 확보 실패,,https://www.teletrader.com/china-may-clash-with-us-over-taiwan-envoy/news/details/57177614
1025551098,2022-01-28,190,NOTFOUND,-,UNVERIFIED,,본문 확보 실패,,https://www.teletrader.com/china-may-clash-with-us-over-taiwan-envoy/news/details/57177614
1025522797,2022-01-28,192,NOTFOUND,-,UNVERIFIED,,본문 확보 실패,,https://www.marketwatch.com/articles/taiwan-is-not-ukraine-russian-invasion-china-51643385156
1149454886,2023-12-04,192,OK_ORIGINAL,AMBIGUOUS,MEDIUM,"Two key military appointments from China’s naval ranks reflects Xi’s territorial ambitions, analysts say | CNN","기사는 중국의 군사 인사가 대만에 대한 영토 야망을 반영한다는 내용을 다루지만, 직접적인 영토 점령 사건을 묘사하고 있지는 않습니다.",https://www.cnn.com/2024/01/03/china/china-admirals-defense-minister-analysis-intl-hnk-mil/,https://www.cnn.com/2024/01/03/china/china-admirals-defense-minister-analysis-intl-hnk-mil/
1149454887,2023-12-04,192,OK_ORIGINAL,AMBIGUOUS,MEDIUM,"Two key military appointments from China’s naval ranks reflects Xi’s territorial ambitions, analysts say | CNN","기사는 중국의 해군 인사와 시진핑 주석의 영토 야망을 논하지만, 실제 영토 점령(occupy territory) 사건을 직접적으로 다루고 있지는 않아 분류 유형과 명확히 일치하지 않습니다.",https://www.cnn.com/2024/01/03/china/china-admirals-defense-minister-analysis-intl-hnk-mil/,https://www.cnn.com/2024/01/03/china/china-admirals-defense-minister-analysis-intl-hnk-mil/
1214496158,2024-12-09,190,OK_ORIGINAL,MATCH,HIGH,Taiwan says on high alert after China's military restricts airspace,"기사는 중국이 군사 작전을 통해 대만의 영공을 제한하고 대만이 이에 대응하여 전투 훈련을 시작했다는 내용을 담고 있어, 재래식 무력 사용과 직접적으로 연관되는 양안 군사 사건으로 분류 유형과 부합합니다.",https://economictimes.indiatimes.com/news/defence/taiwan-says-on-high-alert-after-chinas-military-restricts-airspace/articleshow/116130160.cms,https://economictimes.indiatimes.com/news/defence/taiwan-says-on-high-alert-after-chinas-military-restricts-airspace/articleshow/116130160.cms
1214496159,2024-12-09,190,OK_ORIGINAL,MATCH,HIGH,Taiwan says on high alert after China's military restricts airspace,기사는 중국 군대가 영공을 제한하고 대만 군대가 전투 훈련을 시작했다는 내용을 포함하고 있어 CAMEO 코드 190인 재래식 무력 사용과 부합합니다.,https://economictimes.indiatimes.com/news/defence/taiwan-says-on-high-alert-after-chinas-military-restricts-airspace/articleshow/116130160.cms,https://economictimes.indiatimes.com/news/defence/taiwan-says-on-high-alert-after-chinas-military-restricts-airspace/articleshow/116130160.cms
1214501589,2024-12-09,190,NOTFOUND,-,UNVERIFIED,,본문 확보 실패,,https://www.firstpost.com/world/taiwan-in-combat-readiness-as-china-encircles-island-nation-with-warships-pla-restricts-airspace-13842925.html
1214503500,2024-12-09,190,OK_ORIGINAL,MATCH,HIGH,Taiwan says on high alert after China's military restricts airspace,"기사는 중국과 대만 간의 군사적 긴장 고조를 상세히 설명하며, 대만이 전투 준비 훈련을 실시하고 중국 군함 및 해안 경비선이 대만 주변 해역에 진입하는 등 재래식 무력 사용에 해당하는 상황을 묘사하고 있습니다.",https://www.thestandard.com.hk/breaking-news/section/3/223591/Taiwan-says-on-high-alert-after-China,https://www.thestandard.com.hk/breaking-news/section/3/223591/Taiwan-says-on-high-alert-after-China
1252558753,2025-07-17,194,NOTFOUND,-,UNVERIFIED,,본문 확보 실패,,https://dailytimes.com.pk/1337726/taiwan-holds-air-raid-drills-amid-rising-tensions-with-china/
1252489762,2025-07-17,195,OK_ORIGINAL,MATCH,HIGH,Taipei holds air raid drill on July 17 to prepare for Chinese attack,"기사는 중국의 공격에 대비한 대만의 공습 훈련을 다루고 있으며, 이는 양안 군사 사건에 해당하며 '공중무기 사용'이라는 분류 유형과 관련이 있습니다.",https://www.straitstimes.com/asia/east-asia/taipei-holds-air-raid-drill-to-prepare-for-chinese-attack,https://www.straitstimes.com/asia/east-asia/taipei-holds-air-raid-drill-to-prepare-for-chinese-attack
1252543689,2025-07-17,195,NOTFOUND,-,UNVERIFIED,,본문 확보 실패,,https://www.elkharttruth.com/news/national/taipei-holds-air-raid-drill-to-prepare-for-chinese-attack/article_8d6cf74f-1596-561c-be2b-64dd9157ba7c.html
1183447896,2024-06-24,150,OK_ORIGINAL,MISMATCH,LOW,China is greenlighting possible death penalties for 'diehard' supporters of Taiwan gaining independence,"이 기사는 대만의 독립을 지지하는 행위를 범죄화하고 사형까지 언급하며 중국의 입장을 강화하는 내용을 다루지만, 직접적인 군사적 행동이나 군사적 태세를 묘사하는 것이 아니므로 '군사 태세' 유형과 일치하지 않습니다.",https://www.businessinsider.com/china-death-penalty-for-diehard-taiwan-independence-supporters-2024-6,https://www.businessinsider.com/china-death-penalty-for-diehard-taiwan-independence-supporters-2024-6
1178279035,2024-05-27,150,OK_ORIGINAL,MATCH,HIGH,"Taiwan issues alerts over China's military drills, scrambles jets","기사는 중국의 군사 훈련에 대한 대만의 대응을 상세히 설명하며, 이는 CAMEO 코드 150의 '군사 태세' 분류와 직접적으로 일치합니다.",https://www.srilankasource.com/news/274386879/taiwan-issues-alerts-over-china-military-drills-scrambles-jets,https://www.srilankasource.com/news/274386879/taiwan-issues-alerts-over-china-military-drills-scrambles-jets
1178157345,2024-05-27,150,OK_ORIGINAL,MISMATCH,LOW,Lai meets with 1st U.S. congressional delegation since inauguration - Focus Taiwan,"기사는 미국 의회 대표단의 대만 방문에 관한 것으로, 이는 양안 군사 사건이 아닌 외교 및 정치적 사안에 해당합니다.",https://focustaiwan.tw/politics/202405270008,https://focustaiwan.tw/politics/202405270008
1178126643,2024-05-27,150,OK_ORIGINAL,MISMATCH,LOW,US Congressional delegation arrives in Taiwan after China holds 2-day military drills - Times of India,"기사 제목은 대만 방문과 중국의 군사 훈련을 언급하지만, 본문 내용은 이러한 군사 사건과 관련 없는 다양한 주제에 대한 팁들을 다루고 있습니다.",https://timesofindia.indiatimes.com/world/rest-of-world/us-congressional-delegation-arrives-in-taiwan-after-china-holds-2-day-military-drills/articleshow/110452278.cms,https://timesofindia.indiatimes.com/world/rest-of-world/us-congressional-delegation-arrives-in-taiwan-after-china-holds-2-day-military-drills/articleshow/110452278.cms
1178126644,2024-05-27,150,OK_ORIGINAL,MISMATCH,LOW,US Congressional delegation arrives in Taiwan after China holds 2-day military drills - Times of India,"기사 제목은 대만 방문과 중국 군사 훈련을 언급하지만, 본문 내용은 식물, 동물, 요리, 여행, 건강 등 군사 사건과 전혀 관련 없는 주제를 다루고 있습니다.",https://timesofindia.indiatimes.com/world/rest-of-world/us-congressional-delegation-arrives-in-taiwan-after-china-holds-2-day-military-drills/articleshow/110452278.cms,https://timesofindia.indiatimes.com/world/rest-of-world/us-congressional-delegation-arrives-in-taiwan-after-china-holds-2-day-military-drills/articleshow/110452278.cms
1178164192,2024-05-27,150,OK_ORIGINAL,MATCH,HIGH,There’s trouble ahead for Taiwan’s new president,"기사는 대만 신임 총통 취임 후 중국이 '처벌'을 명목으로 대만 주변에서 군사 훈련을 실시했다고 보도하며, 이는 군사적 압박이나 위협을 보여주는 군사 태세에 해당합니다.",https://www.spectator.co.uk/article/theres-trouble-ahead-for-taiwans-new-president/,https://www.spectator.co.uk/article/theres-trouble-ahead-for-taiwans-new-president/
1178283511,2024-05-27,150,OK_ORIGINAL,MATCH,HIGH,"Taiwan issues alerts over China's military drills, scrambles jets","기사는 중국의 대만 주변 군사 훈련에 대한 대만의 대응을 다루고 있으며, 이는 CAMEO 코드 150 '군사 태세'와 일치하는 군사적 긴장 상황을 묘사하고 있습니다.",https://www.nigeriasun.com/news/274386879/taiwan-issues-alerts-over-china-military-drills-scrambles-jets,https://www.nigeriasun.com/news/274386879/taiwan-issues-alerts-over-china-military-drills-scrambles-jets
1161936601,2024-03-05,192,OK_ORIGINAL,AMBIGUOUS,MEDIUM,Did Chinese guards cross into restricted waters around Taiwan’s Kinmen?,"기사는 중국 해안 경비정이 대만 관할의 진먼 섬 주변 제한 수역에 진입했다는 주장을 다루고 있지만, 해당 주장이 오해의 소지가 있음을 밝히고 있으며, 중국 해안 경비대의 무력 등반 및 수색이 언급되지만 이는 영토 점령보다는 단발성 사건으로 볼 수 있어 분류 유형과 명확히 일치한다고 보기 어렵습니다.",https://www.rfa.org/english/news/afcl/fact-check-kinmen-03052024165300.html,https://www.rfa.org/english/news/afcl/fact-check-kinmen-03052024165300.html
1269565177,2025-10-20,190,EMPTY,-,UNVERIFIED,,본문 확보 실패,,https://www.scmp.com/topics/eastern-theatre-command
1269564646,2025-10-20,190,EMPTY,-,UNVERIFIED,,본문 확보 실패,,https://www.scmp.com/topics/eastern-theatre-command
1243439368,2025-05-13,190,OK_ORIGINAL,MISMATCH,LOW,Taiwan test fires new U.S.-supplied rocket system for first time,"기사는 양안 군사 사건이지만, 재래식 무력 사용이 아닌 무기 시스템의 시험 발사에 대한 내용으로 CAMEO 코드 190과 직접적으로 일치하지 않습니다.",https://www.rfa.org:443/english/china/2025/05/12/taiwan-china-missiles/,https://www.rfa.org:443/english/china/2025/05/12/taiwan-china-missiles/
1043115757,2022-05-07,190,OK_ORIGINAL,MATCH,HIGH,China stages second-largest air incursion into Taiwan defence zone this year,"기사는 중국이 대만의 방공식별구역으로 18대의 군용기를 침범한 사건을 보도하고 있으며, 이는 CAMEO 코드 190인 '재래식 무력 사용'의 범주에 해당합니다.",https://www.mizzima.com/article/china-stages-second-largest-air-incursion-taiwan-defence-zone-year,https://www.mizzima.com/article/china-stages-second-largest-air-incursion-taiwan-defence-zone-year
1272613821,2025-11-05,190,OK_ORIGINAL,MISMATCH,LOW,Glenn Beck,기사 제목과 내용 모두 중국-대만 군사 사건에 대한 정보를 전혀 포함하고 있지 않습니다.,https://www.glennbeck.com/radio/destruction-new-york-means-rest,https://www.glennbeck.com/radio/destruction-new-york-means-rest
1172699258,2024-04-29,191,OK_ORIGINAL,MISMATCH,LOW,"Taiwan urges China to resume talks, without preset conditions | Al Bawaba","기사는 중국과 대만 간의 여행 제한 완화에 대한 내용이며, 봉쇄나 이동 제한과 같은 군사적 사건과는 관련이 없습니다.",https://www.albawaba.com/news/taiwan-urges-china-resume-talks-without-preset-comditions-1563618,https://www.albawaba.com/news/taiwan-urges-china-resume-talks-without-preset-comditions-1563618
1172699262,2024-04-29,191,OK_ORIGINAL,MISMATCH,LOW,"Taiwan urges China to resume talks, without preset conditions | Al Bawaba","이 기사는 대만과 중국 간의 여행 제한 완화에 관한 내용으로, 봉쇄나 이동 제한을 다루는 CAMEO 코드 191과 직접적으로 일치하지 않습니다.",https://www.albawaba.com/news/taiwan-urges-china-resume-talks-without-preset-comditions-1563618,https://www.albawaba.com/news/taiwan-urges-china-resume-talks-without-preset-comditions-1563618
1172699259,2024-04-29,191,OK_ORIGINAL,MISMATCH,LOW,"Taiwan urges China to resume talks, without preset conditions | Al Bawaba","기사는 중국과 대만 간의 여행 제한 완화에 관한 것이지, GDELT가 분류한 '봉쇄·이동제한'과 같은 군사적 사건에 해당하지 않습니다.",https://www.albawaba.com/news/taiwan-urges-china-resume-talks-without-preset-comditions-1563618,https://www.albawaba.com/news/taiwan-urges-china-resume-talks-without-preset-comditions-1563618
1119278893,2023-08-06,195,OK_ORIGINAL,MISMATCH,LOW,Beijing airs documentary showing China army's prep for Taiwan attack: Report - Worldnews.com,"기사는 중국이 대만 공격을 준비하고 있다는 내용의 다큐멘터리를 방영했다는 내용을 다루고 있으며, 이는 실제 무기 사용과는 거리가 있습니다.",https://article.wn.com/view/2023/08/06/Beijing_airs_documentary_showing_China_armys_prep_for_Taiwan/,https://article.wn.com/view/2023/08/06/Beijing_airs_documentary_showing_China_armys_prep_for_Taiwan/
1232996603,2025-03-19,154,OK_ORIGINAL,MATCH,HIGH,Taiwan practices to mobilise troops fast if China drills turn into attack,기사 제목과 본문 모두 중국의 군사적 위협에 대응하기 위한 대만의 군대 동원 및 훈련 강화 내용을 다루고 있어 CAMEO 코드 154(군사 동원·증강)와 일치합니다.,https://www.hindustantimes.com/world-news/taiwan-practices-to-mobilise-troops-fast-if-china-drills-turn-into-attack-101742374870001.html,https://www.hindustantimes.com/world-news/taiwan-practices-to-mobilise-troops-fast-if-china-drills-turn-into-attack-101742374870001.html
1232996604,2025-03-19,154,OK_ORIGINAL,MATCH,HIGH,Taiwan practices to mobilise troops fast if China drills turn into attack,기사는 중국의 군사적 위협에 대응하여 대만이 신속한 군사 동원 능력을 강화하고 있다는 내용을 다루고 있어 GDELT 분류 유형인 '군사 동원·증강'과 일치합니다.,https://www.hindustantimes.com/world-news/taiwan-practices-to-mobilise-troops-fast-if-china-drills-turn-into-attack-101742374870001.html,https://www.hindustantimes.com/world-news/taiwan-practices-to-mobilise-troops-fast-if-china-drills-turn-into-attack-101742374870001.html
1233092547,2025-03-19,190,OK_ORIGINAL,AMBIGUOUS,MEDIUM,Taiwan defence drills identify 2027 for potential China invasion,"기사는 중국의 대만 침공 가능성에 대한 대만 군사 훈련의 시사점을 다루지만, 실제 '재래식 무력 사용' 사건 자체를 보도하는 것이 아니라 잠재적 위협에 대한 대비 및 시뮬레이션을 설명하고 있어 분류 유형과 직접적으로 일치하지 않습니다.",https://www.straitstimes.com/asia/east-asia/taiwan-defence-drills-identify-2027-for-potential-china-invasion,https://www.straitstimes.com/asia/east-asia/taiwan-defence-drills-identify-2027-for-potential-china-invasion
1180931768,2024-06-10,154,OK_ORIGINAL,MATCH,HIGH,‘Make Their Lives Utterly Miserable’: Top US Commander Outlines ‘Hellscape’ Response If China Invades Taiwan,"기사는 미 해군 제독이 중국의 대만 침공 시 미국의 대응 계획을 설명하며, 중국 군사력 증강에 대한 미국의 억제 전략을 언급하고 있어 군사 동원 및 증강과 관련된 사건으로 분류하는 것이 적절합니다.",https://ijr.com/make-their-lives-utterly-miserable-top-us-commander-outlines-hellscape-response-if-china-invades-taiwan/,https://ijr.com/make-their-lives-utterly-miserable-top-us-commander-outlines-hellscape-response-if-china-invades-taiwan/
1219250383,2025-01-07,195,OK_ORIGINAL,MATCH,HIGH,China’s latest Taiwan wargame established a strategic position before Trump arrives,"기사는 중국의 대만 침공 시뮬레이션 워게임에 대한 내용이며, 기사 본문에서 '대만군이 134대의 중국 군용기를 탐지했다'는 등 공중무기 사용과 관련된 구체적인 내용이 언급되어 CAMEO 코드 195: 공중무기 사용과 일치합니다.",https://www.yahoo.com/news/china-latest-taiwan-wargame-established-121524515.html,https://www.yahoo.com/news/china-latest-taiwan-wargame-established-121524515.html
1177851204,2024-05-25,150,NOTFOUND,-,UNVERIFIED,,본문 확보 실패,,https://indianexpress.com/article/opinion/editorials/taiwan-china-relations-chinas-military-exercises-around-taiwan-power-play-at-sea-9350531/
1177858959,2024-05-25,150,OK_ORIGINAL,MATCH,HIGH,Chinese military drills around Taiwan have ended: state media,"기사는 중국의 대만 주변 군사 훈련 종료를 보도하고 있으며, 이는 CAMEO 코드 150 '군사 태세'에 해당하는 사건입니다.",https://www.thestar.com.my/aseanplus/aseanplus-news/2024/05/25/chinese-military-drills-around-taiwan-have-ended-state-media,https://www.thestar.com.my/aseanplus/aseanplus-news/2024/05/25/chinese-military-drills-around-taiwan-have-ended-state-media
1177869287,2024-05-25,150,OK_ORIGINAL,AMBIGUOUS,MEDIUM,Taiwan headline news - Focus Taiwan,"기사의 제목과 내용만으로는 양안 군사 사건인지, 특히 '군사 태세'라는 구체적인 유형과 부합하는지 판단하기 어렵습니다.",https://focustaiwan.tw/society/202405250004,https://focustaiwan.tw/society/202405250004
1177871469,2024-05-25,150,OK_ORIGINAL,MATCH,HIGH,Taiwan detects 62 Chinese warplanes in airspace amid military drills,"기사는 대규모 중국 군용기 및 해군 함정의 대만 주변 활동과 군사 훈련을 상세히 설명하며, 이는 CAMEO 코드 150인 '군사 태세'에 부합합니다.",https://www.prokerala.com/news/articles/a1534091.html,https://www.prokerala.com/news/articles/a1534091.html
1177904629,2024-05-25,150,OK_ORIGINAL,MATCH,HIGH,Chinese aircraft detected 74.08 km from Taiwan: Defense ministry,"기사는 중국 군용기의 대만 방공식별구역 진입 및 대만 해협에서의 군사 훈련 시작을 보도하며, 이는 CAMEO 코드 150(군사 태세)에 해당하는 대표적인 양안 군사 사건입니다.",https://www.globalsecurity.org/wmd/library/news/taiwan/2024/taiwan-240524-cna02.htm,https://www.globalsecurity.org/wmd/library/news/taiwan/2024/taiwan-240524-cna02.htm
1177877662,2024-05-25,150,OK_ORIGINAL,MATCH,HIGH,China concludes military exercise around Taiwan - Times of India,기사는 중국의 대만 주변 군사 훈련 종료를 보도하고 있어 CAMEO 코드 150(군사 태세)과 일치합니다.,https://timesofindia.indiatimes.com/world/china/china-conducts-military-exercise-around-taiwan-after-new-presidents-inauguration/articleshow/110412608.cms,https://timesofindia.indiatimes.com/world/china/china-conducts-military-exercise-around-taiwan-after-new-presidents-inauguration/articleshow/110412608.cms
1286081779,2026-01-27,190,OK_ORIGINAL,MISMATCH,LOW,Japan bids farewell to last giant pandas as pair leave for China,"기사는 일본에서 중국으로 판다가 반환되는 내용으로, 양안 군사 사건과는 전혀 관련이 없으며 재래식 무력 사용과도 무관합니다.",https://www.internazionale.it/ultime-notizie-reuters/2026/01/27/japan-bids-farewell-to-last-giant-pandas-as-pair-leave-for-china,https://www.internazionale.it/ultime-notizie-reuters/2026/01/27/japan-bids-farewell-to-last-giant-pandas-as-pair-leave-for-china
1260452847,2024-08-30,150,OK_ORIGINAL,MISMATCH,LOW,MAC warns entertainers over China ‘cooperation’ - Taipei Times,"이 기사는 중국과 대만 간의 군사 사건이 아니라, 엔터테인먼트 산업 종사자들이 중국 당국과의 '협력'으로 간주될 수 있는 행위에 대해 경고받은 사건을 다루고 있어 GDELT의 '군사 태세' 분류와 일치하지 않습니다.",https://www.taipeitimes.com/News/taiwan/archives/2025/08/31/2003842983,https://www.taipeitimes.com/News/taiwan/archives/2025/08/31/2003842983
1124387148,2023-08-03,190,OK_ORIGINAL,MISMATCH,LOW,"As Taiwan's government races to counter China, most people aren't worried about war","이 기사는 대만 정부가 중국의 군사 위협에 대응하는 상황을 보도하고 있지만, 실제 재래식 무력 사용이나 군사적 충돌 사건을 직접적으로 다루고 있지 않습니다.",https://apnews.com/article/taiwan-china-people-identity-reunification-3dde05f227bb579bf406556c05b1d131,https://apnews.com/article/taiwan-china-people-identity-reunification-3dde05f227bb579bf406556c05b1d131
1124387149,2023-08-03,190,OK_ORIGINAL,MISMATCH,LOW,"As Taiwan's government races to counter China, most people aren't worried about war","기사는 대만 정부가 중국의 군사 위협에 대응하고 있다는 내용을 다루지만, 실제 무력 사용 사건이 아닌 대중의 안보 의식에 초점을 맞추고 있어 CAMEO 코드 190(재래식 무력 사용)과 일치하지 않습니다.",https://apnews.com/article/taiwan-china-people-identity-reunification-3dde05f227bb579bf406556c05b1d131,https://apnews.com/article/taiwan-china-people-identity-reunification-3dde05f227bb579bf406556c05b1d131
1124387140,2023-08-03,190,OK_ORIGINAL,MISMATCH,LOW,"As Taiwan's government races to counter China, most people aren't worried about war","기사는 중국의 군사적 위협에 대한 대만 국민의 인식에 대해 다루고 있으며, 실제 재래식 무력의 사용에 관한 내용은 포함하고 있지 않습니다.",https://apnews.com/article/taiwan-china-people-identity-reunification-3dde05f227bb579bf406556c05b1d131,https://apnews.com/article/taiwan-china-people-identity-reunification-3dde05f227bb579bf406556c05b1d131
1124387141,2023-08-03,190,OK_ORIGINAL,AMBIGUOUS,MEDIUM,"As Taiwan's government races to counter China, most people aren't worried about war","기사는 중국-대만 군사적 긴장 상황을 다루지만, 실제 '재래식 무력 사용' 사건이 발생했다는 내용을 담고 있지 않고, 대만 정부의 군사적 대비와 국민들의 인식에 대한 내용입니다.",https://apnews.com/article/taiwan-china-people-identity-reunification-3dde05f227bb579bf406556c05b1d131,https://apnews.com/article/taiwan-china-people-identity-reunification-3dde05f227bb579bf406556c05b1d131
1124387142,2023-08-03,190,OK_ORIGINAL,AMBIGUOUS,MEDIUM,"As Taiwan's government races to counter China, most people aren't worried about war","기사는 대만 정부가 중국의 군사적 위협에 대응하기 위해 노력하고 있다는 내용을 담고 있으나, 실제 군사력의 사용(use conventional force)을 묘사하는 내용은 없어 분류 유형과 명확히 일치한다고 보기 어렵습니다.",https://apnews.com/article/taiwan-china-people-identity-reunification-3dde05f227bb579bf406556c05b1d131,https://apnews.com/article/taiwan-china-people-identity-reunification-3dde05f227bb579bf406556c05b1d131
1124387150,2023-08-03,190,OK_ORIGINAL,MISMATCH,LOW,"As Taiwan's government races to counter China, most people aren't worried about war","기사는 대만 정부가 중국의 군사적 위협에 대응하기 위해 노력하고 있다는 내용을 다루고 있지만, 실제 군사적 충돌이나 무력 사용에 대한 내용은 포함하고 있지 않아 GDELT의 '재래식 무력 사용' 분류와 일치하지 않습니다.",https://apnews.com/article/taiwan-china-people-identity-reunification-3dde05f227bb579bf406556c05b1d131,https://apnews.com/article/taiwan-china-people-identity-reunification-3dde05f227bb579bf406556c05b1d131
1124387143,2023-08-03,190,OK_ORIGINAL,MISMATCH,LOW,"As Taiwan's government races to counter China, most people aren't worried about war","기사는 대만 정부가 중국의 군사적 위협에 대응하고 있다는 내용이지만, 실제로 재래식 무력이 사용된 사건을 다루고 있지는 않습니다.",https://apnews.com/article/taiwan-china-people-identity-reunification-3dde05f227bb579bf406556c05b1d131,https://apnews.com/article/taiwan-china-people-identity-reunification-3dde05f227bb579bf406556c05b1d131
1124387151,2023-08-03,190,OK_ORIGINAL,AMBIGUOUS,MEDIUM,"As Taiwan's government races to counter China, most people aren't worried about war","기사는 대만 정부가 중국의 군사적 위협에 대응하려 한다는 내용을 다루고 있으나, 실제 재래식 무력 사용 사건을 구체적으로 묘사하지 않고 전반적인 군사적 긴장감과 대만 국민들의 인식에 초점을 맞추고 있어 '재래식 무력 사용' 분류와 직접적으로 일치한다고 보기 어렵습니다.",https://apnews.com/article/taiwan-china-people-identity-reunification-3dde05f227bb579bf406556c05b1d131,https://apnews.com/article/taiwan-china-people-identity-reunification-3dde05f227bb579bf406556c05b1d131
1133060026,2023-10-13,190,OK_ORIGINAL,MISMATCH,LOW,US extends TSMC’s waiver for advanced chipmaking gear in China,"해당 기사는 미국이 대만 반도체 기업 TSMC에 대한 첨단 반도체 제조 장비 수출 허가를 연장했다는 내용으로, 양안 군사 사건과는 직접적인 관련이 없으며 재래식 무력 사용과는 더욱 거리가 멉니다.",https://www.scmp.com/tech/tech-war/article/3237801/us-extends-waiver-taiwans-tsmc-bring-advanced-chipmaking-gear-china,https://www.scmp.com/tech/tech-war/article/3237801/us-extends-waiver-taiwans-tsmc-bring-advanced-chipmaking-gear-china
1094357916,2023-04-08,150,OK_ORIGINAL,MATCH,HIGH,China launches three-day military exercises around Taiwan – Archyde,"기사는 중국이 대만 주변에서 3일간 군사 훈련을 시작한다고 명시하고 있으며, 이는 CAMEO 코드 150(군사 태세)에 정확히 부합합니다.",https://www.archyde.com/china-launches-three-day-military-exercises-around-taiwan/,https://www.archyde.com/china-launches-three-day-military-exercises-around-taiwan/
1094345776,2023-04-08,194,OK_ORIGINAL,MATCH,HIGH,China launches drills around Taiwan as 'stern warning',"기사는 중국이 대만 주변에서 '집단 날카로운 검'이라는 이름의 3일간 훈련의 일환으로 라이브 사격 훈련 중 다수의 포탄을 발사했다고 명시하며, 이는 중화기를 동원한 무력 충돌에 해당합니다.",https://www.dw.com/en/china-launches-drills-around-taiwan-as-stern-warning/a-65261971,https://www.dw.com/en/china-launches-drills-around-taiwan-as-stern-warning/a-65261971
1094323511,2023-04-08,150,OK_ORIGINAL,MATCH,HIGH,China begins military drills around Taiwan after US speaker meeting,"기사는 미국 하원의장과 대만 총통의 만남에 대한 대응으로 중국이 대만 주변에서 진행하는 군사 훈련을 보도하고 있으며, 이는 CAMEO 코드 150의 '군사 태세' 정의와 일치합니다.",https://www.theguardian.com/world/2023/apr/08/china-to-hold-military-drills-around-taiwan-after-us-speaker-meeting,https://www.theguardian.com/world/2023/apr/08/china-to-hold-military-drills-around-taiwan-after-us-speaker-meeting
1094331277,2023-04-08,150,NOTFOUND,-,UNVERIFIED,,본문 확보 실패,,https://asia.nikkei.com/Politics/International-relations/Taiwan-tensions/China-announces-drills-around-Taiwan-after-Tsai-meets-U.S.-Speaker
1094348042,2023-04-08,192,OK_ORIGINAL,AMBIGUOUS,MEDIUM,"China launches 42 warplanes, eight ships at Taiwan in military exercises","기사는 중국이 대만을 향해 군사 훈련을 실시한다고 보도하고 있으나, 이는 영토 점령(occupy territory)과는 직접적인 관련이 없으며 훈련의 구체적인 내용이 영토 점령을 시사하는지 명확하지 않습니다.",https://www.9news.com.au/world/china-news-taiwan-military-exercises-drills-south-china-sea-world-news/88d29541-e553-40e6-866d-b07d7ef30ae6,https://www.9news.com.au/world/china-news-taiwan-military-exercises-drills-south-china-sea-world-news/88d29541-e553-40e6-866d-b07d7ef30ae6
1094342902,2023-04-08,194,NOTFOUND,-,UNVERIFIED,,본문 확보 실패,,https://www.streetinsider.com/Reuters/Chinese+warship+starts+live-fire+drills+near+Taiwan/21483423.html
1094342905,2023-04-08,194,OK_ORIGINAL,MATCH,HIGH,Chinese warship starts live-fire drills near Taiwan,"기사는 중국 군함이 대만 인근 해역에서 실탄 사격 훈련을 실시했다는 내용을 다루고 있으며, 이는 GDELT 분류 사건 유형인 '중화기 무력충돌(armed clash, heavy weapons)'과 부합합니다.",https://news.yahoo.com/chinese-warship-starts-live-fire-041258484.html,https://news.yahoo.com/chinese-warship-starts-live-fire-041258484.html
1094394429,2023-04-08,150,OK_ORIGINAL,MATCH,HIGH,Chinese warship starts live-fire drills near Taiwan | News24,"기사는 중국 군함이 대만 근처에서 실탄 사격 훈련을 시작했다는 내용을 다루고 있어, 이는 CAMEO 코드 150 ""군사 태세""에 해당합니다.",https://www.news24.com/news24/World/News/chinese-warship-starts-live-fire-drills-near-taiwan-20230408,https://www.news24.com/news24/World/News/chinese-warship-starts-live-fire-drills-near-taiwan-20230408
1094326915,2023-04-08,150,NOTFOUND,-,UNVERIFIED,,본문 확보 실패,,https://www.usnews.com/news/world/articles/2023-04-07/china-announces-drills-around-taiwan-after-us-speaker-meeting
1094412320,2023-04-08,193,NOTFOUND,-,UNVERIFIED,,본문 확보 실패,,https://hungary.postsen.com/world/147848/China-started-shooting-in-the-Taiwan-Strait-in-revenge.html
1094326916,2023-04-08,150,NOTFOUND,-,UNVERIFIED,,본문 확보 실패,,https://www.usnews.com/news/world/articles/2023-04-07/china-announces-drills-around-taiwan-after-us-speaker-meeting
1094368557,2023-04-08,150,OK_ORIGINAL,MATCH,HIGH,Seventy-one Chinese planes cross Taiwan Strait median line as Beijing kicks off military drills,"기사는 중국의 대만 주변 군사 훈련을 자세히 설명하며, 이는 CAMEO 코드 150인 '군사 태세'에 해당합니다.",https://www.abc.net.au/news/2023-04-08/china-begins-drills-around-taiwan-after-us-speaker-meeting/102202400,https://www.abc.net.au/news/2023-04-08/china-begins-drills-around-taiwan-after-us-speaker-meeting/102202400
1094412335,2023-04-08,150,NOTFOUND,-,UNVERIFIED,,본문 확보 실패,,https://hungary.postsen.com/world/147848/China-started-shooting-in-the-Taiwan-Strait-in-revenge.html
1094342906,2023-04-08,194,OK_ORIGINAL,MATCH,HIGH,Chinese warship starts live-fire drills near Taiwan,"기사는 중국 군함이 대만 해협 인근에서 실탄 훈련을 실시하고 있으며, 이는 중화기 무력충돌에 해당하는 사건입니다.",https://news.yahoo.com/chinese-warship-starts-live-fire-041258484.html,https://news.yahoo.com/chinese-warship-starts-live-fire-041258484.html
1094319693,2023-04-08,150,OK_ORIGINAL,MATCH,HIGH,Chinese planes cross Taiwan Strait median line as angry China starts drills,"기사는 중국의 대만 해협에서의 군사 훈련 및 항공기 도발을 상세히 보도하고 있으며, 이는 CAMEO 코드 150 '군사 태세'에 해당합니다.",https://news.yahoo.com/china-announces-drills-around-taiwan-005104364.html,https://news.yahoo.com/china-announces-drills-around-taiwan-005104364.html
1094321660,2023-04-08,194,NOTFOUND,-,UNVERIFIED,,본문 확보 실패,,https://www.reuters.com/world/china-announces-drills-around-taiwan-after-us-speaker-meeting-2023-04-08/
1094325196,2023-04-08,150,EMPTY,-,UNVERIFIED,,본문 확보 실패,,https://www.msn.com/en-au/news/world/pelosi-leaves-taiwan-as-china-accused-of-invading-territory-in-show-of-force/ar-AA10fr5o
1094336487,2023-04-08,150,NOTFOUND,-,UNVERIFIED,,본문 확보 실패,,https://www.arabnews.com/node/2283271/world
1094336489,2023-04-08,194,OK_ORIGINAL,MATCH,HIGH,Seventy-one Chinese planes cross Taiwan Strait median line as Beijing kicks off military drills,"기사는 중국의 대규모 군사 훈련과 대만 해협 중간선 통과를 다루고 있으며, 중국 군함이 실제 포격 훈련을 실시했다는 내용이 포함되어 CAMEO 코드 194(중화기 무력충돌)와 일치합니다.",https://www.abc.net.au/news/2023-04-08/china-announces-drills-around-taiwan-after-us-speaker-meeting/102202400,https://www.abc.net.au/news/2023-04-08/china-announces-drills-around-taiwan-after-us-speaker-meeting/102202400
1094378048,2023-04-08,150,OK_ORIGINAL,MATCH,HIGH,Chinese army encircles Taiwan on 1st day of 3-day military drill,"기사는 중국의 대만 포위 군사 훈련을 설명하며, 이는 CAMEO 코드 150인 '군사 태세' 활동에 해당합니다.",https://www.aa.com.tr/en/asia-pacific/chinese-army-encircles-taiwan-on-1st-day-of-3-day-military-drill/2866952,https://www.aa.com.tr/en/asia-pacific/chinese-army-encircles-taiwan-on-1st-day-of-3-day-military-drill/2866952
1094390566,2023-04-08,151,OK_ORIGINAL,MISMATCH,LOW,Taiwanese Keep On Dancing In The Shadow Of China Drills,"기사는 중국의 대규모 군사 훈련 주변에서 춤을 추는 대만 대학생들에 관한 내용으로, 경계 수준 강화와 직접적으로 관련되기보다는 사건에 대한 대만 주민들의 일상적인 반응을 묘사하고 있습니다.",https://www.ibtimes.com/taiwanese-keep-dancing-shadow-china-drills-3684332,https://www.ibtimes.com/taiwanese-keep-dancing-shadow-china-drills-3684332
1094388748,2023-04-08,190,OK_ORIGINAL,MATCH,HIGH,ABCOTV App Shell,"기사는 중국이 대만 주변에서 실시하는 군사 훈련을 상세히 설명하고 있으며, 이는 재래식 무력을 사용하는 군사 사건으로 분류될 수 있습니다.",https://abc7news.com/china-starts-3-days-of-combat-readiness-patrol-exercises-around-taiwan/13101545/,https://abc7news.com/china-starts-3-days-of-combat-readiness-patrol-exercises-around-taiwan/13101545/
1094331274,2023-04-08,150,OK_ORIGINAL,MATCH,HIGH,China begins three days of military drills in Taiwan Strait,"기사는 중국이 대만 주변에서 군사 훈련을 실시한다고 명시하고 있으며, 이는 CAMEO 코드 150(군사 태세)의 정의와 일치합니다.",https://www.aljazeera.com/news/2023/4/8/china-begins-three-days-of-military-drills-in-taiwan-strait,https://www.aljazeera.com/news/2023/4/8/china-begins-three-days-of-military-drills-in-taiwan-strait
1094321656,2023-04-08,150,NOTFOUND,-,UNVERIFIED,,본문 확보 실패,,https://www.reuters.com/world/china-announces-drills-around-taiwan-after-us-speaker-meeting-2023-04-08/
1094321655,2023-04-08,150,NOTFOUND,-,UNVERIFIED,,본문 확보 실패,,https://www.reuters.com/world/china-announces-drills-around-taiwan-after-us-speaker-meeting-2023-04-08/
1060848772,2022-08-30,193,OK_ORIGINAL,AMBIGUOUS,MEDIUM,Tensions Mount as Taiwan Fires on Chinese Drone for the First Time,"기사에서 대만군이 중국 드론에 경고 사격을 가했지만, 이는 소형화기 충돌로 분류하기에는 직접적인 교전 상황이 아닌 경고 사격으로 묘사되어 명확한 일치 여부가 불분명합니다.",https://pjmedia.com/news-and-politics/kevindowneyjr/2022/08/30/tensions-flare-as-taiwan-fires-on-chinese-drone-for-the-first-time-n1625266,https://pjmedia.com/news-and-politics/kevindowneyjr/2022/08/30/tensions-flare-as-taiwan-fires-on-chinese-drone-for-the-first-time-n1625266
1060817903,2022-08-30,193,OK_ORIGINAL,MATCH,HIGH,Taiwan's Armed Forces fire warning shots at Chinese drone for first time,"기사에서 대만 군대가 중국 드론에 경고 사격을 가한 사건을 설명하고 있으며, 이는 소형 화기 충돌(small-arms clash)로 분류될 수 있는 양안 군사 사건에 해당합니다.",https://news.am/eng/news/717949.html,https://news.am/eng/news/717949.html
1060817912,2022-08-30,193,OK_ORIGINAL,MATCH,HIGH,Taiwan's Armed Forces fire warning shots at Chinese drone for first time,"기사는 대만 군대가 중국 드론에 경고 사격을 가한 사건을 보도하고 있으며, 이는 소형화기 충돌이라는 GDELT 분류와 일치합니다.",https://news.am/eng/news/717949.html,https://news.am/eng/news/717949.html
1060808939,2022-08-30,193,OK_ORIGINAL,MISMATCH,LOW,Taiwan fires warning shots at China drone,"기사는 대만군이 중국 드론에 경고 사격을 가한 사건을 다루고 있으며, 이는 소형화기 충돌보다는 경고 및 위협에 가까운 사건 유형으로 분류되어야 합니다.",https://www.sheppnews.com.au/world/taiwan-fires-warning-shots-at-china-drone/,https://www.sheppnews.com.au/world/taiwan-fires-warning-shots-at-china-drone/
1060746052,2022-08-30,150,OK_ORIGINAL,MISMATCH,LOW,Wong visits Papua New Guinea and champions 'important' relationship,"기사는 호주 외교부 장관의 파푸아뉴기니 방문과 중국과의 관계를 다루고 있으며, 양안 군사 사건으로 직접적으로 분류되지 않았습니다.",https://www.skynews.com.au/australia-news/politics/penny-wong-emphasises-australias-important-partnership-with-png-amid-fears-over-chinas-influence-in-pacific-region/news-story/035f81d359183b70a09b5e8eb292989f,https://www.skynews.com.au/australia-news/politics/penny-wong-emphasises-australias-important-partnership-with-png-amid-fears-over-chinas-influence-in-pacific-region/news-story/035f81d359183b70a09b5e8eb292989f
1060749469,2022-08-30,193,OK_ORIGINAL,AMBIGUOUS,MEDIUM,Taiwan threatens to shoot down Chinese drones following further incursions,"기사 내용은 중국 드론의 대만 영공 침범과 이에 대한 대만의 대응 방침을 다루고 있으나, GDELT 분류인 '소형화기 충돌'과 직접적으로 일치하는 무력 충돌보다는 경고 및 격추 의사 표명에 초점이 맞춰져 있어 명확히 일치한다고 보기 어렵습니다.",https://www.rfa.org/english/news/china/taiwan-threatens-to-shoot-down-drones-08302022025101.html,https://www.rfa.org/english/news/china/taiwan-threatens-to-shoot-down-drones-08302022025101.html
1060804057,2022-08-30,193,OK_ORIGINAL,MATCH,HIGH,Taiwan Reportedly Fired Warning Shots On Chinese Drone Just A Day After Its Announced Ultimatum | the deep dive,"기사는 대만이 중국 드론에 경고 사격을 가한 양안 군사 사건을 다루고 있으며, 이는 소형화기 충돌(small-arms clash)과 일치합니다.",https://thedeepdive.ca/taiwan-reportedly-fired-warning-shots-on-chinese-drone-just-a-day-after-its-announced-ultimatum/,https://thedeepdive.ca/taiwan-reportedly-fired-warning-shots-on-chinese-drone-just-a-day-after-its-announced-ultimatum/
1060846953,2022-08-30,190,OK_ORIGINAL,MATCH,HIGH,Taiwan fires live rounds at Chinese drones 'for first time',"기사는 대만 군이 중국 드론에 실탄 경고 사격을 가했다는 내용을 담고 있어, CAMEO 코드 190 (재래식 무력 사용)과 일치합니다.",https://www.taiwansun.com/news/272695227/taiwan-fires-live-rounds-at-chinese-drones-for-first-time,https://www.taiwansun.com/news/272695227/taiwan-fires-live-rounds-at-chinese-drones-for-first-time
1060813368,2022-08-30,193,OK_ORIGINAL,MATCH,HIGH,Taiwan fires warning shots at Chinese drone - Worldnews.com,"기사는 대만 군이 중국 드론에 경고 사격을 했다는 내용을 다루고 있어, 소형 화기 충돌이라는 분류 유형과 일치합니다.",https://article.wn.com/view/2022/08/30/Taiwan_fires_warning_shots_at_Chinese_drone/,https://article.wn.com/view/2022/08/30/Taiwan_fires_warning_shots_at_Chinese_drone/
1060846955,2022-08-30,193,OK_ORIGINAL,MATCH,HIGH,Taiwan fires live rounds at Chinese drones 'for first time',"기사는 대만이 중국 드론에 실탄 경고 사격을 가한 사건을 다루고 있으며, 이는 소형화기 충돌로 분류된 CAMEO 코드 193과 일치합니다.",https://www.taiwansun.com/news/272695227/taiwan-fires-live-rounds-at-chinese-drones-for-first-time,https://www.taiwansun.com/news/272695227/taiwan-fires-live-rounds-at-chinese-drones-for-first-time
1060746048,2022-08-30,150,OK_ORIGINAL,MISMATCH,LOW,Taiwan appeals to Australia for closer trade ties,"이 기사는 대만과 호주 간의 무역 관계에 관한 내용으로, 양안 군사 사건과는 관련이 없습니다.",https://www.afr.com/world/asia/taiwan-appeals-to-australia-for-closer-trade-ties-20220829-p5bdiu,https://www.afr.com/world/asia/taiwan-appeals-to-australia-for-closer-trade-ties-20220829-p5bdiu
1060778383,2022-08-30,193,OK_ORIGINAL,MISMATCH,LOW,RUSSIA La crisi economica del Baskortostan,"기사는 러시아 바슈코르토스탄의 경제 위기와 관련된 내용이며, 중국-대만 간의 군사 사건이나 소형화기 충돌과는 전혀 관련이 없습니다.",https://www.asianews.it/news-en/Beijing-unleashes-drone-,https://www.asianews.it/news-en/Beijing-unleashes-drone-
1060846954,2022-08-30,190,OK_ORIGINAL,MATCH,HIGH,Taiwan fires live rounds at Chinese drones 'for first time',"기사는 대만이 중국 드론에 실탄 경고 사격을 가한 사건을 보도하며, 이는 재래식 무력 사용에 해당합니다.",https://www.taiwansun.com/news/272696296/taiwan-fires-live-rounds-at-chinese-drones-for-first-time,https://www.taiwansun.com/news/272696296/taiwan-fires-live-rounds-at-chinese-drones-for-first-time
1092468783,2023-03-31,190,OK_ORIGINAL,MISMATCH,LOW,Ma Ying-jeou lauds mainland's COVID-19 response efforts - People's Daily Online,"이 기사는 COVID-19 대응에 대한 전직 지도자의 방문에 관한 것으로, 재래식 무력 사용과는 관련이 없습니다.",http://en.people.cn/n3/2023/0331/c90000-10230050.html,http://en.people.cn/n3/2023/0331/c90000-10230050.html
1092594895,2023-03-31,190,OK_ORIGINAL,MATCH,HIGH,China stages combat patrols over Taiwan Strait amid Tsai’s US visit: Report,"기사는 중국 항공기가 대만해협 중간선을 넘어 전투 준비 순찰을 실시한 사건을 보도하며, 이는 재래식 무력 사용에 해당하므로 CAMEO 코드 190에 부합합니다.",https://www.presstv.ir/Detail/2023/03/31/700731/Chinese-aircraft-combat-patrols-Taiwan-Strait-,https://www.presstv.ir/Detail/2023/03/31/700731/Chinese-aircraft-combat-patrols-Taiwan-Strait-
1193374369,2024-08-19,190,OK_ORIGINAL,MISMATCH,LOW,"Aug 2024: Chinese and Philippine ships collide again in disputed waters, and the countries are trading blame","기사는 중국과 필리핀 간의 해상 충돌을 다루고 있으며, GDELT가 분류한 양안(중국-대만) 군사 사건과는 관련이 없습니다.",https://www.winnipegfreepress.com/world/2024/08/18/china-accuses-the-philippines-of-deliberately-crashing-one-of-its-ships-into-a-chinese-vessel,https://www.winnipegfreepress.com/world/2024/08/18/china-accuses-the-philippines-of-deliberately-crashing-one-of-its-ships-into-a-chinese-vessel
1193375386,2024-08-19,190,OK_WAYBACK,MISMATCH,LOW,"Chinese and Philippine ships collide again in disputed waters, and the countries are trading blame","해당 기사는 중국과 필리핀 간의 해상 충돌을 다루고 있으며, GDELT 분류 사건 유형인 '재래식 무력 사용'과 양안 군사 사건으로 분류된 것과 일치하지 않습니다.",http://web.archive.org/web/20240820015830/https://abcnews.go.com/International/wireStory/china-accuses-philippines-deliberately-crashing-ships-chinese-vessel-112936283,https://abcnews.go.com/International/wireStory/china-accuses-philippines-deliberately-crashing-ships-chinese-vessel-112936283
1193541991,2024-08-19,150,OK_ORIGINAL,MATCH,HIGH,"Taiwan warned: CCP plans brutal takeover, ‘death penalty and trial in absentia’ for dissenters","기사는 중국의 대만 침공 계획과 이에 따른 가혹한 조치를 다루고 있어, 이는 군사적 위협과 잠재적 무력 충돌을 시사하는 군사 태세에 해당합니다.",https://www.worldtribune.com/taiwan-warned-ccp-plans-brutal-takeover-death-penalty-and-trial-in-absentia-for-dissenters/,https://www.worldtribune.com/taiwan-warned-ccp-plans-brutal-takeover-death-penalty-and-trial-in-absentia-for-dissenters/
1061244133,2022-09-02,193,OK_WAYBACK,AMBIGUOUS,MEDIUM,China accuses Taiwan's ruling party of attempting to hype tensions after drone shooting,"기사는 대만 군대가 드론을 격추한 사건을 다루고 있지만, '소형화기 충돌'이라는 GDELT 분류와는 직접적으로 일치하지 않아 애매합니다.",http://web.archive.org/web/20220902082055/https://gazette.com/news/us-world/china-accuses-taiwans-ruling-party-of-attempting-to-hype-tensions-after-drone-shooting/article_da141b7f-d3a9-5aa8-8717-d51d98d3c277.html,https://gazette.com/news/us-world/china-accuses-taiwans-ruling-party-of-attempting-to-hype-tensions-after-drone-shooting/article_da141b7f-d3a9-5aa8-8717-d51d98d3c277.html
1061204976,2022-09-02,193,OK_ORIGINAL,MISMATCH,LOW,Taiwan shoots down drone for first time off Chinese coast,"기사는 대만 군대가 민간 드론을 격추한 사건을 다루고 있으며, 이는 소형화기 충돌로 분류된 CAMEO 코드 193과 일치하지 않습니다.",https://www.1470wmbd.com/2022/09/01/taiwan-shoots-down-drone-for-first-time-off-chinese-coast/,https://www.1470wmbd.com/2022/09/01/taiwan-shoots-down-drone-for-first-time-off-chinese-coast/
1061216257,2022-09-02,193,OK_ORIGINAL,AMBIGUOUS,MEDIUM,"Taiwan shooting down drone near China was ‘appropriate’, premier says","기사는 대만 드론 격추 사건을 다루고 있지만, '소형화기 충돌'보다는 드론 자체를 격추한 사건에 해당하여 CAMEO 코드 193에 명확하게 부합한다고 보기 어렵습니다.",https://www.malaymail.com/news/world/2022/09/02/taiwan-shooting-down-drone-near-china-was-appropriate-premier-says/26083,https://www.malaymail.com/news/world/2022/09/02/taiwan-shooting-down-drone-near-china-was-appropriate-premier-says/26083
1061223851,2022-09-02,193,OK_ORIGINAL,MATCH,HIGH,"Taiwan shooting down drone near China was 'appropriate', premier says","기사는 대만 군이 중국 해안 근처에서 드론을 격추한 사건을 다루고 있으며, 이는 CAMEO 코드 193 (소형 무기 충돌)의 정의에 부합하는 군사적 충돌입니다.",https://www.thestandard.com.hk/breaking-news/section/3/194225/Taiwan-shooting-down-drone-near-China-was-,https://www.thestandard.com.hk/breaking-news/section/3/194225/Taiwan-shooting-down-drone-near-China-was-
1061229155,2022-09-02,193,OK_ORIGINAL,AMBIGUOUS,MEDIUM,Taiwan premier says drone shot down near China was ‘appropriate’,"기사는 대만과 중국 간의 군사적 긴장을 다루고 있으나, '소형화기 충돌'이라는 분류 유형은 드론을 격추한 사건에 직접적으로 부합하지 않으며, 대만 측에서 경고와 함께 '자위권 행사'로 격추했다고 설명하고 있습니다.",https://www.aljazeera.com/news/2022/9/2/taiwan-premier-says-drone-shot-down-near-china-was-appropriate,https://www.aljazeera.com/news/2022/9/2/taiwan-premier-says-drone-shot-down-near-china-was-appropriate
1061296824,2022-09-02,150,OK_WAYBACK,MATCH,MEDIUM,China has gone 'mad for drones' and is using them to keep up the pressure on Taiwan's remote military outposts,"기사는 중국이 대만을 대상으로 드론을 사용하여 군사적 압박을 가하는 행위를 다루고 있으며, 이는 '군사 태세'라는 CAMEO 코드 150의 정의와 일치합니다.",http://web.archive.org/web/20220902195406/https://www.msn.com/en-us/news/world/china-has-gone-mad-for-drones-and-is-using-them-to-keep-up-the-pressure-on-taiwan-s-remote-military-outposts/ar-AA11oD6c,http://www.msn.com/en-us/news/world/china-has-gone-mad-for-drones-and-is-using-them-to-keep-up-the-pressure-on-taiwan-s-remote-military-outposts/ar-AA11oD6c
1061223853,2022-09-02,193,OK_ORIGINAL,AMBIGUOUS,MEDIUM,"Taiwan shooting down drone near China was 'appropriate', premier says","기사는 양안 군사 사건을 다루고 있지만, 드론 격추는 소형화기 충돌보다는 항공 방어 또는 영공 침해 대응에 더 가깝기 때문에 분류 유형과의 일치 여부가 애매합니다.",https://www.thestandard.com.hk/breaking-news/section/3/194225/Taiwan-shooting-down-drone-near-China-was-,https://www.thestandard.com.hk/breaking-news/section/3/194225/Taiwan-shooting-down-drone-near-China-was-
1061204351,2022-09-02,193,NOTFOUND,-,UNVERIFIED,,본문 확보 실패,,https://english.chosun.com/site/data/html_dir/2022/09/02/2022090200471.html
1061223429,2022-09-02,193,OK_ORIGINAL,MATCH,HIGH,"Taiwan shooting down drone near China was 'appropriate', premier says","기사에서는 대만 군이 중국 해안 근처의 드론을 격추한 사건을 다루고 있으며, 이는 소형 무기 충돌의 한 형태로 볼 수 있습니다.",https://www.thestandard.com.hk/breaking-news/section/3/194225/Taiwan-shooting-down-drone-near-China-was-,https://www.thestandard.com.hk/breaking-news/section/3/194225/Taiwan-shooting-down-drone-near-China-was-
1061296825,2022-09-02,150,OK_WAYBACK,MATCH,MEDIUM,China has gone 'mad for drones' and is using them to keep up the pressure on Taiwan's remote military outposts,"기사는 중국이 대만 주변에서 드론을 사용하여 군사적 압력을 가하는 상황을 설명하며, 이는 '군사 태세'로 분류될 수 있습니다.",http://web.archive.org/web/20220902195406/https://www.msn.com/en-us/news/world/china-has-gone-mad-for-drones-and-is-using-them-to-keep-up-the-pressure-on-taiwan-s-remote-military-outposts/ar-AA11oD6c,http://www.msn.com/en-us/news/world/china-has-gone-mad-for-drones-and-is-using-them-to-keep-up-the-pressure-on-taiwan-s-remote-military-outposts/ar-AA11oD6c
1061204048,2022-08-03,194,NOTFOUND,-,UNVERIFIED,,본문 확보 실패,,https://japantoday.com/category/world/taiwanese-troops-shoot-down-drone-over-island-outpost
1061204977,2022-09-02,193,EMPTY,-,UNVERIFIED,,본문 확보 실패,,http://www.msn.com/en-us/news/world/taiwan-makes-good-on-threat-to-shoot-down-intruding-chinese-drones/ar-AA11mWpe
1115376017,2023-07-17,150,NOTFOUND,-,UNVERIFIED,,본문 확보 실패,,https://www.myplainview.com/news/world/article/china-criticizes-the-upcoming-us-visit-of-18204134.php
1281747142,2026-01-01,150,OK_WAYBACK,MATCH,MEDIUM,Pentagon: China’s DF-27 Hypersonic Missile Threatens US Pacific Assets,"기사는 중국의 새로운 극초음속 미사일 배치로 인한 미국 자산 위협을 다루고 있으며, 이는 양안 간의 군사력 증강과 관련된 '군사 태세'로 분류될 수 있습니다.",http://web.archive.org/web/20260101204826/https://www.webpronews.com/pentagon-chinas-df-27-hypersonic-missile-threatens-us-pacific-assets/,https://www.webpronews.com/pentagon-chinas-df-27-hypersonic-missile-threatens-us-pacific-assets/
1281753295,2026-01-01,150,OK_WAYBACK,MATCH,MEDIUM,Taiwan's president vows to defend sovereignty after China drills,기사 내용은 중국의 대규모 군사 훈련과 대만의 주권 수호 의지를 다루고 있어 GDELT의 '군사 태세' 분류와 일치합니다.,http://web.archive.org/web/20260101214302/https://www.sanfordherald.com/news/national/taiwans-president-vows-to-defend-sovereignty-after-china-drills/article_62d3b95b-57da-5dee-b909-476931383a76.html,https://www.sanfordherald.com/news/national/taiwans-president-vows-to-defend-sovereignty-after-china-drills/article_62d3b95b-57da-5dee-b909-476931383a76.html
1281758208,2026-01-01,151,OK_ORIGINAL,MATCH,HIGH,Taiwan vows to defend sovereignty after China’s military drill - Taipei Times,"기사는 중국의 군사 훈련에 대한 대만의 대응을 다루고 있으며, 이는 경계 수준 강화라는 분류 유형과 일치합니다.",https://www.taipeitimes.com/News/front/archives/2026/01/01/2003849885,https://www.taipeitimes.com/News/front/archives/2026/01/01/2003849885
1281747144,2026-01-01,150,OK_ORIGINAL,MISMATCH,LOW,BizToc,"이 기사는 미국과 이란 간의 군사적 충돌에 대해 다루고 있으며, 대만과 관련된 양안 군사 사건이 아닙니다.",https://biztoc.com/x/12dd812dc50033cb,https://biztoc.com/x/12dd812dc50033cb
1205505983,2024-10-22,150,OK_ORIGINAL,MATCH,HIGH,Xi Jinping calls to prepare for war as China launches live-fire exercise in Taiwan Strait,기사에서 시진핑 주석이 전쟁 준비를 촉구하며 대만 해협에서 실사격 훈련을 실시했다는 내용은 CAMEO 코드 150인 군사 태세와 일치합니다.,https://www.thehindu.com/news/international/xi-jinping-calls-to-prepare-for-war-as-china-launches-live-fire-exercise-in-taiwan-strait/article68781757.ece,https://www.thehindu.com/news/international/xi-jinping-calls-to-prepare-for-war-as-china-launches-live-fire-exercise-in-taiwan-strait/article68781757.ece
1205574151,2024-10-22,190,NOTFOUND,-,UNVERIFIED,,본문 확보 실패,,https://www.newsweek.com/china-holds-live-fire-drills-opposite-taiwan-punishment-1972717
1205499931,2024-10-22,150,OK_ORIGINAL,MATCH,HIGH,China conducts live-fire drills in Taiwan Strait  | News.az,"기사 제목과 본문 내용 모두 중국이 대만 해협에서 실탄 사격을 포함한 군사 훈련을 실시하고 있음을 명확히 언급하며, 이는 CAMEO 코드 150 '군사 태세'에 부합합니다.",https://news.az/news/china-conducts-live-fire-drills-in-taiwan-strait,https://news.az/news/china-conducts-live-fire-drills-in-taiwan-strait
1205499932,2024-10-22,150,OK_ORIGINAL,MATCH,HIGH,China conducts live-fire drills in Taiwan Strait  | News.az,"기사에서 중국 군대가 대만 해협에서 실탄 사격 훈련을 실시했다고 명시하고 있으며, 이는 GDELT의 '군사 태세' 분류와 직접적으로 일치합니다.",https://news.az/news/china-conducts-live-fire-drills-in-taiwan-strait,https://news.az/news/china-conducts-live-fire-drills-in-taiwan-strait
1096063325,2023-04-16,150,OK_ORIGINAL,MISMATCH,LOW,"With Xi At The Helm, China Positions Itself As Global Powerbroker","이 기사는 중국의 국제적 위상 강화에 대한 내용으로, 양안 군사 사건이나 군사 태세와는 관련이 없습니다.",https://menafn.com/1106019020/With-Xi-At-The-Helm-China-Positions-Itself-As-Global-Powerbroker,https://menafn.com/1106019020/With-Xi-At-The-Helm-China-Positions-Itself-As-Global-Powerbroker
1096071395,2023-04-16,194,OK_WAYBACK,AMBIGUOUS,MEDIUM,Flights out of Taipei delayed after China launches satellite,"기사는 중국과 대만 간의 긴장 상황을 설명하지만, 위성 발사가 중화기를 사용한 직접적인 무력 충돌에 해당하지는 않습니다.",http://web.archive.org/web/20230417050121/https://www.thestar.com/news/world/asia/2023/04/16/flights-out-of-taipei-delayed-after-china-launches-satellite.html,https://www.thestar.com/news/world/asia/2023/04/16/flights-out-of-taipei-delayed-after-china-launches-satellite.html
1096074248,2023-04-16,194,OK_ORIGINAL,AMBIGUOUS,MEDIUM,Flights out of Taipei delayed after China launches satellite,"기사는 중국의 인공위성 발사로 인한 항공편 지연과 대만 해협의 긴장을 다루고 있지만, '중화기 무력충돌'이라는 GDELT 분류와 직접적으로 부합하는 무력 충돌 사건을 묘사하고 있지는 않습니다.",https://www.sandiegouniontribune.com/news/nation-world/story/2023-04-15/flights-out-of-taipei-delayed-after-china-launches-satellite,https://www.sandiegouniontribune.com/news/nation-world/story/2023-04-15/flights-out-of-taipei-delayed-after-china-launches-satellite
1096124783,2023-04-16,195,OK_ORIGINAL,MATCH,HIGH,"China likely to establish air superiority very rapidly in any attack on Taiwan, US leaks say","기사는 중국이 대만에 공격할 경우 공중 우위를 신속하게 확보할 것이라는 내용을 다루고 있으며, 이는 CAMEO 코드 195(공중무기 사용)와 직접적으로 관련됩니다.",https://www.prokerala.com/news/articles/a1410855.html,https://www.prokerala.com/news/articles/a1410855.html
1096157521,2023-04-16,150,OK_WAYBACK,MATCH,MEDIUM,The remains of the rocket also fell into the sea (PHOTO),"기사는 중국이 대만 인근 해상에 로켓 잔해를 떨어뜨린 사건과 함께 대규모 군사 훈련을 실시하고 '대만 섬의 주요 표적'에 대한 공격을 시뮬레이션했다고 보도하여, 군사적 태세를 나타내는 CAMEO 코드 150과 일치합니다.",http://web.archive.org/web/20230515200604/https://slovenia.postsen.com/news/98712/The-remains-of-the-rocket-also-fell-into-the-sea-PHOTO.html,https://slovenia.postsen.com/news/98712/The-remains-of-the-rocket-also-fell-into-the-sea-PHOTO.html
1096157523,2023-04-16,192,OK_ORIGINAL,AMBIGUOUS,MEDIUM,Beijing would take early control of Taiwanese skies - Pentagon leaks,"기사는 잠재적인 양안 군사 충돌 시 대만의 공중 우위 확보 가능성에 대해 논하고 있지만, 실제 영토 점령 사건을 직접적으로 묘사하고 있지는 않아 CAMEO 코드 192와 명확히 일치한다고 보기 어렵습니다.",https://www.beijingbulletin.com/news/273751210/beijing-would-take-early-control-of-taiwanese-skies---pentagon-leaks,https://www.beijingbulletin.com/news/273751210/beijing-would-take-early-control-of-taiwanese-skies---pentagon-leaks
1096157524,2023-04-16,192,OK_ORIGINAL,AMBIGUOUS,MEDIUM,Beijing would take early control of Taiwanese skies - Pentagon leaks,"기사는 중국과 대만 간의 잠재적 군사 충돌 시나리오에 대해 논하고 있지만, '영토 점령'이라는 구체적인 사건 유형보다는 대만의 공중 우위 확보 가능성에 초점을 맞추고 있어 분류 유형과의 직접적인 일치 여부가 불분명합니다.",https://www.beijingbulletin.com/news/273751210/beijing-would-take-early-control-of-taiwanese-skies---pentagon-leaks,https://www.beijingbulletin.com/news/273751210/beijing-would-take-early-control-of-taiwanese-skies---pentagon-leaks
542173244,2016-05-20,150,OK_WAYBACK,MATCH,MEDIUM,Inaugural manoeuvres: China v China,"기사는 중국과 대만 간의 군사 훈련을 설명하며, 이는 '군사 태세'라는 CAMEO 코드 150의 정의와 일치합니다.",http://web.archive.org/web/20160521150843/https://espresso.economist.com/3b9d6e5e779c8f46c5765c194a04b59a,https://espresso.economist.com/3b9d6e5e779c8f46c5765c194a04b59a
542192085,2016-05-20,190,OK_ORIGINAL,MISMATCH,LOW,Findlaw Legal Blogs - FindLaw,"제공된 기사 내용은 법률 블로그 소개 및 엘론 머스크의 소셜 미디어 게시물과 관련된 법적 소송에 대한 내용으로, 양안 군사 사건과는 전혀 관련이 없습니다.",http://news.findlaw.com/apnews/ed3c65a9a0204c1f8219736d78af0133,http://news.findlaw.com/apnews/ed3c65a9a0204c1f8219736d78af0133
542112360,2016-05-20,190,OK_ORIGINAL,AMBIGUOUS,MEDIUM,"Taiwan | Leader faces thornier ties with China, growth woes | MACAU DAILY TIMES 澳門每日時報","기사는 중국의 대만에 대한 압력 증가를 언급하지만, 이는 군사 훈련을 포함할 수 있는 포괄적인 압박의 일부이며, 직접적인 재래식 무력 사용을 묘사하지는 않아 분류 유형과 명확히 일치한다고 보기 어렵습니다.",http://macaudailytimes.com.mo/taiwan-leader-faces-thornier-ties-china-growth-woes.html,http://macaudailytimes.com.mo/taiwan-leader-faces-thornier-ties-china-growth-woes.html
542193118,2016-05-20,190,OK_ORIGINAL,MISMATCH,LOW,Findlaw Legal Blogs - FindLaw,"제시된 기사는 법률 블로그의 일반적인 내용이며, 양안 군사 사건과는 전혀 관련이 없습니다.",http://news.findlaw.com/apnews/ed3c65a9a0204c1f8219736d78af0133,http://news.findlaw.com/apnews/ed3c65a9a0204c1f8219736d78af0133
542192084,2016-05-20,150,OK_ORIGINAL,MISMATCH,LOW,Findlaw Legal Blogs - FindLaw,"이 기사는 Elon Musk의 소셜 미디어 게시물과 관련된 법적 소송에 대한 내용을 다루고 있으며, 양안 군사 사건과는 전혀 관련이 없습니다.",http://news.findlaw.com/apnews/ed3c65a9a0204c1f8219736d78af0133,http://news.findlaw.com/apnews/ed3c65a9a0204c1f8219736d78af0133
542192086,2016-05-20,190,OK_ORIGINAL,MISMATCH,LOW,Findlaw Legal Blogs - FindLaw,"이 기사는 법률 블로그에 게시된 글로, Elon Musk의 소셜 미디어 게시물과 관련된 법적 사건에 대한 내용을 다루고 있으며, 양안 군사 사건과는 전혀 관련이 없습니다.",http://news.findlaw.com/apnews/ed3c65a9a0204c1f8219736d78af0133,http://news.findlaw.com/apnews/ed3c65a9a0204c1f8219736d78af0133
542193119,2016-05-20,190,OK_ORIGINAL,MISMATCH,LOW,Findlaw Legal Blogs - FindLaw,"제공된 기사는 법률 블로그 소개 및 텍스트 일부를 포함하고 있으며, 이는 양안 군사 사건과는 전혀 관련이 없습니다.",http://news.findlaw.com/apnews/ed3c65a9a0204c1f8219736d78af0133,http://news.findlaw.com/apnews/ed3c65a9a0204c1f8219736d78af0133
1265783165,2025-09-29,190,NOTFOUND,-,UNVERIFIED,,본문 확보 실패,,https://www.samsunhaber.tc/haberler/41716/tayvani-tehdit-eden-fuzeler/
1153951706,2024-01-26,190,OK_WAYBACK,MATCH,MEDIUM,Taiwan reports Chinese 'combat patrols' ahead of China-US talks,"기사는 대만 방위부가 중국 전투기 23대의 대만 주변 작전과 중국 군함과의 '연합 전투 준비 순찰'을 감지했다고 보도하며, 이는 CAMEO 코드 190인 '재래식 무력 사용'에 해당합니다.",http://web.archive.org/web/20240126114052/https://www.marketscreener.com/news/latest/Taiwan-reports-Chinese-combat-patrols-ahead-of-China-US-talks-45820987/,https://www.marketscreener.com/news/latest/Taiwan-reports-Chinese-combat-patrols-ahead-of-China-US-talks-45820987/
1198335664,2024-09-14,192,OK_ORIGINAL,MATCH,HIGH,China could seize control of Taiwan’s offshore Kinmen Islands within 6 months: Report,"기사는 중국이 대만의 킨먼 섬을 점령할 가능성을 다루고 있으며, 이는 '영토 점령'이라는 CAMEO 코드 192의 정의와 일치합니다.",https://theindependent.co.zw/international/article/200032319/china-could-seize-control-of-taiwans-offshore-kinmen-islands-within-6-months-report,https://theindependent.co.zw/international/article/200032319/china-could-seize-control-of-taiwans-offshore-kinmen-islands-within-6-months-report
1198306248,2024-09-14,192,OK_ORIGINAL,MISMATCH,LOW,Chinese man found crossing into Taiwan waters to face judicial investigation - Focus Taiwan,"기사는 대만 영해 진입을 시도한 중국 남성에 대한 내용으로, GDELT의 '영토 점령(occupy territory)' 유형과는 직접적인 관련이 없습니다.",https://focustaiwan.tw:443/cross-strait/202409140006,https://focustaiwan.tw:443/cross-strait/202409140006
1200287163,2024-09-25,150,NOTFOUND,-,UNVERIFIED,,본문 확보 실패,,https://lasvegassun.com/news/2024/sep/24/china-test-fires-an-intercontinental-ballistic-mis/
1200252655,2024-09-25,150,OK_WAYBACK,AMBIGUOUS,MEDIUM,China test-fires an intercontinental ballistic missile into the Pacific Ocean,"기사는 중국의 ICBM 발사라는 군사적 행위를 다루고 있으나, '군사 태세'보다는 실제 무기 시험 발사에 더 가깝다고 볼 수 있습니다.",http://web.archive.org/web/20240925061514/https://www.nvdaily.com/associated_press_national/china-test-fires-an-intercontinental-ballistic-missile-into-the-pacific-ocean/article_aad66612-9730-52c5-a4c5-052f94c29a70.html,https://www.nvdaily.com/associated_press_national/china-test-fires-an-intercontinental-ballistic-missile-into-the-pacific-ocean/article_aad66612-9730-52c5-a4c5-052f94c29a70.html
1200253456,2024-09-25,150,OK_WAYBACK,MATCH,MEDIUM,China test-fires an intercontinental ballistic missile into the Pacific Ocean,"기사는 중국의 대륙간 탄도 미사일 시험 발사에 대한 내용을 담고 있으며, 이는 군사적 위협이나 역량 과시를 통해 상대방에게 영향을 미치려는 군사 태세(military posturing)에 해당합니다.",http://web.archive.org/web/20240925061514/https://www.nvdaily.com/associated_press_national/china-test-fires-an-intercontinental-ballistic-missile-into-the-pacific-ocean/article_aad66612-9730-52c5-a4c5-052f94c29a70.html,https://www.nvdaily.com/associated_press_national/china-test-fires-an-intercontinental-ballistic-missile-into-the-pacific-ocean/article_aad66612-9730-52c5-a4c5-052f94c29a70.html
1200285424,2024-09-25,152,OK_ORIGINAL,MATCH,HIGH,"China's military presence intensifies around Taiwan, triggers alert","기사는 중국의 대만 주변 군사 활동 증가를 설명하고 있으며, 이는 GDELT 분류 유형인 '군사력 증강'과 일치합니다.",https://news.webindia123.com/news/Articles/World/20240925/4238992.html,https://news.webindia123.com/news/Articles/World/20240925/4238992.html
1200288098,2024-09-25,152,OK_WAYBACK,MATCH,MEDIUM,"China's military presence intensifies around Taiwan, triggers alert","기사는 중국 군사 활동이 대만 주변에서 강화되고 있음을 보도하며, 이는 CAMEO 코드 152 '군사력 증강'에 부합합니다.",http://web.archive.org/web/20240925093119/https://www.aninews.in/news/world/asia/chinas-military-presence-intensifies-around-taiwan-triggers-alert20240925134240/,https://www.aninews.in/news/world/asia/chinas-military-presence-intensifies-around-taiwan-triggers-alert20240925134240/
1200289818,2024-09-25,150,OK_ORIGINAL,MATCH,HIGH,China test-fires intercontinental ballistic missile into Pacific Ocean amid Taiwan tension,"기사는 중국이 대만 긴장 상황 속에서 태평양에 대륙간 탄도미사일을 시험 발사했다는 내용을 다루고 있으며, 이는 GDELT 분류 유형인 '군사 태세'에 부합하는 사건입니다.",https://www.thehindu.com/news/international/china-test-fires-intercontinental-ballistic-missile-into-pacific-ocean-amid-taiwan-tension/article68681080.ece,https://www.thehindu.com/news/international/china-test-fires-intercontinental-ballistic-missile-into-pacific-ocean-amid-taiwan-tension/article68681080.ece
1200252656,2024-09-25,150,OK_WAYBACK,MATCH,MEDIUM,China test-fires an intercontinental ballistic missile into the Pacific Ocean,기사에서 중국이 태평양으로 대륙간 탄도 미사일을 시험 발사한 것은 GDELT 분류 유형인 '군사 태세'에 직접적으로 부합하는 군사적 행동입니다.,http://web.archive.org/web/20240925061514/https://www.nvdaily.com/associated_press_national/china-test-fires-an-intercontinental-ballistic-missile-into-the-pacific-ocean/article_aad66612-9730-52c5-a4c5-052f94c29a70.html,https://www.nvdaily.com/associated_press_national/china-test-fires-an-intercontinental-ballistic-missile-into-the-pacific-ocean/article_aad66612-9730-52c5-a4c5-052f94c29a70.html
1200253457,2024-09-25,150,OK_WAYBACK,MATCH,MEDIUM,China test-fires an intercontinental ballistic missile into the Pacific Ocean,중국이 대륙간 탄도 미사일을 태평양으로 시험 발사한 것은 군사적 역량을 과시하고 잠재적 적국에 대한 위협으로 해석될 수 있으므로 군사 태세(military posturing)와 일치합니다.,http://web.archive.org/web/20240925061514/https://www.nvdaily.com/associated_press_national/china-test-fires-an-intercontinental-ballistic-missile-into-the-pacific-ocean/article_aad66612-9730-52c5-a4c5-052f94c29a70.html,https://www.nvdaily.com/associated_press_national/china-test-fires-an-intercontinental-ballistic-missile-into-the-pacific-ocean/article_aad66612-9730-52c5-a4c5-052f94c29a70.html
1095634804,2023-04-07,150,EMPTY,-,UNVERIFIED,,본문 확보 실패,,https://www.msn.com/en-my/news/world/china-to-ban-vessels-from-area-near-taiwan-over-rocket-debris/ar-AA19OeQe
1095634805,2023-04-07,150,OK_ORIGINAL,MATCH,HIGH,China to ban vessels near Taiwan over rocket debris,"기사는 중국이 대만 근해에 대한 선박 운항 금지를 발표한 사건을 다루고 있으며, 이는 양안 지역의 긴장 고조와 관련된 군사적 행동으로 볼 수 있어 CAMEO 코드 150: 군사 태세와 일치합니다.",https://www.bordermail.com.au/story/8158375/china-to-ban-vessels-near-taiwan-over-rocket-debris/?cs=9929,https://www.bordermail.com.au/story/8158375/china-to-ban-vessels-near-taiwan-over-rocket-debris/?cs=9929
1106036914,2023-06-01,190,OK_ORIGINAL,AMBIGUOUS,MEDIUM,"A China-Taiwan DMZ? Meet the islanders who want a bridge, not a war | CNN","기사는 양안 군사 사건의 가능성과 긴장을 다루고 있지만, 직접적인 재래식 무력 사용(use conventional force)에 대한 묘사보다는 과거의 사건 및 잠재적 위협에 초점을 맞추고 있습니다.",https://www.cnn.com/2023/06/01/asia/taiwan-china-tensions-kinmen-island-dmz-intl-hnk/,https://www.cnn.com/2023/06/01/asia/taiwan-china-tensions-kinmen-island-dmz-intl-hnk/
1106242189,2023-06-01,192,OK_WAYBACK,MISMATCH,LOW,Jens Stoltenberg: ‘Security no longer regional… what happens in Asia matters for Europe’,"이 기사는 NATO 사무총장의 발언을 인용하며 우크라이나 전쟁과 중국의 행동에 대해 논하지만, 양안 군사 사건이나 영토 점령에 대한 구체적인 내용은 다루지 않습니다.",http://web.archive.org/web/20230602001543/https://indianexpress.com/article/india/jens-stoltenberg-security-no-longer-regional-what-happens-in-asia-matters-for-europe-8641447/,https://indianexpress.com/article/india/jens-stoltenberg-security-no-longer-regional-what-happens-in-asia-matters-for-europe-8641447/
1020411505,2021-12-23,151,OK_ORIGINAL,AMBIGUOUS,MEDIUM,'4 Chinese warplanes flew into Taiwan air defence zone',"기사는 중국 군용기의 대만 방공식별구역 진입을 보고하고 있으나, 이는 '경계 수준 강화'보다는 일상적인 군사 활동으로 해석될 여지가 있어 분류 유형과의 일치 여부가 명확하지 않습니다.",https://www.singaporestar.com/news/272006587/4-chinese-warplanes-flew-into-taiwan-air-defence-zone,https://www.singaporestar.com/news/272006587/4-chinese-warplanes-flew-into-taiwan-air-defence-zone
1020411506,2021-12-23,151,OK_ORIGINAL,MATCH,HIGH,'4 Chinese warplanes flew into Taiwan air defence zone',"기사는 중국 군용기가 대만 방공식별구역에 진입한 사건을 보도하고 있으며, 이는 경계 수준 강화라는 CAMEO 코드 151의 정의와 부합합니다.",https://www.singaporestar.com/news/272006587/4-chinese-warplanes-flew-into-taiwan-air-defence-zone,https://www.singaporestar.com/news/272006587/4-chinese-warplanes-flew-into-taiwan-air-defence-zone
1020407144,2021-12-23,151,OK_ORIGINAL,MATCH,HIGH,'4 Chinese warplanes flew into Taiwan air defence zone',"기사는 중국 전투기의 대만 방공식별구역(ADIZ) 진입을 보도하며, 이는 경계 수준 강화와 관련된 군사적 행동으로 볼 수 있습니다.",https://news.webindia123.com/news/Articles/World/20211223/3879087.html,https://news.webindia123.com/news/Articles/World/20211223/3879087.html
1020411504,2021-12-23,151,OK_ORIGINAL,MATCH,HIGH,'4 Chinese warplanes flew into Taiwan air defence zone',"기사는 중국 군용기의 대만 방공식별구역 침입을 다루고 있으며, 이는 경계 수준 강화와 관련된 군사 사건으로 분류될 수 있습니다.",https://www.singaporestar.com/news/272006587/4-chinese-warplanes-flew-into-taiwan-air-defence-zone,https://www.singaporestar.com/news/272006587/4-chinese-warplanes-flew-into-taiwan-air-defence-zone
1207799339,2024-11-03,195,NOTFOUND,-,UNVERIFIED,,본문 확보 실패,,https://www.marketscreener.com/news/latest/Taiwan-reports-rise-in-Chinese-military-activity-as-US-election-nears-48241597/
1056603361,2022-08-01,194,OK_WAYBACK,AMBIGUOUS,MEDIUM,China fires hypersonic missile 120km off Taiwan coast,"기사는 중국의 탄도 미사일 시험 발사를 다루고 있으나, 실제 무력 충돌이나 중화기를 사용한 군사적 충돌이 발생했다는 직접적인 증거는 부족하여 CAMEO 코드 194와 명확하게 일치한다고 보기 어렵습니다.",http://web.archive.org/web/20220801090559/https://artsakhpress.am/eng/news/167342/china-fires-hypersonic-missile-120km-off-taiwan-coast.html,https://artsakhpress.am/eng/news/167342/china-fires-hypersonic-missile-120km-off-taiwan-coast.html
1056666598,2022-08-01,151,OK_ORIGINAL,MATCH,HIGH,Chinese J-16 Fighters Storm Taiwan ADIZ As Nancy Pelosi Visits Asia; Taipei Deployed Air Defense System In Response,"기사는 중국 전투기의 대만 방공식별구역 진입과 대만의 대응 조치(방공 시스템 배치)를 다루고 있으며, 이는 '경계 수준 강화'라는 CAMEO 코드 151과 일치합니다.",https://eurasiantimes.com/chinese-j-16-fighters-storm-taiwan-adiz-as-nancy-pelosi-visits-asia/,https://eurasiantimes.com/chinese-j-16-fighters-storm-taiwan-adiz-as-nancy-pelosi-visits-asia/
1056691868,2022-08-01,154,OK_ORIGINAL,MATCH,HIGH,"Taiwan 'prepares for war' with China, puts military on alert ahead of US official's visit","기사는 대만이 중국과의 전쟁을 준비하며 군사태세를 강화하고 있다고 보도하여, CAMEO 코드 154 '군사 동원·증강' 유형과 일치합니다.",https://www.indiatoday.in/world/story/taiwan-prepares-for-war-china-military-high-alert-us-official-nancy-pelosi-visit-1982598-2022-08-01,https://www.indiatoday.in/world/story/taiwan-prepares-for-war-china-military-high-alert-us-official-nancy-pelosi-visit-1982598-2022-08-01
1056635231,2022-08-01,151,OK_ORIGINAL,AMBIGUOUS,MEDIUM,"As Pelosi's Asia trip begins, risk of more US-China tensions","기사는 펠로시 의장의 대만 방문 가능성으로 인한 미중 긴장 고조와 중국의 군사적 대응 가능성을 언급하며 경계 수준 강화 가능성을 시사하지만, 실제로 군사적 사건이 발생했거나 경계 수준이 강화되었다는 직접적인 내용은 포함하고 있지 않습니다.",https://www.dw.com/en/taiwan-pelosis-possible-trip-risks-escalating-us-china-tensions/a-62669811,https://www.dw.com/en/taiwan-pelosis-possible-trip-risks-escalating-us-china-tensions/a-62669811
1056635958,2022-08-01,154,OK_ORIGINAL,MATCH,HIGH,Taiwan 'preparing for war' with China as armed forces placed on high alert,"기사에서 대만군이 휴가 중인 장교들을 복귀시키고, 국방부가 전시 대비를 지시하며, 탱크가 해안 방어 작전을 수행하는 등 군사 동원 및 증강의 징후를 명확히 보여 GDELT 분류 유형과 일치합니다.",https://www.mirror.co.uk/news/world-news/breaking-taiwan-preparing-war-china-27629529,https://www.mirror.co.uk/news/world-news/breaking-taiwan-preparing-war-china-27629529
1056688518,2022-08-01,190,OK_ORIGINAL,MATCH,HIGH,China conducts military exercises amid tensions with US,"기사는 중국이 대만 해협 근처에서 실탄 사격 훈련을 포함한 군사 훈련을 실시한다고 보도하며, 이는 CAMEO 코드 190(재래식 무력 사용)에 해당하는 재래식 무력 사용을 명확히 나타냅니다.",https://www.bruneinews.net/news/272637930/china-conducts-military-exercises-amid-tensions-with-us,https://www.bruneinews.net/news/272637930/china-conducts-military-exercises-amid-tensions-with-us
1056572874,2022-08-01,150,OK_ORIGINAL,MATCH,HIGH,China Conducts Live-Fire Military Exercises Across from Taiwan Amid Tensions,"기사는 대만 해협에서 실시된 중국의 실탄 군사 훈련에 대해 보도하고 있으며, 이는 '군사 태세(military posturing)'로 분류되는 CAMEO 코드 150에 정확히 부합합니다.",https://news.antiwar.com/2022/07/31/china-conducts-live-fire-military-exercises-across-from-taiwan-amid-tensions/,https://news.antiwar.com/2022/07/31/china-conducts-live-fire-military-exercises-across-from-taiwan-amid-tensions/
1236087350,2025-04-04,190,NOTFOUND,-,UNVERIFIED,,본문 확보 실패,,https://www.yahoo.com/news/china-floats-battle-barges-taiwan-072454383.html
1236088182,2025-04-04,190,NOTFOUND,-,UNVERIFIED,,본문 확보 실패,,https://www.yahoo.com/news/china-floats-battle-barges-taiwan-072454383.html
1236133745,2025-04-04,190,OK_ORIGINAL,MATCH,HIGH,China floats battle barges in Taiwan invasion plans,"기사는 중국의 대만 침공 계획과 관련하여 재래식 무기(전함, 제트기, 상륙용 바지선) 사용을 묘사하며, 이는 GDELT 분류 코드 190 '재래식 무력 사용'에 부합합니다.",https://www.spacewar.com/reports/China_floats_battle_barges_in_Taiwan_invasion_plans_999.html,https://www.spacewar.com/reports/China_floats_battle_barges_in_Taiwan_invasion_plans_999.html
1236087351,2025-04-04,190,NOTFOUND,-,UNVERIFIED,,본문 확보 실패,,https://www.yahoo.com/news/china-floats-battle-barges-taiwan-072454383.html
1236087352,2025-04-04,190,NOTFOUND,-,UNVERIFIED,,본문 확보 실패,,https://www.yahoo.com/news/china-floats-battle-barges-taiwan-072454383.html
1277437231,2025-12-03,150,OK_ORIGINAL,MATCH,HIGH,Taiwan says China stages mock attacks on foreign ships in strait - BusinessWorld Online,"기사는 중국 군대가 대만 해협에서 외국 선박에 대한 모의 공격을 시뮬레이션한다고 언급하며, 이는 GDELT의 '군사 태세(military posturing)' 분류와 일치합니다.",https://www.bworldonline.com/world/2025/12/03/716373/taiwan-says-china-stages-mock-attacks-on-foreign-ships-in-strait/,https://www.bworldonline.com/world/2025/12/03/716373/taiwan-says-china-stages-mock-attacks-on-foreign-ships-in-strait/
1021437864,2022-01-01,192,EMPTY,-,UNVERIFIED,,본문 확보 실패,,https://www.msn.com/en-us/news/world/taiwan-leader-urges-china-to-curb-military-adventurism/ar-AASkd9e
1021466978,2022-01-01,190,NOTFOUND,-,UNVERIFIED,,본문 확보 실패,,https://www.wiredprnews.com/taiwan-urges-china-to-reduce-military-adventure-news/
1275745598,2025-11-23,190,OK_ORIGINAL,MISMATCH,LOW,Sanctions a key part of deterring China: US report - Taipei Times,"이 기사는 중국의 대만 침공 가능성에 대한 경제 제재 등 외교적, 경제적 억제책에 대해 논하고 있으며, 실제 재래식 무력 사용을 묘사하는 내용이 아닙니다.",https://www.taipeitimes.com/News/taiwan/archives/2025/11/24/2003847736,https://www.taipeitimes.com/News/taiwan/archives/2025/11/24/2003847736
1149393143,2024-01-02,154,EMPTY,-,UNVERIFIED,,본문 확보 실패,,https://home.nzcity.co.nz/news/article.aspx?id=390670
1149317960,2024-01-02,190,OK_ORIGINAL,MISMATCH,LOW,"Taiwan VP candidates clash over diplomacy, China in debate","기사는 대만 부통령 후보들의 외교 및 중국 관련 정책 토론에 관한 내용으로, 실제 군사적 충돌이나 무력 사용에 대한 내용은 포함하고 있지 않아 CAMEO 코드 190(재래식 무력 사용)과 일치하지 않습니다.",https://www.globalsecurity.org/wmd/library/news/taiwan/2024/taiwan-240101-cna02.htm,https://www.globalsecurity.org/wmd/library/news/taiwan/2024/taiwan-240101-cna02.htm
1193623745,2024-08-20,194,OK_ORIGINAL,MATCH,HIGH,Taiwan conducts live-fire missile drills as China ramps up military threats,"기사는 대만이 중국의 군사적 압박에 대응하여 미사일 발사 훈련을 실시했다는 내용을 담고 있어 CAMEO 코드 194: 중화기 무력충돌(armed clash, heavy weapons) 유형에 부합합니다.",https://abc17news.com/news/2024/08/20/taiwan-conducts-live-fire-missile-drills-as-china-ramps-up-military-threats/,https://abc17news.com/news/2024/08/20/taiwan-conducts-live-fire-missile-drills-as-china-ramps-up-military-threats/
1193619525,2024-08-20,194,NOTFOUND,-,UNVERIFIED,,본문 확보 실패,,https://www.ipswichstar.co.uk/news/national/24529294.taiwan-conducts-live-fire-missile-drills-china-ramps-military-threats/
1193673262,2024-08-20,194,NOTFOUND,-,UNVERIFIED,,본문 확보 실패,,https://businessmirror.com.ph/2024/08/20/taiwan-conducts-live-fire-missile-drills-in-response-to-chinas-military-pressure/
1193691187,2024-08-20,194,OK_ORIGINAL,AMBIGUOUS,MEDIUM,Taiwan conducts live-fire missile drills as China ramps up threats,"기사는 대만과 중국 간의 긴장을 다루고 있지만, '중화기 무력충돌'보다는 대만의 미사일 발사 훈련과 중국의 군사 활동 증가에 초점을 맞추고 있어 직접적인 무력충돌로 보기는 어렵습니다.",https://www.independent.co.uk/asia/china/taiwan-china-military-missile-drills-b2598914.html,https://www.independent.co.uk/asia/china/taiwan-china-military-missile-drills-b2598914.html
1193645126,2024-08-20,194,OK_ORIGINAL,AMBIGUOUS,MEDIUM,Taiwan conducts live-fire missile drills as China ramps up military threats,"기사는 대만과 중국 간의 군사적 긴장 상황을 묘사하고 있지만, '중화기 무력충돌'이라는 GDELT 분류 유형에 해당하는 직접적인 무력 충돌보다는 미사일 발사 훈련과 중국의 군사적 위협 증가에 초점을 맞추고 있어 명확한 일치 여부가 불분명합니다.",https://www.arabtimesonline.com/news/taiwan-conducts-live-fire-missile-drills-as-china-ramps-up-military-threats/,https://www.arabtimesonline.com/news/taiwan-conducts-live-fire-missile-drills-as-china-ramps-up-military-threats/
1193628103,2024-08-20,194,NOTFOUND,-,UNVERIFIED,,본문 확보 실패,,https://www.business-standard.com/external-affairs-defence-security/news/taiwan-launches-live-fire-missile-drills-as-china-ramps-up-military-threats-124082000502_1.html
1174774361,2024-05-09,152,OK_ORIGINAL,MATCH,HIGH,Taiwan says 12 more Chinese ships detected in beefed-up presence,"기사는 중국 군함의 대만 주변 해역 활동 증가를 보도하며, 이는 GDELT가 분류한 '군사력 증강' 사건 유형과 일치합니다.",https://www.spacewar.com/afp/240509133655.7dng54wl.html,https://www.spacewar.com/afp/240509133655.7dng54wl.html
1174774363,2024-05-09,190,OK_ORIGINAL,AMBIGUOUS,MEDIUM,Taiwan says 12 more Chinese ships detected in beefed-up presence,"기사는 중국과 대만 간의 군사적 긴장을 묘사하고 있으나, '재래식 무력 사용'이라는 분류 유형에 직접적으로 해당하는 무력 사용 행위가 구체적으로 언급되지 않았습니다.",https://www.spacewar.com/afp/240509133655.7dng54wl.html,https://www.spacewar.com/afp/240509133655.7dng54wl.html
1242056959,2025-05-06,154,NOTFOUND,-,UNVERIFIED,,본문 확보 실패,,https://aninews.in/news/world/asia/taiwan-reports-increased-chinese-military-activity-near-its-territory20250506142443/
1046343752,2022-05-26,190,NOTFOUND,-,UNVERIFIED,,본문 확보 실패,,https://english.alarabiya.net/News/world/2022/05/26/Taiwan-raids-Chinese-firms-in-latest-crackdown-on-chip-engineer-poaching
1029409768,2022-02-21,190,EMPTY,-,UNVERIFIED,,본문 확보 실패,,https://www.msn.com/en-us/news/world/beijing-places-sanctions-on-us-arms-companies-over-sales-to-taiwan/ar-AAU7pKG
1029409227,2022-02-21,190,EMPTY,-,UNVERIFIED,,본문 확보 실패,,https://www.msn.com/en-us/news/world/beijing-places-sanctions-on-us-arms-companies-over-sales-to-taiwan/ar-AAU7pKG
1029409228,2022-02-21,190,EMPTY,-,UNVERIFIED,,본문 확보 실패,,https://www.msn.com/en-us/news/world/beijing-places-sanctions-on-us-arms-companies-over-sales-to-taiwan/ar-AAU7pKG
1186567374,2024-07-11,150,OK_ORIGINAL,MATCH,HIGH,Taiwan monitors surge in Chinese military activity as Beijing's carrier exercises in Pacific,"기사는 중국의 항공모함 훈련을 포함한 군사 활동 증가를 상세히 설명하며, 이는 '군사 태세'라는 GDELT 분류와 일치합니다.",https://www.asiaone.com/asia/taiwan-monitors-surge-chinese-military-activity-beijings-carrier-exercises-pacific,https://www.asiaone.com/asia/taiwan-monitors-surge-chinese-military-activity-beijings-carrier-exercises-pacific
651648100,2017-05-01,190,OK_ORIGINAL,MISMATCH,LOW,Taiwan Preps for Wave of Anger if Barred From UN Health Event,"본 기사는 대만이 UN 보건 행사에 참여하지 못할 경우 발생할 수 있는 분노에 대한 내용으로, 재래식 무력 사용과는 관련이 없습니다.",http://www.voanews.com/a/taiwan-world-health-assembly/3832614.html,http://www.voanews.com/a/taiwan-world-health-assembly/3832614.html
1282606895,2026-01-07,190,OK_ORIGINAL,MATCH,HIGH,Taiwan says China’s war games sought to undermine global support for the island,"기사는 중국이 대만을 향해 로켓을 발사하고 군함 및 항공기를 배치하는 '정의 임무 2025' 훈련을 설명하며, 이는 재래식 무력 사용으로 분류될 수 있는 군사적 행위를 명확히 포함하고 있습니다.",https://www.freemalaysiatoday.com/category/world/2026/01/07/taiwan-says-chinas-war-games-sought-to-undermine-global-support-for-the-island,https://www.freemalaysiatoday.com/category/world/2026/01/07/taiwan-says-chinas-war-games-sought-to-undermine-global-support-for-the-island
1282606896,2026-01-07,194,OK_ORIGINAL,AMBIGUOUS,MEDIUM,Taiwan says China’s war games sought to undermine global support for the island,"기사는 중국의 대규모 군사 훈련을 다루지만, '중화기 무력충돌'과 같은 직접적인 군사적 충돌이 발생했다는 명시적인 언급은 없어 분류 유형과 정확히 일치한다고 보기 어렵습니다.",https://www.freemalaysiatoday.com/category/world/2026/01/07/taiwan-says-chinas-war-games-sought-to-undermine-global-support-for-the-island,https://www.freemalaysiatoday.com/category/world/2026/01/07/taiwan-says-chinas-war-games-sought-to-undermine-global-support-for-the-island
1282572829,2026-01-07,190,OK_ORIGINAL,MISMATCH,LOW,China bans dual-use goods exports for Japan military over Taiwan remarks,"이 기사는 중국이 일본으로의 군사적 전용 가능 물품 수출을 금지한 사건을 다루고 있으며, 이는 재래식 무력의 직접적인 사용과는 거리가 멉니다.",https://www.cnbc.com/2026/01/07/china-bans-dual-use-goods-exports-for-japan-military-over-taiwan-remarks.html,https://www.cnbc.com/2026/01/07/china-bans-dual-use-goods-exports-for-japan-military-over-taiwan-remarks.html
1282590444,2026-01-07,194,NOTFOUND,-,UNVERIFIED,,본문 확보 실패,,https://www.marketscreener.com/news/taiwan-says-china-s-war-games-sought-to-undermine-global-support-for-the-island-ce7e59dfd181fe2d
1282606897,2026-01-07,194,OK_ORIGINAL,AMBIGUOUS,MEDIUM,China’s Taiwan War Games Signal Political Pressure Amid Economic Strain - EconoTimes,"기사 제목은 대만 훈련을 언급하지만, 본문은 다양한 국제 뉴스를 나열하고 있어 군사 사건으로 직접 연결되기 어렵습니다.",http://www.econotimes.com/Chinas-Taiwan-War-Games-Signal-Political-Pressure-Amid-Economic-Strain-1730319,http://www.econotimes.com/Chinas-Taiwan-War-Games-Signal-Political-Pressure-Amid-Economic-Strain-1730319
1122443649,2023-08-23,190,OK_ORIGINAL,AMBIGUOUS,MEDIUM,"On frontline island with China, Taiwan president says peace comes through strength","기사는 중국과 대만 간의 군사적 긴장과 재래식 무력 사용의 가능성에 대해 논하고 있으나, 직접적인 재래식 무력의 사용에 대한 묘사는 부족합니다.",https://news.yahoo.com/frontline-island-china-taiwan-president-064338583.html,https://news.yahoo.com/frontline-island-china-taiwan-president-064338583.html
1122443650,2023-08-23,190,OK_ORIGINAL,MISMATCH,LOW,"On frontline island with China, Taiwan president says peace comes through strength","기사는 현재의 양안 군사적 긴장과 대만의 국방 강화 의지를 다루지만, GDELT가 분류한 '재래식 무력 사용'과 같은 구체적인 군사 행동이 발생했다는 내용을 포함하고 있지 않습니다.",https://news.yahoo.com/frontline-island-china-taiwan-president-064338583.html,https://news.yahoo.com/frontline-island-china-taiwan-president-064338583.html
1122441645,2023-08-23,190,NOTFOUND,-,UNVERIFIED,,본문 확보 실패,,https://www.marketscreener.com/news/latest/On-frontline-island-with-China-Taiwan-president-says-peace-comes-through-strength--44676114/
1122440724,2023-08-23,190,NOTFOUND,-,UNVERIFIED,,본문 확보 실패,,https://www.marketscreener.com/news/latest/On-frontline-island-with-China-Taiwan-president-says-peace-comes-through-strength--44676114/
1122442907,2023-08-23,190,OK_ORIGINAL,AMBIGUOUS,MEDIUM,"On frontline island with China, Taiwan president says peace comes through strength","기사는 양안 간의 군사적 긴장과 국방력 강화를 언급하지만, 재래식 무력의 실제 사용보다는 평화 유지를 위한 국방력 증강에 초점을 맞추고 있어 CAMEO 코드 190(재래식 무력 사용)과 직접적으로 일치한다고 보기 어렵습니다.",https://news.yahoo.com/frontline-island-china-taiwan-president-064338583.html,https://news.yahoo.com/frontline-island-china-taiwan-president-064338583.html
1122442908,2023-08-23,190,OK_ORIGINAL,AMBIGUOUS,MEDIUM,"On frontline island with China, Taiwan president says peace comes through strength","기사는 양안의 군사적 긴장을 다루고 있지만, 직접적인 재래식 무력 사용보다는 국방력 강화와 평화 유지에 대한 대만 총통의 발언에 초점을 맞추고 있어 CAMEO 코드 190과 직접 일치한다고 보기 어렵습니다.",https://news.yahoo.com/frontline-island-china-taiwan-president-064338583.html,https://news.yahoo.com/frontline-island-china-taiwan-president-064338583.html
1065456991,2022-09-30,150,OK_ORIGINAL,AMBIGUOUS,MEDIUM,"Legislators from Japan to Europe Visit Taiwan to Talk Defense, Chips","기사는 대만과 다른 국가들 간의 외교적, 군사적 지원 강화에 초점을 맞추고 있으며, 이는 간접적으로 양안 관계와 관련될 수 있으나 GDELT의 '군사 태세'라는 분류와 직접적으로 일치한다고 보기는 어렵습니다.",https://www.voanews.com/a/legislators-from-japan-to-europe-visit-taiwan-to-talk-defense-chips/6769975.html,https://www.voanews.com/a/legislators-from-japan-to-europe-visit-taiwan-to-talk-defense-chips/6769975.html
1065418509,2022-09-30,150,NOTFOUND,-,UNVERIFIED,,본문 확보 실패,,https://mb.com.ph/2022/09/30/ph-concerned-with-china-taiwan-tension-calls-for-sobriety-faustino/
1065456992,2022-09-30,150,OK_ORIGINAL,AMBIGUOUS,MEDIUM,"Legislators from Japan to Europe Visit Taiwan to Talk Defense, Chips","기사는 일본과 유럽 의원들의 대만 방문에 초점을 맞추고 있으며, 이는 군사적 긴장 고조와 관련이 있을 수 있으나 직접적인 군사적 태세 행동보다는 외교적 지원에 더 가깝습니다.",https://www.voanews.com/a/legislators-from-japan-to-europe-visit-taiwan-to-talk-defense-chips/6769975.html,https://www.voanews.com/a/legislators-from-japan-to-europe-visit-taiwan-to-talk-defense-chips/6769975.html
1225567850,2025-02-10,154,OK_ORIGINAL,MATCH,HIGH,Taiwan detects 5 Chinese aircraft and 6 PLAN vessels operating near its shores,"기사는 대만 인근에서 중국의 군사 활동이 감지되었음을 보도하며, 이는 GDELT의 '군사 동원·증강' 분류와 직접적으로 부합합니다.",https://www.bignewsnetwork.com/news/278044714/taiwan-detects-chinese-aircraft-plan-vessels-operating-near-shores,https://www.bignewsnetwork.com/news/278044714/taiwan-detects-chinese-aircraft-plan-vessels-operating-near-shores
1149062072,2023-12-31,190,OK_ORIGINAL,AMBIGUOUS,MEDIUM,China ties dominate Taiwan presidential debate,"기사는 중국과 대만의 관계에 대한 정치적 논쟁을 다루고 있으며, 이는 잠재적으로 군사적 긴장으로 이어질 수 있지만, 직접적으로 재래식 무력 사용을 묘사하거나 보고하지는 않습니다.",https://www.spacewar.com/reports/China_ties_dominate_Taiwan_presidential_debate_999.html,https://www.spacewar.com/reports/China_ties_dominate_Taiwan_presidential_debate_999.html
1149061773,2023-12-31,190,OK_ORIGINAL,MISMATCH,LOW,China ties dominate Taiwan presidential debate,"기사는 양안 관계와 대만 선거에 대한 정치적 논쟁을 다루고 있을 뿐, 실제 재래식 무력 사용 사건에 대한 내용은 포함하고 있지 않습니다.",https://www.spacewar.com/reports/China_ties_dominate_Taiwan_presidential_debate_999.html,https://www.spacewar.com/reports/China_ties_dominate_Taiwan_presidential_debate_999.html
1032802643,2022-03-09,190,EMPTY,-,UNVERIFIED,,본문 확보 실패,,https://www.deccanherald.com/national/relationship-with-china-has-to-be-based-on-3-mutuals-shringla-1089702.html
1032715081,2022-03-09,190,NOTFOUND,-,UNVERIFIED,,본문 확보 실패,,https://gazette.com/news/us-world/analysis-taiwan-studies-ukraine-war-for-own-battle-strategy-with-china/article_85cb55b0-eae0-5eac-9412-76193e380fc9.html
667437870,2017-06-23,190,OK_ORIGINAL,MISMATCH,LOW,China never stopped suppressing Taiwan: Foreign ministry | Eye On Taiwan,"이 기사는 대만의 외교적 공간 억압과 관련된 정치적, 외교적 사건을 다루고 있으며, CAMEO 코드 190인 '재래식 무력 사용'과는 직접적인 관련이 없습니다.",http://www.eyeontaiwan.com/china-never-stopped-suppressing-taiwan-foreign-ministry,http://www.eyeontaiwan.com/china-never-stopped-suppressing-taiwan-foreign-ministry
1214951310,2024-12-11,150,OK_ORIGINAL,MATCH,HIGH,Taiwan demands that China end its military activity in nearby waters,"기사는 대만이 중국의 인근 해역에서의 군사 활동 중단을 요구하며, 이는 '군사 태세'라는 분류 유형과 일치합니다.",https://www.yahoo.com/news/taiwan-demands-china-end-military-063252539.html,https://www.yahoo.com/news/taiwan-demands-china-end-military-063252539.html
1214951312,2024-12-11,150,OK_ORIGINAL,MATCH,HIGH,Taiwan demands that China end its military activity in nearby waters,"기사는 중국의 군사 활동에 대한 대만의 비난을 다루고 있으며, 이는 CAMEO 코드 150: 군사 태세 분류와 일치합니다.",https://www.news4jax.com/news/world/2024/12/11/taiwan-demands-that-china-end-its-military-activity-in-nearby-waters/,https://www.news4jax.com/news/world/2024/12/11/taiwan-demands-that-china-end-its-military-activity-in-nearby-waters/
1214953692,2024-12-11,150,NOTFOUND,-,UNVERIFIED,,본문 확보 실패,,https://www.burytimes.co.uk/news/national/24786331.taiwan-demands-china-ends-military-activity-nearby-waters/
1215112358,2024-12-11,150,OK_ORIGINAL,MISMATCH,LOW,Commentary: President Yoon’s actions have tarnished South Korea’s international reputation,"해당 기사는 한국 국내 정치 상황과 관련된 내용이며, 중국-대만 간의 군사 사건과는 전혀 관련이 없습니다.",https://www.channelnewsasia.com/commentary/south-korea-yoon-suk-yeol-martial-law-government-crisis-international-relations-4800371,https://www.channelnewsasia.com/commentary/south-korea-yoon-suk-yeol-martial-law-government-crisis-international-relations-4800371
1214953693,2024-12-11,150,NOTFOUND,-,UNVERIFIED,,본문 확보 실패,,https://www.burytimes.co.uk/news/national/24786331.taiwan-demands-china-ends-military-activity-nearby-waters/
1214951313,2024-12-11,150,OK_ORIGINAL,MATCH,HIGH,Taiwan demands that China end its military activity in nearby waters,"기사는 대만과 중국 간의 군사적 긴장 상황을 다루고 있으며, 중국의 군사 활동에 대한 대만의 항의를 기술하고 있어 '군사 태세'라는 CAMEO 코드 150과 일치합니다.",https://www.news4jax.com/news/world/2024/12/11/taiwan-demands-that-china-end-its-military-activity-in-nearby-waters/,https://www.news4jax.com/news/world/2024/12/11/taiwan-demands-that-china-end-its-military-activity-in-nearby-waters/
1214951309,2024-12-11,150,OK_ORIGINAL,MATCH,HIGH,Taiwan demands that China end its military activity in nearby waters,"기사는 중국의 군사 활동에 대한 대만의 요구를 다루고 있으며, 이는 GDELT의 '군사 태세' 분류와 직접적으로 일치합니다.",https://www.news4jax.com/news/world/2024/12/11/taiwan-demands-that-china-end-its-military-activity-in-nearby-waters/,https://www.news4jax.com/news/world/2024/12/11/taiwan-demands-that-china-end-its-military-activity-in-nearby-waters/
1215058243,2024-12-11,151,OK_ORIGINAL,MATCH,HIGH,"China threatens Taiwan with largest show of force in decades as Biden quietly disappears from world stage * WorldNetDaily * by Wallace White, Daily Caller News Foundation","기사에서 중국 해군이 수십 년 만에 최대 규모의 무력 시위를 벌이며 대만 해협을 자국의 내해처럼 만들려는 메시지를 보내고 있다고 명시하고 있어, 경계 수준 강화(increase alert status)라는 CAMEO 코드 151과 일치합니다.",https://www.wnd.com/2024/12/china-threatens-taiwan-with-largest-show-of-force-in-decades-as-biden-quietly-disappears-from-world-stage/,https://www.wnd.com/2024/12/china-threatens-taiwan-with-largest-show-of-force-in-decades-as-biden-quietly-disappears-from-world-stage/
1214951311,2024-12-11,150,OK_ORIGINAL,MATCH,HIGH,Taiwan demands that China end its military activity in nearby waters,"기사는 중국과 대만 간의 군사 활동을 설명하며, 이는 GDELT의 CAMEO 코드 150 '군사 태세' 분류와 일치합니다.",https://www.yahoo.com/news/taiwan-demands-china-end-military-063252539.html,https://www.yahoo.com/news/taiwan-demands-china-end-military-063252539.html
1214951308,2024-12-11,150,OK_ORIGINAL,MATCH,HIGH,Taiwan demands that China end its military activity in nearby waters,"기사는 대만 해협에서의 중국의 군사 활동에 대한 대만의 반응을 다루고 있으며, 이는 GDELT의 '군사 태세' 분류와 직접적으로 일치합니다.",https://www.yahoo.com/news/taiwan-demands-china-end-military-063252539.html,https://www.yahoo.com/news/taiwan-demands-china-end-military-063252539.html
1214962696,2024-12-11,150,EMPTY,-,UNVERIFIED,,본문 확보 실패,,https://newstodaynet.com/2024/12/11/china-deploys-ships-planes-around-taiwan/
1214692730,2024-12-10,150,OK_ORIGINAL,MATCH,HIGH,"Taiwan says detects 47 Chinese military aircraft, highest in two months","기사는 대만과 중국 간의 군사적 긴장을 상세히 설명하며, 이는 GDELT가 분류한 '군사 태세' 유형과 일치합니다.",https://www.spacewar.com/afp/241210013048.qwq37ctg.html,https://www.spacewar.com/afp/241210013048.qwq37ctg.html
1214741165,2023-12-11,190,OK_ORIGINAL,AMBIGUOUS,MEDIUM,China's shows of force against Taiwan,"기사는 중국 해안경비대 선박의 '비정상적인 움직임'을 언급하며 양안 간 군사적 긴장을 시사하지만, 직접적인 재래식 무력 사용은 묘사되지 않아 CAMEO 코드 190과의 부합 여부가 명확하지 않습니다.",https://guardian.ng/news/chinas-shows-of-force-against-taiwan/,https://guardian.ng/news/chinas-shows-of-force-against-taiwan/
1214691391,2024-12-03,150,OK_ORIGINAL,MATCH,HIGH,"Taiwan says detects 47 Chinese military aircraft, highest in two months","기사는 중국의 대규모 군사 항공기와 함정의 대만 주변 탐지를 보도하며, 이는 GDELT 분류 코드 150인 '군사 태세'에 해당합니다.",https://www.spacewar.com/afp/241210013048.qwq37ctg.html,https://www.spacewar.com/afp/241210013048.qwq37ctg.html
1214727694,2024-12-10,150,OK_ORIGINAL,MATCH,HIGH,"Taiwan says detects 47 Chinese military aircraft, highest in two months","기사는 대만 주변 중국 군용기 및 군함 활동을 보고하며, 이는 CAMEO 코드 150 '군사 태세'에 해당하는 양안 군사 사건으로 분류될 수 있습니다.",https://www.spacewar.com/afp/241210021026.syc555wr.html,https://www.spacewar.com/afp/241210021026.syc555wr.html
1214750069,2024-12-10,150,OK_ORIGINAL,MATCH,HIGH,Map shows Chinese military exercise near flashpoint,"기사는 중국군이 대만 인근 해역에서 군사 훈련을 실시하는 내용을 보도하고 있으며, 이는 '군사 태세' 분류와 부합합니다.",https://www.newsweek.com/china-news-map-shows-military-exercise-near-flashpoint-taiwan-1998247,https://www.newsweek.com/china-news-map-shows-military-exercise-near-flashpoint-taiwan-1998247
638728197,2017-03-19,190,OK_ORIGINAL,MISMATCH,LOW,Lawmakers clash over China rules - Taipei Times,"이 기사는 대만 입법부에서 중국과의 관계를 감독하는 법안에 대한 입법자들 간의 논쟁을 다루고 있으며, 군사적 충돌이나 재래식 무력 사용과는 무관합니다.",http://www.taipeitimes.com/News/taiwan/archives/2017/03/21/2003667175,http://www.taipeitimes.com/News/taiwan/archives/2017/03/21/2003667175
638728180,2017-03-19,190,OK_ORIGINAL,MISMATCH,LOW,Lawmakers clash over China rules - Taipei Times,"기사는 대만 입법부에서 중국과의 협상에 대한 감독 조항을 두고 여야 의원들이 벌인 정치적 논쟁을 다루고 있으며, 재래식 무력 사용과는 무관합니다.",http://www.taipeitimes.com/News/taiwan/archives/2017/03/21/2003667175,http://www.taipeitimes.com/News/taiwan/archives/2017/03/21/2003667175
1241852816,2025-05-05,190,NOTFOUND,-,UNVERIFIED,,본문 확보 실패,,https://aninews.in/news/world/asia/taiwan-launches-counter-offensive-against-chinas-legal-warfare-over-un-resolution-275820250505133954/
1241852817,2025-05-05,190,NOTFOUND,-,UNVERIFIED,,본문 확보 실패,,https://aninews.in/news/world/asia/taiwan-launches-counter-offensive-against-chinas-legal-warfare-over-un-resolution-275820250505133954/
1241852818,2025-05-05,190,NOTFOUND,-,UNVERIFIED,,본문 확보 실패,,https://aninews.in/news/world/asia/taiwan-launches-counter-offensive-against-chinas-legal-warfare-over-un-resolution-275820250505133954/
1198725897,2024-09-17,154,NOTFOUND,-,UNVERIFIED,,본문 확보 실패,,https://aninews.in/news/world/asia/taiwan-reports-increased-chinese-military-activity-detects-8-aircraft-7-naval-vessels20240917122226/
1258370670,2025-08-19,150,OK_ORIGINAL,MISMATCH,LOW,No change in India's position on Taiwan: Govt sources,"이 기사는 인도의 대만에 대한 입장을 다루고 있으며, GDELT가 분류한 '군사 태세'와는 관련 없는 외교 및 경제 관계에 대한 내용입니다.",https://ianslive.in/no-change-in-indias-position-on-taiwan-govt-sources--20250819172812,https://ianslive.in/no-change-in-indias-position-on-taiwan-govt-sources--20250819172812
1094601977,2023-04-09,190,NOTFOUND,-,UNVERIFIED,,본문 확보 실패,,https://humanevents.com:443/2023/04/09/china-launches-taiwan-attack-drills-on-day-two-of-combat-training
1094515829,2023-04-09,190,OK_ORIGINAL,MATCH,HIGH,China simulates striking Taiwan on second day of drills,기사는 중국이 대만을 겨냥한 군사 훈련에서 정밀 타격 시뮬레이션을 수행했다고 명시하고 있어 CAMEO 코드 190 '재래식 무력 사용'에 해당합니다.,https://nypost.com/2023/04/09/china-simulates-striking-taiwan-on-second-day-of-china-which-claims-democratically-governed-taiwan-as-its-own-territory-began-three-days-of-military-exercises-around-the-island-on-saturday-the-day-aft/,https://nypost.com/2023/04/09/china-simulates-striking-taiwan-on-second-day-of-china-which-claims-democratically-governed-taiwan-as-its-own-territory-began-three-days-of-military-exercises-around-the-island-on-saturday-the-day-aft/
1094499541,2023-04-09,190,EMPTY,-,UNVERIFIED,,본문 확보 실패,,https://www.msn.com/en-gb/news/world/china-simulates-striking-taiwan-on-second-day-of-drills/ar-AA19Do7c
1094470252,2023-04-09,190,NOTFOUND,-,UNVERIFIED,,본문 확보 실패,,https://wfin.com/fox-world-news/china-sends-fighter-jets-toward-taiwan-after-tsais-us-meeting/
1094470247,2023-04-09,150,NOTFOUND,-,UNVERIFIED,,본문 확보 실패,,https://www.reuters.com/world/us-says-it-is-monitoring-chinas-drills-around-taiwan-closely-2023-04-08/
1094479637,2023-04-09,190,NOTFOUND,-,UNVERIFIED,,본문 확보 실패,,https://www.financialexpress.com/world-news/us-says-it-is-monitoring-chinas-drills-around-taiwan-closely/3039542/
1094492837,2023-04-09,150,NOTFOUND,-,UNVERIFIED,,본문 확보 실패,,https://www.azcentral.com/story/news/world/2023/04/08/tsai-mccarthy-china-jets-taiwan/11627803002/
1094502309,2023-04-09,190,EMPTY,-,UNVERIFIED,,본문 확보 실패,,https://www.msn.com/he-il/news/other/wrapup-3-china-simulates-striking-taiwan-on-second-day-of-drills/ar-AA19DFkW
1094503639,2023-04-09,190,OK_ORIGINAL,MATCH,HIGH,China simulates striking Taiwan on second day of drills- Moneycontrol.com,기사는 중국이 대만을 대상으로 군사 훈련을 실시하며 정밀 타격을 시뮬레이션했다는 내용을 다루고 있어 CAMEO 코드 190(재래식 무력 사용)에 해당합니다.,https://www.moneycontrol.com/news/world/china-simulates-striking-taiwan-on-second-day-of-drills-10383491.html,https://www.moneycontrol.com/news/world/china-simulates-striking-taiwan-on-second-day-of-drills-10383491.html
1094535566,2023-04-09,150,OK_ORIGINAL,MATCH,HIGH,China launches war games around Taiwan,"기사는 대만 해협 주변에서 중국이 실시한 대규모 군사 훈련을 설명하며, 이는 CAMEO 코드 150(군사 태세)에 해당합니다.",https://www.globalsecurity.org/wmd/library/news/taiwan/2023/taiwan-230408-rfa01.htm,https://www.globalsecurity.org/wmd/library/news/taiwan/2023/taiwan-230408-rfa01.htm
1094546630,2023-04-08,190,OK_ORIGINAL,MATCH,HIGH,"China again threatens Taiwan: 11 warships and 70 fighters around the island. The United States: ""We call on Beijing to practice moderation""","기사는 중국이 대만을 위협하며 군사 훈련을 실시하고 전투기, 폭격기, 함선 등을 배치하는 내용을 상세히 묘사하고 있어, 재래식 무력 사용(CAMEO 코드 190)으로 분류된 사건 유형과 일치합니다.",https://hardwoodparoxysm.com/china-again-threatens-taiwan-11-warships-and-70-fighters-around-the-island-the-united-states-we-call-on-beijing-to-practice-moderation/,https://hardwoodparoxysm.com/china-again-threatens-taiwan-11-warships-and-70-fighters-around-the-island-the-united-states-we-call-on-beijing-to-practice-moderation/
1094531210,2023-04-09,190,OK_ORIGINAL,MISMATCH,LOW,China simulates striking Taiwan on second day of drills - Times of India,"기사 제목은 중국의 대만 대상 군사 훈련을 암시하지만, 본문 내용은 식물, 음식, 건강 정보 등 군사 사건과 전혀 관련 없는 내용으로 이루어져 있어 GDELT 분류 유형과 일치하지 않습니다.",https://timesofindia.indiatimes.com/world/rest-of-world/china-simulates-striking-taiwan-on-second-day-of-drills/articleshow/99356128.cms,https://timesofindia.indiatimes.com/world/rest-of-world/china-simulates-striking-taiwan-on-second-day-of-drills/articleshow/99356128.cms
1094506641,2023-04-09,190,NOTFOUND,-,UNVERIFIED,,본문 확보 실패,,https://www.swissinfo.ch/eng/reuters/china-simulates-striking-taiwan-on-second-day-of-drills/48424922
1094560804,2023-04-09,150,OK_ORIGINAL,MATCH,HIGH,China Stages A Second Day Of Military Exercises Around Taiwan,"기사는 중국이 대만 주변에서 군사 훈련을 실시한다는 내용을 다루고 있으며, 이는 GDELT의 CAMEO 코드 150 '군사 태세'와 일치합니다.",https://gcaptain.com/china-stages-a-second-day-of-military-exercises-around-taiwan/,https://gcaptain.com/china-stages-a-second-day-of-military-exercises-around-taiwan/
1094485501,2023-04-09,150,OK_ORIGINAL,MATCH,HIGH,U.S. Says It Is Monitoring China's Drills Around Taiwan Closely,"기사는 중국의 대만 주변 군사 훈련을 미국이 면밀히 감시하고 있다는 내용을 다루고 있어 양안 군사 사건이며, CAMEO 코드 150 '군사 태세'와 일치합니다.",https://www.ibtimes.com/us-says-it-monitoring-chinas-drills-around-taiwan-closely-3684386,https://www.ibtimes.com/us-says-it-monitoring-chinas-drills-around-taiwan-closely-3684386
1094484111,2023-04-09,150,OK_ORIGINAL,MATCH,HIGH,US ready for war with China congressman,"기사는 미국 의회 의원이 대만 공격 시 중국과의 군사적 대결 가능성을 언급하며, 이는 GDELT가 분류한 '군사 태세' 유형에 부합하는 양안 군사 사건에 대한 논의를 담고 있습니다.",https://www.beijingbulletin.com/news/273722510/us-ready-for-war-with-china-congressman,https://www.beijingbulletin.com/news/273722510/us-ready-for-war-with-china-congressman
1094495285,2023-04-09,150,OK_ORIGINAL,MATCH,HIGH,China has started a three-day military exercise after Taiwan's president's visit to the US,"기사는 대만 총통의 미국 방문에 대응하여 중국이 대만 주변에서 군사 훈련을 실시하는 내용을 다루고 있으며, 이는 GDELT의 '군사 태세(military posturing)' 분류 유형에 부합합니다.",https://houstonianonline.com/china-has-started-a-three-day-military-exercise-after-taiwans-presidents-visit-to-the-us/,https://houstonianonline.com/china-has-started-a-three-day-military-exercise-after-taiwans-presidents-visit-to-the-us/
1094479638,2023-04-09,190,NOTFOUND,-,UNVERIFIED,,본문 확보 실패,,https://www.financialexpress.com/world-news/us-says-it-is-monitoring-chinas-drills-around-taiwan-closely/3039542/
1094502301,2023-04-09,150,OK_ORIGINAL,MATCH,HIGH,US says it is monitoring China’s drills around Taiwan closely,"기사는 중국의 대만 주변 군사 훈련을 미국이 면밀히 모니터링하고 있다는 내용을 담고 있으며, 이는 CAMEO 코드 150인 군사 태세와 일치합니다.",https://kathmandupost.com/world/2023/04/09/us-says-it-is-monitoring-china-s-drills-around-taiwan-closely,https://kathmandupost.com/world/2023/04/09/us-says-it-is-monitoring-china-s-drills-around-taiwan-closely
1094570879,2023-04-09,150,OK_ORIGINAL,MATCH,HIGH,China simulates striking Taiwan on second day of drills,"기사는 중국이 대만을 겨냥한 군사 훈련을 시뮬레이션하는 내용을 담고 있으며, 이는 '군사 태세'에 해당합니다.",https://windsorstar.com:443/news/u-s-says-it-is-monitoring-chinas-drills-around-taiwan-closely-2,https://windsorstar.com:443/news/u-s-says-it-is-monitoring-chinas-drills-around-taiwan-closely-2
1094499542,2023-04-09,190,EMPTY,-,UNVERIFIED,,본문 확보 실패,,https://www.msn.com/en-gb/news/world/china-simulates-striking-taiwan-on-second-day-of-drills/ar-AA19Do7c
1094474592,2023-04-09,150,OK_ORIGINAL,MATCH,HIGH,US ready for war with China congressman,"기사는 중국이 대만을 공격할 경우 미국의 군사 개입 가능성을 언급하며, 이는 양안 간 군사적 긴장을 나타내므로 '군사 태세'로 분류된 CAMEO 코드 150과 일치합니다.",https://www.dallassun.com/news/273722510/us-ready-for-war-with-china-congressman,https://www.dallassun.com/news/273722510/us-ready-for-war-with-china-congressman
1094476170,2023-04-09,190,OK_ORIGINAL,MATCH,HIGH,Chinese military starts drills encircling Taiwan after president’s visit,"기사는 중국군이 대만을 포위하는 훈련을 시작했다고 보도하며, 이는 재래식 무력 사용의 일환으로 분류될 수 있습니다.",https://www.pressherald.com/2023/04/08/chinese-military-starts-drills-encircling-taiwan-after-presidents-visit/,https://www.pressherald.com/2023/04/08/chinese-military-starts-drills-encircling-taiwan-after-presidents-visit/
1094482107,2023-04-09,194,OK_ORIGINAL,AMBIGUOUS,MEDIUM,Chinese planes cross Taiwan Strait median line,"기사는 중국 항공기가 대만해협 중간선을 넘었다는 내용을 다루지만, '중화기 무력충돌'이라는 분류 유형에 직접적으로 부합하는 무력 충돌 발생이나 중화기 사용에 대한 구체적인 언급은 부족합니다.",https://www.asiaone.com/china/chinese-planes-cross-taiwan-strait-median-line,https://www.asiaone.com/china/chinese-planes-cross-taiwan-strait-median-line
1094483040,2023-04-09,150,OK_ORIGINAL,MATCH,HIGH,China simulates precision strikes against Taiwan on second day of drills,"기사는 중국과 대만 간의 군사 훈련 시뮬레이션을 다루고 있으며, 이는 '군사 태세' 유형에 명확히 부합합니다.",https://www.smh.com.au/world/asia/us-watching-closely-as-china-aircraft-and-ships-towards-taiwan-20230409-p5cz46.html,https://www.smh.com.au/world/asia/us-watching-closely-as-china-aircraft-and-ships-towards-taiwan-20230409-p5cz46.html
1094484116,2023-04-09,150,OK_ORIGINAL,MATCH,HIGH,China simulates striking Taiwan on second day of drills,"기사 제목과 본문 모두 중국이 대만을 겨냥한 군사 훈련과 모의 공격을 수행했음을 명확히 보여주며, 이는 '군사 태세(military posturing)'로 분류된 CAMEO 코드 150에 부합합니다.",https://www.yasstribune.com.au/story/8152454/us-monitoring-chinas-drills-around-taiwan-closely/?cs=14264,https://www.yasstribune.com.au/story/8152454/us-monitoring-chinas-drills-around-taiwan-closely/?cs=14264
1094499533,2023-04-09,150,EMPTY,-,UNVERIFIED,,본문 확보 실패,,https://www.msn.com/en-gb/news/world/china-simulates-striking-taiwan-on-second-day-of-drills/ar-AA19Do7c
1094499540,2023-04-09,190,EMPTY,-,UNVERIFIED,,본문 확보 실패,,https://www.msn.com/en-gb/news/world/china-simulates-striking-taiwan-on-second-day-of-drills/ar-AA19Do7c
1094502294,2023-04-09,150,OK_ORIGINAL,MATCH,HIGH,',기사는 대만 국방부가 중국 항공기와 군함이 대만을 에워싸고 있다고 발표하며 방어를 위한 싸움을 선포하는 내용을 다루고 있어 '군사 태세' 분류와 일치합니다.,https://www.bignewsnetwork.com/news/273723349/will-fight-to-defend-protect-home-together-taiwan-defence-ministry,https://www.bignewsnetwork.com/news/273723349/will-fight-to-defend-protect-home-together-taiwan-defence-ministry
1094507966,2023-04-09,190,OK_ORIGINAL,MATCH,HIGH,China simulates strikes 'against key targets' in Taiwan during second day of drills,"기사 내용은 중국과 대만 간의 군사 훈련 및 모의 타격 시뮬레이션을 다루고 있어, CAMEO 코드 190 '재래식 무력 사용' 분류와 일치합니다.",https://www.thejournal.ie/china-simulates-strikes-taiwan-military-drills-6040238-Apr2023/,https://www.thejournal.ie/china-simulates-strikes-taiwan-military-drills-6040238-Apr2023/
1094514082,2023-04-09,150,NOTFOUND,-,UNVERIFIED,,본문 확보 실패,,https://www.channelnewsasia.com/asia/china-simulate-drills-combat-patrols-taiwan-second-day-3406201
1094517502,2023-04-09,191,NOTFOUND,-,UNVERIFIED,,본문 확보 실패,,https://www.newsx.com/taiwan-tracks-71-chinese-military-aircraft-9-naval-ships/
1094531211,2023-04-09,190,OK_ORIGINAL,MATCH,HIGH,China simulates striking Taiwan on second day of drills,"기사는 중국이 대만을 대상으로 진행하는 군사 훈련에서 '정밀 타격 시뮬레이션'을 묘사하고 있으며, 이는 CAMEO 코드 190인 '재래식 무력 사용'에 해당합니다.",https://www.rte.ie/news/world/2023/0409/1376010-taiwan-china/,https://www.rte.ie/news/world/2023/0409/1376010-taiwan-china/
1094605191,2023-04-08,190,OK_ORIGINAL,MATCH,HIGH,World News: China simulates striking Taiwan,"기사는 중국이 대만을 겨냥한 '재래식 무력 사용(use conventional force)' 시뮬레이션 군사 훈련을 묘사하고 있으며, 이는 CAMEO 코드 190에 해당합니다.",https://www.gdnonline.com/Details/1228919/China-simulates-striking-Taiwan,https://www.gdnonline.com/Details/1228919/China-simulates-striking-Taiwan
1094500958,2023-04-09,190,OK_ORIGINAL,MATCH,HIGH,China simulates striking Taiwan on second day of drills,"기사는 중국이 대만을 겨냥한 군사 훈련을 시뮬레이션하고 있다고 보도하며, 이는 CAMEO 코드 190(재래식 무력 사용)에 해당하는 양안 군사 사건으로 분류될 수 있습니다.",https://economictimes.indiatimes.com/news/defence/china-simulates-striking-taiwan-on-second-day-of-drills/articleshow/99353110.cms,https://economictimes.indiatimes.com/news/defence/china-simulates-striking-taiwan-on-second-day-of-drills/articleshow/99353110.cms
1094500956,2023-04-09,150,OK_ORIGINAL,MATCH,HIGH,China simulates striking Taiwan on second day of drills,"기사는 중국이 대만을 대상으로 진행하는 군사 훈련을 다루고 있으며, 이는 CAMEO 코드 150 '군사 태세'에 부합하는 행동입니다.",https://economictimes.indiatimes.com/news/defence/china-simulates-striking-taiwan-on-second-day-of-drills/articleshow/99353110.cms,https://economictimes.indiatimes.com/news/defence/china-simulates-striking-taiwan-on-second-day-of-drills/articleshow/99353110.cms
1094503640,2023-04-09,190,OK_ORIGINAL,MATCH,HIGH,China simulates striking Taiwan on second day of drills,"기사는 중국군이 대만을 대상으로 정밀 타격 훈련을 시뮬레이션하는 내용을 다루고 있으며, 이는 재래식 무력 사용(use conventional force)으로 분류될 수 있는 군사적 행위에 해당합니다.",https://www.illawarramercury.com.au/story/8152454/china-simulates-striking-taiwan-on-second-day-of-drills/?cs=7484,https://www.illawarramercury.com.au/story/8152454/china-simulates-striking-taiwan-on-second-day-of-drills/?cs=7484
1094514086,2023-04-09,190,NOTFOUND,-,UNVERIFIED,,본문 확보 실패,,https://www.channelnewsasia.com/asia/china-simulate-drills-combat-patrols-taiwan-second-day-3406201
1094467997,2023-04-09,190,NOTFOUND,-,UNVERIFIED,,본문 확보 실패,,https://www.exploreseiowa.com/syndicated-article/?id=1501625
1094540155,2023-04-09,150,OK_ORIGINAL,MATCH,HIGH,China simulates hitting Taiwan as drills around island continue,"기사는 중국과 대만 간의 군사 훈련 및 모의 공격에 대해 자세히 설명하고 있으며, 이는 CAMEO 코드 150인 '군사 태세'와 정확히 일치합니다.",https://www.dailysabah.com/world/asia-pacific/china-simulates-hitting-taiwan-as-drills-around-island-continue,https://www.dailysabah.com/world/asia-pacific/china-simulates-hitting-taiwan-as-drills-around-island-continue
1094541955,2023-04-09,190,NOTFOUND,-,UNVERIFIED,,본문 확보 실패,,https://www.tap.info.tn/en/Portal-World/16171831-china-simulates
1094557574,2023-04-09,195,OK_ORIGINAL,MATCH,HIGH,China simulated attacks on key targets in Taiwan - Free Press,"기사는 중국 전투기 및 군함이 대만 주변을 돌며 공격을 시뮬레이션하는 군사 훈련에 대해 설명하고 있으며, 이는 CAMEO 코드 195 '공중무기 사용'에 해당합니다.",https://www.slobodenpecat.mk/en/kina-simulirashe-napadi-vrz-kluchni-celi-vo-tajvan/,https://www.slobodenpecat.mk/en/kina-simulirashe-napadi-vrz-kluchni-celi-vo-tajvan/
1173272156,2024-05-02,190,OK_ORIGINAL,MISMATCH,LOW,U.K. Detains Asylum-Seekers for Deportation to Rwanda,"이 기사는 영국과 르완다 간의 망명 신청자 추방에 관한 내용으로, 중국과 대만 간의 군사 사건과는 전혀 관련이 없습니다.",https://foreignpolicy.com/2024/05/01/uk-rwanda-migrant-deportation-asylum-seekers-ireland/,https://foreignpolicy.com/2024/05/01/uk-rwanda-migrant-deportation-asylum-seekers-ireland/
1173357925,2024-05-02,190,OK_ORIGINAL,MATCH,HIGH,Taiwan reports second Chinese 'combat patrol' in a week,"기사는 중국 군용기 및 군함이 대만 주변에서 '합동 전투 태세 순찰'을 수행했다고 보도하고 있으며, 이는 재래식 무력 사용(use conventional force)으로 분류된 CAMEO 코드 190과 일치합니다.",https://www.yahoo.com/news/taiwan-reports-second-chinese-combat-105851124.html,https://www.yahoo.com/news/taiwan-reports-second-chinese-combat-105851124.html
1173360480,2024-05-02,190,NOTFOUND,-,UNVERIFIED,,본문 확보 실패,,https://www.firstpost.com/world/taiwan-reports-2nd-chinese-combat-patrol-in-a-week-says-it-detected-15-military-aircraft-warships-around-island-13766345.html
1292478447,2026-03-05,190,OK_ORIGINAL,AMBIGUOUS,MEDIUM,China vows resolute fight against 'Taiwan independence' separatist forces - China.org.cn,"기사는 중국의 '대만 독립' 분리주의 세력에 대한 '단호한 투쟁'을 강조하지만, 이는 군사적 행동보다는 정치적 수사로 해석될 여지가 많아 재래식 무력 사용을 명시적으로 보여주지 않습니다.",http://www.china.org.cn/2026-03/05/content_118362470.shtml,http://www.china.org.cn/2026-03/05/content_118362470.shtml
1292531781,2026-03-05,190,OK_ORIGINAL,AMBIGUOUS,MEDIUM,China to carry out resolute strikes against separatists in Taiwan — report,"기사는 중국이 대만 분리주의 세력에 대해 '결단력 있는 타격'을 가하겠다고 위협하는 내용을 담고 있지만, 이는 실제 무력 사용보다는 정치적 수사 및 위협에 가깝다고 볼 수 있어 CAMEO 코드 190(재래식 무력 사용)와 정확히 일치하는지 여부가 애매합니다.",https://tass.com/world/2096733,https://tass.com/world/2096733
1192488215,2024-08-13,154,OK_ORIGINAL,MISMATCH,LOW,"《TAIPEI TIMES》 Military to retire aging vehicles, jets - 焦點 - 自由時報電子報","이 기사는 노후 장비 퇴역 및 예산 절감에 관한 내용으로, 군사 동원/증강과는 관련이 없습니다.",https://news.ltn.com.tw/news/focus/breakingnews/4768101,https://news.ltn.com.tw/news/focus/breakingnews/4768101
1290896341,2026-02-25,190,OK_ORIGINAL,AMBIGUOUS,MEDIUM,"Xi's purges of China's military run deep, new study shows","기사는 중국의 군 고위급 숙청이 대만 관련 작전 준비에 미칠 영향에 대해 언급하지만, 실제 군사적 충돌이나 재래식 무력 사용에 대한 직접적인 보고가 아니므로 CAMEO 코드 190과 정확히 일치한다고 보기 어렵습니다.",https://economictimes.indiatimes.com/news/defence/xis-purges-of-chinas-military-run-deep-new-study-shows/articleshow/128769151.cms,https://economictimes.indiatimes.com/news/defence/xis-purges-of-chinas-military-run-deep-new-study-shows/articleshow/128769151.cms
1200441413,2024-09-26,150,OK_ORIGINAL,MATCH,HIGH,China test-fires intercontinental ballistic missile into Pacific Ocean,"중국의 대륙간 탄도 미사일 시험 발사는 잠재적인 위협을 시사하며, 이는 군사적 태세의 한 형태로 분류될 수 있습니다.",https://www.defensenews.com/global/asia-pacific/2024/09/25/china-test-fires-intercontinental-ballistic-missile-into-pacific-ocean/,https://www.defensenews.com/global/asia-pacific/2024/09/25/china-test-fires-intercontinental-ballistic-missile-into-pacific-ocean/
1188854925,2024-07-24,150,OK_ORIGINAL,MATCH,HIGH,Taiwan's Armed forces conduct 'anti-landing' exercise as Han Kuang war games enter day 3,"기사는 대만의 연례 군사 훈련인 '한광 훈련'을 다루고 있으며, 이는 양안 군사 사건에 해당하고 '군사 태세'라는 분류 유형과도 일치합니다.",https://www.bignewsnetwork.com/news/274467289/taiwan-armed-forces-conduct-anti-landing-exercise-as-han-kuang-war-games-enter-day-3,https://www.bignewsnetwork.com/news/274467289/taiwan-armed-forces-conduct-anti-landing-exercise-as-han-kuang-war-games-enter-day-3
1188854926,2024-07-24,150,OK_ORIGINAL,MATCH,HIGH,Taiwan's Armed forces conduct 'anti-landing' exercise as Han Kuang war games enter day 3,"기사는 대만의 연례 군사 훈련인 '한광' 연습 중 상륙 훈련을 다루고 있으며, 이는 군사 태세(military posturing)에 해당하는 양안 군사 사건으로 분류 유형과 일치합니다.",https://www.bignewsnetwork.com/news/274467289/taiwan-armed-forces-conduct-anti-landing-exercise-as-han-kuang-war-games-enter-day-3,https://www.bignewsnetwork.com/news/274467289/taiwan-armed-forces-conduct-anti-landing-exercise-as-han-kuang-war-games-enter-day-3
1188854932,2024-07-24,150,OK_ORIGINAL,MATCH,HIGH,Taiwan's Armed forces conduct 'anti-landing' exercise as Han Kuang war games enter day 3,"기사는 대만의 연례 군사 훈련인 '한광' 연습에서 '상륙 반대 훈련'을 실시했다고 보도하며, 이는 GDELT의 '군사 태세' 분류에 부합합니다.",https://www.bignewsnetwork.com/news/274467289/taiwan-armed-forces-conduct-anti-landing-exercise-as-han-kuang-war-games-enter-day-3,https://www.bignewsnetwork.com/news/274467289/taiwan-armed-forces-conduct-anti-landing-exercise-as-han-kuang-war-games-enter-day-3
1235665250,2025-04-02,150,OK_ORIGINAL,MATCH,HIGH,China’s military launches live-fire exercise in escalation of blockade drills near Taiwan,"기사는 중국의 대만 주변 실탄 사격 훈련 및 봉쇄 작전 연습을 상세히 묘사하고 있으며, 이는 '군사 태세'로 분류되는 CAMEO 코드 150에 부합합니다.",https://kesq.com/news/national-world/cnn-world/2025/04/02/chinas-military-launches-live-fire-exercise-in-escalation-of-ongoing-surprise-drills-near-taiwan/,https://kesq.com/news/national-world/cnn-world/2025/04/02/chinas-military-launches-live-fire-exercise-in-escalation-of-ongoing-surprise-drills-near-taiwan/
1235623411,2025-04-02,150,NOTFOUND,-,UNVERIFIED,,본문 확보 실패,,https://www.japantimes.co.jp/news/2025/04/02/asia-pacific/china-strait-thunder-taiwan-military-exercises/
1235643558,2025-04-02,150,OK_ORIGINAL,MATCH,HIGH,China launches military drills in Taiwan Strait,"기사는 중국이 대만 해협에서 군사 훈련을 실시한다는 내용을 다루고 있으며, 이는 CAMEO 코드 150 '군사 태세'에 해당합니다.",https://www.spacewar.com/reports/China_launches_military_drills_in_Taiwan_Strait_999.html,https://www.spacewar.com/reports/China_launches_military_drills_in_Taiwan_Strait_999.html
1235651777,2025-04-02,150,NOTFOUND,-,UNVERIFIED,,본문 확보 실패,,https://www.firstpost.com/world/chinas-military-conducts-major-exercises-near-taiwan-us-condemns-intimidation-13876531.html
1235625922,2025-04-02,150,NOTFOUND,-,UNVERIFIED,,본문 확보 실패,,https://www.yahoo.com/news/china-launches-military-drills-taiwan-013925363.html
1235625334,2025-04-02,150,NOTFOUND,-,UNVERIFIED,,본문 확보 실패,,https://www.yahoo.com/news/china-launches-military-drills-taiwan-013925363.html
1235625341,2025-04-02,150,NOTFOUND,-,UNVERIFIED,,본문 확보 실패,,https://www.yahoo.com/news/china-launches-military-drills-taiwan-013925363.html
1235625923,2025-04-02,150,NOTFOUND,-,UNVERIFIED,,본문 확보 실패,,https://www.yahoo.com/news/china-launches-military-drills-taiwan-013925363.html
1235690805,2025-04-02,150,OK_ORIGINAL,MATCH,HIGH,China conducts second day of war games around Taiwan,기사는 중국이 대만 주변에서 'Strait Thunder-2025A'라는 이름의 군사 훈련을 실시하며 고가치 목표물에 대한 모의 공격을 진행하고 있음을 명확히 보도하고 있어 GDELT의 '군사 태세' 분류와 일치합니다.,https://dailypost.ng/2025/04/02/china-conducts-second-day-of-war-games-around-taiwan/,https://dailypost.ng/2025/04/02/china-conducts-second-day-of-war-games-around-taiwan/
1235666372,2025-04-02,150,OK_ORIGINAL,MATCH,HIGH,"US opposes China’s military exercises around Taiwan, warns against ‘destabilizing behavior’","기사는 중국의 대만 주변 군사 훈련에 대한 미국을 포함한 여러 국가의 반대와 우려를 다루고 있으며, 이는 '군사 태세'에 해당합니다.",https://www.aa.com.tr/en/americas/us-opposes-china-s-military-exercises-around-taiwan-warns-against-destabilizing-behavior-/3525754,https://www.aa.com.tr/en/americas/us-opposes-china-s-military-exercises-around-taiwan-warns-against-destabilizing-behavior-/3525754
1235672749,2025-04-02,195,OK_ORIGINAL,MATCH,HIGH,PLA deploys Shandong aircraft carrier to simulate strikes in areas to east of Taiwan Island,"기사에서 중국 인민해방군(PLA)이 대만 동쪽 해역에서 항공모함을 동원하여 공중 및 해상 목표물에 대한 타격 시뮬레이션을 실시했으며, 이는 CAMEO 코드 195인 '공중무기 사용(air weapons)' 사건 유형과 일치합니다.",https://www.bignewsnetwork.com/news/278140739/pla-deploys-shandong-aircraft-carrier-to-simulate-strikes-in-areas-to-east-of-taiwan-island,https://www.bignewsnetwork.com/news/278140739/pla-deploys-shandong-aircraft-carrier-to-simulate-strikes-in-areas-to-east-of-taiwan-island
1235672760,2025-04-02,195,OK_ORIGINAL,MATCH,HIGH,PLA deploys Shandong aircraft carrier to simulate strikes in areas to east of Taiwan Island,"기사는 중국 항공모함이 대만 동부 해역에서 지상 및 해상 목표물에 대한 모의 타격 훈련을 실시했다고 보도하며, 이는 '공중무기 사용'이라는 GDELT 분류 유형과 일치합니다.",https://www.bignewsnetwork.com/news/278140739/pla-deploys-shandong-aircraft-carrier-to-simulate-strikes-in-areas-to-east-of-taiwan-island,https://www.bignewsnetwork.com/news/278140739/pla-deploys-shandong-aircraft-carrier-to-simulate-strikes-in-areas-to-east-of-taiwan-island
1186329702,2024-07-10,195,OK_ORIGINAL,AMBIGUOUS,MEDIUM,37 Chinese aircraft skirt Taiwan on way to drills,"기사는 중국 항공기들이 대만 근처를 지나 훈련 장소로 향하는 것을 언급하지만, '공중무기 사용'에 대한 직접적인 행위는 묘사되지 않아 분류 유형과의 일치 여부가 불분명합니다.",https://www.manilatimes.net/2024/07/10/world/asia-oceania/37-chinese-aircraft-around-taiwan-on-way-to-western-pacific-taipei/1956258,https://www.manilatimes.net/2024/07/10/world/asia-oceania/37-chinese-aircraft-around-taiwan-on-way-to-western-pacific-taipei/1956258
1186336007,2024-07-10,195,OK_ORIGINAL,MATCH,HIGH,37 Chinese aircraft around Taiwan on way to western Pacific: Taipei,"기사는 대만 주변의 중국 항공기(전투기, 폭격기, 드론 포함) 활동을 구체적으로 언급하며, 이는 GDELT 분류 유형인 '공중무기 사용'과 직접적으로 일치합니다.",https://www.spacewar.com/afp/240710024538.xsu381z0.html,https://www.spacewar.com/afp/240710024538.xsu381z0.html
1186336011,2024-07-10,150,OK_ORIGINAL,MATCH,HIGH,"36 PLA aircraft fly near Taiwan, headed to Western Pacific: MND - Focus Taiwan","기사 내용은 중국 인민해방군(PLA) 항공기들이 대만 인근 및 서태평양으로 향하는 군사 훈련에 참여하려는 움직임을 설명하며, 이는 CAMEO 코드 150 '군사 태세'의 정의와 일치합니다.",https://focustaiwan.tw/cross-strait/202407100005,https://focustaiwan.tw/cross-strait/202407100005
1204630322,2024-10-17,154,OK_ORIGINAL,MATCH,HIGH,China deploys record 125 warplanes in military drill to warn Taiwan,"기사는 중국이 대만을 겨냥한 대규모 군사 훈련을 실시했다고 보도하며, 이는 CAMEO 코드 154(군사 동원/증강)에 해당됩니다.",https://www.bignewsnetwork.com/news/274718738/china-deploys-record-125-warplanes-in-military-drill-to-warn-taiwan,https://www.bignewsnetwork.com/news/274718738/china-deploys-record-125-warplanes-in-military-drill-to-warn-taiwan
1204687404,2024-10-17,154,OK_ORIGINAL,MATCH,HIGH,"China tests two missiles during war games, Taiwan says","기사는 중국이 대만 주변에서 군사 훈련을 실시하며 미사일을 발사한 사건을 다루고 있으며, 이는 GDELT의 '군사 동원·증강' 분류와 일치합니다.",https://thefrontierpost.com/china-tests-two-missiles-during-war-games-taiwan-says/,https://thefrontierpost.com/china-tests-two-missiles-during-war-games-taiwan-says/
1204596626,2024-10-17,154,OK_ORIGINAL,MATCH,HIGH,Taiwan Says China Tested Two Missiles During War Games,"기사는 중국이 대만 주변에서 군사 훈련의 일환으로 미사일을 발사하고 대규모 군사 자산을 배치했다고 보도하며, 이는 군사 동원 및 증강 활동에 해당합니다.",https://english.aawsat.com/world/5071895-taiwan-says-china-tested-two-missiles-during-war-games,https://english.aawsat.com/world/5071895-taiwan-says-china-tested-two-missiles-during-war-games
1204704488,2024-10-17,190,OK_ORIGINAL,MISMATCH,LOW,BizToc,"본 기사는 미국과 이란 간의 군사적 충돌에 관한 내용으로, 양안(중국-대만) 군사 사건과는 관련이 없습니다.",https://biztoc.com/x/919e96b74093220f,https://biztoc.com/x/919e96b74093220f
1061513630,2022-08-05,191,OK_ORIGINAL,AMBIGUOUS,MEDIUM,Dangers of brinksmanship: The Hindu Editorial on India and the Taiwan Strait crisis,"기사는 양안 군사 긴장 고조를 다루고 있으나, '봉쇄·이동제한'이라는 특정 사건 유형보다는 군사 훈련, 드론 침입, 드론 격추 등 더 포괄적인 군사적 긴장을 묘사하고 있어 분류 유형과 직접적으로 일치한다고 보기 어렵습니다.",https://www.thehindu.com/opinion/editorial/dangers-of-brinksmanship/article65849309.ece,https://www.thehindu.com/opinion/editorial/dangers-of-brinksmanship/article65849309.ece
1155582663,2024-02-03,192,OK_ORIGINAL,AMBIGUOUS,MEDIUM,"World News | Taiwan Detects 10 Chinese Military Aircraft, Five Naval Ships Around Nation | LatestLY","기사는 중국과 대만 간의 군사 활동을 다루지만, '영토 점령'보다는 중국의 '회색 지대 전술'에 대한 감시 및 대응에 초점을 맞추고 있어 분류 유형과 직접적으로 일치하지 않습니다.",https://www.latestly.com/agency-news/world-news-taiwan-detects-10-chinese-military-aircraft-five-naval-ships-around-nation-5735908.html,https://www.latestly.com/agency-news/world-news-taiwan-detects-10-chinese-military-aircraft-five-naval-ships-around-nation-5735908.html
1155597089,2024-02-03,192,OK_ORIGINAL,AMBIGUOUS,MEDIUM,"Taiwan detects 10 Chinese military aircraft, five naval ships around nation","기사는 중국의 군사 활동을 보도하고 있지만, '영토 점령'이라는 분류와는 달리 중국 항공기와 함선이 '주변을 순찰'하는 내용이므로 직접적인 영토 점령 행위로 보기에는 불확실합니다.",https://www.bignewsnetwork.com/news/274115056/taiwan-detects-10-chinese-military-aircraft-five-naval-ships-around-nation,https://www.bignewsnetwork.com/news/274115056/taiwan-detects-10-chinese-military-aircraft-five-naval-ships-around-nation
1208308341,2024-11-06,190,NOTFOUND,-,UNVERIFIED,,본문 확보 실패,,https://www.yahoo.com/news/taiwan-students-design-drones-mock-024139486.html
1208313369,2024-11-06,190,OK_ORIGINAL,AMBIGUOUS,MEDIUM,"Taiwan students design drones for mock battle, as China threat looms","기사는 대만 학생들의 드론 설계 경진대회에 관한 내용으로, 중국의 군사적 압박을 배경으로 하고 있지만, 실제 무력 충돌이나 재래식 무력 사용에 대한 내용은 포함하고 있지 않아 CAMEO 코드 190과는 직접적인 관련성이 부족합니다.",https://www.spacewar.com/afp/241106024144.q5tsx9gi.html,https://www.spacewar.com/afp/241106024144.q5tsx9gi.html
1208307572,2024-11-06,190,NOTFOUND,-,UNVERIFIED,,본문 확보 실패,,https://www.yahoo.com/news/taiwan-students-design-drones-mock-024139486.html
1208312802,2024-11-06,190,OK_ORIGINAL,AMBIGUOUS,MEDIUM,"Taiwan students design drones for mock battle, as China threat looms","기사는 중국의 위협에 대한 대만의 대응으로 드론 개발 경쟁을 다루고 있으며, 이는 잠재적인 군사적 긴장을 시사하지만 직접적인 재래식 무력 사용을 묘사하지는 않습니다.",https://www.spacewar.com/afp/241106024144.q5tsx9gi.html,https://www.spacewar.com/afp/241106024144.q5tsx9gi.html
1208349713,2024-11-06,194,NOTFOUND,-,UNVERIFIED,,본문 확보 실패,,https://www.yahoo.com/news/taiwan-says-receives-first-high-075649197.html
1055610303,2022-07-25,190,OK_ORIGINAL,MATCH,HIGH,Taiwan launches five-day live-fire military exercise,"기사는 대만이 중국의 잠재적 공격에 대비하여 실시하는 실제 사격 훈련을 상세히 설명하고 있어, CAMEO 코드 190의 '재래식 무력 사용' 분류와 일치합니다.",https://tass.com/world/1484467,https://tass.com/world/1484467
1055605276,2022-07-25,150,EMPTY,-,UNVERIFIED,,본문 확보 실패,,https://www.msn.com/en-au/news/other/taiwan-conducts-military-exercises-with-an-eye-on-possible-invasion-by-china/ar-AAZWkFC
1055615882,2022-07-25,193,OK_ORIGINAL,AMBIGUOUS,MEDIUM,Taiwan holds air raid drills as China doubles down against Nancy Pelosi visit,"기사는 대만의 공습 훈련과 중국의 경고를 다루지만, 실제 소형 무기 충돌과 같은 직접적인 군사 사건은 묘사하고 있지 않습니다.",https://www.foxnews.com/politics/taiwan-holds-air-raid-drills-china-doubles-down-against-nancy-pelosi-visit,https://www.foxnews.com/politics/taiwan-holds-air-raid-drills-china-doubles-down-against-nancy-pelosi-visit
1055571833,2022-07-25,195,OK_ORIGINAL,MISMATCH,LOW,"Air raid drill simulating Chinese attack to held in Taipei today from 1:30-2 pm
 | Taiwan News | Jul. 25, 2022 10:21","기사는 중국의 공격을 시뮬레이션하는 대만의 공습 대비 훈련에 관한 것으로, 실제 무기 사용과는 거리가 멀어 '공중무기 사용'이라는 분류와 일치하지 않습니다.",https://www.taiwannews.com.tw/en/news/4605498,https://www.taiwannews.com.tw/en/news/4605498
1055616655,2022-07-25,193,OK_ORIGINAL,MISMATCH,LOW,Taiwan holds air raid drills as China doubles down against Nancy Pelosi visit,"기사는 대만의 공습 훈련 및 중국의 경고에 대한 내용으로, 소형화기 충돌과 같은 실제 군사적 충돌 사건이 발생했음을 나타내지 않습니다.",https://www.foxnews.com/politics/taiwan-holds-air-raid-drills-china-doubles-down-against-nancy-pelosi-visit,https://www.foxnews.com/politics/taiwan-holds-air-raid-drills-china-doubles-down-against-nancy-pelosi-visit
1104639318,2023-05-25,190,OK_ORIGINAL,AMBIGUOUS,MEDIUM,US Congressional Committee Urges Creation of Taiwan Weapons Reserve,"기사는 대만 무기 비축 및 억제력 강화에 관한 내용을 다루고 있어 양안 관련성은 있지만, 실제 '재래식 무력 사용'에 대한 직접적인 사건을 묘사하고 있지는 않습니다.",https://www.benzinga.com/news/23/05/32567070/us-congressional-committee-urges-creation-of-taiwan-weapons-reserve-to-counter-xi-jinping-threat,https://www.benzinga.com/news/23/05/32567070/us-congressional-committee-urges-creation-of-taiwan-weapons-reserve-to-counter-xi-jinping-threat
1139721809,2022-11-12,194,OK_ORIGINAL,MISMATCH,LOW,Japanese island holds disaster drill in shadow of Taiwan threat,"이 기사는 대만 위협에 대비한 일본의 재난 대비 훈련에 관한 내용으로, 직접적인 중화기 무력 충돌 사건을 묘사하지 않습니다.",https://news.yahoo.com/japanese-island-holds-disaster-drill-085801970.html,https://news.yahoo.com/japanese-island-holds-disaster-drill-085801970.html
1205684267,2024-10-23,190,NOTFOUND,-,UNVERIFIED,,본문 확보 실패,,https://www.yahoo.com/news/taiwan-says-chinese-warships-sailing-233723199.html
1205684268,2024-10-23,195,NOTFOUND,-,UNVERIFIED,,본문 확보 실패,,https://www.yahoo.com/news/taiwan-says-chinese-warships-sailing-233723199.html
1205737068,2024-10-23,190,NOTFOUND,-,UNVERIFIED,,본문 확보 실패,,https://www.fbherald.com/news/national/taipei-says-chinese-aircraft-carrier-group-sailed-through-taiwan-strait/article_33e1c448-b640-5dd2-a093-7589d8db79c9.html
1205737069,2024-10-23,195,NOTFOUND,-,UNVERIFIED,,본문 확보 실패,,https://www.fbherald.com/news/national/taipei-says-chinese-aircraft-carrier-group-sailed-through-taiwan-strait/article_33e1c448-b640-5dd2-a093-7589d8db79c9.html
1205881500,2024-10-23,191,OK_ORIGINAL,MATCH,HIGH,"China Blockade Would Be Act of War, Taiwan Defense Minister Says",기사 제목과 본문 모두 중국이 대만에 봉쇄를 가할 경우 이를 전쟁 행위로 간주할 것이라는 대만 국방장관의 경고를 다루고 있어 GDELT 분류 유형인 '봉쇄·이동제한(blockade/restrict movement)'과 명확하게 일치합니다.,https://www.theepochtimes.com/china/china-blockade-would-be-act-of-war-taiwan-defense-minister-says-5746501,https://www.theepochtimes.com/china/china-blockade-would-be-act-of-war-taiwan-defense-minister-says-5746501
1087909197,2022-03-06,150,NOTFOUND,-,UNVERIFIED,,본문 확보 실패,,https://www.arabnews.com/node/2263131/world
1086414778,2023-02-24,154,NOTFOUND,-,UNVERIFIED,,본문 확보 실패,,https://www.wthitv.com/news/us-plans-to-expand-training-of-taiwanese-forces/article_773ec668-23cd-514a-a441-d8a9c8e9f346.html
1203686545,2024-10-12,154,OK_ORIGINAL,MATCH,HIGH,Taiwan reports increased Chinese military activity near its territory,"기사는 중국 군용기의 대만 방공식별구역 진입 및 대만 측의 대응을 상세히 보도하며, 이는 군사적 동원 및 증강 활동에 해당합니다.",https://news.webindia123.com/news/Articles/World/20241012/4244921.html,https://news.webindia123.com/news/Articles/World/20241012/4244921.html
1203686546,2024-10-12,154,OK_ORIGINAL,MATCH,HIGH,Taiwan reports increased Chinese military activity near its territory,"기사는 대만 해협에서 중국의 군용기 및 선박 활동 증가와 대만의 대응을 상세히 보도하며, 이는 GDELT의 CAMEO 코드 154인 '군사 동원·증강'에 해당합니다.",https://news.webindia123.com/news/Articles/World/20241012/4244921.html,https://news.webindia123.com/news/Articles/World/20241012/4244921.html
659129454,2017-05-26,154,NOTFOUND,-,UNVERIFIED,,본문 확보 실패,,http://world.einnews.com/article/383244951/live
659123868,2017-05-26,190,NOTFOUND,-,UNVERIFIED,,본문 확보 실패,,http://m.todayonline.com/chinaindia/china/taiwan-war-games-simulate-invasion-china
659134177,2017-05-26,190,NOTFOUND,-,UNVERIFIED,,본문 확보 실패,,https://www.yahoo.com/news/taiwan-war-games-simulate-china-invasion-061628479.html
1123110192,2023-08-26,190,OK_ORIGINAL,MISMATCH,LOW,BizToc,"이 기사는 미국과 이란 간의 군사적 충돌에 대해 다루고 있으며, 양안(중국-대만) 군사 사건과는 관련이 없습니다.",https://biztoc.com/x/1804bdd7fd437acf,https://biztoc.com/x/1804bdd7fd437acf
1123077374,2023-08-26,190,OK_ORIGINAL,AMBIGUOUS,MEDIUM,Taiwan reports combat drone as China military activities continue,"기사는 중국의 대만 주변 군사 활동을 묘사하지만, '재래식 무력 사용'이라는 GDELT 분류와 달리 실제 무력 사용보다는 공중 방어 구역 침범, 전투 훈련 등의 활동에 초점을 맞추고 있어 명확하게 일치한다고 보기 어렵습니다.",https://www.thedailystar.net/news/world/news/taiwan-reports-combat-drone-china-military-activities-continue-3403326,https://www.thedailystar.net/news/world/news/taiwan-reports-combat-drone-china-military-activities-continue-3403326
1123063902,2023-08-26,190,NOTFOUND,-,UNVERIFIED,,본문 확보 실패,,https://www.reuters.com/world/asia-pacific/taiwan-reports-20-chinese-military-aircraft-entered-defence-zone-2023-08-26/
1123078477,2023-08-26,190,NOTFOUND,-,UNVERIFIED,,본문 확보 실패,,https://www.firstpost.com/world/taiwan-reports-combat-drone-as-chinas-continues-military-activities-inside-its-air-defence-zone-13041572.html
1123095708,2023-08-26,190,OK_ORIGINAL,AMBIGUOUS,MEDIUM,Taiwan reports combat drone as China military activities continue,"기사는 중국의 항공기 및 드론의 대만 방공식별구역 진입을 보고하며 이는 양안 군사 활동에 해당하지만, '재래식 무력 사용'이라는 분류 유형에 직접적으로 부합하는 구체적인 무력 사용에 대한 설명은 포함하고 있지 않습니다.",https://www.standardmedia.co.ke/asia/article/2001480140/taiwan-reports-combat-drone-as-china-military-activities-continue,https://www.standardmedia.co.ke/asia/article/2001480140/taiwan-reports-combat-drone-as-china-military-activities-continue
1123044383,2023-08-26,150,OK_ORIGINAL,AMBIGUOUS,MEDIUM,Taiwan's vice president accuses China of attempting to influence upcoming elections,"기사는 중국의 선거 개입 의혹과 대만 부총통의 비난을 다루고 있으며, 이는 직접적인 군사적 행동보다는 정치적 및 경제적 압박에 가깝기 때문에 '군사 태세' 분류와는 직접적으로 일치하지 않습니다.",https://www.shanghaisun.com/news/273943688/taiwan-vice-president-accuses-china-of-attempting-to-influence-upcoming-elections,https://www.shanghaisun.com/news/273943688/taiwan-vice-president-accuses-china-of-attempting-to-influence-upcoming-elections
1063755518,2022-09-19,190,NOTFOUND,-,UNVERIFIED,,본문 확보 실패,,https://www.newsweek.com/chinas-dongfeng-missiles-compared-americas-nuclear-arsenal-1744112
1063654027,2022-09-19,190,OK_ORIGINAL,AMBIGUOUS,MEDIUM,"U.S. forces would defend Taiwan against Chinese attack, Biden says","기사는 중국의 대만 공격 시 미국의 개입 가능성을 다루고 있으나, 실제 무력 사용에 대한 내용이 아닌 미국의 의사 표명에 관한 내용이므로 CAMEO 코드 190 (재래식 무력 사용)과 명확히 일치한다고 보기 어렵습니다.",https://www.nbcnews.com/news/world/joe-biden-china-us-forces-defend-taiwan-rcna48271,https://www.nbcnews.com/news/world/joe-biden-china-us-forces-defend-taiwan-rcna48271
1063767505,2022-09-19,190,OK_ORIGINAL,AMBIGUOUS,MEDIUM,Biden Again Indicates That US Will Defend Taiwan 'Militarily'  Does This Constitute A Change In Policy?,"기사는 미국 대통령의 대만 방어 관련 발언을 다루고 있으나, 실제 군사적 무력 사용보다는 정책적, 외교적 입장에 대한 논의에 가깝습니다.",https://menafn.com/1104889822/Biden-Again-Indicates-That-US-Will-Defend-Taiwan-Militarily-Does-This-Constitute-A-Change-In-Policy,https://menafn.com/1104889822/Biden-Again-Indicates-That-US-Will-Defend-Taiwan-Militarily-Does-This-Constitute-A-Change-In-Policy
1063694868,2022-09-19,190,OK_ORIGINAL,AMBIGUOUS,MEDIUM,U.S. forces would defend Taiwan if attacked by China: Biden,"기사는 중국의 대만 침공 시 미국이 대만을 방어하겠다는 바이든 대통령의 발언을 다루고 있으나, 실제 무력 충돌이 발생한 사건이 아닌 정책적 발언에 대한 내용이므로 '재래식 무력 사용'으로 직접 분류하기에는 애매합니다.",https://pmnewsnigeria.com/2022/09/19/u-s-forces-would-defend-taiwan-if-attacked-by-china-biden/,https://pmnewsnigeria.com/2022/09/19/u-s-forces-would-defend-taiwan-if-attacked-by-china-biden/
1063653107,2022-09-19,190,NOTFOUND,-,UNVERIFIED,,본문 확보 실패,,https://www.entornointeligente.com/us-forces-to-defend-taiwan-if-china-attacks-biden/
1193179765,2024-08-17,190,OK_ORIGINAL,MISMATCH,LOW,Three crew on Chinese boat missing after collision off Taiwan island,"기사는 중국 어선과 미확인 선박의 충돌 및 침몰 사건을 다루고 있으며, 이는 재래식 무력 사용에 해당하는 군사 사건이 아닙니다.",https://tribune.net.ph/2024/08/17/three-crew-on-chinese-boat-missing-after-collision-off-taiwan-island,https://tribune.net.ph/2024/08/17/three-crew-on-chinese-boat-missing-after-collision-off-taiwan-island
1193179766,2024-08-17,190,OK_ORIGINAL,MISMATCH,LOW,Three crew on Chinese boat missing after collision off Taiwan island,"기사는 중국 어선과 신원 미상의 선박 간의 충돌 및 침몰 사고를 다루고 있으며, 이는 재래식 무력 사용이라는 CAMEO 코드 190과는 관련이 없는 해상 사고입니다.",https://tribune.net.ph/2024/08/17/three-crew-on-chinese-boat-missing-after-collision-off-taiwan-island,https://tribune.net.ph/2024/08/17/three-crew-on-chinese-boat-missing-after-collision-off-taiwan-island
1033032785,2022-03-10,190,EMPTY,-,UNVERIFIED,,본문 확보 실패,,https://www.msn.com/en-xl/asia/top-stories/chinese-military-aircraft-crashed-in-south-china-sea-taiwan-intel-report/ar-AAUSybT
1032956928,2022-03-10,190,OK_ORIGINAL,AMBIGUOUS,MEDIUM,China-Taiwan war would end in 'miserable victory' -Taiwan minister,"기사는 중국-대만 간의 전쟁 가능성에 대해 언급하지만, 실제 무력 사용에 대한 구체적인 내용은 없어 CAMEO 코드 190(재래식 무력 사용)과 직접적으로 일치한다고 보기 어렵습니다.",https://economictimes.indiatimes.com/news/defence/china-taiwan-war-would-end-in-miserable-victory-taiwan-minister/articleshow/90115242.cms,https://economictimes.indiatimes.com/news/defence/china-taiwan-war-would-end-in-miserable-victory-taiwan-minister/articleshow/90115242.cms
1032951988,2022-03-10,190,NOTFOUND,-,UNVERIFIED,,본문 확보 실패,,https://www.ctvnews.ca/world/china-taiwan-war-would-end-in-miserable-victory-taiwan-minister-1.5813345
1032981675,2022-03-10,190,OK_ORIGINAL,AMBIGUOUS,MEDIUM,"Taiwan studies Ukraine war for own battle strategy with China | The Asahi Shimbun: Breaking News, Japan News and Analysis","기사는 대만과 중국 간의 잠재적 군사 충돌 가능성에 대해 논의하고 있으며, 대만이 우크라이나 전쟁을 통해 자체 방어 전략을 연구하고 있다는 내용을 다루지만, 현재 시점에서 재래식 무력의 실제 사용에 대한 구체적인 사건을 보고하지는 않습니다.",https://www.asahi.com/ajw/articles/14568699,https://www.asahi.com/ajw/articles/14568699
1033114236,2022-03-10,191,OK_ORIGINAL,AMBIGUOUS,MEDIUM,Taiwan: PLA Jet Crashed in South China Sea in Early March,"기사는 중국 항공기 추락 사건을 다루고 있으며, 중국 군이 수색 및 구조 작전을 위해 해당 지역에 항행 제한을 가했다고 언급하지만, 이는 전면적인 봉쇄나 이동 제한으로 보기에는 제한적입니다.",https://www.europesun.com/news/272377759/taiwan-pla-jet-crashed-in-south-china-sea-in-early-march,https://www.europesun.com/news/272377759/taiwan-pla-jet-crashed-in-south-china-sea-in-early-march
1093735744,2023-04-05,194,NOTFOUND,-,UNVERIFIED,,본문 확보 실패,,https://abcnews.go.com/Politics/wireStory/house-leader-taiwan-president-hold-historic-meeting-us-98383779
1093551991,2023-04-05,150,NOTFOUND,-,UNVERIFIED,,본문 확보 실패,,https://news.yahoo.com/us-house-speaker-meets-taiwan-013722295.html
1093779162,2023-04-05,195,OK_ORIGINAL,MISMATCH,LOW,China Deploys Carrier Strike Group as Taiwan's President Visits U.S.,"기사는 항공모함 타격단의 배치와 군사적 긴장 고조를 다루고 있으나, 실제 공중무기 사용에 대한 내용은 언급되지 않아 CAMEO 코드 195와 직접적으로 일치하지 않습니다.",https://www.maritime-executive.com/article/china-deploys-carrier-strike-group-as-taiwan-s-president-visits-u-s,https://www.maritime-executive.com/article/china-deploys-carrier-strike-group-as-taiwan-s-president-visits-u-s
1093667025,2023-04-05,194,OK_ORIGINAL,AMBIGUOUS,MEDIUM,China Conducts Joint Patrol in Taiwan Strait Before Taiwan-US Meeting,"기사는 양안 군사 사건을 다루지만, '중화기 무력충돌'을 명확히 나타내는 구체적인 내용이 없어 GDELT의 CAMEO 코드 194와 직접적으로 일치한다고 보기 어렵습니다.",https://menafn.com/1105949514/China-Conducts-Joint-Patrol-in-Taiwan-Strait-Before-Taiwan-US-Meeting,https://menafn.com/1105949514/China-Conducts-Joint-Patrol-in-Taiwan-Strait-Before-Taiwan-US-Meeting
1093551992,2023-04-05,150,NOTFOUND,-,UNVERIFIED,,본문 확보 실패,,https://www.france24.com/en/live-news/20230405-us-house-speaker-meets-taiwan-president-despite-beijing-s-threats
1093729143,2023-04-05,195,OK_ORIGINAL,AMBIGUOUS,MEDIUM,Moment China sends aircraft carrier strike group near Taiwan in warning to US,"기사는 양안 군사 사건을 다루지만, GDELT 분류 유형인 '공중무기 사용'에 대한 직접적인 언급이나 묘사가 부족하여 명확하게 일치한다고 보기 어렵습니다.",https://www.thesun.co.uk/news/21955163/china-aircraft-carrier-taiwan-coast/,https://www.thesun.co.uk/news/21955163/china-aircraft-carrier-taiwan-coast/
1261745511,2025-09-07,190,OK_ORIGINAL,AMBIGUOUS,MEDIUM,"Taiwan important to world's security, economy: U.S. senator - Focus Taiwan","기사는 중국의 대만 정복 시 발생할 수 있는 결과를 경고하고 있지만, 실제 군사적 무력 사용 사건을 다루고 있지는 않습니다.",https://focustaiwan.tw:443/politics/202509070004,https://focustaiwan.tw:443/politics/202509070004
1218498039,2025-01-02,190,OK_ORIGINAL,MATCH,HIGH,Taiwan reports first Chinese 'combat patrol' of the New Year,"기사에서 중국 군용기 및 군함이 대만 주변에서 '전투 순찰'을 수행했다고 명시하고 있어, CAMEO 코드 190 '재래식 무력 사용'으로 분류된 사건 유형과 일치합니다.",https://www.yahoo.com/news/taiwan-reports-first-chinese-combat-052810380.html,https://www.yahoo.com/news/taiwan-reports-first-chinese-combat-052810380.html
1218527656,2025-01-02,190,OK_ORIGINAL,MATCH,HIGH,Taiwan reports first Chinese 'combat patrol' of the New Year,"기사는 중국 군용기와 군함이 대만 주변에서 '합동 전투 준비 순찰'을 실시한 것을 보도하고 있으며, 이는 재래식 무력 사용에 해당합니다.",https://dunyanews.tv/en/World/860145-taiwan-reports-first-chinese-combat-patrol-of-the-new-year,https://dunyanews.tv/en/World/860145-taiwan-reports-first-chinese-combat-patrol-of-the-new-year
1218500240,2025-01-02,190,NOTFOUND,-,UNVERIFIED,,본문 확보 실패,,https://www.marketscreener.com/news/latest/Taiwan-reports-first-Chinese-combat-patrol-of-the-New-Year-48671824/
1106810276,2023-06-05,190,OK_ORIGINAL,MISMATCH,LOW,BizToc,"이 기사는 미국과 이란 간의 군사적 충돌에 관한 내용으로, 양안(중국-대만) 군사 사건과 관련이 없습니다.",https://biztoc.com/x/dfe8973d762ba2b2,https://biztoc.com/x/dfe8973d762ba2b2
1106810991,2023-06-05,190,NOTFOUND,-,UNVERIFIED,,본문 확보 실패,,https://www.reuters.com/world/chinese-state-media-dismisses-us-diplomats-visit-beijing-2023-06-05/
1106810274,2023-06-05,190,NOTFOUND,-,UNVERIFIED,,본문 확보 실패,,https://www.reuters.com/world/chinese-state-media-dismisses-us-diplomats-visit-beijing-2023-06-05/
658995532,2017-05-25,190,OK_ORIGINAL,AMBIGUOUS,MEDIUM,"Taiwan repels mock attack by China in war games (VIDEO, PHOTOS)","기사는 대만과 중국 간의 군사 훈련에 대한 내용이며, 'repel the enemy'라는 표현을 사용하지만 실제 무력 사용보다는 모의 공격에 대한 대응 훈련에 가깝습니다.",https://www.rt.com/news/389722-taiwan-china-mock-attack/,https://www.rt.com/news/389722-taiwan-china-mock-attack/
658842434,2017-05-25,190,OK_ORIGINAL,MISMATCH,LOW,Taiwan war games simulate China invasion,"기사는 대만 군의 중국 침공 시뮬레이션 훈련에 대한 내용으로, 실제로 재래식 무력이 사용된 사건이 아닙니다.",http://www.dailymail.co.uk/wires/afp/article-4540320/Taiwan-war-games-simulate-China-invasion.html,http://www.dailymail.co.uk/wires/afp/article-4540320/Taiwan-war-games-simulate-China-invasion.html
659057347,2017-05-25,190,NOTFOUND,-,UNVERIFIED,,본문 확보 실패,,http://www.arabnews.com/node/1104821/world
658856779,2017-05-25,194,NOTFOUND,-,UNVERIFIED,,본문 확보 실패,,http://www.themalaymailonline.com/world/article/taiwan-war-games-simulate-china-invasion
658993577,2017-05-25,190,OK_ORIGINAL,MATCH,HIGH,"Taiwan repels mock attack by China in war games (VIDEO, PHOTOS)","기사는 대만이 중국의 모의 공격을 격퇴하는 훈련에 관한 내용을 다루고 있으며, 이는 CAMEO 코드 190 '재래식 무력 사용'에 해당합니다.",https://www.rt.com/news/389722-taiwan-china-mock-attack/,https://www.rt.com/news/389722-taiwan-china-mock-attack/
658879724,2017-05-25,190,OK_ORIGINAL,MATCH,HIGH,Taiwan war games simulate China invasion,"기사는 대만 군사 훈련이 중국의 침공 시나리오를 시뮬레이션하고 있으며, 이는 CAMEO 코드 190 '재래식 무력 사용'에 해당되는 군사 사건을 묘사하고 있습니다.",http://gulfnews.com/news/asia/other/taiwan-war-games-simulate-china-invasion-1.2032904,http://gulfnews.com/news/asia/other/taiwan-war-games-simulate-china-invasion-1.2032904
659085377,2017-05-24,190,NOTFOUND,-,UNVERIFIED,,본문 확보 실패,,http://www.todayonline.com/chinaindia/china/taiwan-war-games-simulate-invasion-china
658856777,2017-05-25,190,NOTFOUND,-,UNVERIFIED,,본문 확보 실패,,http://www.themalaymailonline.com/world/article/taiwan-war-games-simulate-china-invasion
658842433,2017-05-25,190,OK_ORIGINAL,MATCH,HIGH,Taiwan war games simulate China invasion,"기사는 대만이 중국의 침공을 시뮬레이션하는 군사 훈련을 실시하고 있으며, 이는 재래식 무력 사용(use conventional force)이라는 CAMEO 코드 190 분류와 일치합니다.",http://www.dailymail.co.uk/wires/afp/article-4540320/Taiwan-war-games-simulate-China-invasion.html,http://www.dailymail.co.uk/wires/afp/article-4540320/Taiwan-war-games-simulate-China-invasion.html
1057950718,2022-08-10,150,OK_ORIGINAL,MISMATCH,LOW,Can Ukraine's China Outreach Actually Work?,"기사는 우크라이나와 중국의 관계에 대한 내용으로, 양안(중국-대만) 간의 군사 사건을 다루지 않으며 GDELT의 '군사 태세' 분류와도 관련이 없습니다.",https://www.beijingbulletin.com/news/272648532/can-ukraines-china-outreach-actually-work,https://www.beijingbulletin.com/news/272648532/can-ukraines-china-outreach-actually-work
1058000416,2022-08-10,192,OK_ORIGINAL,MATCH,HIGH,China’s ambassador backs the right to take control of Taiwan by force,"기사는 중국이 대만을 군사적으로 점령할 권리를 주장하는 내용을 명시적으로 다루고 있으며, 이는 GDELT의 '영토 점령' 분류와 직접적으로 일치합니다.",https://www.smh.com.au/politics/federal/china-s-ambassador-backs-the-right-to-take-control-of-taiwan-by-force-20220810-p5b8pb.html,https://www.smh.com.au/politics/federal/china-s-ambassador-backs-the-right-to-take-control-of-taiwan-by-force-20220810-p5b8pb.html
1057950717,2022-08-10,150,OK_ORIGINAL,MISMATCH,LOW,Can Ukraine's China Outreach Actually Work?,"기사는 우크라이나와 중국의 외교적 관계에 대한 것이며, 양안(중국-대만) 간의 군사 사건이나 군사 태세와는 관련이 없습니다.",https://www.beijingbulletin.com/news/272648532/can-ukraines-china-outreach-actually-work,https://www.beijingbulletin.com/news/272648532/can-ukraines-china-outreach-actually-work
1058033387,2022-08-10,154,EMPTY,-,UNVERIFIED,,본문 확보 실패,,http://www.msn.com/en-us/news/world/china-ends-military-drills-around-taiwan-vows-regular-patrols/ar-AA10vZAY
1058099438,2022-08-10,192,OK_ORIGINAL,AMBIGUOUS,MEDIUM,China Withdraws Promise Not to Send Troops to Taiwan After Taking Control,"기사는 중국이 대만에 군대 주둔을 약속하지 않겠다는 기존 입장을 철회했다는 내용을 다루고 있으나, '영토 점령'이라는 GDELT 분류 사건 유형에 직접적으로 해당되는 실제 군사적 행동을 묘사하고 있지는 않습니다.",https://www.breitbart.com/national-security/2022/08/10/china-withdraws-promise-not-send-troops-taiwan-after-taking-control/,https://www.breitbart.com/national-security/2022/08/10/china-withdraws-promise-not-send-troops-taiwan-after-taking-control/
1057982692,2022-08-10,192,NOTFOUND,-,UNVERIFIED,,본문 확보 실패,,https://www.irvinetimes.com/news/national/20614935.china-reaffirms-threat-military-force-take-control-taiwan/
1057953331,2022-08-10,152,OK_ORIGINAL,MATCH,HIGH,China goes ballistic over Taiwan,"기사는 대만 방문에 대한 중국의 군사적 대응으로 탄도 미사일 발사, 해군 및 공군 자산 동원 등을 언급하며 CAMEO 코드 152인 '군사력 증강' 분류와 일치합니다.",https://www.bruneinews.net/news/272647007/china-goes-ballistic-over-taiwan,https://www.bruneinews.net/news/272647007/china-goes-ballistic-over-taiwan
1058000417,2022-08-10,192,OK_ORIGINAL,MATCH,HIGH,China’s ambassador backs the right to take control of Taiwan by force,"기사 제목과 본문 모두 중국이 군사력을 동원하여 대만을 점령할 권리를 주장하고 있으며, 이는 '영토 점령' 사건 유형과 일치합니다.",https://www.brisbanetimes.com.au/politics/federal/china-s-ambassador-backs-the-right-to-take-control-of-taiwan-by-force-20220810-p5b8pb.html,https://www.brisbanetimes.com.au/politics/federal/china-s-ambassador-backs-the-right-to-take-control-of-taiwan-by-force-20220810-p5b8pb.html
1058073221,2022-08-10,194,OK_ORIGINAL,AMBIGUOUS,MEDIUM,Experts urge multipronged defense strategy - Taipei Times,"기사는 중국의 군사 훈련과 대만의 대응 전략을 다루고 있으나, GDELT가 분류한 '중화기 무력충돌'과 같은 실제 무력 충돌이 발생했다는 명확한 증거는 제시되지 않았습니다.",https://www.taipeitimes.com/News/taiwan/archives/2022/08/11/2003783356,https://www.taipeitimes.com/News/taiwan/archives/2022/08/11/2003783356
1057954969,2022-08-10,150,OK_ORIGINAL,AMBIGUOUS,MEDIUM,'We don't accept': Marles hits back at China's latest criticism of Australia,"기사는 중국과 호주 간의 외교적 긴장과 양안 문제에 대한 언급을 다루고 있으나, 군사적 행동보다는 외교적 발언과 비판에 초점을 맞추고 있어 CAMEO 코드 150(군사 태세)과 직접적으로 일치한다고 보기 어렵습니다.",https://www.skynews.com.au/australia-news/politics/richard-marles-wants-to-maintain-productive-relationship-with-china-but-flags-hell-speak-up-on-national-interests/news-story/8767ea60f276a53e36e900165e12c7c3,https://www.skynews.com.au/australia-news/politics/richard-marles-wants-to-maintain-productive-relationship-with-china-but-flags-hell-speak-up-on-national-interests/news-story/8767ea60f276a53e36e900165e12c7c3
1057960959,2022-08-10,150,OK_ORIGINAL,MATCH,HIGH,"Taiwan Consul in Chicago Says China Becoming ‘More Aggressive Abroad, More Oppressive at Home’","기사는 대만을 둘러싼 중국의 실탄 군사 훈련에 대해 논하며, 이는 GDELT의 CAMEO 코드 150 '군사 태세' 분류와 일치하는 양안 군사 사건입니다.",https://news.wttw.com/2022/08/09/taiwan-consul-chicago-says-china-becoming-more-aggressive-abroad-more-oppressive-home,https://news.wttw.com/2022/08/09/taiwan-consul-chicago-says-china-becoming-more-aggressive-abroad-more-oppressive-home
1057960961,2022-08-10,150,OK_ORIGINAL,MATCH,HIGH,"Taiwan Consul in Chicago Says China Becoming ‘More Aggressive Abroad, More Oppressive at Home’","기사는 중국의 대만 주변 군사 훈련을 묘사하며, 이는 군사적 위협을 과시하고 긴장을 고조시키는 '군사 태세'에 해당합니다.",https://news.wttw.com/2022/08/09/taiwan-consul-chicago-says-china-becoming-more-aggressive-abroad-more-oppressive-home,https://news.wttw.com/2022/08/09/taiwan-consul-chicago-says-china-becoming-more-aggressive-abroad-more-oppressive-home
1057982693,2022-08-10,192,NOTFOUND,-,UNVERIFIED,,본문 확보 실패,,https://www.irvinetimes.com/news/national/20614935.china-reaffirms-threat-military-force-take-control-taiwan/
1058019343,2022-08-10,194,NOTFOUND,-,UNVERIFIED,,본문 확보 실패,,https://www.newsx.com/world/taiwan-begins-live-fire-artillery-drill-as-china-continues-war-game.html
1058078553,2022-08-10,150,OK_ORIGINAL,MATCH,HIGH,Why has China decided to extend its military exercises around Taiwan?,"기사는 중국의 대만 주변 군사 훈련 연장에 대한 내용을 다루고 있으며, 이는 CAMEO 코드 150인 '군사 태세'에 해당합니다.",https://www.sentinelassam.com/topheadlines/why-has-china-decided-to-extend-its-military-exercises-around-taiwan-606847,https://www.sentinelassam.com/topheadlines/why-has-china-decided-to-extend-its-military-exercises-around-taiwan-606847
1158895853,2024-02-20,152,OK_ORIGINAL,MISMATCH,LOW,Taiwan says Chinese coast guard patrols sparking panic on its tourist boats,"기사는 중국 해안경비대의 대만 관광선 검문 사건을 다루고 있으며, 이는 군사력 증강이나 군사 훈련과는 직접적인 관련이 없습니다.",https://news.yahoo.com/taiwan-says-chinese-coast-guard-113703634.html,https://news.yahoo.com/taiwan-says-chinese-coast-guard-113703634.html
1116578702,2023-07-23,154,OK_ORIGINAL,MATCH,HIGH,"As Taiwan prepares for anti-invasion drills, China sends dozens of warplanes to the island","기사는 대만이 침공 대비 훈련을 준비하고 중국이 수십 대의 군용기를 대만 주변에 파견하는 등 양안 군사적 긴장을 다루고 있으며, 이는 GDELT의 '군사 동원·증강' 유형과 일치합니다.",https://exbulletin.com/politics/2259973/,https://exbulletin.com/politics/2259973/
1116574553,2023-07-23,154,NOTFOUND,-,UNVERIFIED,,본문 확보 실패,,https://www.startribune.com/as-taiwan-prepares-for-anti-invasion-exercises-china-sends-dozens-of-warplanes-toward-the-island/600291563/
1116656794,2023-07-23,195,OK_ORIGINAL,MATCH,HIGH,"China sends dozens of fighter jets, bombers toward Taiwan","기사는 중국의 전투기와 폭격기를 대만 방향으로 보냈다고 명시하며, 이는 CAMEO 코드 195(공중무기 사용)와 직접적으로 일치합니다.",https://www.armytimes.com/flashpoints/china/2023/07/23/china-sends-dozens-of-fighter-jets-bombers-toward-taiwan/,https://www.armytimes.com/flashpoints/china/2023/07/23/china-sends-dozens-of-fighter-jets-bombers-toward-taiwan/
1116588090,2023-07-23,154,NOTFOUND,-,UNVERIFIED,,본문 확보 실패,,https://www.texarkanagazette.com/news/2023/jul/22/as-taiwan-prepares-for-anti-invasion-exercises/
1116604273,2023-07-23,192,OK_ORIGINAL,MISMATCH,LOW,Tropical Storm Doksuri likely to make landfall on Thursday: CWB - Focus Taiwan,"이 기사는 열대성 폭풍에 관한 것이며, 양안 군사 사건이나 영토 점령과 전혀 관련이 없습니다.",https://focustaiwan.tw/society/202307230003,https://focustaiwan.tw/society/202307230003
1116669198,2023-07-23,192,OK_ORIGINAL,MISMATCH,LOW,Typhoon could make landfall on Thursday - Taipei Times,"이 기사는 태풍의 진로에 대한 기상 예보를 다루고 있으며, 영토 점령과 같은 군사 사건과는 전혀 관련이 없습니다.",https://www.taipeitimes.com/News/taiwan/archives/2023/07/24/2003803664,https://www.taipeitimes.com/News/taiwan/archives/2023/07/24/2003803664
1061133467,2022-09-01,190,OK_ORIGINAL,MATCH,HIGH,Taiwan Shoots Down Unidentified Drone Over Jinmen Islands,"기사는 대만 방공망이 진먼 섬 상공의 미확인 드론을 격추했다고 명시적으로 보도하고 있으며, 이는 재래식 무력 사용에 해당합니다.",https://charter97.org/en/news/2022/9/1/513728/,https://charter97.org/en/news/2022/9/1/513728/
1061108464,2022-09-01,193,OK_ORIGINAL,MISMATCH,LOW,Taiwan shoots down drone for first time off Chinese coast,"기사에서는 민간 드론을 격추한 사건을 다루고 있으며, 이는 소형화기 충돌이라는 CAMEO 코드 193의 정의와 직접적으로 일치하지 않습니다.",https://www.asiaone.com/asia/taiwan-shoots-down-drone-first-time-chinese-coast,https://www.asiaone.com/asia/taiwan-shoots-down-drone-first-time-chinese-coast
1061088548,2022-09-01,193,OK_ORIGINAL,MISMATCH,LOW,Taiwan agrees to buy four American-made naval surveillance drones for $555 million,"해당 기사는 미국으로부터 대만이 감시 드론을 구매하는 내용으로, 소형화기 충돌이라는 군사 사건과는 관련이 없습니다.",https://www.stripes.com/theaters/asia_pacific/2022-09-01/taiwan-seaguardian-surveillance-drones-china-7176170.html,https://www.stripes.com/theaters/asia_pacific/2022-09-01/taiwan-seaguardian-surveillance-drones-china-7176170.html
1061088549,2022-09-01,193,OK_ORIGINAL,MISMATCH,LOW,Taiwan agrees to buy four American-made naval surveillance drones for $555 million,"해당 기사는 대만이 미국으로부터 군용 드론을 구매하는 내용으로, 소형화기 충돌과 같은 직접적인 군사적 충돌 사건이 아니기 때문입니다.",https://www.stripes.com/theaters/asia_pacific/2022-09-01/taiwan-seaguardian-surveillance-drones-china-7176170.html,https://www.stripes.com/theaters/asia_pacific/2022-09-01/taiwan-seaguardian-surveillance-drones-china-7176170.html
1061107525,2022-08-02,194,NOTFOUND,-,UNVERIFIED,,본문 확보 실패,,https://www.sfgate.com/news/article/Taiwanese-troops-shoot-down-drone-over-island-17412208.php
1061053116,2022-09-01,150,OK_ORIGINAL,MATCH,HIGH,Taipei vows to hit back if Chinese troops enter Taiwan,"기사는 중국의 군사 활동 증가에 대한 대만의 경고와 대응을 다루고 있어, CAMEO 코드 150 '군사 태세' 분류와 일치합니다.",https://www.dawn.com/news/1707840/taipei-vows-to-hit-back-if-chinese-troops-enter-taiwan,https://www.dawn.com/news/1707840/taipei-vows-to-hit-back-if-chinese-troops-enter-taiwan
1061053791,2022-09-01,193,OK_ORIGINAL,MISMATCH,LOW,Taiwan shoots at Chinese drone after president warns of 'strong countermeasures',"기사는 대만군이 중국 드론에 경고 사격을 가했다는 내용을 다루고 있으나, 이는 소형화기 충돌(small-arms clash)보다는 드론에 대한 무기 사용으로, CAMEO 코드 193과 직접적으로 일치한다고 보기 어렵습니다.",https://postcourier.com.pg/taiwan-shoots-at-chinese-drone-after-president-warns-of-strong-countermeasures/,https://postcourier.com.pg/taiwan-shoots-at-chinese-drone-after-president-warns-of-strong-countermeasures/
1061060882,2022-09-01,150,OK_ORIGINAL,AMBIGUOUS,MEDIUM,Germany to Expand Military Presence in the Asia Pacific to Counter China,"기사는 독일의 아시아 태평양 지역 군사력 증강 계획에 대한 내용이지만, 직접적으로 중국-대만 간의 군사 사건을 다루고 있지 않고 '군사 태세'라는 분류와 명확히 일치하는지 애매합니다.",https://news.antiwar.com/2022/08/31/germany-to-expand-military-presence-in-the-asia-pacific-to-counter-china/,https://news.antiwar.com/2022/08/31/germany-to-expand-military-presence-in-the-asia-pacific-to-counter-china/
1061107524,2022-08-02,194,NOTFOUND,-,UNVERIFIED,,본문 확보 실패,,https://abcnews.go.com/International/wireStory/taiwanese-troops-shoot-drone-island-outpost-89155558
1061079702,2022-09-01,193,NOTFOUND,-,UNVERIFIED,,본문 확보 실패,,https://gazette.com/news/us-world/taiwan-shoots-down-drone-for-first-time-off-chinese-coast/article_1ae4b4b9-7666-5762-808b-d6d1490b6b2e.html
1061128352,2022-09-01,151,OK_ORIGINAL,MATCH,HIGH,"53 Chinese planes detected around Taiwan, with 14 having crossed median line - Focus Taiwan","기사는 대만 주변에서 53대의 중국 군용기가 탐지되었으며, 14대가 중앙선을 넘어섰다고 보도하고 있어 경계 수준 강화와 관련된 양안 군사 사건으로 볼 수 있습니다.",https://focustaiwan.tw/cross-strait/202209010026,https://focustaiwan.tw/cross-strait/202209010026
1039516860,2022-04-15,150,EMPTY,-,UNVERIFIED,,본문 확보 실패,,https://sputniknews.com/20220415/beijing-china-to-hold-military-drills-near-taiwan-in-response-to-us-provocations-1094776170.html
579897749,2016-09-17,192,OK_ORIGINAL,MISMATCH,LOW,CrcConnection.com is for sale | HugeDomains,"해당 기사는 도메인 판매에 관한 내용으로, 양안 군사 사건과 전혀 관련이 없습니다.",http://www.crcconnection.com/2016/09/17/watch-this-inflatable-moon-runs-amok.html,http://www.crcconnection.com/2016/09/17/watch-this-inflatable-moon-runs-amok.html
1177439386,2024-05-23,150,NOTFOUND,-,UNVERIFIED,,본문 확보 실패,,https://www.hometownregister.com/news/national/chinas-military-surrounds-taiwan-as-punishment/article_9a75cd7e-585f-5603-bbd0-398801a1a26e.html
1177496299,2024-05-23,150,OK_ORIGINAL,MATCH,HIGH,China Launches 'Punitive' Manoeuvres Around Taiwan,"기사는 중국이 대만을 둘러싸고 군사 훈련을 실시하고 있음을 명시적으로 보도하며, 이는 '군사 태세(military posturing)'라는 CAMEO 코드 150과 일치합니다.",https://charter97.org/en/news/2024/5/23/596117/,https://charter97.org/en/news/2024/5/23/596117/
1177406988,2024-05-23,150,NOTFOUND,-,UNVERIFIED,,본문 확보 실패,,https://www.yahoo.com/news/china-holds-military-drills-around-014534591.html
1177497489,2024-05-23,190,OK_ORIGINAL,MATCH,HIGH,China's shows of force against Taiwan,"기사는 중국의 대만 주변 군사 훈련 및 항공기 침입과 같은 일련의 군사적 행동을 상세히 설명하고 있으며, 이는 CAMEO 코드 190 (재래식 무력 사용)에 해당하는 명백한 양안 군사 사건입니다.",https://www.spacewar.com/afp/240523091748.15y2f8ky.html,https://www.spacewar.com/afp/240523091748.15y2f8ky.html
1177544491,2024-05-23,150,OK_ORIGINAL,MATCH,HIGH,China's military intimidation only escalates cross-strait tensions: MAC - Focus Taiwan,"기사는 중국의 대만 주변 군사 훈련을 언급하며, 이는 GDELT 분류 유형인 '군사 태세'와 일치합니다.",https://focustaiwan.tw:443/cross-strait/202405230015,https://focustaiwan.tw:443/cross-strait/202405230015
1177489214,2024-05-23,192,OK_ORIGINAL,MISMATCH,LOW,China starts ‘punishment’ military drills around Taiwan days after island swears in new leader | CNN,"기사는 대만 주변에서 실시된 중국의 군사 훈련에 대한 내용으로, '영토 점령'이라는 CAMEO 코드 192의 정의와는 직접적으로 일치하지 않습니다.",https://edition.cnn.com/2024/05/22/asia/china-military-drills-taiwan-punishment-intl-hnk/,https://edition.cnn.com/2024/05/22/asia/china-military-drills-taiwan-punishment-intl-hnk/
1177429011,2024-05-23,150,OK_ORIGINAL,MATCH,HIGH,Furious China launches 'punishment' war games around Taiwan,"기사는 중국이 대만을 둘러싸고 군사 훈련을 실시한다는 내용을 담고 있으며, 이는 CAMEO 코드 150 ""군사 태세""에 해당합니다.",https://bdnews24.com/world/5153611ad537,https://bdnews24.com/world/5153611ad537
1177406584,2023-05-24,150,NOTFOUND,-,UNVERIFIED,,본문 확보 실패,,https://www.ndtv.com/world-news/china-begins-military-drills-around-taiwan-as-punishment-5725099
1177417635,2024-05-23,150,NOTFOUND,-,UNVERIFIED,,본문 확보 실패,,https://www.swissinfo.ch/eng/taiwan-dispatches-forces-to-areas-around-island-after-china-starts-
1177464214,2024-05-23,150,NOTFOUND,-,UNVERIFIED,,본문 확보 실패,,https://www.channelnewsasia.com/east-asia/china-taiwan-military-drills-punishment-war-games-4356936
1177406989,2024-05-23,150,NOTFOUND,-,UNVERIFIED,,본문 확보 실패,,https://www.yahoo.com/news/china-holds-military-drills-around-014534591.html
1177406990,2024-05-23,150,NOTFOUND,-,UNVERIFIED,,본문 확보 실패,,https://www.yahoo.com/news/china-holds-military-drills-around-014534591.html
1177544497,2024-05-23,150,OK_ORIGINAL,MATCH,HIGH,Taiwanese president meets soldiers amid large-scale military drills by China,"기사는 중국의 대규모 군사 훈련과 대만 총통의 군인 격려 방문을 다루고 있어 양안 군사 사건이며, 이는 군사 태세를 포함하는 CAMEO 코드 150과 일치합니다.",https://www.aa.com.tr/en/asia-pacific/taiwanese-president-meets-soldiers-amid-large-scale-military-drills-by-china/3227790,https://www.aa.com.tr/en/asia-pacific/taiwanese-president-meets-soldiers-amid-large-scale-military-drills-by-china/3227790
1177549454,2024-05-23,190,OK_ORIGINAL,MISMATCH,LOW,TNL The News Lens 關鍵評論網,"이 기사는 재래식 무력 사용과 관련된 군사 사건이 아닌, 대만 외교부의 해외 고용 인력 급여 문제와 사회 혁신, 미디어 환경에 대한 내용에 초점을 맞추고 있습니다.",https://international.thenewslens.com/article/186992,https://international.thenewslens.com/article/186992
1177602307,2024-05-23,150,OK_ORIGINAL,MATCH,HIGH,Subtle and not-so-subtle messages in China's military exercises near Taiwan,"기사 제목과 본문 모두 중국의 대만 주변 군사 훈련을 명확히 언급하며, 이는 GDELT의 '군사 태세' 분류와 일치합니다.",https://www.washingtonexaminer.com/opinion/beltway-confidential/3015060/subtle-not-so-subtle-messages-chinas-military-exercises-taiwan/,https://www.washingtonexaminer.com/opinion/beltway-confidential/3015060/subtle-not-so-subtle-messages-chinas-military-exercises-taiwan/
1177466462,2024-05-23,150,OK_ORIGINAL,MATCH,HIGH,China launches 'punishment' war games around Taiwan,"기사는 중국이 대만을 둘러싸고 '징벌' 훈련을 실시한다는 내용을 담고 있으며, 이는 CAMEO 코드 150 '군사 태세'에 해당하는 행동입니다.",https://dunyanews.tv/en/World/813600-China-launches-%5C,https://dunyanews.tv/en/World/813600-China-launches-%5C
1177414016,2024-05-23,150,OK_ORIGINAL,MATCH,HIGH,Taiwan sends forces around island after China begins 'punishment' drills- Moneycontrol.com,"기사는 중국의 '처벌' 훈련 발표에 대한 대응으로 대만이 군대를 동원했으며, 이는 CAMEO 코드 150인 군사 태세 분류에 부합합니다.",https://www.moneycontrol.com/news/world/taiwan-dispatches-forces-to-areas-around-island-after-china-starts-punishment-drills-12730057.html,https://www.moneycontrol.com/news/world/taiwan-dispatches-forces-to-areas-around-island-after-china-starts-punishment-drills-12730057.html
1177419425,2024-05-23,150,OK_ORIGINAL,MATCH,HIGH,China military drills: 'Strong punishment': China conducts biggest âblockadeâ drills around Taiwan | World News - Times of India,"기사 제목은 중국의 대만 주변 대규모 봉쇄 훈련을 언급하며, 이는 GDELT 분류인 '군사 태세'와 명확하게 일치합니다.",https://timesofindia.indiatimes.com/world/rest-of-world/strong-punishment-china-conducts-biggest-blockade-drills-around-taiwan/articleshow/110348456.cms,https://timesofindia.indiatimes.com/world/rest-of-world/strong-punishment-china-conducts-biggest-blockade-drills-around-taiwan/articleshow/110348456.cms
1106633649,2023-05-28,151,OK_ORIGINAL,AMBIGUOUS,MEDIUM,"US, Canadian Warships Sail Through Taiwan Strait","미국과 캐나다 군함의 대만 해협 통과는 국제법에 따른 항행의 자유를 시연하는 것이지만, 중국은 이를 의도적인 도발로 간주하며 긴장을 고조시키므로 경계 수준 강화와 연관될 수 있어 판단이 애매합니다.",https://www.voanews.com/a/us-canadian-warships-sail-through-taiwan-strait-/7122122.html,https://www.voanews.com/a/us-canadian-warships-sail-through-taiwan-strait-/7122122.html
1106633648,2023-05-28,151,OK_ORIGINAL,AMBIGUOUS,MEDIUM,"US, Canadian Warships Sail Through Taiwan Strait","기사는 미-캐나다 함정의 대만 해협 통과를 보도하지만, 이는 '경계 수준 강화'보다는 '영해 통과'에 초점을 맞추고 있어 분류 유형과 직접적으로 일치한다고 보기 어렵습니다.",https://www.voanews.com/a/us-canadian-warships-sail-through-taiwan-strait-/7122122.html,https://www.voanews.com/a/us-canadian-warships-sail-through-taiwan-strait-/7122122.html
1106637723,2023-05-28,151,OK_ORIGINAL,MATCH,HIGH,"US, Canadian Warships Sail Through Taiwan Strait","미국과 캐나다 군함이 대만 해협을 통과한 것은 양안 군사적 긴장 상황을 반영하며, 이는 경계 수준 강화와 관련된 사건으로 볼 수 있습니다.",https://www.bignewsnetwork.com/news/273853591/us-canadian-warships-sail-through-taiwan-strait,https://www.bignewsnetwork.com/news/273853591/us-canadian-warships-sail-through-taiwan-strait
1106637722,2023-05-28,151,OK_ORIGINAL,MATCH,HIGH,"US, Canadian Warships Sail Through Taiwan Strait","기사는 미국과 캐나다 함정이 대만 해협을 통과하는 내용을 다루고 있으며, 이는 양안 군사 사건의 맥락에서 '경계 수준 강화' 또는 긴장 고조와 연관될 수 있는 사건입니다.",https://www.bignewsnetwork.com/news/273853591/us-canadian-warships-sail-through-taiwan-strait,https://www.bignewsnetwork.com/news/273853591/us-canadian-warships-sail-through-taiwan-strait
604899663,2016-12-03,190,OK_ORIGINAL,MISMATCH,LOW,Some US conservatives praise Trump over Taiwan phone call,"기사는 도널드 트럼프와 차이잉원 대만 총통 간의 전화 통화에 대한 미국의 보수층의 반응을 다루고 있으며, 재래식 무력 사용과는 관련이 없습니다.",http://www.capitalfm.co.ke/news/2016/12/trump-upends-us-foreign-policy-taiwan-call/,http://www.capitalfm.co.ke/news/2016/12/trump-upends-us-foreign-policy-taiwan-call/
1127569878,2023-09-18,192,OK_ORIGINAL,AMBIGUOUS,MEDIUM,"Tensions flares up between China and Taiwan, as Chinese warplanes seen flying over the Island","기사는 중국과 대만 간의 긴장을 설명하지만, 영토 점령(occupy territory)으로 분류될 만한 직접적인 영토 점령 행위에 대한 구체적인 내용은 포함하고 있지 않습니다.",https://newsroompost.com/world/tensions-flares-up-between-china-and-taiwan-as-chinese-warplanes-seen-flying-over-the-island/5278639.html,https://newsroompost.com/world/tensions-flares-up-between-china-and-taiwan-as-chinese-warplanes-seen-flying-over-the-island/5278639.html
1127494182,2023-09-18,151,OK_ORIGINAL,MATCH,HIGH,China flies 103 military planes toward Taiwan in a new high in activity the island calls harassment,"기사는 중국의 103대의 군용기가 대만 근처로 비행한 사건을 다루며, 이는 '경계 수준 강화'에 해당하는 군사적 긴장 고조로 볼 수 있습니다.",https://news.yahoo.com/taiwan-says-103-chinese-warplanes-020012691.html,https://news.yahoo.com/taiwan-says-103-chinese-warplanes-020012691.html
1127534926,2023-09-18,151,OK_ORIGINAL,MISMATCH,LOW,BizToc,"기사는 이란과 미국의 중동 지역 군사 충돌에 관한 내용으로, 양안(중국-대만) 군사 사건과는 관련이 없습니다.",https://biztoc.com/x/290435d106eb448d,https://biztoc.com/x/290435d106eb448d
1127610694,2023-09-18,154,OK_ORIGINAL,AMBIGUOUS,MEDIUM,When will China invade Taiwan? The answer lies in West Africa,"기사는 중국의 대만 침공 가능성에 대해 논하며 군사적 증강을 언급하지만, 주요 초점은 경제적 제약과 관련된 것이므로 직접적인 군사 동원/증강 사건 보도로는 보기 어렵습니다.",https://news.yahoo.com/china-invade-taiwan-answer-lies-141153590.html,https://news.yahoo.com/china-invade-taiwan-answer-lies-141153590.html
1127657515,2023-09-18,150,OK_ORIGINAL,MATCH,HIGH,"China flies 103 military planes toward Taiwan, a new high in activity the island calls 'harassment'","기사는 중국이 103대의 군용기를 대만 방향으로 비행시킨 사건을 다루고 있으며, 이는 군사적 압력을 가하는 '군사 태세'에 해당합니다.",https://www.fox10phoenix.com/news/china-flies-103-military-planes-toward-taiwan-a-new-high-in-activity-the-island-calls-harassment,https://www.fox10phoenix.com/news/china-flies-103-military-planes-toward-taiwan-a-new-high-in-activity-the-island-calls-harassment
1127492701,2023-09-18,151,EMPTY,-,UNVERIFIED,,본문 확보 실패,,https://www.newwestrecord.ca/world-news/taiwan-says-103-chinese-warplanes-flew-toward-the-island-in-a-new-daily-high-in-recent-times-7560546
1127512427,2023-09-18,151,OK_ORIGINAL,MATCH,HIGH,China flies 103 military planes toward Taiwan in a new high in activity the island calls harassment - The Boston Globe,"기사는 중국군이 24시간 동안 103대의 군용기를 대만 방향으로 보냈다는 내용을 담고 있으며, 이는 대만의 '괴롭힘'으로 불릴 만큼 높은 수준의 군사적 활동으로, 경계 수준 강화라는 CAMEO 코드 151과 일치합니다.",https://www.bostonglobe.com/2023/09/17/world/taiwan-says-103-chinese-warplanes-flew-toward-island-new-daily-high-recent-times/,https://www.bostonglobe.com/2023/09/17/world/taiwan-says-103-chinese-warplanes-flew-toward-island-new-daily-high-recent-times/
1127531507,2023-09-18,151,NOTFOUND,-,UNVERIFIED,,본문 확보 실패,,https://wtop.com/world/2023/09/taiwan-says-103-chinese-warplanes-flew-toward-the-island-in-a-new-daily-high-in-recent-times/
1127646374,2023-09-18,150,OK_ORIGINAL,MISMATCH,LOW,Pacific Intelligence Update – The Daily Blog,"이 기사는 파푸아뉴기니 내 부족 간의 분쟁에 대한 내용으로, 양안(중국-대만) 군사 사건과 전혀 관련이 없습니다.",https://thedailyblog.co.nz/2023/09/19/guest-blog-ben-morgan-pacific-intelligence-update-30/,https://thedailyblog.co.nz/2023/09/19/guest-blog-ben-morgan-pacific-intelligence-update-30/
1046160789,2022-05-25,154,OK_ORIGINAL,AMBIGUOUS,MEDIUM,Biden's Contradictions On Defending Taiwan Are Dangerous,"기사는 양안 군사 사건에 대한 논의를 포함하지만, 중국의 군사적 동원이나 증강보다는 미국의 대만 방어 정책의 모호성과 그로 인한 위험성에 초점을 맞추고 있습니다.",https://thefederalist.com/2022/05/25/why-bidens-contradictions-on-taiwan-are-dangerous/,https://thefederalist.com/2022/05/25/why-bidens-contradictions-on-taiwan-are-dangerous/
1046099967,2022-05-25,150,OK_ORIGINAL,MATCH,HIGH,China says it conducted military exercise around Taiwan to warn U.S.,"기사는 중국이 대만을 둘러싸고 군사 훈련을 실시했다는 내용을 보도하며, 이는 '군사 태세(military posturing)' 유형과 일치합니다.",https://financialpost.com/pmn/business-pmn/china-says-it-conducted-military-exercise-around-taiwan-to-warn-u-s,https://financialpost.com/pmn/business-pmn/china-says-it-conducted-military-exercise-around-taiwan-to-warn-u-s
1046209067,2022-05-25,150,EMPTY,-,UNVERIFIED,,본문 확보 실패,,https://www.msn.com/en-us/news/world/opinions-why-it-makes-sense-for-the-us-to-not-commit-to-defending-taiwan/ar-AAXIm30
1046165280,2022-05-25,150,OK_ORIGINAL,MATCH,HIGH,China gives 'solemn warning' to Taiwan over US 'collusion' with drills,"기사는 중국이 대만을 향해 '엄중한 경고'로 군사 훈련을 실시했다고 명시하고 있으며, 이는 CAMEO 코드 150 '군사 태세'의 정의와 일치합니다.",https://www.dailymail.co.uk/news/article-10853361/China-conducted-military-exercise-near-Taiwan-solemn-warning-collusion-US.html,https://www.dailymail.co.uk/news/article-10853361/China-conducted-military-exercise-near-Taiwan-solemn-warning-collusion-US.html
1046165281,2022-05-25,150,OK_ORIGINAL,MATCH,HIGH,China gives 'solemn warning' to Taiwan over US 'collusion' with drills,"기사는 중국이 대만에 대한 '엄중한 경고'로 군사 훈련을 실시했다고 보도하고 있으며, 이는 CAMEO 코드 150: 군사 태세(military posturing)와 일치합니다.",https://www.dailymail.co.uk/news/article-10853361/China-conducted-military-exercise-near-Taiwan-solemn-warning-collusion-US.html,https://www.dailymail.co.uk/news/article-10853361/China-conducted-military-exercise-near-Taiwan-solemn-warning-collusion-US.html
1046123734,2022-05-25,150,EMPTY,-,UNVERIFIED,,본문 확보 실패,,https://www.straitstimes.com/asia/east-asia/china-says-it-conducted-military-exercise-around-taiwan-to-warn-us
1046202400,2022-05-25,190,EMPTY,-,UNVERIFIED,,본문 확보 실패,,https://www.msn.com/en-us/news/world/china-announces-military-drills-near-taiwan-after-biden-remarks/ar-AAXIAyc
1094996804,2023-04-11,190,OK_ORIGINAL,MATCH,HIGH,China continues ‘combat training’ around Taiwan after drills end,"기사는 중국 해군이 대만 주변에서 '실전 훈련'을 계속하고 있다는 내용을 다루고 있으며, 이는 재래식 무력 사용(use conventional force)에 해당합니다.",https://www.rappler.com/world/asia-pacific/china-continues-combat-training-around-taiwan-after-drills-end/,https://www.rappler.com/world/asia-pacific/china-continues-combat-training-around-taiwan-after-drills-end/
1094876675,2023-04-04,151,NOTFOUND,-,UNVERIFIED,,본문 확보 실패,,https://news.yahoo.com/taiwan-detects-chinese-warships-planes-045501615.html
1094876676,2023-04-04,151,NOTFOUND,-,UNVERIFIED,,본문 확보 실패,,https://news.yahoo.com/taiwan-detects-chinese-warships-planes-045501615.html
1094848735,2023-04-11,150,NOTFOUND,-,UNVERIFIED,,본문 확보 실패,,https://www.marketscreener.com/news/latest/Taiwan-president-slams-irresponsible-China-military-drills--43461742/
1094857988,2023-04-11,150,OK_ORIGINAL,MATCH,HIGH,Taiwan president says China military exercises not responsible,"기사는 대만 총통이 중국의 군사 훈련을 비판하며 해당 훈련이 지역의 불안정을 야기한다고 주장하는 내용을 담고 있어, CAMEO 코드 150 (군사 태세) 분류와 부합합니다.",https://www.asiaone.com/asia/taiwan-president-says-china-military-exercises-not-responsible,https://www.asiaone.com/asia/taiwan-president-says-china-military-exercises-not-responsible
1094867039,2023-04-11,190,EMPTY,-,UNVERIFIED,,본문 확보 실패,,https://www.msn.com/en-au/news/world/us-navy-says-destroyer-conducts-navigational-rights-mission-in-s-china-sea/ar-AA19FeeS
1094874613,2023-04-11,190,OK_ORIGINAL,MATCH,HIGH,"EDITORIAL: China once again overreacted on Taiwan; show of force big misstep  | The Asahi Shimbun: Breaking News, Japan News and Analysis","기사는 중국이 대만을 둘러싸고 벌인 군사 훈련을 설명하며, 이는 재래식 무력 사용에 해당합니다.",https://www.asahi.com/ajw/articles/14882068,https://www.asahi.com/ajw/articles/14882068
1094899764,2023-04-11,150,OK_ORIGINAL,AMBIGUOUS,MEDIUM,‘Punching Pooh’ patriotic badges a hit in Taiwan,"기사는 대만과 중국의 정치적 긴장을 다루지만, GDELT 분류 유형인 '군사 태세'보다는 주로 온라인상에서의 풍자적인 패치가 유행하는 현상에 초점을 맞추고 있어 직접적인 군사적 행동을 묘사하지 않습니다.",https://www.bangkokpost.com/world/2547711/punching-pooh-unofficial-airforce-badge-all-the-rage-in-taiwan,https://www.bangkokpost.com/world/2547711/punching-pooh-unofficial-airforce-badge-all-the-rage-in-taiwan
1094907944,2023-04-11,150,OK_ORIGINAL,MISMATCH,LOW,"Netanyahu under pressure, reinstates dissenting minister Gallant","기사는 다양한 국제 군사 및 정치적 사건을 다루고 있지만, 양안(중국-대만) 군사 사건으로 분류된 내용은 'Netanyahu under pressure, reinstates dissenting minister Gallant'라는 제목과 직접적으로 연관성이 적고, 본문에서도 양안 관련 내용은 다른 사건들과 함께 언급될 뿐 주된 초점이 아닙니다.",https://www.asianews.it/news-en/Israel%2C-Netanyahu-under-pressure%3A-reinstated-dissenting-minister-Gallant-58153.html,https://www.asianews.it/news-en/Israel%2C-Netanyahu-under-pressure%3A-reinstated-dissenting-minister-Gallant-58153.html
1094839364,2023-04-11,150,NOTFOUND,-,UNVERIFIED,,본문 확보 실패,,https://news.yahoo.com/future-now-china-russia-revert-222300352.html
1094899459,2023-04-04,151,NOTFOUND,-,UNVERIFIED,,본문 확보 실패,,https://news.yahoo.com/punching-pooh-unofficial-airforce-badge-073404289.html
1094862368,2023-04-11,150,OK_ORIGINAL,MATCH,HIGH,Are China’s Taiwan Drills Losing Their Fear Factor?,"기사는 중국의 대만 인근 군사 훈련을 설명하며, 이는 CAMEO 코드 150인 '군사 태세'에 해당합니다.",https://foreignpolicy.com/2023/04/10/china-taiwan-military-drills-mccarthy-xi-tsai-joint-sword/?tpcc=recirc_trending062921,https://foreignpolicy.com/2023/04/10/china-taiwan-military-drills-mccarthy-xi-tsai-joint-sword/?tpcc=recirc_trending062921
1094907090,2023-04-11,150,OK_ORIGINAL,AMBIGUOUS,MEDIUM,"US, Philippines launch largest-ever shoulder-to-shoulder drills amid Taiwan tensions","기사는 미-필리핀 연합 군사 훈련에 대해 설명하지만, 이는 직접적인 양안(중국-대만) 군사 사건보다는 대만 해협 긴장 고조 상황 속에서 이루어진 군사 태세로 볼 수 있어 분류 유형과의 직접적인 일치 여부가 애매합니다.",https://www.stripes.com/theaters/asia_pacific/2023-04-11/balikatan-philippines-military-exercise-china-9766866.html,https://www.stripes.com/theaters/asia_pacific/2023-04-11/balikatan-philippines-military-exercise-china-9766866.html
1094862366,2023-04-11,150,OK_ORIGINAL,MATCH,HIGH,WRAPUP 2-Chinese navy ships remain around Taiwan after drills end | Law-Order,"기사는 중국 해군 함정이 대만 주변 해역에 계속 머물고 있다는 내용으로, 군사 훈련 종료 후에도 이어지는 중국의 군사적 움직임을 묘사하며 이는 CAMEO 코드 150(군사 태세)에 해당합니다.",https://www.devdiscourse.com/article/law-order/2412143-wrapup-2-chinese-navy-ships-remain-around-taiwan-after-drills-end,https://www.devdiscourse.com/article/law-order/2412143-wrapup-2-chinese-navy-ships-remain-around-taiwan-after-drills-end
1094901889,2023-04-11,151,NOTFOUND,-,UNVERIFIED,,본문 확보 실패,,https://www.telegraph.co.uk/world-news/2022/08/09/china-taiwan-history-military-invade-independence-beijing/
1094839363,2023-04-11,150,NOTFOUND,-,UNVERIFIED,,본문 확보 실패,,https://news.yahoo.com/future-now-china-russia-revert-222300352.html
1094853164,2023-04-11,150,OK_ORIGINAL,MATCH,HIGH,Taiwan’s president condemns China drills as irresponsible,"기사는 중국의 대만 주변 군사 훈련을 다루고 있으며, 이는 GDELT의 CAMEO 코드 150 '군사 태세'에 해당합니다.",https://www.aljazeera.com/news/2023/4/11/taiwans-president-condemns-china-drills-as-irresponsible,https://www.aljazeera.com/news/2023/4/11/taiwans-president-condemns-china-drills-as-irresponsible
1094899455,2023-04-04,151,OK_ORIGINAL,MISMATCH,LOW,‘Punching Pooh’ patriotic badges a hit in Taiwan,"기사는 대만에서 유행하는 애국적 패치에 대한 내용으로, 중국의 군사적 위협에 대한 대응으로 볼 수 있지만, 직접적인 경계 수준 강화라는 군사 사건 분류와는 거리가 있습니다.",https://www.bangkokpost.com/world/2547711/punching-pooh-unofficial-airforce-badge-all-the-rage-in-taiwan,https://www.bangkokpost.com/world/2547711/punching-pooh-unofficial-airforce-badge-all-the-rage-in-taiwan
1094899457,2023-04-04,151,NOTFOUND,-,UNVERIFIED,,본문 확보 실패,,https://news.yahoo.com/punching-pooh-unofficial-airforce-badge-073404289.html
1094848734,2023-04-11,150,NOTFOUND,-,UNVERIFIED,,본문 확보 실패,,https://www.marketscreener.com/news/latest/Taiwan-president-slams-irresponsible-China-military-drills--43461742/
1094851135,2023-04-11,150,OK_ORIGINAL,MATCH,HIGH,US Starts Week Of Courting Asian Partners After Taiwan Flare-up,"이 기사는 대만에서의 긴장 고조 이후 미국이 아시아 파트너들과 군사 관계를 강화하려는 움직임을 다루고 있으며, 이는 CAMEO 코드 150인 군사 태세와 일치합니다.",https://www.ibtimes.com/us-starts-week-courting-asian-partners-after-taiwan-flare-3684764,https://www.ibtimes.com/us-starts-week-courting-asian-partners-after-taiwan-flare-3684764
1094899458,2023-04-04,151,NOTFOUND,-,UNVERIFIED,,본문 확보 실패,,https://news.yahoo.com/punching-pooh-unofficial-airforce-badge-073404289.html
1094901584,2023-04-04,151,EMPTY,-,UNVERIFIED,,본문 확보 실패,,https://www.msn.com/en-us/news/world/punching-pooh-unofficial-air-force-badge-all-the-rage-in-taiwan/ar-AA19I1zM
1094950257,2023-04-11,154,NOTFOUND,-,UNVERIFIED,,본문 확보 실패,,https://www.marketscreener.com/news/latest/Carriers-and-precision-attacks-The-takeaways-from-China-s-latest-Taiwan-drills--43466618/
1094955740,2023-04-11,191,NOTFOUND,-,UNVERIFIED,,본문 확보 실패,,https://news.yahoo.com/taiwan-bear-badge-punches-back-122802538.html
1095032826,2023-04-11,154,OK_ORIGINAL,MISMATCH,LOW,Designer thrilled air force personnel  are using his patch - Taipei Times,"이 기사는 대만 공군 조종사가 착용하는 패치에 대한 내용으로, 중국-대만 간의 군사적 동원이나 증강을 직접적으로 다루고 있지 않습니다.",https://www.taipeitimes.com/News/taiwan/archives/2023/04/12/2003797782,https://www.taipeitimes.com/News/taiwan/archives/2023/04/12/2003797782
1094868640,2023-04-11,150,NOTFOUND,-,UNVERIFIED,,본문 확보 실패,,https://gazette.com/news/us-world/chinese-aircraft-ships-remain-around-taiwan-after-drills-end/article_1b8cff8b-a38f-5e8d-b3f4-d223122929f5.html
1094868641,2023-04-11,150,NOTFOUND,-,UNVERIFIED,,본문 확보 실패,,https://gazette.com/news/us-world/chinese-aircraft-ships-remain-around-taiwan-after-drills-end/article_1b8cff8b-a38f-5e8d-b3f4-d223122929f5.html
1094950259,2023-04-11,154,OK_ORIGINAL,MATCH,HIGH,Carriers and precision attacks: The takeaways from China's latest Taiwan drills,"기사는 중국의 대만 군사 훈련을 다루고 있으며, 이는 '군사 동원·증강'으로 분류된 CAMEO 코드 154와 일치하는 사건입니다.",https://news.yahoo.com/carriers-precision-attacks-takeaways-chinas-120606590.html,https://news.yahoo.com/carriers-precision-attacks-takeaways-chinas-120606590.html
1095012531,2023-04-11,151,NOTFOUND,-,UNVERIFIED,,본문 확보 실패,,https://ianslive.in/news/china_s_biggest_show_of_force_since_august_showed_intent_to_annex_taiwan_say_analysts-959424/LatestNews/0
1251253864,2025-07-10,150,OK_ORIGINAL,MATCH,HIGH,"Record-long live-fire Han Kuang drills open, target gray zone tactics","이 기사는 대만의 연례 군사 훈련인 '한광' 훈련에 대해 보도하고 있으며, 중국의 '회색 지대' 전술에 대한 대응에 초점을 맞추고 있어 GDELT의 '군사 태세' 분류와 일치합니다.",https://www.globalsecurity.org/wmd/library/news/taiwan/2025/taiwan-250709-cna01.htm,https://www.globalsecurity.org/wmd/library/news/taiwan/2025/taiwan-250709-cna01.htm
1251252518,2025-07-10,192,OK_ORIGINAL,MATCH,HIGH,Army drill simulates Chinese airborne assault on Taoyuan Airport - Focus Taiwan,"기사는 중국의 대만 공항 점령을 시뮬레이션하는 대만 군사 훈련에 대한 내용으로, '영토 점령'이라는 GDELT 분류 유형과 일치합니다.",https://focustaiwan.tw:443/politics/202507100013,https://focustaiwan.tw:443/politics/202507100013
1251339757,2025-07-09,150,OK_ORIGINAL,MATCH,HIGH,Tanks get ‘perfect’ rating in exercises - Taipei Times,"기사는 대만에서 실시된 연례 군사 훈련을 자세히 설명하며, 이는 양안 군사적 긴장 속에서 대만의 군사 태세를 보여주는 것으로 GDELT 분류인 '군사 태세(military posturing)'와 일치합니다.",https://www.taipeitimes.com/News/front/archives/2025/07/11/2003840103,https://www.taipeitimes.com/News/front/archives/2025/07/11/2003840103
1136453440,2023-10-27,191,OK_ORIGINAL,MISMATCH,LOW,KMT’s Wu Sz-huai abuses his power - Taipei Times,"기사는 대만 내 국방 예산 심의 과정에서의 입법 의원 간의 이견을 다루고 있으며, 중국과 대만 간의 군사적 봉쇄나 이동 제한 사건과는 관련이 없습니다.",https://www.taipeitimes.com/News/editorials/archives/2023/10/28/2003808323,https://www.taipeitimes.com/News/editorials/archives/2023/10/28/2003808323
1066783624,2022-10-09,190,OK_ORIGINAL,MATCH,HIGH,"Taiwan fires shots at Chinese drone over Cao Yu Island
 | Taiwan News | Sep. 13, 2022 11:23","기사는 대만 군이 중국 무인 항공기에 대해 신호탄, 재밍건, 실탄을 발사한 사건을 다루고 있으며, 이는 CAMEO 코드 190 (재래식 무력 사용)에 부합하는 양안 군사 사건입니다.",https://www.taiwannews.com.tw/en/news/4656604,https://www.taiwannews.com.tw/en/news/4656604
1066783627,2022-10-09,193,OK_ORIGINAL,MATCH,HIGH,"Taiwan fires shots at Chinese drone over Cao Yu Island
 | Taiwan News | Sep. 13, 2022 11:23","기사는 대만군이 중국 드론에 대해 경고 사격과 실탄을 발사한 양안 군사 사건을 다루고 있으며, 이는 '소형화기 충돌'이라는 GDELT 분류와 일치합니다.",https://www.taiwannews.com.tw/en/news/4656604,https://www.taiwannews.com.tw/en/news/4656604
1066766901,2022-10-09,190,OK_ORIGINAL,AMBIGUOUS,MEDIUM,Taiwan president to pledge to bolster combat power as China tensions rise,"기사는 양안 간의 긴장 고조와 대만의 군사력 강화 의지를 다루지만, 실제 재래식 무력 사용 사건이 발생했음을 명시하지 않고 있어 GDELT 분류 코드 190(재래식 무력 사용)와 직접적으로 일치한다고 보기 어렵습니다.",https://news.yahoo.com/taiwan-president-pledge-bolster-combat-150820280.html,https://news.yahoo.com/taiwan-president-pledge-bolster-combat-150820280.html
1066782635,2022-10-09,190,OK_ORIGINAL,MISMATCH,LOW,Taiwan president will pledge to bolster combat power as China tensions rise,"기사는 대만의 국방력 강화 의지를 다루고 있으나, 실제 재래식 무력의 사용에 대한 내용은 포함하고 있지 않습니다.",https://newsinfo.inquirer.net/1677577/taiwan-president-will-pledge-to-bolster-combat-power-as-china-tensions-rise,https://newsinfo.inquirer.net/1677577/taiwan-president-will-pledge-to-bolster-combat-power-as-china-tensions-rise
1066766902,2022-10-09,190,OK_ORIGINAL,AMBIGUOUS,MEDIUM,Taiwan president to pledge to bolster combat power as China tensions rise,"기사는 양안 긴장 고조 및 대만의 국방력 강화 의지를 다루고 있으나, 현재 시점에서 재래식 무력의 '사용'에 대한 직접적인 언급은 없어 GDELT의 '재래식 무력 사용' 분류와 직접적으로 일치하는지 애매합니다.",https://news.yahoo.com/taiwan-president-pledge-bolster-combat-150820280.html,https://news.yahoo.com/taiwan-president-pledge-bolster-combat-150820280.html
1207249567,2024-10-24,150,OK_ORIGINAL,MATCH,HIGH,"In $2 billion arms sales to Taiwan, US approves missile defense system","이 기사는 미국이 대만에 미사일 방어 시스템을 판매하는 내용으로, 이는 군사적 태세를 강화하는 행위에 해당하여 GDELT의 '군사 태세' 분류와 일치합니다.",https://www.torontotelegraph.com/news/274739328/in-2-billion-arms-sales-to-taiwan-us-approves-missile-defense-system,https://www.torontotelegraph.com/news/274739328/in-2-billion-arms-sales-to-taiwan-us-approves-missile-defense-system
1229018735,2025-02-27,193,OK_ORIGINAL,AMBIGUOUS,MEDIUM,Taiwan condemns China for conducting shooting drills off its coast,"기사는 중국과 대만 간의 군사 훈련에 대해 언급하고 있으나, '소형화기 충돌'이라는 구체적인 사건 유형에 해당하는 명확한 교전이나 발포에 대한 설명이 부족합니다.",https://www.ksat.com/news/world/2025/02/27/taiwan-condemns-china-for-conducting-shooting-drills-off-its-coast/,https://www.ksat.com/news/world/2025/02/27/taiwan-condemns-china-for-conducting-shooting-drills-off-its-coast/
1229006101,2025-02-27,190,OK_ORIGINAL,MATCH,HIGH,Taiwan reports uptick in Chinese incursions in region,"기사는 중국의 대만 주변 군사 활동 증가를 명시적으로 보도하고 있으며, 이는 재래식 무력의 잠재적 사용이나 위협을 나타내는 GDELT 분류 코드 190(재래식 무력 사용)과 일치합니다.",https://economictimes.indiatimes.com/news/defence/taiwan-reports-uptick-in-chinese-incursions-in-region/articleshow/118590137.cms,https://economictimes.indiatimes.com/news/defence/taiwan-reports-uptick-in-chinese-incursions-in-region/articleshow/118590137.cms
1229006102,2025-02-27,190,OK_ORIGINAL,MATCH,HIGH,Taiwan reports uptick in Chinese incursions in region,"기사는 중국 항공기 및 해군 함정의 대만 주변 군사 활동 증가를 보고하고 있으며, 이는 재래식 무력 사용(CAMEO 코드 190)의 맥락으로 볼 수 있습니다.",https://economictimes.indiatimes.com/news/defence/taiwan-reports-uptick-in-chinese-incursions-in-region/articleshow/118590137.cms,https://economictimes.indiatimes.com/news/defence/taiwan-reports-uptick-in-chinese-incursions-in-region/articleshow/118590137.cms
1229018736,2025-02-27,193,OK_ORIGINAL,AMBIGUOUS,MEDIUM,Taiwan condemns China for conducting shooting drills off its coast,"기사는 중국과 대만 간의 군사 훈련을 언급하지만, '소형화기 충돌'이라는 분류와 달리 명시적인 총격 충돌이나 전투 행위가 아닌 훈련에 초점을 맞추고 있어 일치 여부가 불확실합니다.",https://www.ksat.com/news/world/2025/02/27/taiwan-condemns-china-for-conducting-shooting-drills-off-its-coast/,https://www.ksat.com/news/world/2025/02/27/taiwan-condemns-china-for-conducting-shooting-drills-off-its-coast/
1229151851,2025-02-27,150,OK_ORIGINAL,MATCH,HIGH,Significant Chinese Military Activity Detected Near Taiwan,"기사는 대만 주변의 중국 군사 활동 증가를 다루며, 이는 '군사 태세'라는 GDELT 분류 유형과 일치합니다.",https://themunicheye.com/significant-chinese-military-activity-detected-near-taiwan-11803,https://themunicheye.com/significant-chinese-military-activity-detected-near-taiwan-11803
1229018127,2025-02-27,192,OK_ORIGINAL,MISMATCH,LOW,Taiwan condemns China for conducting shooting drills off its coast,"기사는 중국의 대만 연안에서의 사격 훈련을 다루고 있지만, 영토 점령(occupy territory)과는 직접적인 관련이 없습니다.",https://www.ksat.com/news/world/2025/02/27/taiwan-condemns-china-for-conducting-shooting-drills-off-its-coast/,https://www.ksat.com/news/world/2025/02/27/taiwan-condemns-china-for-conducting-shooting-drills-off-its-coast/
1229018129,2025-02-27,192,OK_ORIGINAL,MISMATCH,LOW,Taiwan condemns China for conducting shooting drills off its coast,"기사는 중국의 대만 해안 근처에서의 사격 훈련을 다루고 있으며, 이는 영토 점령(occupy territory)과는 직접적인 관련이 없습니다.",https://www.ksat.com/news/world/2025/02/27/taiwan-condemns-china-for-conducting-shooting-drills-off-its-coast/,https://www.ksat.com/news/world/2025/02/27/taiwan-condemns-china-for-conducting-shooting-drills-off-its-coast/
1017896193,2021-12-07,151,OK_ORIGINAL,MATCH,HIGH,Four Chinese military planes enter Taiwan defence zone,"기사는 중국 군용기가 대만 방공식별구역에 진입한 사건을 다루고 있으며, 이는 경계 수준 강화에 해당하는 양안 군사 사건입니다.",https://www.beijingbulletin.com/news/271884261/four-chinese-military-planes-enter-taiwan-defence-zone,https://www.beijingbulletin.com/news/271884261/four-chinese-military-planes-enter-taiwan-defence-zone
1110893126,2023-06-24,154,NOTFOUND,-,UNVERIFIED,,본문 확보 실패,,https://www.reuters.com/world/asia-pacific/taiwan-says-chinese-air-force-got-within-24-miles-its-coast-2023-06-24/
1110896280,2023-06-24,154,NOTFOUND,-,UNVERIFIED,,본문 확보 실패,,https://www.japantimes.co.jp/news/2023/06/24/asia-pacific/chinese-planes-incursion-near-taiwan/
1110884841,2023-06-24,154,NOTFOUND,-,UNVERIFIED,,본문 확보 실패,,https://www.usnews.com/news/world/articles/2023-06-23/taiwan-says-chinese-air-force-got-within-24-miles-of-its-coast
1110912524,2023-06-24,154,OK_ORIGINAL,AMBIGUOUS,MEDIUM,Taiwan says Chinese air force approached close to island's coast,"기사는 중국의 군사 활동을 묘사하지만, '군사 동원·증강'보다는 '영공 침범' 또는 '무력 시위'에 더 가깝습니다.",https://www.zawya.com/en/world/china-and-asia-pacific/taiwan-says-chinese-air-force-approached-close-to-islands-coast-u95jwood,https://www.zawya.com/en/world/china-and-asia-pacific/taiwan-says-chinese-air-force-approached-close-to-islands-coast-u95jwood
1176586029,2024-05-19,190,OK_ORIGINAL,AMBIGUOUS,MEDIUM,Tsai Ing-wen: the leader who put Taiwan on the map and stood up to China | CNN,"기사는 대만 지도자의 정치적 리더십과 중국과의 관계에 초점을 맞추고 있으며, 중국의 무력 사용 위협을 언급하지만 직접적인 재래식 무력 사용 사건을 묘사하지는 않습니다.",https://www.cnn.com/2024/05/18/asia/tsai-taiwan-map-china-intl-hnk-dst/,https://www.cnn.com/2024/05/18/asia/tsai-taiwan-map-china-intl-hnk-dst/
1176585679,2024-05-19,190,OK_ORIGINAL,AMBIGUOUS,MEDIUM,Tsai Ing-wen: the leader who put Taiwan on the map and stood up to China | CNN,"이 기사는 차이잉원 대만 총통의 리더십과 중국과의 관계를 다루고 있으며, 중국의 침공 위협을 언급하지만 재래식 무력 사용과 같은 직접적인 군사적 충돌을 묘사하고 있지는 않습니다.",https://www.cnn.com/2024/05/18/asia/tsai-taiwan-map-china-intl-hnk-dst/,https://www.cnn.com/2024/05/18/asia/tsai-taiwan-map-china-intl-hnk-dst/
1176594617,2024-05-19,152,NOTFOUND,-,UNVERIFIED,,본문 확보 실패,,https://www.theaustralian.com.au/news/latest-news/taiwan-coast-guard-ramps-up-island-patrols-ahead-of-inauguration/news-story/17dae1f4a9df936d62f1b797db0ba11c?nk=dba68234df3430486272b962366dd421-1716091303
1177990608,2024-05-26,190,NOTFOUND,-,UNVERIFIED,,본문 확보 실패,,https://www.marketscreener.com/quote/index/MSCI-TAIWAN-STRD-107361484/news/Taiwan-bar-on-frontline-with-China-blends-history-into-cocktails-46828605/
1177990609,2024-05-26,190,NOTFOUND,-,UNVERIFIED,,본문 확보 실패,,https://www.marketscreener.com/quote/index/MSCI-TAIWAN-STRD-107361484/news/Taiwan-bar-on-frontline-with-China-blends-history-into-cocktails-46828605/
1177980921,2024-05-26,154,OK_ORIGINAL,MATCH,HIGH,Biden admin urges China to show 'restraint' in Taiwan as former Navy captain warns CCP 'preparing for war',"기사는 중국군이 대만 근해에서 도발적인 군사 훈련을 실시하고 수많은 함정과 항공기를 배치한 사실을 명확히 보도하며, 이는 CAMEO 코드 154인 군사 동원 및 증강과 직접적으로 일치합니다.",https://www.foxnews.com/world/biden-admin-urges-china-show-restraint-taiwan-former-navy-captain-warns-ccp-preparing-war,https://www.foxnews.com/world/biden-admin-urges-china-show-restraint-taiwan-former-navy-captain-warns-ccp-preparing-war
1177991281,2024-05-26,150,NOTFOUND,-,UNVERIFIED,,본문 확보 실패,,https://aninews.in/news/world/asia/chinas-large-scale-military-drills-around-taiwan-could-become-regular-warn-us-experts20240526103646/
1177999695,2024-05-26,150,OK_ORIGINAL,MATCH,HIGH,"China's large-scale military drills around Taiwan could become regular, warn US experts","기사는 중국의 대만 주변 대규모 군사 훈련을 상세히 설명하며, 이는 GDELT의 '군사 태세' 분류에 정확히 부합합니다.",https://economictimes.indiatimes.com/news/defence/chinas-large-scale-military-drills-around-taiwan-could-become-regular-warn-us-experts/articleshow/110433856.cms,https://economictimes.indiatimes.com/news/defence/chinas-large-scale-military-drills-around-taiwan-could-become-regular-warn-us-experts/articleshow/110433856.cms
1177979600,2024-05-26,150,OK_ORIGINAL,MISMATCH,LOW,China concludes elaborate military drills near Taiwan - Times of India,"기사의 제목은 중국의 대만 인근 군사 훈련을 언급하지만, 본문 내용은 군사 사건과 전혀 관련 없는 요리, 식물, 인간관계, 동물, 동화 관련 정보만 포함하고 있습니다.",https://timesofindia.indiatimes.com/world/china/china-concludes-elaborate-military-drills-near-taiwan/articleshow/110431000.cms,https://timesofindia.indiatimes.com/world/china/china-concludes-elaborate-military-drills-near-taiwan/articleshow/110431000.cms
1177990321,2024-05-26,190,NOTFOUND,-,UNVERIFIED,,본문 확보 실패,,https://www.marketscreener.com/quote/index/MSCI-TAIWAN-STRD-107361484/news/Taiwan-bar-on-frontline-with-China-blends-history-into-cocktails-46828605/
1177990322,2024-05-26,190,NOTFOUND,-,UNVERIFIED,,본문 확보 실패,,https://www.marketscreener.com/quote/index/MSCI-TAIWAN-STRD-107361484/news/Taiwan-bar-on-frontline-with-China-blends-history-into-cocktails-46828605/
1178064837,2024-05-26,154,OK_ORIGINAL,MATCH,HIGH,U.S. prepares for war amid growing tensions that China could invade Taiwan | Blaze Media,기사 제목과 본문 모두 미국이 중국의 대만 침공 가능성에 대비한 군사 훈련 및 준비를 언급하고 있어 GDELT의 '군사 동원·증강' 분류와 일치합니다.,https://www.theblaze.com/news/u-s-prepares-for-war-amid-growing-tensions-that-china-could-invade-taiwan,https://www.theblaze.com/news/u-s-prepares-for-war-amid-growing-tensions-that-china-could-invade-taiwan
1188444557,2024-07-22,190,OK_ORIGINAL,MATCH,HIGH,"Taiwan begins annual military exercise with ""real combat drills"" amid rising China threat","기사는 대만의 연례 군사 훈련을 다루고 있으며, 중국의 위협에 대비한 '실제 전투 훈련'을 포함한다고 명시하여 CAMEO 코드 190 '재래식 무력 사용'과 일치합니다.",https://news.webindia123.com/news/Articles/World/20240722/4217404.html,https://news.webindia123.com/news/Articles/World/20240722/4217404.html
1188491987,2024-07-22,150,OK_ORIGINAL,MATCH,HIGH,Taiwan remodels war games in the face of China's threats,"기사는 중국의 위협에 맞서 대만의 군사 훈련 방식을 재편하는 내용을 다루고 있으며, 이는 '군사 태세'의 변화와 직접적으로 관련됩니다.",https://www.spacewar.com/afp/240722083757.jgxi3jsa.html,https://www.spacewar.com/afp/240722083757.jgxi3jsa.html
1188454228,2024-07-22,150,OK_ORIGINAL,MATCH,HIGH,2024 Han Kuang kicks off with combat capabilities preservation drills - Focus Taiwan,"기사는 대만의 연례 군사 훈련인 '한광 훈련'의 시작을 알리고 있으며, 중국의 침공 시나리오를 가정하고 전투 역량 유지 훈련에 초점을 맞추고 있어 GDELT 분류 코드 150 '군사 태세'와 일치합니다.",https://focustaiwan.tw/politics/202407220006,https://focustaiwan.tw/politics/202407220006
1188444559,2024-07-22,190,OK_ORIGINAL,MISMATCH,LOW,"Taiwan begins annual military exercise with ""real combat drills"" amid rising China threat","기사는 대만과 중국 간의 군사 훈련 및 긴장 상황을 다루고 있지만, GDELT 분류 코드 190: 재래식 무력 사용(use conventional force)에 해당하는 실제 무력 충돌이나 군사 작전이 아닌 훈련과 관련된 내용이므로 직접적인 무력 사용과는 거리가 있습니다.",https://news.webindia123.com/news/Articles/World/20240722/4217404.html,https://news.webindia123.com/news/Articles/World/20240722/4217404.html
1188554529,2024-07-22,150,OK_ORIGINAL,MATCH,HIGH,Taiwan launches annual war games as tensions simmer with China,"기사는 대만이 중국의 공격을 격퇴하기 위한 연례 군사 훈련인 '한광 훈련'을 시작한다는 내용을 다루고 있으며, 이는 군사 태세를 보여주는 사건으로 GDELT의 CAMEO 코드 150(군사 태세) 분류와 일치합니다.",https://www.foxnews.com/world/taiwan-launches-annual-war-games-tensions-simmer-china,https://www.foxnews.com/world/taiwan-launches-annual-war-games-tensions-simmer-china
1188555389,2024-07-22,150,OK_ORIGINAL,MATCH,HIGH,Taiwan launches annual war games as tensions simmer with China,"이 기사는 대만이 중국의 공격을 격퇴하는 시뮬레이션을 포함한 연례 군사 훈련을 시작한다는 내용을 다루고 있으며, 이는 '군사 태세' 분류와 직접적으로 일치합니다.",https://www.foxnews.com/world/taiwan-launches-annual-war-games-tensions-simmer-china,https://www.foxnews.com/world/taiwan-launches-annual-war-games-tensions-simmer-china
1188503466,2024-07-22,150,NOTFOUND,-,UNVERIFIED,,본문 확보 실패,,https://www.newsweek.com/taiwan-begins-anti-invasion-drills-amid-china-threat-1928255
1188444555,2024-07-22,150,OK_ORIGINAL,MATCH,HIGH,"Taiwan begins annual military exercise with ""real combat drills"" amid rising China threat","기사는 대만이 중국의 위협에 맞서 연례 군사 훈련을 실시하는 내용을 다루고 있으며, 이는 GDELT의 '군사 태세' 분류와 일치합니다.",https://news.webindia123.com/news/Articles/World/20240722/4217404.html,https://news.webindia123.com/news/Articles/World/20240722/4217404.html
1061696975,2022-08-30,193,OK_ORIGINAL,MISMATCH,LOW,Taiwan says Chinese military drone entered air defence zone,"기사는 중국 군사 드론의 대만 방공 식별 구역(ADIZ) 침입을 다루고 있으며, 이는 소형화기 충돌과는 거리가 먼 사건입니다.",https://economictimes.indiatimes.com/news/defence/taiwan-says-chinese-military-drone-entered-air-defence-zone/articleshow/94019600.cms,https://economictimes.indiatimes.com/news/defence/taiwan-says-chinese-military-drone-entered-air-defence-zone/articleshow/94019600.cms
1232588030,2025-03-17,150,NOTFOUND,-,UNVERIFIED,,본문 확보 실패,,https://www.marketscreener.com/news/latest/China-says-military-exercises-near-Taiwan-punishment-for-separatism-49352012/
1232571735,2025-03-17,150,OK_ORIGINAL,MATCH,HIGH,Military drills in Taiwan Strait serious warning to Taiwan separatist forces: FM,"기사는 중국의 대만 해협 군사 훈련을 '대만 독립' 세력에 대한 경고로 묘사하며, 이는 GDELT가 분류한 '군사 태세'와 직접적으로 일치합니다.",https://english.news.cn/20250317/1c9f756da8e34e18b8cb3adf9b10c6f8/c.html,https://english.news.cn/20250317/1c9f756da8e34e18b8cb3adf9b10c6f8/c.html
1232575261,2025-03-17,150,OK_ORIGINAL,MATCH,HIGH,China says military exercises near Taiwan punishment for 'separatism',기사는 중국이 대만 주변에서 군사 훈련을 실시하며 '분리주의'에 대한 처벌이라고 밝히고 있어 CAMEO 코드 150의 '군사 태세' 유형과 일치합니다.,https://www.yahoo.com/news/china-says-military-exercise-near-124734795.html,https://www.yahoo.com/news/china-says-military-exercise-near-124734795.html
1167314518,2024-04-02,154,NOTFOUND,-,UNVERIFIED,,본문 확보 실패,,https://www.japantimes.co.jp/news/2024/04/02/asia-pacific/politics/taiwan-us-china-2027-invasion/
1188318200,2024-07-21,190,OK_ORIGINAL,AMBIGUOUS,MEDIUM,"With increased Chinese PLA threat, Taiwan to flag off exercise Han Kuang on Monday","기사는 대만과 중국 간의 군사 훈련을 다루고 있지만, 실제 무력 사용이 아닌 시뮬레이션된 훈련에 대한 내용으로, CAMEO 코드 190(재래식 무력 사용)과 직접적으로 일치한다고 보기 어렵습니다.",https://news.webindia123.com/news/Articles/World/20240721/4217148.html,https://news.webindia123.com/news/Articles/World/20240721/4217148.html
1188316205,2024-07-21,190,OK_ORIGINAL,AMBIGUOUS,MEDIUM,"With increased Chinese PLA threat, Taiwan to flag off exercise Han Kuang on Monday","기사는 중국의 위협에 대응하기 위한 대만의 군사 훈련에 관한 것이지, 실제 재래식 무력 사용을 묘사하고 있지 않습니다.",https://www.bignewsnetwork.com/news/274463581/with-increased-chinese-pla-threat-taiwan-to-flag-off-exercise-han-kuang-on-monday,https://www.bignewsnetwork.com/news/274463581/with-increased-chinese-pla-threat-taiwan-to-flag-off-exercise-han-kuang-on-monday
1151370260,2024-01-13,190,OK_ORIGINAL,MISMATCH,LOW,"Taiwan Presidential election live updates: US does not support Taiwan independence, says Joe Biden  - The Times of India","기사는 대만 총통 선거 결과와 미국 및 중국의 관련 발언에 대한 내용이며, 재래식 무력 사용이라는 GDELT 분류와는 직접적인 관련이 없습니다.",https://timesofindia.indiatimes.com/world/rest-of-world/taiwan-presidential-election-live-updates-tsai-ing-wen-lai-ching-te-hou-yu-ih-ko-wen-je/liveblog/106792581.cms,https://timesofindia.indiatimes.com/world/rest-of-world/taiwan-presidential-election-live-updates-tsai-ing-wen-lai-ching-te-hou-yu-ih-ko-wen-je/liveblog/106792581.cms
1151369837,2024-01-13,190,OK_ORIGINAL,MISMATCH,LOW,"Taiwan Presidential election live updates: US does not support Taiwan independence, says Joe Biden  - The Times of India","해당 기사는 대만 총통 선거 결과와 관련된 내용으로, 미중 양국의 입장 표명이 주를 이루며 재래식 무력 사용과 같은 군사 사건을 직접적으로 다루고 있지 않습니다.",https://timesofindia.indiatimes.com/world/rest-of-world/taiwan-presidential-election-live-updates-tsai-ing-wen-lai-ching-te-hou-yu-ih-ko-wen-je/liveblog/106792581.cms,https://timesofindia.indiatimes.com/world/rest-of-world/taiwan-presidential-election-live-updates-tsai-ing-wen-lai-ching-te-hou-yu-ih-ko-wen-je/liveblog/106792581.cms
1151371148,2024-01-13,190,OK_ORIGINAL,AMBIGUOUS,MEDIUM,China Vows To 'Crush' Taiwan Independence as Taipei Holds Local Elections,"기사는 중국과 대만 간의 긴장 관계와 대만 내 선거에 대해 다루고 있지만, '재래식 무력 사용'이라는 GDELT 분류와 직접적으로 일치하는 군사적 행동에 대한 언급은 없습니다.",http://www.hngn.com/articles/255772/20240112/china-vows-to-crush-taiwan-independence-as-taipei-holds-local-elections.htm,http://www.hngn.com/articles/255772/20240112/china-vows-to-crush-taiwan-independence-as-taipei-holds-local-elections.htm
638004342,2017-03-17,190,NOTFOUND,-,UNVERIFIED,,본문 확보 실패,,http://www.asiabulletin.com/index.php/sid/252446219
637727726,2017-03-17,190,OK_ORIGINAL,AMBIGUOUS,MEDIUM,Taiwan says capable of strike against China | DefenceTalk,"기사는 대만이 중국에 대한 타격 능력을 공개적으로 선언하며 잠재적인 군사적 대응을 시사하지만, 실제 재래식 무력의 사용은 아직 발생하지 않아 '재래식 무력 사용'으로 명확히 분류하기에는 모호함이 있습니다.",http://www.defencetalk.com/taiwan-says-capable-of-strike-against-china-69522/,http://www.defencetalk.com/taiwan-says-capable-of-strike-against-china-69522/
637701203,2017-03-17,190,NOTFOUND,-,UNVERIFIED,,본문 확보 실패,,http://www.news.xfoor.com/2017/03/17/taiwan-to-ask-us-for-stealth-fighters-to-combat-china-threat-world-news-the-guardian/
1116473382,2023-07-22,154,OK_ORIGINAL,MATCH,HIGH,"As Taiwan prepares for anti-invasion exercises, China sends dozens of warplanes toward the island","기사는 중국이 대만을 향해 수십 대의 전쟁기를 보내고 대만이 이에 대비한 군사 훈련을 준비하는 내용을 다루고 있어, GDELT의 CAMEO 코드 154인 '군사 동원·증강' 분류와 일치합니다.",https://www.thehindu.com/news/international/as-taiwan-prepares-for-anti-invasion-exercises-china-sends-dozens-of-warplanes-toward-the-island/article67108733.ece,https://www.thehindu.com/news/international/as-taiwan-prepares-for-anti-invasion-exercises-china-sends-dozens-of-warplanes-toward-the-island/article67108733.ece
1116469932,2023-07-22,154,OK_ORIGINAL,MATCH,HIGH,"As Taiwan prepares for anti-invasion exercises, China sends dozens of warplanes toward the island","기사는 중국이 대만에 군용기를 보내는 사건을 다루고 있으며, 이는 군사적 긴장을 고조시키고 잠재적인 군사 행동을 준비하는 '군사 동원·증강'으로 분류될 수 있습니다.",https://infotel.ca/newsitem/as-taiwan-china/cp42833282,https://infotel.ca/newsitem/as-taiwan-china/cp42833282
1116469933,2023-07-22,154,NOTFOUND,-,UNVERIFIED,,본문 확보 실패,,https://www.stamfordadvocate.com/news/world/article/as-taiwan-prepares-for-anti-invasion-exercises-18255259.php
1116468701,2023-07-22,154,OK_ORIGINAL,MATCH,HIGH,"As Taiwan prepares for anti-invasion exercises, China sends dozens of warplanes toward the island","기사는 중국이 대만에 군용기를 보내고 대만이 이에 대비하여 군사 훈련을 준비하는 내용을 다루고 있어, 이는 군사적 긴장 고조 및 군사력 증강으로 볼 수 있어 CAMEO 코드 154에 부합합니다.",https://apnews.com/article/taiwan-china-warplanes-military-exercises-548705bdceb0763c654cfd11f9b74dfd,https://apnews.com/article/taiwan-china-warplanes-military-exercises-548705bdceb0763c654cfd11f9b74dfd
1048907761,2022-06-11,190,NOTFOUND,-,UNVERIFIED,,본문 확보 실패,,https://newsrnd.com/news/2022-06-11-taiwan--washington-denounces-china-s-
1048867814,2022-06-11,190,EMPTY,-,UNVERIFIED,,본문 확보 실패,,https://www.msn.com/en-gb/news/world/china-becoming-more-coercive-and-aggressive-u-s-defence-chief/ar-AAYkszA
1048871390,2022-06-11,190,OK_ORIGINAL,AMBIGUOUS,MEDIUM,China becoming more ‘coercive and aggressive’ – U.S. defence chief,"기사는 중국의 군사적 위협과 공격적인 태도를 언급하지만, 직접적인 재래식 무력 사용 사건을 묘사하지는 않아 GDELT 분류 유형과의 일치 여부가 불명확합니다.",https://wkzo.com/2022/06/10/china-becoming-more-coercive-and-aggressive-u-s-defence-chief/,https://wkzo.com/2022/06/10/china-becoming-more-coercive-and-aggressive-u-s-defence-chief/
1048871788,2022-06-11,190,EMPTY,-,UNVERIFIED,,본문 확보 실패,,https://www.msn.com/en-us/news/world/us-blasts-chinas-destabilising-military-activity-near-taiwan/ar-AAYkwZb
1048868372,2022-06-11,190,EMPTY,-,UNVERIFIED,,본문 확보 실패,,https://www.msn.com/en-gb/news/world/china-becoming-more-coercive-and-aggressive-u-s-defence-chief/ar-AAYkszA
1048867815,2022-06-11,190,EMPTY,-,UNVERIFIED,,본문 확보 실패,,https://www.msn.com/en-gb/news/world/china-becoming-more-coercive-and-aggressive-u-s-defence-chief/ar-AAYkszA
1048867816,2022-06-11,190,EMPTY,-,UNVERIFIED,,본문 확보 실패,,https://www.msn.com/en-gb/news/world/china-becoming-more-coercive-and-aggressive-u-s-defence-chief/ar-AAYkszA
1048869279,2022-06-11,190,EMPTY,-,UNVERIFIED,,본문 확보 실패,,https://www.straitstimes.com/singapore/china-becoming-more-coercive-and-aggressive-says-us-defence-secretary-at-shangri-la-dialogue
1048869280,2022-06-11,190,EMPTY,-,UNVERIFIED,,본문 확보 실패,,https://www.straitstimes.com/singapore/china-becoming-more-coercive-and-aggressive-says-us-defence-secretary-at-shangri-la-dialogue
1048899087,2022-06-11,190,NOTFOUND,-,UNVERIFIED,,본문 확보 실패,,https://www.shorenewsnetwork.com/2022/06/11/u-s-and-allies-trade/
1048871396,2022-06-11,190,EMPTY,-,UNVERIFIED,,본문 확보 실패,,https://www.msn.com/en-us/news/world/us-blasts-chinas-destabilising-military-activity-near-taiwan/ar-AAYkwZb
1088235699,2023-03-08,154,OK_ORIGINAL,AMBIGUOUS,MEDIUM,"Studying Ukraine war, China's military minds fret over US missiles, Starlink","기사는 중국의 군사 연구자들이 우크라이나 전쟁을 통해 미국의 미사일과 스타링크 위성 등 신기술에 대한 대비책을 연구하는 내용을 다루고 있으나, 직접적인 양안 군사 사건의 동원·증강을 묘사하는 것이 아니라 미래 분쟁에 대한 전략적 연구에 초점을 맞추고 있어 분류 유형과 정확히 일치한다고 보기 어렵습니다.",https://news.yahoo.com/studying-ukraine-war-chinas-military-021042076.html,https://news.yahoo.com/studying-ukraine-war-chinas-military-021042076.html
1088235698,2023-03-08,154,OK_ORIGINAL,AMBIGUOUS,MEDIUM,"Studying Ukraine War, China's Military Minds Fret Over US Missiles, Starlink","기사는 중국이 잠재적 충돌을 대비하여 미국 무기와 기술을 연구하고 있음을 언급하지만, 직접적인 양안 군사 동원이나 증강 사건을 다루기보다는 전쟁 학습 및 대비 전략에 초점을 맞추고 있습니다.",https://www.ibtimes.com/studying-ukraine-war-chinas-military-minds-fret-over-us-missiles-starlink-3674688,https://www.ibtimes.com/studying-ukraine-war-chinas-military-minds-fret-over-us-missiles-starlink-3674688
1077655215,2022-12-26,150,OK_ORIGINAL,MATCH,HIGH,China responds to US provocation,"기사는 중국이 대만에 대한 미국의 지원에 대응하여 군사 훈련을 실시하는 내용을 다루고 있으며, 이는 GDELT의 '군사 태세' 분류와 일치합니다.",https://www.shanghaisun.com/news/273266961/china-responds-to-us-provocation,https://www.shanghaisun.com/news/273266961/china-responds-to-us-provocation
1077712609,2022-12-26,192,OK_ORIGINAL,AMBIGUOUS,MEDIUM,"China flies 71 planes near Taiwan, largest incursion since Pelosi trip - UPI.com","기사는 중국의 대만 인근 영공 침범을 다루고 있지만, '영토 점령'이라는 CAMEO 코드 192의 정의에는 직접적으로 부합하지 않고, 오히려 영토 점령을 위한 사전 준비나 압박으로 해석될 수 있습니다.",https://www.upi.com/Top_News/World-News/2022/12/26/flies-71-planes-airspace-taiwan-largest-exercise-pelosi-trip/4601672066070/,https://www.upi.com/Top_News/World-News/2022/12/26/flies-71-planes-airspace-taiwan-largest-exercise-pelosi-trip/4601672066070/
1077662811,2022-12-26,150,OK_ORIGINAL,MISMATCH,LOW,China carries out military exercises near Taiwan and Japan,기사는 중국의 대만 인근 군사 훈련에 대한 내용이 아니라 미국 중남부 지역의 날씨 예보에 대한 내용이므로 GDELT 분류 사건 유형과 일치하지 않습니다.,https://www.kake.com/story/48034254/china-carries-out-military-exercises-near-taiwan-and-japan,https://www.kake.com/story/48034254/china-carries-out-military-exercises-near-taiwan-and-japan
1077662812,2022-12-26,150,OK_ORIGINAL,MATCH,HIGH,China carries out military exercises near Taiwan and Japan,"기사 본문은 중국이 대만 주변에서 47대의 항공기를 대만 해협 중간선을 넘어 보낸 사실을 명시하고 있어, 이는 GDELT 분류 유형인 '군사 태세(military posturing)'와 일치하는 양안 군사 사건에 해당합니다.",https://www.kake.com/story/48034254/china-carries-out-military-exercises-near-taiwan-and-japan,https://www.kake.com/story/48034254/china-carries-out-military-exercises-near-taiwan-and-japan
1077680537,2022-12-26,190,NOTFOUND,-,UNVERIFIED,,본문 확보 실패,,https://www.iwradio.co.uk/news/sky-news/china-launches-its-largest-incursion-into-taiwans-air-defence-zone/
1077663675,2022-12-26,150,EMPTY,-,UNVERIFIED,,본문 확보 실패,,http://www.msn.com/en-us/news/world/china-holds-biggest-military-drill-near-taiwan-since-pelosi-trip/ar-AA15F5Cb
1077725938,2022-12-26,190,OK_ORIGINAL,MATCH,HIGH,China Launches Largest Incursion Yet into Taiwan's ADIZ,"기사는 중국 군용기의 대규모 ADIZ 침범을 다루고 있으며, 이는 재래식 무력 사용의 일부로 볼 수 있습니다.",https://www.breitbart.com/national-security/2022/12/26/china-launches-largest-incursion-yet-taiwans-air-defense-identification-zone/,https://www.breitbart.com/national-security/2022/12/26/china-launches-largest-incursion-yet-taiwans-air-defense-identification-zone/
1077657727,2022-12-26,150,OK_ORIGINAL,MATCH,HIGH,China conducts military exercises near Taiwan over US 'provocations' - The Korea Times,"기사는 중국이 대만 인근에서 '도발'과 '결탁'에 대응하여 군사 훈련을 실시했다고 보도하며, 이는 GDELT의 '군사 태세' 분류와 일치합니다.",https://koreatimes.co.kr/www/nation/2022/12/501_342372.html,https://koreatimes.co.kr/www/nation/2022/12/501_342372.html
1077655216,2022-12-26,150,OK_ORIGINAL,MATCH,HIGH,China responds to US provocation,"기사는 미국이 대만에 안보 지원을 승인한 것에 대한 중국의 군사 훈련을 설명하고 있으며, 이는 CAMEO 코드 150의 '군사 태세'에 해당합니다.",https://www.shanghaisun.com/news/273266961/china-responds-to-us-provocation,https://www.shanghaisun.com/news/273266961/china-responds-to-us-provocation
1077667198,2022-12-26,150,EMPTY,-,UNVERIFIED,,본문 확보 실패,,https://economictimes.indiatimes.com/news/international/world-news/china-stages-strike-drills-around-taiwans-airspace-deploys-71-warplanes-7-ships-in-24-hours/videoshow/96507614.cms
1077667201,2022-12-26,194,OK_ORIGINAL,MATCH,HIGH,"Chinese Military Threatens Taiwan With 71 ​​Aircraft, 7 Warships; 47 Warplanes Crossed The Median Line - Taiwanese Defense Ministry","기사는 대만 방위부가 중국 인민해방군(PLA)의 항공기와 함선이 대만 주변에 접근하고 대만해협 중간선을 넘었다고 발표한 내용을 다루고 있으며, 이는 '중화기 무력충돌'에 해당하는 사건입니다.",https://eurasiantimes.com/chinese-military-threatens-taiwan-with-71-aircraft-7-warships-47-warplanes-crossed-the-median-line-taiwanese-defense-ministry/,https://eurasiantimes.com/chinese-military-threatens-taiwan-with-71-aircraft-7-warships-47-warplanes-crossed-the-median-line-taiwanese-defense-ministry/
1077657729,2022-12-26,150,OK_ORIGINAL,MATCH,HIGH,China conducts military exercises near Taiwan over US 'provocations' - The Korea Times,"기사는 중국이 대만 인근에서 미국과 대만의 '도발' 및 '결탁'에 대응하여 실시한 군사 훈련에 대해 보도하고 있으며, 이는 CAMEO 코드 150인 군사 태세와 일치합니다.",https://koreatimes.co.kr/www/nation/2022/12/501_342372.html,https://koreatimes.co.kr/www/nation/2022/12/501_342372.html
1020028638,2021-12-20,195,OK_ORIGINAL,MATCH,HIGH,Chinese warplane enters Taiwan's air defence zone,"기사는 중국 군용기가 대만의 방공식별구역에 진입한 사건을 다루고 있으며, 이는 공중무기 사용으로 분류될 수 있는 군사적 행위입니다.",https://www.newzealandstar.com/news/271988518/chinese-warplane-enters-taiwan-air-defence-zone,https://www.newzealandstar.com/news/271988518/chinese-warplane-enters-taiwan-air-defence-zone
1226299385,2025-02-13,150,NOTFOUND,-,UNVERIFIED,,본문 확보 실패,,https://www.heritage.org/asia/report/tensions-across-the-strait-chinas-military-options-against-taiwan-short-war
1212304772,2024-11-27,154,OK_ORIGINAL,MATCH,HIGH,China deploys forces as US aircraft flies over Taiwan Strait,"기사는 미국 항공기가 대만 해협을 통과하는 동안 중국이 군대를 배치했다는 내용을 다루며, 이는 군사 동원/증강에 해당합니다.",https://www.spacewar.com/reports/China_deploys_forces_as_US_aircraft_flies_over_Taiwan_Strait_999.html,https://www.spacewar.com/reports/China_deploys_forces_as_US_aircraft_flies_over_Taiwan_Strait_999.html
1212387505,2024-11-27,150,OK_ORIGINAL,MATCH,HIGH,China may launch military drills amid President Lai's Pacific trip and US transit: Report,"기사는 대만 총통의 태평양 순방 및 미국 경유 계획에 대한 중국의 군사 훈련 가능성을 보도하고 있으며, 이는 CAMEO 코드 150 '군사 태세'에 해당합니다.",https://www.bignewsnetwork.com/news/274797727/china-may-launch-military-drills-amid-president-lai-pacific-trip-and-us-transit-report,https://www.bignewsnetwork.com/news/274797727/china-may-launch-military-drills-amid-president-lai-pacific-trip-and-us-transit-report
1129849275,2023-09-28,190,OK_ORIGINAL,MISMATCH,LOW,Report Finds China Exploiting Taiwan Voter Doubts About US,"기사는 중국의 대만 유권자 대상 정보전 및 심리전을 다루고 있으며, 재래식 무력 사용이라는 GDELT 분류와는 직접적인 관련이 없습니다.",https://www.voanews.com/a/report-finds-china-exploiting-taiwan-voter-doubts-about-us-/7288208.html,https://www.voanews.com/a/report-finds-china-exploiting-taiwan-voter-doubts-about-us-/7288208.html
1129859746,2023-09-28,190,OK_ORIGINAL,MISMATCH,LOW,Taiwan unveils first domestically made submarine to help defend against possible Chinese attack,"기사는 대만 자체 방어력 강화를 위한 잠재적 중국 공격에 대한 대비를 다루고 있을 뿐, 실제로 재래식 무력 사용 사건에 해당하지 않습니다.",https://www.cbsnews.com/news/taiwan-submarine-china-tension/,https://www.cbsnews.com/news/taiwan-submarine-china-tension/
1064891095,2022-09-27,190,OK_ORIGINAL,MISMATCH,LOW,Pentagon woos India amid China tensions,"기사는 중국과 인도의 군사 협력 강화에 초점을 맞추고 있으며, 직접적인 중국-대만 간 무력 사용 사건을 다루고 있지 않습니다.",https://www.taiwansun.com/news/272801266/pentagon-woos-india-amid-china-tensions,https://www.taiwansun.com/news/272801266/pentagon-woos-india-amid-china-tensions
1064890692,2022-09-27,190,OK_ORIGINAL,AMBIGUOUS,MEDIUM,Pentagon woos India amid China tensions,"기사는 중국과 대만 간의 긴장을 언급하지만, 실제로 '재래식 무력 사용'에 대한 구체적인 묘사보다는 군사 협력 강화와 관련된 정치적, 외교적 움직임을 다루고 있어 분류 유형과 명확히 부합한다고 보기 어렵습니다.",https://www.taiwansun.com/news/272801266/pentagon-woos-india-amid-china-tensions,https://www.taiwansun.com/news/272801266/pentagon-woos-india-amid-china-tensions
1195500104,2024-08-30,190,OK_ORIGINAL,MISMATCH,LOW,"Taiwan military says China lacks ability to invade, but has other options","기사는 중국의 대만 침공 능력에 대한 대만 국방부의 평가를 다루고 있으며, 실제 무력 사용이 아닌 잠재적 위협과 능력에 대한 논의에 초점을 맞추고 있습니다.",https://www.yahoo.com/news/taiwan-ministry-says-china-lacks-081323381.html,https://www.yahoo.com/news/taiwan-ministry-says-china-lacks-081323381.html
1195500105,2024-08-30,190,OK_ORIGINAL,AMBIGUOUS,MEDIUM,"Taiwan military says China lacks ability to invade, but has other options","기사는 중국의 대만 침공 능력에 대한 대만 국방부의 평가를 다루고 있지만, 실제 재래식 무력의 사용에 대한 구체적인 사건을 보고하는 것이 아니라 잠재적인 위협과 능력을 논하고 있어 CAMEO 코드 190(재래식 무력 사용)과 직접적으로 일치한다고 보기 어렵습니다.",https://www.yahoo.com/news/taiwan-ministry-says-china-lacks-081323381.html,https://www.yahoo.com/news/taiwan-ministry-says-china-lacks-081323381.html
1195517635,2024-08-30,190,OK_ORIGINAL,AMBIGUOUS,MEDIUM,Invasion or blockade: How China plans to bring Taiwan under its control? - The Times of India,"기사 제목은 중국의 대만 통제 계획을 다루지만, 제공된 본문은 군사적 무력 사용보다는 언론사의 보도 방식에 대한 일반적인 소개와 다른 기사들을 나열하고 있어 CAMEO 코드 190과 직접적으로 일치한다고 보기 어렵습니다.",https://timesofindia.indiatimes.com/world/china/invasion-or-blockade-how-china-plans-to-bring-taiwan-under-its-control/articleshow/112920890.cms,https://timesofindia.indiatimes.com/world/china/invasion-or-blockade-how-china-plans-to-bring-taiwan-under-its-control/articleshow/112920890.cms
1195497885,2024-08-30,190,NOTFOUND,-,UNVERIFIED,,본문 확보 실패,,https://www.marketscreener.com/quote/index/MSCI-TAIWAN-STRD-107361484/news/Taiwan-military-says-China-lacks-ability-to-invade-but-has-other-options-47771099/
1195497886,2024-08-30,190,NOTFOUND,-,UNVERIFIED,,본문 확보 실패,,https://www.marketscreener.com/quote/index/MSCI-TAIWAN-STRD-107361484/news/Taiwan-military-says-China-lacks-ability-to-invade-but-has-other-options-47771099/
1071761970,2022-11-13,195,NOTFOUND,-,UNVERIFIED,,본문 확보 실패,,https://www.goskagit.com/news/politics/southeast-asian-leaders-region-no-proxy-for-any-powers/article_d1bd254e-cdc8-59c9-9c47-b99fae5db37c.html
1071745245,2022-11-13,151,NOTFOUND,-,UNVERIFIED,,본문 확보 실패,,https://accesswdun.com/article/2022/11/1146877
1071745246,2022-11-13,151,NOTFOUND,-,UNVERIFIED,,본문 확보 실패,,https://accesswdun.com/article/2022/11/1146877
1071745248,2022-11-13,195,NOTFOUND,-,UNVERIFIED,,본문 확보 실패,,https://accesswdun.com/article/2022/11/1146877
1045888988,2022-05-24,190,OK_ORIGINAL,MISMATCH,LOW,What exactly is the U.S. hinting at?-- Beijing Review,"기사는 미국과 대만의 관계 및 미국의 대만 안보 지원에 대한 언급을 다루고 있으며, 중국의 재래식 무력 사용과는 직접적인 관련이 없습니다.",http://www.bjreview.com.cn/./Opinion/Voice/202205/t20220522_800294963.html,http://www.bjreview.com.cn/./Opinion/Voice/202205/t20220522_800294963.html
1045877473,2022-05-24,190,NOTFOUND,-,UNVERIFIED,,본문 확보 실패,,https://biztoc.com/p/ypffqxy3
1046044842,2021-05-24,190,OK_ORIGINAL,AMBIGUOUS,MEDIUM,Going to war against China over Taiwan isn't Biden's call to make,"기사는 중국의 대만 공격 가능성에 대해 논하고 있지만, 실제 군사력 사용에 대한 묘사보다는 군사적 개입의 정치적, 헌법적 제약에 초점을 맞추고 있어 CAMEO 코드 190과 직접적으로 일치하지 않습니다.",https://hotair.com/headlines/2022/05/24/going-to-war-against-china-over-taiwan-isnt-bidens-call-to-make-n471492,https://hotair.com/headlines/2022/05/24/going-to-war-against-china-over-taiwan-isnt-bidens-call-to-make-n471492
653495206,2017-05-07,193,NOTFOUND,-,UNVERIFIED,,본문 확보 실패,,http://news.mb.com.ph/2017/05/07/taiwan-fires-on-chinese-fishing-boat-with-rubber-bullets-infuriating-beijing/
653495205,2017-05-07,193,NOTFOUND,-,UNVERIFIED,,본문 확보 실패,,http://news.mb.com.ph/2017/05/07/taiwan-fires-on-chinese-fishing-boat-with-rubber-bullets-infuriating-beijing/
1275927635,2025-11-24,190,NOTFOUND,-,UNVERIFIED,,본문 확보 실패,,https://nationalpost.com/news/world/xi-presses-trump-on-taiwan-amid-spat-with-japan-china-says
1275831289,2025-11-24,190,OK_ORIGINAL,MISMATCH,LOW,China criticises Japan’s plan to deploy missiles on island near Taiwan,"기사는 일본의 미사일 배치 계획에 대한 중국의 비판을 다루고 있으며, 이는 실제적인 재래식 무력 사용보다는 외교적 긴장과 관련된 내용으로, CAMEO 코드 190(재래식 무력 사용)과는 직접적으로 일치하지 않습니다.",https://www.straitstimes.com/asia/east-asia/china-criticises-japans-plan-to-deploy-missiles-on-island-near-taiwan,https://www.straitstimes.com/asia/east-asia/china-criticises-japans-plan-to-deploy-missiles-on-island-near-taiwan
658711188,2017-05-24,195,OK_ORIGINAL,AMBIGUOUS,MEDIUM,Taiwan drill tests defense capability against air attack by China | Eye On Taiwan,"기사는 중국의 잠재적 공습에 대한 대만의 방어 훈련을 다루지만, 실제 무기 사용이 아닌 시뮬레이션된 공격에 대한 훈련을 묘사하고 있어 CAMEO 코드 195(공중무기 사용)와 직접적으로 일치하지는 않습니다.",http://www.eyeontaiwan.com/taiwan-drill-tests-defense-capability-against-air-attack-by-china,http://www.eyeontaiwan.com/taiwan-drill-tests-defense-capability-against-air-attack-by-china
658425455,2017-05-24,195,NOTFOUND,-,UNVERIFIED,,본문 확보 실패,,http://www.chinapost.com.tw/taiwan/national/national-news/2017/05/24/497839/taiwan-drill.htm
1252083220,2025-07-15,194,OK_ORIGINAL,MISMATCH,LOW,Taiwan's forces are training to ride the subway into war if China invades,"기사는 대만군의 훈련 시나리오를 다루고 있을 뿐, 중국과 대만 간의 실제 중화기 무력 충돌 사건을 묘사하고 있지 않습니다.",https://www.yahoo.com/news/taiwans-forces-training-ride-subway-063308396.html,https://www.yahoo.com/news/taiwans-forces-training-ride-subway-063308396.html
1252170235,2025-07-15,150,OK_ORIGINAL,MATCH,HIGH,Japan's defense white paper highlights China's military drills around Taiwan - Focus Taiwan,"기사는 일본 방위백서에서 중국의 대만 주변 군사 훈련 강화 사실을 언급하며 양안 군사적 긴장을 다루고 있어, '군사 태세' 분류와 일치합니다.",https://focustaiwan.tw:443/cross-strait/202507150029,https://focustaiwan.tw:443/cross-strait/202507150029
1035180279,2022-03-22,194,NOTFOUND,-,UNVERIFIED,,본문 확보 실패,,https://menafn.com/1103889054/Chinese-missiles-can-likely-sink-US-carriers-report&source=22
1035301367,2022-03-22,190,OK_ORIGINAL,MISMATCH,LOW,‘A blatant lie’: China and Taiwan fight for credit over rescue of sailors lost at sea for 29 days,"이 기사는 양안 간의 군사적 충돌이 아닌, 해상 조난 사고 구조에 대한 책임 공방을 다루고 있어 CAMEO 코드 190 (재래식 무력 사용)과 일치하지 않습니다.",https://www.theguardian.com/world/2022/mar/23/a-blatant-lie-china-and-taiwan-fight-for-credit-over-rescue-of-sailors-lost-at-sea-for-29-days,https://www.theguardian.com/world/2022/mar/23/a-blatant-lie-china-and-taiwan-fight-for-credit-over-rescue-of-sailors-lost-at-sea-for-29-days
1232908651,2025-03-18,190,OK_ORIGINAL,MATCH,HIGH,Taiwan Says China Held 2 Combat Readiness Patrols in 24 Hours,"기사에서 중국 군이 대만을 향해 군용 항공기와 군함을 대거 파견하고 전투 준비 태세 순찰을 수행했다고 명시하고 있어, 이는 재래식 무력 사용에 해당하는 군사 사건으로 볼 수 있습니다.",https://www.theepochtimes.com/china/taiwan-says-china-held-2-combat-readiness-patrols-in-24-hours-5827553,https://www.theepochtimes.com/china/taiwan-says-china-held-2-combat-readiness-patrols-in-24-hours-5827553
1281960995,2026-01-03,150,OK_ORIGINAL,MISMATCH,LOW,Japan says Trump has invited its leader to the US. It comes as ties with China are strained,"이 기사는 일본과 미국 지도자의 만남 및 일본과 중국 간의 긴장 관계를 다루고 있으며, 양안 군사 사건으로 직접 분류하기 어렵고 GDELT의 '군사 태세' 분류와도 명확히 일치하지 않습니다.",https://www.wsls.com/news/politics/2026/01/03/japan-says-trump-has-invited-its-leader-to-the-us-it-comes-as-ties-with-china-are-strained/,https://www.wsls.com/news/politics/2026/01/03/japan-says-trump-has-invited-its-leader-to-the-us-it-comes-as-ties-with-china-are-strained/
1281960998,2026-01-03,150,OK_ORIGINAL,MISMATCH,LOW,Japan says Trump has invited its leader to the US. It comes as ties with China are strained,"기사는 일본-미국 관계 강화와 미중 갈등, 일본-중국 관계의 긴장을 다루고 있으며, 양안 군사 사건에 직접적으로 초점을 맞추고 있지 않습니다.",https://www.yahoo.com/news/articles/japan-says-trump-invited-leader-013022692.html,https://www.yahoo.com/news/articles/japan-says-trump-invited-leader-013022692.html
1281960996,2026-01-03,150,OK_ORIGINAL,MISMATCH,LOW,Japan says Trump has invited its leader to the US. It comes as ties with China are strained,"이 기사는 일본 지도자의 미국 방문 초청에 관한 것으로, 양안 군사 사건이 아니며 GDELT의 '군사 태세' 분류와 직접적인 관련이 없습니다.",https://www.yahoo.com/news/articles/japan-says-trump-invited-leader-013022692.html,https://www.yahoo.com/news/articles/japan-says-trump-invited-leader-013022692.html
1282045602,2026-01-03,194,OK_ORIGINAL,AMBIGUOUS,MEDIUM,‘Full-scale invasion’: Chilling warning after massive Chinese military drills around Taiwan,"기사는 중국의 대만 주변 군사 훈련을 다루지만, GDELT 분류 유형인 '중화기 무력충돌'보다는 봉쇄 및 침공 준비에 초점을 맞추고 있어 유형 일치가 명확하지 않습니다.",https://www.skynews.com.au/world-news/china/fullscale-invasion-chilling-warning-after-massive-chinese-military-drills-around-taiwan/news-story/a3eb2c761a958ef40b4c9f1ce4a02ce3?nk=8945db31f37ea7de622c2a8be7252c79-1767466023,https://www.skynews.com.au/world-news/china/fullscale-invasion-chilling-warning-after-massive-chinese-military-drills-around-taiwan/news-story/a3eb2c761a958ef40b4c9f1ce4a02ce3?nk=8945db31f37ea7de622c2a8be7252c79-1767466023
1282047119,2026-01-03,194,OK_ORIGINAL,AMBIGUOUS,MEDIUM,‘Full-scale invasion’: Chilling warning after massive Chinese military drills around Taiwan,"기사는 중국의 대만 주변 군사 훈련과 봉쇄 및 침공 가능성을 다루고 있지만, GDELT가 분류한 '중화기 무력충돌(armed clash, heavy weapons)'이라는 구체적인 사건 유형과 직접적으로 일치하는 무력 충돌 발생 사실은 명시적으로 언급되지 않았습니다.",https://www.skynews.com.au/world-news/china/fullscale-invasion-chilling-warning-after-massive-chinese-military-drills-around-taiwan/news-story/a3eb2c761a958ef40b4c9f1ce4a02ce3?nk=00f5f0042612035cc1a7a387f415a3fc-1767466917,https://www.skynews.com.au/world-news/china/fullscale-invasion-chilling-warning-after-massive-chinese-military-drills-around-taiwan/news-story/a3eb2c761a958ef40b4c9f1ce4a02ce3?nk=00f5f0042612035cc1a7a387f415a3fc-1767466917
1281846721,2026-01-02,194,OK_ORIGINAL,AMBIGUOUS,MEDIUM,US Says China’s Taiwan Drills ‘Unnecessarily’ Raised Tensions | Today News,"기사는 중국의 대만 주변 군사 훈련을 언급하며 긴장 고조를 다루고 있으나, GDELT 분류 유형인 '중화기 무력충돌'을 직접적으로 묘사하는 구체적인 내용이 부족하여 유형 일치 여부가 명확하지 않습니다.",https://www.livemint.com/news/us-news/us-says-china-s-taiwan-drills-unnecessarily-raised-tensions-11767321276962.html,https://www.livemint.com/news/us-news/us-says-china-s-taiwan-drills-unnecessarily-raised-tensions-11767321276962.html
1281848994,2026-01-02,150,OK_ORIGINAL,MATCH,HIGH,USA cautions China to pull back as tensions escalate between Beijing and Taiwan,"기사는 중국의 대만 주변 군사 훈련을 언급하며 미국이 중국에 군사적 압박을 중단하고 대화에 나설 것을 촉구하는 내용을 담고 있어, 이는 군사 태세(military posturing)에 해당합니다.",http://www.vietnamtribune.com/news/278786436/usa-cautions-china-to-pull-back-as-tensions-escalate-between-beijing-and-taiwan,http://www.vietnamtribune.com/news/278786436/usa-cautions-china-to-pull-back-as-tensions-escalate-between-beijing-and-taiwan
1281851123,2026-01-02,150,OK_ORIGINAL,MATCH,HIGH,USA cautions China to pull back as tensions escalate between Beijing and Taiwan,"기사는 중국의 대만에 대한 군사 행동이 긴장을 고조시킨다고 언급하며, 이는 CAMEO 코드 150 '군사 태세'에 부합하는 양안 군사 사건에 해당합니다.",https://news.webindia123.com/news/Articles/World/20260102/4400518.html,https://news.webindia123.com/news/Articles/World/20260102/4400518.html
1281907868,2026-01-02,150,OK_ORIGINAL,MATCH,HIGH,US Counters China’s 2025 Aggression: Taiwan Tensions and Military Posturing,"기사는 중국의 대만에 대한 군사적 위협과 훈련 증가를 상세히 설명하며, 이는 '군사 태세'라는 GDELT 분류와 일치합니다.",https://www.el-balad.com/6809830,https://www.el-balad.com/6809830
1281848995,2026-01-02,150,OK_ORIGINAL,MATCH,HIGH,USA cautions China to pull back as tensions escalate between Beijing and Taiwan,"기사는 중국의 대만에 대한 군사 훈련과 관련된 긴장 고조를 다루고 있으며, 이는 미국이 중국에 군사적 압박을 중단하고 대화에 나서라고 촉구하는 내용을 담고 있어 CAMEO 코드 150 '군사 태세' 분류와 부합합니다.",http://www.vietnamtribune.com/news/278786436/usa-cautions-china-to-pull-back-as-tensions-escalate-between-beijing-and-taiwan,http://www.vietnamtribune.com/news/278786436/usa-cautions-china-to-pull-back-as-tensions-escalate-between-beijing-and-taiwan
1281853441,2026-01-02,150,OK_ORIGINAL,MATCH,HIGH,Taiwan's NSC Thanks U.S. Amid China Military Drills,"기사는 중국의 대만 주변 군사 훈련과 이에 대한 대만의 외교적 대응을 다루고 있으며, 이는 '군사 태세'라는 CAMEO 코드 150의 정의와 일치합니다.",https://www.newkerala.com/news/a/taiwans-national-security-council-thanks-us-calling-restraint-505.htm,https://www.newkerala.com/news/a/taiwans-national-security-council-thanks-us-calling-restraint-505.htm
1281846722,2026-01-02,194,OK_ORIGINAL,AMBIGUOUS,MEDIUM,US Says China’s Taiwan Drills ‘Unnecessarily’ Raised Tensions | Today News,"기사는 중국의 대만 주변 군사 훈련에 대해 언급하며 긴장 고조를 지적하고 있지만, '중화기 무력충돌(armed clash, heavy weapons)'이라는 GDELT 분류와 직접적으로 일치하는 무력 충돌이 발생했다는 구체적인 내용은 기사에 명시되어 있지 않습니다.",https://www.livemint.com/news/us-news/us-says-china-s-taiwan-drills-unnecessarily-raised-tensions-11767321276962.html,https://www.livemint.com/news/us-news/us-says-china-s-taiwan-drills-unnecessarily-raised-tensions-11767321276962.html
1261679593,2025-09-06,192,OK_ORIGINAL,MISMATCH,LOW,"China criticises Australia, Canada warships in Taiwan Strait","기사는 대만 해협을 통과하는 호주 및 캐나다 함정에 대한 중국의 비난을 다루고 있으며, 영토 점령 사건과는 직접적인 관련이 없습니다.",https://www.straitstimes.com/asia/east-asia/china-criticises-australia-canada-warships-in-taiwan-strait,https://www.straitstimes.com/asia/east-asia/china-criticises-australia-canada-warships-in-taiwan-strait
607778208,2016-12-13,151,OK_ORIGINAL,AMBIGUOUS,MEDIUM,Fighters in ‘dangerous’ clash,"기사는 일본과 중국 간의 군사적 충돌을 다루고 있으며, 대만 또한 언급되지만 양안(중국-대만) 간의 직접적인 군사 사건으로 분류하기에는 다소 거리가 있고, '경계 수준 강화'라는 GDELT 분류 유형과 직접적으로 일치한다고 보기도 어렵습니다.",http://www.goldcoastbulletin.com.au/news/world/beijing-accuses-japanese-fighters-of-dangerous-intercept-over-east-china-sea/news-story/b4048f18e3369deb2680388e485b977a?nk=1d622f8b1bbb3d5199dc1a3bc424bfc6-1481587419,http://www.goldcoastbulletin.com.au/news/world/beijing-accuses-japanese-fighters-of-dangerous-intercept-over-east-china-sea/news-story/b4048f18e3369deb2680388e485b977a?nk=1d622f8b1bbb3d5199dc1a3bc424bfc6-1481587419
607783588,2016-12-13,150,EMPTY,-,UNVERIFIED,,본문 확보 실패,,http://newsok.com/trump-ups-us-ante-on-taiwan-but-china-has-leverage-too/article/feed/1130771
607783587,2016-12-13,150,EMPTY,-,UNVERIFIED,,본문 확보 실패,,http://newsok.com/trump-ups-us-ante-on-taiwan-but-china-has-leverage-too/article/feed/1130771
607778206,2016-12-13,150,NOTFOUND,-,UNVERIFIED,,본문 확보 실패,,http://www.fredericknewspost.com/public/ap/trump-ups-u-s-ante-on-taiwan-but-china-has/article_8f41c70f-3180-5e6f-83a2-6606e76f33bd.html
607892947,2016-12-13,150,OK_ORIGINAL,MATCH,HIGH,Japan denies China claim of 'dangerous' fighter sorties during routine drill,"기사는 일본과 중국 간의 군사 훈련 중 발생한 사건을 다루고 있으며, 일본 전투기의 '위험하고 비전문적인' 행동에 대한 중국의 주장을 일본이 부인하는 내용을 담고 있어 군사적 긴장 상황을 보여주므로 CAMEO 코드 150 (군사 태세)과 부합합니다.",http://www.ibtimes.sg/japan-denies-china-claim-dangerous-fighter-sorties-during-routine-drill-5470,http://www.ibtimes.sg/japan-denies-china-claim-dangerous-fighter-sorties-during-routine-drill-5470
607940258,2016-12-13,152,NOTFOUND,-,UNVERIFIED,,본문 확보 실패,,http://news.xfoor.com/2016/12/13/can-taiwan-trust-trump-67031981a3e8/
607850557,2016-12-13,152,OK_ORIGINAL,AMBIGUOUS,MEDIUM,Can Taiwan trust Trump? Island fears becoming pawn between superpowers | CNN,"기사는 대만과 중국 간의 정치적 긴장과 외교적 입지에 대한 내용을 다루지만, 직접적인 군사 활동이나 군사력 증강에 대한 구체적인 내용은 부족하여 CAMEO 코드 152와 명확하게 일치한다고 보기는 어렵습니다.",http://www.cnn.com/2016/12/13/asia/taiwan-china-trump/,http://www.cnn.com/2016/12/13/asia/taiwan-china-trump/
607850558,2016-12-13,152,OK_ORIGINAL,AMBIGUOUS,MEDIUM,Can Taiwan trust Trump? Island fears becoming pawn between superpowers | CNN,"기사는 대만과 관련된 중국의 군사적 움직임을 언급하지만, 직접적인 군사력 증강보다는 지정학적 긴장과 잠재적 충돌에 대한 우려에 초점을 맞추고 있어 CAMEO 코드 152와 명확히 일치한다고 보기 어렵습니다.",http://www.cnn.com/2016/12/13/asia/taiwan-china-trump/,http://www.cnn.com/2016/12/13/asia/taiwan-china-trump/
607778209,2016-12-13,151,OK_ORIGINAL,MISMATCH,LOW,Fighters in ‘dangerous’ clash,"기사는 일본과 중국 간의 군사적 충돌에 관한 것이며, 대만은 직접적인 당사자가 아니므로 양안 군사 사건으로 보기 어렵습니다.",http://www.goldcoastbulletin.com.au/news/world/beijing-accuses-japanese-fighters-of-dangerous-intercept-over-east-china-sea/news-story/b4048f18e3369deb2680388e485b977a?nk=1d622f8b1bbb3d5199dc1a3bc424bfc6-1481587419,http://www.goldcoastbulletin.com.au/news/world/beijing-accuses-japanese-fighters-of-dangerous-intercept-over-east-china-sea/news-story/b4048f18e3369deb2680388e485b977a?nk=1d622f8b1bbb3d5199dc1a3bc424bfc6-1481587419
607783586,2016-12-13,150,EMPTY,-,UNVERIFIED,,본문 확보 실패,,http://newsok.com/trump-ups-us-ante-on-taiwan-but-china-has-leverage-too/article/feed/1130771
1254821078,2025-07-30,190,OK_ORIGINAL,AMBIGUOUS,MEDIUM,China accuses Taiwan of forcing its people to be 'cannon fodder',"기사는 중국과 대만 간의 긴장 상황과 군사적 수사, 그리고 대만의 군사 훈련을 다루고 있지만, GDELT가 분류한 '재래식 무력 사용(use conventional force)'에 해당하는 실제 군사적 충돌이나 무력 행사는 구체적으로 묘사되지 않았습니다.",https://www.spacewar.com/reports/China_accuses_Taiwan_of_forcing_its_people_to_be_cannon_fodder_999.html,https://www.spacewar.com/reports/China_accuses_Taiwan_of_forcing_its_people_to_be_cannon_fodder_999.html
1050468642,2022-06-21,192,OK_ORIGINAL,MISMATCH,LOW,"China made third-largest air incursion this year, says Taiwan","기사는 중국의 대만 방공식별구역 침범을 다루지만, 이는 영토 점령(occupy territory)보다는 영공 침범에 가깝습니다.",https://www.gmanetwork.com/news/topstories/world/835640/china-made-third-largest-air-incursion-this-year-says-taiwan/story/,https://www.gmanetwork.com/news/topstories/world/835640/china-made-third-largest-air-incursion-this-year-says-taiwan/story/
1050446855,2022-06-21,190,OK_ORIGINAL,MISMATCH,LOW,"Chinese party-state, allied players influencing free speech","기사는 중국과 대만의 관계 및 중국의 언론 통제에 관한 것이지만, 재래식 무력 사용을 포함하는 군사적 사건은 다루지 않습니다.",https://news.webindia123.com/news/Articles/World/20220621/3954485.html,https://news.webindia123.com/news/Articles/World/20220621/3954485.html
1050431656,2022-06-21,150,OK_ORIGINAL,MATCH,HIGH,China’s military has violated Taiwan airspace 3 times more under Biden than Trump,기사는 중국의 대만 방공식별구역(ADIZ) 침범 횟수를 비교하며 양안 간 군사적 긴장 상황을 다루고 있어 GDELT의 '군사 태세(military posturing)' 분류와 일치합니다.,https://www.bizpacreview.com/2022/06/21/chinas-military-has-violated-taiwan-airspace-3-times-more-under-biden-than-trump-1252576/,https://www.bizpacreview.com/2022/06/21/chinas-military-has-violated-taiwan-airspace-3-times-more-under-biden-than-trump-1252576/
1050491689,2022-06-21,195,OK_ORIGINAL,MATCH,HIGH,Taiwan scrambles jets and missiles over Chinese flight,"기사는 대만과 중국 간의 군사 사건을 다루고 있으며, 대만 전투기가 출격하고 미사일 시스템으로 추적했다는 내용이 포함되어 있어 '공중무기 사용' 분류에 부합합니다.",https://www.chinanationalnews.com/news/272593861/taiwan-scrambles-jets-and-missiles-over-chinese-flight,https://www.chinanationalnews.com/news/272593861/taiwan-scrambles-jets-and-missiles-over-chinese-flight
592489782,2016-10-25,190,OK_ORIGINAL,AMBIGUOUS,MEDIUM,War-Mongering ex-PLA General wants China to Quickly Attack Taiwan should Tensions Flare,"기사는 중국 전 고위 장성의 대만 침공 위협을 다루고 있지만, 실제 '재래식 무력 사용'이 발생한 사건을 보도하는 것이 아니라 잠재적인 무력 사용에 대한 위협적인 발언을 다루고 있어 분류 유형과 직접적으로 일치하지 않습니다.",http://www.chinatopix.com/articles/104493/20161025/war-mongering-ex-pla-general-china-quickly-attack-taiwan-tensions.htm,http://www.chinatopix.com/articles/104493/20161025/war-mongering-ex-pla-general-china-quickly-attack-taiwan-tensions.htm
1247001880,2025-05-30,192,OK_ORIGINAL,MISMATCH,LOW,"As Pelosi visits Taiwan, don’t miss the action on China in Congress","기사는 낸시 펠로시 대만 방문과 관련된 미국 의회의 입법 활동에 초점을 맞추고 있으며, 실제 영토 점령 사건과는 관련이 없습니다.",https://www.defensenews.com/opinion/commentary/2022/08/02/as-pelosi-visits-taiwan-dont-miss-the-action-in-congress/,https://www.defensenews.com/opinion/commentary/2022/08/02/as-pelosi-visits-taiwan-dont-miss-the-action-in-congress/
1246978448,2025-05-30,195,OK_ORIGINAL,MISMATCH,LOW,US to sell more arms to Taiwan: source - Taipei Times,"이 기사는 대만 무기 판매에 대한 내용으로, 공중 무기 사용과 같은 직접적인 군사 사건이 아닙니다.",https://www.taipeitimes.com/News/front/archives/2025/05/31/2003837800,https://www.taipeitimes.com/News/front/archives/2025/05/31/2003837800
1094216382,2023-04-07,150,NOTFOUND,-,UNVERIFIED,,본문 확보 실패,,https://www.bloomberg.com/news/articles/2023-04-07/china-sets-military-exercises-after-taiwan-leader-s-us-visits
1043013856,2022-05-06,190,OK_ORIGINAL,MATCH,HIGH,China stages second-largest air incursion into Taiwan defence zone this year,"기사는 중국의 대만 방공식별구역(ADIZ) 침범을 보고하고 있으며, 이는 CAMEO 코드 190 '재래식 무력 사용'으로 분류될 수 있는 군사적 행위에 해당합니다.",https://www.thehindu.com/news/international/china-stages-second-largest-air-incursion-into-taiwan-defence-zone-this-year/article65388959.ece,https://www.thehindu.com/news/international/china-stages-second-largest-air-incursion-into-taiwan-defence-zone-this-year/article65388959.ece
592839384,2016-10-26,190,OK_ORIGINAL,MISMATCH,LOW,Chinatown Gang War - Fair Observer,"해당 기사는 1960년대 미국 샌프란시스코 차이나타운의 아시아계 갱단 간의 전쟁에 대한 내용으로, GDELT가 분류한 양안(중국-대만) 군사 사건과는 관련이 없습니다.",http://www.fairobserver.com/region/north_america/chinatown-gang-war-99631/,http://www.fairobserver.com/region/north_america/chinatown-gang-war-99631/
592840909,2016-10-26,190,OK_ORIGINAL,MISMATCH,LOW,Chinatown Gang War - Fair Observer,"이 기사는 미국 내 중국계 갱단 간의 갈등을 다루고 있으며, 양안(중국-대만) 간의 군사 사건과는 전혀 관련이 없습니다.",http://www.fairobserver.com/region/north_america/chinatown-gang-war-99631/,http://www.fairobserver.com/region/north_america/chinatown-gang-war-99631/
1057657490,2022-08-08,150,NOTFOUND,-,UNVERIFIED,,본문 확보 실패,,https://www.ourmidland.com/news/article/China-extends-threatening-military-exercises-17358267.php
1057666022,2022-08-08,194,OK_ORIGINAL,AMBIGUOUS,MEDIUM,Chinese strategic bombers join Beijing’s sweeping drills around Taiwan,"기사는 중국의 대만 주변 대규모 훈련을 언급하며 전략 폭격기와 미사일 발사를 포함하고 있지만, '중화기 무력충돌'이라는 분류 유형과 같이 실제 교전이나 무력 행사가 발생했는지는 명확하게 드러나지 않아 애매합니다.",https://tass.com/world/1490679,https://tass.com/world/1490679
1057660615,2022-08-08,150,OK_ORIGINAL,MATCH,HIGH,China announces fresh military exercises around Taiwan,"기사는 중국이 대만 주변에서 새로운 군사 훈련을 발표했다고 보도하며, 이는 GDELT의 '군사 태세(military posturing)' 분류와 일치합니다.",https://www.nbcnews.com/news/world/china-announces-fresh-military-exercises-taiwan-rcna41955,https://www.nbcnews.com/news/world/china-announces-fresh-military-exercises-taiwan-rcna41955
1057659134,2022-08-08,195,OK_ORIGINAL,MATCH,HIGH,China launches long-range airstrike drills around Taiwan on fourth day of military exercises,기사 본문에서 'long-range airstrike drills' 및 'long-range air strike capabilities'와 같은 표현을 통해 중국군이 대만 주변 공중에서 장거리 공습 훈련을 실시했음을 명확히 언급하고 있어 CAMEO 코드 195(공중무기 사용)와 일치합니다.,https://www.9news.com.au/world/china-launches-longrange-airstrike-drills-around-taiwan-on-fourth-day-of-military-exercises/8a24ac9b-d50a-4abd-bd10-58157a1c7502,https://www.9news.com.au/world/china-launches-longrange-airstrike-drills-around-taiwan-on-fourth-day-of-military-exercises/8a24ac9b-d50a-4abd-bd10-58157a1c7502
1057682777,2022-08-08,150,OK_ORIGINAL,MATCH,HIGH,Taiwan to hold anti-invasion drills after China exercises,"기사는 대만과 중국 간의 군사 훈련 및 침공 시뮬레이션에 대해 다루고 있으며, 이는 '군사 태세'에 해당하는 양안 군사 사건으로 분류될 수 있습니다.",https://newsinfo.inquirer.net/1642801/taiwan-to-hold-anti-invasion-drills-after-china-exercises,https://newsinfo.inquirer.net/1642801/taiwan-to-hold-anti-invasion-drills-after-china-exercises
1057736897,2022-08-08,190,OK_ORIGINAL,AMBIGUOUS,MEDIUM,Beijing could launch a ‘lightening fast 48 hour offensive’ against Taiwan quicker than the West can respond 'dragging the US into war' - London Business News | Londonlovesbusiness.com,"기사는 중국의 대만 침공 가능성을 다루지만, 실제 '재래식 무력 사용'이라는 구체적인 사건이 발생했음을 명시하지 않고 잠재적 위협에 대해 논하고 있습니다.",https://londonlovesbusiness.com/beijing-could-launch-a-lightening-fast-48-hour-offensive-against-taiwan-quicker-than-the-west-can-respond-dragging-the-us-into-war/,https://londonlovesbusiness.com/beijing-could-launch-a-lightening-fast-48-hour-offensive-against-taiwan-quicker-than-the-west-can-respond-dragging-the-us-into-war/
1057636783,2022-08-08,194,NOTFOUND,-,UNVERIFIED,,본문 확보 실패,,https://www.theepochtimes.com/china-carries-out-4th-day-of-military-drills-near-taiwan_4648488.html
1057682778,2022-08-08,190,OK_ORIGINAL,AMBIGUOUS,MEDIUM,Taiwan to hold anti-invasion drills after China exercises,"기사는 중국의 군사 훈련과 대만의 반격 훈련을 다루고 있으며, 이는 양안 군사 사건에 해당하지만 '재래식 무력 사용'이라는 분류 유형은 실제 무력 충돌이 아닌 훈련에 초점을 맞추고 있어 명확하게 일치한다고 보기 어렵습니다.",https://newsinfo.inquirer.net/1642801/taiwan-to-hold-anti-invasion-drills-after-china-exercises,https://newsinfo.inquirer.net/1642801/taiwan-to-hold-anti-invasion-drills-after-china-exercises
1057714637,2022-08-08,152,OK_ORIGINAL,MATCH,HIGH,China goes ballistic over Taiwan,"기사는 중국이 대만을 향해 탄도 미사일을 발사하고 군사 자산을 동원한 사건을 다루며, 이는 '군사력 증강'으로 분류된 CAMEO 코드 152와 일치합니다.",https://www.bignewsnetwork.com/news/272647007/china-goes-ballistic-over-taiwan,https://www.bignewsnetwork.com/news/272647007/china-goes-ballistic-over-taiwan
1057700064,2022-08-08,150,OK_ORIGINAL,MATCH,HIGH,China to ramp up military drills around Taiwan after island hosts foreign head-of-state,"기사는 중국이 대만 주변에서 군사 훈련을 강화하겠다는 내용을 담고 있으며, 이는 CAMEO 코드 150인 '군사 태세'에 해당합니다.",https://www.foxnews.com/world/china-ramp-military-drills-taiwan-island-hosts-foreign-head-state,https://www.foxnews.com/world/china-ramp-military-drills-taiwan-island-hosts-foreign-head-state
1057700067,2022-08-08,191,OK_ORIGINAL,AMBIGUOUS,MEDIUM,China to ramp up military drills around Taiwan after island hosts foreign head-of-state,"기사는 중국이 대만 주변에서 군사 훈련을 확대하고 있다는 내용을 다루고 있으나, 이는 직접적인 봉쇄나 이동 제한보다는 군사적 압박의 일환으로 해석될 수 있습니다.",https://www.foxnews.com/world/china-ramp-military-drills-taiwan-island-hosts-foreign-head-state,https://www.foxnews.com/world/china-ramp-military-drills-taiwan-island-hosts-foreign-head-state
1057632781,2022-08-08,194,OK_ORIGINAL,AMBIGUOUS,MEDIUM,Largest-ever Taiwan drills end,"기사는 중국과 대만 간의 군사 훈련 종료를 다루지만, '중화기 무력충돌(armed clash, heavy weapons)'이라는 구체적인 사건 유형과 일치한다고 볼 만한 직접적인 언급은 없습니다.",https://www.thestar.com.my/aseanplus/aseanplus-news/2022/08/08/largest-ever-taiwan-drills-end,https://www.thestar.com.my/aseanplus/aseanplus-news/2022/08/08/largest-ever-taiwan-drills-end
1057638626,2022-08-08,190,OK_ORIGINAL,MATCH,HIGH,Chinese military performs island attack on last day of 4-day drills near Taiwan to protest Pelosi’s visit,"기사는 중국 군대의 대만 인근 실전 모의 훈련을 상세히 설명하며, 이는 재래식 무력 사용(use conventional force)으로 분류된 CAMEO 코드 190에 해당합니다.",https://www.indiatoday.in/world/story/chinese-military-performs-island-attack-drills-near-taiwan-to-protest-pelosi-visit-1985016-2022-08-08,https://www.indiatoday.in/world/story/chinese-military-performs-island-attack-drills-near-taiwan-to-protest-pelosi-visit-1985016-2022-08-08
1057666032,2022-08-08,150,OK_ORIGINAL,MATCH,HIGH,China says military drills around Taiwan will continue,"기사는 대만 주변의 중국 군사 훈련에 대한 내용으로, 이는 군사력을 과시하고 잠재적 공격을 준비하는 '군사 태세'에 해당합니다.",https://www.dw.com/en/china-says-military-drills-around-taiwan-will-continue/a-62737693,https://www.dw.com/en/china-says-military-drills-around-taiwan-will-continue/a-62737693
1057631842,2022-08-08,150,OK_ORIGINAL,MATCH,HIGH,Wong slammed for 'finger-pointing' in China's response to Pelosi trip,"기사는 펠로시 미국 하원의장 대만 방문에 대한 중국의 군사 훈련 및 미사일 발사 대응에 대해 논하며, 이는 양안 군사 사건이며 GDELT의 '군사 태세' 분류와 일치합니다.",https://www.skynews.com.au/australia-news/chinese-embassy-singles-out-penny-wong-after-she-released-joint-statement-with-japan-and-us-to-condemn-china/news-story/a49c484c2e0db3941fd803b340eecc6b,https://www.skynews.com.au/australia-news/chinese-embassy-singles-out-penny-wong-after-she-released-joint-statement-with-japan-and-us-to-condemn-china/news-story/a49c484c2e0db3941fd803b340eecc6b
1057639588,2022-08-08,190,NOTFOUND,-,UNVERIFIED,,본문 확보 실패,,https://www.tribdem.com/news/china-keeps-up-pressure-on-taiwan-with-4th-day-of-drills/article_d60b2c81-2e73-5494-9cf1-30f745fa43a6.html
1057648271,2022-08-08,191,OK_ORIGINAL,AMBIGUOUS,MEDIUM,Taiwan’s Tsai ‘deeply touched’ by St Vincent PM’s visit amid China tension,"기사는 중국의 대만 주변 군사 훈련을 언급하지만, 분류된 사건 유형인 '봉쇄·이동제한'과는 직접적으로 일치하지 않습니다.",https://wtbx.com/2022/08/07/taiwans-tsai-deeply-touched-by-st-vincent-pms-visit-amid-china-tension/,https://wtbx.com/2022/08/07/taiwans-tsai-deeply-touched-by-st-vincent-pms-visit-amid-china-tension/
1057664559,2022-08-08,191,OK_ORIGINAL,MISMATCH,LOW,"nancy pelosi visits taiwan: Latest News & Videos, Photos about nancy pelosi visits taiwan  | The Economic Times - Page 1","기사는 낸시 펠로시의 대만 방문과 관련된 정치적 긴장, AI 칩 판매 규제, 그리고 별개의 실종 사건에 대한 내용을 다루고 있어, GDELT의 '봉쇄·이동제한' 분류와 직접적인 관련이 없습니다.",https://economictimes.indiatimes.com/topic/nancy-pelosi-visits-taiwan,https://economictimes.indiatimes.com/topic/nancy-pelosi-visits-taiwan
1057677760,2022-08-08,150,OK_ORIGINAL,MATCH,HIGH,Air traffic around Taiwan returning to normal despite new Chinese drills,"기사는 대만 주변 중국의 군사 훈련과 관련된 사건을 다루고 있으며, 이는 군사 태세를 나타내는 CAMEO 코드 150에 해당합니다.",https://interaksyon.philstar.com/politics-issues/2022/08/08/224488/air-traffic-around-taiwan-returning-to-normal-despite-new-chinese-drills/,https://interaksyon.philstar.com/politics-issues/2022/08/08/224488/air-traffic-around-taiwan-returning-to-normal-despite-new-chinese-drills/
1057692470,2022-08-08,151,NOTFOUND,-,UNVERIFIED,,본문 확보 실패,,https://www.telegraph.co.uk/world-news/2022/08/08/china-taiwan-history-military-invade-independence-beijing/
1057646282,2022-08-08,190,OK_ORIGINAL,AMBIGUOUS,MEDIUM,Taiwan vows not to bow to pressure; China conducts more drills,"기사 제목은 중국과 대만의 군사 훈련을 암시하지만, 제공된 본문은 '재래식 무력 사용'과 직접적으로 연결되지 않는 지역 사회 봉사 활동에 대한 내용을 포함하고 있어 GDELT 분류 유형과의 일치 여부를 명확히 판단하기 어렵습니다.",https://www.theday.com/world/20220807/taiwan-vows-not-to-bow-to-pressure-china-conducts-more-drills/,https://www.theday.com/world/20220807/taiwan-vows-not-to-bow-to-pressure-china-conducts-more-drills/
1057669272,2022-08-08,150,NOTFOUND,-,UNVERIFIED,,본문 확보 실패,,https://isp.netscape.com/news/world/story/0001/20220808/8fa31bee2bc1dc9979ecd21f7185f7ec
1057634115,2022-08-08,150,NOTFOUND,-,UNVERIFIED,,본문 확보 실패,,https://mb.com.ph/2022/08/08/chinas-largest-ever-taiwan-military-drills-draw-to-a-close/
1057711889,2022-08-08,150,NOTFOUND,-,UNVERIFIED,,본문 확보 실패,,https://www.myjournalcourier.com/news/article/China-extends-threatening-military-exercises-17358267.php
1057711888,2022-08-08,150,NOTFOUND,-,UNVERIFIED,,본문 확보 실패,,https://www.myjournalcourier.com/news/article/China-extends-threatening-military-exercises-17358267.php
1044681818,2022-05-17,193,NOTFOUND,-,UNVERIFIED,,본문 확보 실패,,https://www.wphm.net/2022/05/16/one-killed-five-wounded-in-shooting-at-california-church-authorities/
1044742675,2022-05-17,190,EMPTY,-,UNVERIFIED,,본문 확보 실패,,https://www.msn.com/en-in/news/other/us-chinese-immigrant-attacked-church-over-hatred-for-taiwan-says-police/ar-AAXmMnJ
1040426318,2022-04-21,190,OK_ORIGINAL,AMBIGUOUS,MEDIUM,"US, China defense officials speak for first time under Biden","기사는 미국과 중국 국방부 장관 간의 통화 내용을 다루고 있으며 양안 문제를 언급하지만, 직접적인 재래식 무력 사용에 대한 내용은 포함하고 있지 않아 분류 유형과 명확히 일치하지 않습니다.",https://www.tbsnews.net/world/us-china-defense-officials-speak-first-time-under-biden-406958,https://www.tbsnews.net/world/us-china-defense-officials-speak-first-time-under-biden-406958
1040425830,2022-04-21,190,OK_ORIGINAL,AMBIGUOUS,MEDIUM,"US, China defense officials speak for first time under Biden","기사는 미-중 국방 장관 간의 대화에 대한 것이며, 양안 군사 사건을 직접적으로 다루기보다는 양안 문제를 논의의 일부로 언급하고 있어 직접적인 재래식 무력 사용 사건으로 보기는 어렵습니다.",https://www.tbsnews.net/world/us-china-defense-officials-speak-first-time-under-biden-406958,https://www.tbsnews.net/world/us-china-defense-officials-speak-first-time-under-biden-406958
1040450429,2022-04-14,190,NOTFOUND,-,UNVERIFIED,,본문 확보 실패,,https://www.gwinnettdailypost.com/news/taiwan-investigates-local-tv-network-after-it-aired-false-reports-of-chinese-invasion/article_9a0760e3-ecae-532d-9bfa-0db5f90a1e9e.html
1267608538,2025-10-09,150,OK_ORIGINAL,MATCH,HIGH,Taiwan says anti-drone measures will be a top priority in defense against China,"기사는 중국의 드론 침입에 대한 대만의 방어 조치, 즉 드론 격추 훈련 및 무기 시스템 확보 계획을 다루고 있으며, 이는 군사적 대비 태세를 강화하는 행위로 GDELT의 '군사 태세' 분류와 일치합니다.",https://www.newsday.com/news/nation/taiwan-defense-report-drones-china-threat-x79633,https://www.newsday.com/news/nation/taiwan-defense-report-drones-china-threat-x79633
1267608542,2025-10-09,150,OK_ORIGINAL,MATCH,HIGH,Taiwan says anti-drone measures will be a top priority in defense against China,"기사는 대만 국방부가 중국의 드론 침입에 대응하기 위해 대드론 무기 시스템을 조달하고 군사 훈련을 강화하는 내용을 다루고 있으며, 이는 중국과 대만 간의 군사 태세에 해당합니다.",https://www.newsday.com/news/nation/taiwan-defense-report-drones-china-threat-x79633,https://www.newsday.com/news/nation/taiwan-defense-report-drones-china-threat-x79633
1046994260,2022-05-30,192,OK_ORIGINAL,MISMATCH,LOW,Taiwan claims 30 Chinese war planes entered its air defense zone,"기사는 중국 군용기의 대만 방공식별구역 진입 사건을 다루고 있으며, 이는 영토 점령(occupy territory)과는 직접적인 관련이 없습니다.",https://www.bignewsnetwork.com/news/272570271/taiwan-claims-30-chinese-war-planes-entered-its-air-defense-zone,https://www.bignewsnetwork.com/news/272570271/taiwan-claims-30-chinese-war-planes-entered-its-air-defense-zone
1114618978,2023-07-13,150,NOTFOUND,-,UNVERIFIED,,본문 확보 실패,,https://www.reuters.com/world/asia-pacific/us-navy-plans-flies-through-taiwan-strait-after-chinese-drills-2023-07-13/
1114617911,2023-07-13,195,NOTFOUND,-,UNVERIFIED,,본문 확보 실패,,https://www.reuters.com/world/asia-pacific/us-navy-plans-flies-through-taiwan-strait-after-chinese-drills-2023-07-13/
613126027,2016-12-31,150,NOTFOUND,-,UNVERIFIED,,본문 확보 실패,,http://presstv.com/Detail/2016/12/31/504191/China-Taiwan-US-Tsai-Ing-wen
1277903371,2025-12-06,154,OK_ORIGINAL,MATCH,HIGH,"Taiwan reports increase in Chinese military activity around its territory with 29 PLA aircraft sorties, 6 PLAN vessels","기사 내용은 중국 군용기 및 함정의 대만 주변 활동 증가를 보고하며, 이는 CAMEO 코드 154인 군사 동원·증강에 해당합니다.",https://news.webindia123.com/news/Articles/World/20251206/4391436.html,https://news.webindia123.com/news/Articles/World/20251206/4391436.html
1277903373,2025-12-06,154,OK_ORIGINAL,MATCH,HIGH,"Taiwan reports increase in Chinese military activity around its territory with 29 PLA aircraft sorties, 6 PLAN vessels","기사는 대만과 중국 간의 군사 활동 증가를 보고하며, 이는 CAMEO 코드 154 '군사 동원·증강'에 부합하는 양안 군사 사건입니다.",https://news.webindia123.com/news/Articles/World/20251206/4391436.html,https://news.webindia123.com/news/Articles/World/20251206/4391436.html
1277903374,2025-12-06,154,OK_ORIGINAL,MATCH,HIGH,"Taiwan reports increase in Chinese military activity around its territory with 29 PLA aircraft sorties, 6 PLAN vessels","기사는 중국 인민해방군(PLA) 항공기와 인민해방군 해군(PLAN) 함정의 대만 영토 주변 활동 증가를 보고하고 있으며, 이는 GDELT 분류 유형인 '군사 동원·증강'과 일치합니다.",https://news.webindia123.com/news/Articles/World/20251206/4391436.html,https://news.webindia123.com/news/Articles/World/20251206/4391436.html
1277903372,2025-12-06,154,OK_ORIGINAL,MATCH,HIGH,"Taiwan reports increase in Chinese military activity around its territory with 29 PLA aircraft sorties, 6 PLAN vessels","기사는 대만 방공식별구역에 진입하는 중국 군용기 및 해군 함정의 활동 증가를 보고하며, 이는 군사 동원 및 증강 활동으로 분류된 CAMEO 코드 154와 일치합니다.",https://news.webindia123.com/news/Articles/World/20251206/4391436.html,https://news.webindia123.com/news/Articles/World/20251206/4391436.html
1157327566,2024-02-12,190,NOTFOUND,-,UNVERIFIED,,본문 확보 실패,,https://www.marketscreener.com/news/latest/Battle-scarred-Taiwanese-islands-star-in-Oscar-nominated-film-45934292/
1180355725,2024-06-07,190,OK_ORIGINAL,MISMATCH,LOW,What to Make of Biden’s Latest Promise to Defend Taiwan,"기사는 대만 방어에 대한 미국의 의지를 언급하지만, 실제 재래식 무력 사용은 발생하지 않았습니다.",https://thediplomat.com/2024/06/what-to-make-of-bidens-latest-promise-to-defend-taiwan/,https://thediplomat.com/2024/06/what-to-make-of-bidens-latest-promise-to-defend-taiwan/
1203914123,2024-10-14,150,NOTFOUND,-,UNVERIFIED,,본문 확보 실패,,https://www.2news.com/news/world/china-holds-large-naval-and-air-force-exercises-surrounding-taiwan-and-its-outlying-islands/article_028bde32-89cd-11ef-a013-f7f4bd678794.html
1203914124,2024-10-14,150,NOTFOUND,-,UNVERIFIED,,본문 확보 실패,,https://torontosun.com/news/world/china-holds-large-military-exercises-surrounding-taiwan-outlying-islands
1203944977,2024-10-14,190,OK_ORIGINAL,MATCH,HIGH,China's shows of force against Taiwan,"기사는 중국의 대만에 대한 군사적 위협과 일련의 군사 훈련 및 항공기/선박 배치와 같은 재래식 무력 사용 사례를 구체적으로 설명하며, 이는 CAMEO 코드 190: 재래식 무력 사용과 일치합니다.",https://www.spacewar.com/afp/241014061600.hdc4p0yo.html,https://www.spacewar.com/afp/241014061600.hdc4p0yo.html
1203952813,2024-10-14,154,NOTFOUND,-,UNVERIFIED,,본문 확보 실패,,https://d1softballnews.com/the-chinese-navy-surprises-taiwan-and-this-is-the-islands-military-response/
1203928772,2024-10-14,150,OK_ORIGINAL,MATCH,HIGH,China launches fresh round of war games near Taiwan,"기사는 중국과 대만 사이의 군사 훈련을 다루고 있으며, 이는 GDELT의 '군사 태세' 분류와 직접적으로 일치합니다.",https://www.afr.com/world/asia/china-launches-fresh-round-of-war-games-near-taiwan-20241014-p5ki6r,https://www.afr.com/world/asia/china-launches-fresh-round-of-war-games-near-taiwan-20241014-p5ki6r
1203941813,2024-10-14,150,OK_ORIGINAL,MISMATCH,LOW,Home,"기사 내용은 캐나다 테니스 선수, 축구 감독, 아이스하키 팀, K-pop 그룹, 그리고 일반적인 뉴스 보도에 관한 것으로, 양안 군사 사건과는 전혀 관련이 없습니다.",https://www.southerngazette.ca/taiwan-condemns-chinese-military-exercises-around-the-island-as-unreasonable-provocation/,https://www.southerngazette.ca/taiwan-condemns-chinese-military-exercises-around-the-island-as-unreasonable-provocation/
1203934332,2024-10-14,150,NOTFOUND,-,UNVERIFIED,,본문 확보 실패,,https://www.jowhar.com/world-news/china-conducts-new-military-exercises-near-taiwan.html
1203935840,2024-10-14,150,OK_ORIGINAL,MATCH,HIGH,China launches military exercise around Taiwan,"기사는 중국이 대만 주변에서 군사 훈련을 시작했다고 명확히 보도하며, 이는 CAMEO 코드 150 ""군사 태세"" 분류와 직접적으로 일치합니다.",https://www.yahoo.com/news/china-launches-military-exercise-around-061920303.html,https://www.yahoo.com/news/china-launches-military-exercise-around-061920303.html
1203935842,2024-10-14,150,OK_ORIGINAL,MATCH,HIGH,Chinese drills near Taiwan involve blockade of key ports — statement,"기사 내용은 중국이 대만 주변에서 항구 봉쇄 등을 포함한 군사 훈련을 실시한다는 내용으로, 이는 CAMEO 코드 150 '군사 태세'의 정의와 일치합니다.",https://tass.com/defense/1855685,https://tass.com/defense/1855685
1203960731,2024-10-14,150,NOTFOUND,-,UNVERIFIED,,본문 확보 실패,,https://www.marketscreener.com/news/latest/Czech-president-greets-former-Taiwan-president-Tsai-in-Prague-48067350/
1204053237,2024-10-13,150,OK_ORIGINAL,AMBIGUOUS,MEDIUM,Taiwan on front line of defending democracy: Tsai - Taipei Times,"기사는 대만의 민주주의 수호와 중국의 군사적 위협을 다루지만, '군사 태세(military posturing)'라는 특정 CAMEO 코드 150 유형에 직접적으로 부합하는 구체적인 군사 행동보다는 전반적인 정치적, 외교적 상황에 더 초점을 맞추고 있습니다.",https://www.taipeitimes.com/News/taiwan/archives/2024/10/15/2003825322,https://www.taipeitimes.com/News/taiwan/archives/2024/10/15/2003825322
1204043411,2024-10-14,150,OK_ORIGINAL,MATCH,HIGH,China wraps up drills near Taiwan,"기사에서 중국이 대만 주변에서 대규모 군사 훈련을 완료했다고 보도하며, 이는 GDELT의 '군사 태세(military posturing)' 분류에 부합하는 군사적 움직임을 명확히 설명하고 있습니다.",https://www.shanghaisun.com/news/274707329/china-wraps-up-drills-near-taiwan,https://www.shanghaisun.com/news/274707329/china-wraps-up-drills-near-taiwan
1203916363,2024-10-14,150,NOTFOUND,-,UNVERIFIED,,본문 확보 실패,,"https://www.swissinfo.ch/eng/china-launches-war-games-around-taiwan,-drawing-ire-from-taipei,-washington/87725744"
1203916364,2024-10-14,150,NOTFOUND,-,UNVERIFIED,,본문 확보 실패,,"https://www.swissinfo.ch/eng/china-launches-war-games-around-taiwan,-drawing-ire-from-taipei,-washington/87725744"
1203934340,2024-10-14,150,NOTFOUND,-,UNVERIFIED,,본문 확보 실패,,https://www.jowhar.com/world-news/china-conducts-new-military-exercises-near-taiwan.html
1059216657,2022-08-18,150,OK_ORIGINAL,MATCH,HIGH,China escalating military tension with Taiwan as ‘exercises’ amount to de facto blockade of island nation   â NaturalNews.com,"기사는 중국의 대만 주변 군사 훈련, 위협적인 발언, 영토 침범 가능성 등 군사적 긴장을 고조시키는 활동을 상세히 묘사하고 있어 '군사 태세'라는 GDELT 분류와 일치합니다.",https://www.naturalnews.com/2022-08-18-china-escalating-military-tension-taiwan-de-facto-blockade.html,https://www.naturalnews.com/2022-08-18-china-escalating-military-tension-taiwan-de-facto-blockade.html
1059104408,2022-08-18,191,OK_ORIGINAL,AMBIGUOUS,MEDIUM,"China, Japan officials meet amid Taiwan tensions","기사는 중국과 일본의 고위급 회담과 대만 관련 긴장을 다루고 있으나, GDELT 분류 유형인 '봉쇄·이동제한'과는 직접적인 관련성이 부족합니다.",https://apnews.com/article/russia-ukraine-taiwan-china-japan-beijing-581a05d15757869944644468802ea5d7,https://apnews.com/article/russia-ukraine-taiwan-china-japan-beijing-581a05d15757869944644468802ea5d7
1059127955,2022-08-18,194,OK_ORIGINAL,MISMATCH,LOW,US to hold trade talks with Taiwan in new show of support,"기사는 양안 간의 긴장을 다루고 있지만, 중화기 무력충돌에 대한 내용은 없으며 주로 무역 협상에 관한 내용입니다.",https://kvia.com/news/business-technology/ap-national-business/2022/08/17/us-to-hold-trade-talks-with-taiwan-in-new-show-of-support/,https://kvia.com/news/business-technology/ap-national-business/2022/08/17/us-to-hold-trade-talks-with-taiwan-in-new-show-of-support/
1059076128,2022-08-18,150,OK_ORIGINAL,MISMATCH,LOW,Heathrow Airport to extend limit on passengers till October,"해당 기사는 런던 히드로 공항의 항공편 출발 제한 연장에 관한 내용으로, 양안 군사 사건과는 전혀 관련이 없습니다.",https://www.irishsun.com/news/272657152/heathrow-airport-to-extend-limit-on-passengers-till-october,https://www.irishsun.com/news/272657152/heathrow-airport-to-extend-limit-on-passengers-till-october
1059093184,2022-08-18,150,OK_ORIGINAL,MISMATCH,LOW,US and Taiwan announce formal bilateral trade talks,"기사는 미국과 대만 간의 무역 협상에 관한 내용으로, 군사적 행동이나 군사 태세와는 직접적인 관련이 없습니다.",https://www.bbc.co.uk/news/business-62585899,https://www.bbc.co.uk/news/business-62585899
1059093185,2022-08-18,150,OK_ORIGINAL,MISMATCH,LOW,US and Taiwan announce formal bilateral trade talks,"기사는 미국과 대만의 무역 협상에 관한 내용으로, 직접적인 군사 사건이 아니며 GDELT의 '군사 태세' 분류와 일치하지 않습니다.",https://www.bbc.co.uk/news/business-62585899,https://www.bbc.co.uk/news/business-62585899
1059221075,2022-08-18,194,NOTFOUND,-,UNVERIFIED,,본문 확보 실패,,https://www.newdelhitimes.com/us-to-hold-trade-talks-with-taiwan-island-drills-military/
1059064701,2022-08-18,150,OK_ORIGINAL,MISMATCH,LOW,China 'highly appreciates' Putin's Pelosi remarks,"이 기사는 중국과 러시아 간의 외교적 발언에 초점을 맞추고 있으며, 대만과 직접적인 군사적 행동이나 태세를 묘사하지 않으므로 CAMEO 코드 150(군사 태세)과 일치하지 않습니다.",https://www.chinanationalnews.com/news/272657218/china-highly-appreciates-putin-pelosi-remarks,https://www.chinanationalnews.com/news/272657218/china-highly-appreciates-putin-pelosi-remarks
1059076146,2022-08-18,150,OK_ORIGINAL,MATCH,HIGH,Taiwan tensions force multinationals to rethink China risk,"기사는 중국의 대만 주변 군사 훈련으로 인해 다국적 기업들이 중국 위험을 재평가하고 있다는 내용을 다루며, 이는 GDELT 분류 유형인 군사 태세와 일치합니다.",https://www.afr.com/policy/foreign-affairs/taiwan-tensions-force-multinationals-to-rethink-china-risk-20220818-p5baud,https://www.afr.com/policy/foreign-affairs/taiwan-tensions-force-multinationals-to-rethink-china-risk-20220818-p5baud
1059096653,2022-08-18,154,OK_ORIGINAL,AMBIGUOUS,MEDIUM,Clock ticks for Taiwan to reform military: U.S. expert,"기사는 대만의 군사 개혁 필요성을 강조하지만, GDELT의 '군사 동원/증강' 분류와 직접적으로 부합하는 구체적인 군사 활동이나 증강 움직임을 묘사하고 있지는 않습니다.",https://asia.nikkei.com/Politics/International-relations/Taiwan-tensions/Clock-ticks-for-Taiwan-to-reform-military-U.S.-expert,https://asia.nikkei.com/Politics/International-relations/Taiwan-tensions/Clock-ticks-for-Taiwan-to-reform-military-U.S.-expert
1059104410,2022-08-18,194,NOTFOUND,-,UNVERIFIED,,본문 확보 실패,,https://siouxcityjournal.com/news/national/ap-news-summary-at-2-06-a-m-edt/article_2726d5ac-66ab-5ef6-9b30-936595aecc99.html
1181032328,2024-06-11,152,OK_ORIGINAL,MATCH,HIGH,China Coast Guard rules the waves and waives the rules | International,"기사는 중국 해경의 대만 주변에서의 활동과 대만을 위협하는 대규모 합동 훈련을 언급하며, 이는 CAMEO 코드 152 '군사력 증강'과 직접적으로 일치합니다.",https://www.devdiscourse.com/article/international/2978287-china-coast-guard-rules-the-waves-and-waives-the-rules,https://www.devdiscourse.com/article/international/2978287-china-coast-guard-rules-the-waves-and-waives-the-rules
1165246229,2024-03-22,154,NOTFOUND,-,UNVERIFIED,,본문 확보 실패,,https://www.wcbm.com/news/indo-pacific-chief-warns-china-set-to-invade-taiwan-by-27/
1165246230,2024-03-22,154,NOTFOUND,-,UNVERIFIED,,본문 확보 실패,,https://www.newsmax.com/newsfront/admiral-john-aquilino-china-taiwan/2024/03/21/id/1158161/
638316516,2017-03-19,202,OK_ORIGINAL,AMBIGUOUS,MEDIUM,FICTION: Harsh realities,"기사 본문에 ""a government-supported massacre shakes Taipei after a widow cigarette vendor is shot dead by Chinese soldiers""라는 내용이 언급되어 대만에서 발생한 사건을 다루고 있지만, GDELT의 '대량 살상(mass killing)' 분류와 직접적으로 연결하기에는 사건의 규모나 성격이 불분명하며 주로 소설의 내용을 소개하는 데 초점을 맞추고 있습니다.",https://www.dawn.com/news/1320970/harsh-realities,https://www.dawn.com/news/1320970/harsh-realities
1150373126,2024-01-08,154,OK_ORIGINAL,AMBIGUOUS,MEDIUM,"Is China preparing for a war over Taiwan, or has the west got it wrong? Here are the indicators","기사는 대만의 선거 결과에 따른 중국의 군사적 대응 가능성을 언급하지만, 명시적인 군사 동원 또는 증강에 대한 구체적인 보도 없이 잠재적 갈등 상황에 대한 분석을 제공합니다.",https://theconversation.com/is-china-preparing-for-a-war-over-taiwan-or-has-the-west-got-it-wrong-here-are-the-indicators-220348,https://theconversation.com/is-china-preparing-for-a-war-over-taiwan-or-has-the-west-got-it-wrong-here-are-the-indicators-220348
1150256948,2024-01-08,192,OK_ORIGINAL,MISMATCH,LOW,Taiwan election: China sows doubt about US with disinformation,"이 기사는 중국의 대만 내 미국에 대한 불신 조장과 여론전에 관한 내용으로, 영토 점령이라는 GDELT 분류 사건 유형과 직접적으로 일치하지 않습니다.",https://www.bbc.co.uk/news/world-asia-67891869,https://www.bbc.co.uk/news/world-asia-67891869
1150269056,2024-01-08,150,OK_ORIGINAL,MATCH,HIGH,China's balloons inflate Taiwan poll fears - The Korea Times,"기사는 대만 주변에서 중국이 군사적인 압박을 가하고 있으며, 이는 '회색 지대' 전술로 묘사되어 GDELT의 '군사 태세' 분류와 일치합니다.",http://www.koreatimes.co.kr/www/world/2024/01/501_366490.html,http://www.koreatimes.co.kr/www/world/2024/01/501_366490.html
1107763732,2023-06-09,190,OK_WAYBACK,MISMATCH,LOW,Chinese naval ship heads for Philippines in 'friendly' tour,"이 기사는 중국 해군 훈련함의 필리핀 방문에 대한 내용으로, 양안 간의 군사 충돌이나 무력 사용과는 관련이 없습니다.",http://web.archive.org/web/20230609055335/https://www.msn.com/en-us/news/world/chinese-naval-ship-heads-for-philippines-in-friendly-tour/ar-AA1cjZiL,https://www.msn.com/en-us/news/world/chinese-naval-ship-heads-for-philippines-in-friendly-tour/ar-AA1cjZiL
1107813417,2023-06-09,192,OK_ORIGINAL,MISMATCH,LOW,37 Chinese warplanes cross into Taiwan's defence zone,"기사는 중국 군용기가 대만의 방공식별구역에 진입한 사건을 다루고 있으며, 이는 영토 점령과는 거리가 멀다.",https://www.mizzima.com/article/37-chinese-warplanes-cross-taiwans-defence-zone,https://www.mizzima.com/article/37-chinese-warplanes-cross-taiwans-defence-zone
1107776798,2023-06-09,190,OK_ORIGINAL,MISMATCH,LOW,Honduran president begins first visit to China since breaking off ties with Taiwan,"이 기사는 온두라스 대통령의 중국 방문과 그로 인한 대만과의 외교 관계 단절에 관한 내용으로, 양안 간의 재래식 무력 사용과는 직접적인 관련이 없습니다.",https://www.clickondetroit.com/news/world/2023/06/09/honduran-president-begins-first-visit-to-china-since-breaking-off-ties-with-taiwan/,https://www.clickondetroit.com/news/world/2023/06/09/honduran-president-begins-first-visit-to-china-since-breaking-off-ties-with-taiwan/
1107777583,2023-06-09,190,OK_WAYBACK,MISMATCH,LOW,Honduran president begins first visit to China since breaking off ties with Taiwan,"해당 기사는 온두라스와 중국 간의 외교 관계 변화에 대한 내용이며, 양안 간의 군사적 충돌이나 재래식 무력 사용을 다루고 있지 않습니다.",http://web.archive.org/web/20230609072003/https://www.theintelligencer.com/news/politics/article/honduran-president-begins-first-visit-to-china-18143620.php,https://www.theintelligencer.com/news/politics/article/honduran-president-begins-first-visit-to-china-18143620.php
1107777584,2023-06-09,190,OK_WAYBACK,MISMATCH,LOW,Honduran president begins first visit to China since breaking off ties with Taiwan,"이 기사는 온두라스 대통령의 중국 방문과 대만과의 외교 관계 변화에 대한 내용으로, 양안 간의 재래식 무력 사용 사건을 다루고 있지 않습니다.",http://web.archive.org/web/20230609072003/https://www.theintelligencer.com/news/politics/article/honduran-president-begins-first-visit-to-china-18143620.php,https://www.theintelligencer.com/news/politics/article/honduran-president-begins-first-visit-to-china-18143620.php
1107898132,2023-06-09,194,OK_ORIGINAL,MISMATCH,LOW,"The Effective, Long-Lasting MiG-21","이 기사는 냉전 시대의 전투기 MiG-21에 대한 시뮬레이션 비행 경험을 다루고 있으며, 양안 군사 사건과 관련이 없습니다.",https://www.flyingmag.com/the-effective-long-lasting-mig-21/,https://www.flyingmag.com/the-effective-long-lasting-mig-21/
1107776796,2023-06-09,190,OK_WAYBACK,MISMATCH,LOW,Honduran president begins first visit to China since breaking off ties with Taiwan,"기사는 온두라스와 중국 간의 외교 관계 변화에 관한 내용이며, 양안 간의 군사적 충돌이나 무력 사용과는 직접적인 관련이 없습니다.",http://web.archive.org/web/20230609072003/https://www.theintelligencer.com/news/politics/article/honduran-president-begins-first-visit-to-china-18143620.php,https://www.theintelligencer.com/news/politics/article/honduran-president-begins-first-visit-to-china-18143620.php
1107776797,2023-06-09,190,OK_WAYBACK,MISMATCH,LOW,Honduran president begins first visit to China since breaking off ties with Taiwan,"이 기사는 온두라스의 외교 관계 변화에 대한 내용으로, 양안 간의 군사적 충돌이나 무력 사용에 대한 내용은 포함하고 있지 않습니다.",http://web.archive.org/web/20230609072003/https://www.theintelligencer.com/news/politics/article/honduran-president-begins-first-visit-to-china-18143620.php,https://www.theintelligencer.com/news/politics/article/honduran-president-begins-first-visit-to-china-18143620.php
1107777582,2023-06-09,190,OK_ORIGINAL,MISMATCH,LOW,Honduran president begins first visit to China since breaking off ties with Taiwan,"해당 기사는 온두라스의 외교 관계 변화와 관련된 내용으로, 중국과 대만 간의 재래식 무력 사용을 포함하는 군사 사건에 해당하지 않습니다.",https://www.clickondetroit.com/news/world/2023/06/09/honduran-president-begins-first-visit-to-china-since-breaking-off-ties-with-taiwan/,https://www.clickondetroit.com/news/world/2023/06/09/honduran-president-begins-first-visit-to-china-since-breaking-off-ties-with-taiwan/
1107776799,2023-06-09,190,OK_WAYBACK,MISMATCH,LOW,Honduran president begins first visit to China since breaking off ties with Taiwan,"기사는 온두라스 대통령의 중국 방문 및 대만과의 외교 관계 단절에 대한 내용으로, 양안 간의 재래식 무력 사용 사건과는 관련이 없습니다.",http://web.archive.org/web/20230609072003/https://www.theintelligencer.com/news/politics/article/honduran-president-begins-first-visit-to-china-18143620.php,https://www.theintelligencer.com/news/politics/article/honduran-president-begins-first-visit-to-china-18143620.php
1107777585,2023-06-09,190,OK_WAYBACK,MISMATCH,LOW,Honduran president begins first visit to China since breaking off ties with Taiwan,"이 기사는 온두라스 대통령의 중국 방문에 관한 것으로, 양안 간의 재래식 무력 사용과는 관련이 없습니다.",http://web.archive.org/web/20230609072003/https://www.theintelligencer.com/news/politics/article/honduran-president-begins-first-visit-to-china-18143620.php,https://www.theintelligencer.com/news/politics/article/honduran-president-begins-first-visit-to-china-18143620.php
657508494,2017-05-20,150,OK_ORIGINAL,MATCH,HIGH,Ministry mulls purchase of additional 300 Stingers - Taipei Times,"기사는 중국의 위협 증가에 대응하여 대만 국방부가 미국의 스팅어 미사일 추가 구매를 검토하고 있다는 내용을 다루고 있으며, 이는 군사적 대비 태세를 강화하는 행위로 CAMEO 코드 150: 군사 태세와 일치합니다.",http://www.taipeitimes.com/News/taiwan/archives/2017/05/21/2003671008,http://www.taipeitimes.com/News/taiwan/archives/2017/05/21/2003671008
1157958674,2024-02-15,190,OK_WAYBACK,MISMATCH,LOW,China condemns Taiwan after two fishermen die in speedboat chase,"기사는 중국과 대만 간의 사건을 다루고 있지만, 재래식 무력 사용이 아닌 해안 경비대의 추격 중 발생한 어선 전복 사고로 인한 사망 사건이므로 CAMEO 코드 190과 일치하지 않습니다.",http://web.archive.org/web/20240215143729/https://www.thetimes.co.uk/article/china-condemns-taiwan-after-two-fishermen-die-in-speedboat-chase-7hr8xdlj6,https://www.thetimes.co.uk/article/china-condemns-taiwan-after-two-fishermen-die-in-speedboat-chase-7hr8xdlj6
1157957661,2024-02-15,190,OK_WAYBACK,MISMATCH,LOW,China condemns Taiwan after two fishermen die in speedboat chase,"기사는 대만 해안경비대의 추적 중 발생한 사건으로, 재래식 무력 사용(CAMEO 코드 190)으로 보기에는 명백한 무력 충돌보다는 해상에서의 단속 과정에서 발생한 사고에 가깝습니다.",http://web.archive.org/web/20240215143729/https://www.thetimes.co.uk/article/china-condemns-taiwan-after-two-fishermen-die-in-speedboat-chase-7hr8xdlj6,https://www.thetimes.co.uk/article/china-condemns-taiwan-after-two-fishermen-die-in-speedboat-chase-7hr8xdlj6
1079485826,2023-01-10,190,OK_ORIGINAL,MATCH,HIGH,Taiwan blasts China for second combat drills close to the island - EconoTimes,"기사는 대만이 중국의 군사 훈련에 대응하는 내용을 다루고 있으며, 이는 재래식 무력 사용(use conventional force)이라는 분류 유형에 부합합니다.",https://www.econotimes.com/Taiwan-blasts-China-for-second-combat-drills-close-to-the-island-1648542,https://www.econotimes.com/Taiwan-blasts-China-for-second-combat-drills-close-to-the-island-1648542
1079462551,2023-01-10,190,OK_ORIGINAL,MATCH,HIGH,"China conducts combat exercise near Taiwan, 57 planes detected","기사에서 중국이 대만 주변에서 '전투 훈련(combat exercises)'을 실시했다고 명시하고 있으며, 이는 재래식 무력 사용에 해당합니다.",https://english.kyodonews.net/news/2023/01/9d7e1bb04220-china-conducts-combat-exercise-near-taiwan-57-planes-detected.html,https://english.kyodonews.net/news/2023/01/9d7e1bb04220-china-conducts-combat-exercise-near-taiwan-57-planes-detected.html
1079440553,2023-01-10,190,OK_ORIGINAL,MATCH,HIGH,China Bolsters Military Drills Near Taiwan But Experts Say Beijing Attack on Taipei Will Fail,"기사는 중국 군대의 대만 주변 군사 훈련을 보도하며, 이는 재래식 무력 사용(use conventional force)이라는 CAMEO 코드 190 분류와 일치합니다.",http://www.hngn.com/articles/246202/20230109/china-bolsters-military-drills-near-taiwan-experts-beijing-attack-taipei.htm,http://www.hngn.com/articles/246202/20230109/china-bolsters-military-drills-near-taiwan-experts-beijing-attack-taipei.htm
1266148735,2025-10-01,190,OK_ORIGINAL,AMBIGUOUS,MEDIUM,Could China conduct a surprise invasion of Taiwan?,"기사는 중국의 대만 침공 가능성을 다루고 있지만, 실제 무력 사용이 아닌 잠재적 위협과 전략에 대한 논의에 초점을 맞추고 있어 CAMEO 코드 190(재래식 무력 사용)과 직접적으로 일치한다고 보기 어렵습니다.",http://www.cambodiantimes.com/news/278610855/could-china-conduct-a-surprise-invasion-of-taiwan,http://www.cambodiantimes.com/news/278610855/could-china-conduct-a-surprise-invasion-of-taiwan
1116944588,2023-07-25,150,OK_ORIGINAL,MISMATCH,LOW,Typhoon Doksuri: Taiwan cancels Han Kuang military drills,"기사는 태풍으로 인해 대만 군사 훈련이 취소된 것에 관한 내용으로, 양안 간 군사적 긴장을 나타내는 '군사 태세'와는 관련이 없습니다.",https://www.bbc.co.uk/news/world-asia-66286479,https://www.bbc.co.uk/news/world-asia-66286479
1117015220,2023-07-25,194,OK_ORIGINAL,MISMATCH,LOW,Taiwan air raid drills simulate response to China missile attacks,"기사는 중국의 미사일 공격에 대한 대만의 공습 훈련을 다루고 있으며, 중화기를 동원한 실제 무력 충돌이 아닌 시뮬레이션 훈련에 관한 내용이므로 CAMEO 코드 194와 일치하지 않습니다.",https://www.spacewar.com/reports/Taiwan_air_raid_drills_simulate_response_to_China_missile_attacks_999.html,https://www.spacewar.com/reports/Taiwan_air_raid_drills_simulate_response_to_China_missile_attacks_999.html
1116938637,2023-07-25,150,NOTFOUND,-,UNVERIFIED,,본문 확보 실패,,https://www.michigansthumb.com/news/world/article/strong-typhoon-blows-closer-to-northern-18258840.php
1281341087,2025-12-29,150,OK_ORIGINAL,MATCH,HIGH,China launches war games around Taiwan as island vows to defend democracy,"기사는 중국이 대만 주변에서 대규모 실사격 훈련을 실시하는 내용을 다루고 있으며, 이는 GDELT의 '군사 태세(military posturing)' 분류와 일치합니다.",https://www.channelnewsasia.com/east-asia/china-military-drills-taiwan-japan-5725831,https://www.channelnewsasia.com/east-asia/china-military-drills-taiwan-japan-5725831
1281334488,2025-12-29,150,OK_ORIGINAL,MATCH,HIGH,China’s military to conduct live fire exercises around Taiwan on Tuesday,"기사는 중국군이 대만 주변에서 실사격 훈련을 실시한다는 내용을 보도하고 있으며, 이는 GDELT의 '군사 태세(military posturing)' 분류와 일치합니다.",https://thefrontierpost.com/chinas-military-to-conduct-live-fire-exercises-around-taiwan-on-tuesday/,https://thefrontierpost.com/chinas-military-to-conduct-live-fire-exercises-around-taiwan-on-tuesday/
1281343055,2025-12-29,150,OK_ORIGINAL,MATCH,HIGH,China encircles Taiwan with live-fire drill as invasion panic grows,"기사는 중국이 대만을 포위하는 대규모 합동 군사 훈련을 실시하고 있다는 내용을 다루고 있으며, 이는 GDELT가 분류한 '군사 태세' 유형과 일치합니다.",https://www.express.co.uk/news/world/2151187/china-taiwan-war-live-fire-drills,https://www.express.co.uk/news/world/2151187/china-taiwan-war-live-fire-drills
1281324268,2025-12-29,150,NOTFOUND,-,UNVERIFIED,,본문 확보 실패,,https://www.lemonde.fr/en/international/article/2025/12/29/china-announces-major-military-exercises-around-taiwan_6748908_4.html
1281330778,2025-12-29,150,OK_ORIGINAL,MATCH,HIGH,China launches military exercise warning against Taiwan independence,"기사는 중국이 대만 독립에 대한 경고로 실시하는 대규모 군사 훈련을 상세히 설명하고 있으며, 이는 CAMEO 코드 150 '군사 태세'와 일치합니다.",https://www.abc.net.au/news/2025-12-29/china-taiwan-military-exercise-independence/106184600,https://www.abc.net.au/news/2025-12-29/china-taiwan-military-exercise-independence/106184600
1281327961,2025-12-29,150,OK_ORIGINAL,MATCH,HIGH,China stages record drills designed to encircle Taiwan,"기사는 중국이 대만을 포위하는 대규모 군사 훈련을 실시하고 있다는 내용을 다루고 있어, 이는 GDELT의 '군사 태세(military posturing)' 분류와 일치합니다.",https://www.cnbc.com/2025/12/29/china-launches-war-games-around-taiwan-as-island-vows-to-defend-democracy.html,https://www.cnbc.com/2025/12/29/china-launches-war-games-around-taiwan-as-island-vows-to-defend-democracy.html
1281343062,2025-12-29,150,OK_ORIGINAL,MATCH,HIGH,China encircles Taiwan with live-fire drill as invasion panic grows,"기사는 중국이 대만을 봉쇄하며 실탄 훈련을 실시하는 내용을 담고 있으며, 이는 GDELT 분류 유형인 '군사 태세(military posturing)'에 부합합니다.",https://www.express.co.uk/news/world/2151187/china-taiwan-war-live-fire-drills,https://www.express.co.uk/news/world/2151187/china-taiwan-war-live-fire-drills
1095429494,2023-04-06,150,OK_ORIGINAL,MISMATCH,LOW,Australia’s top diplomat in Japan seeks to allay gas concerns,"이 기사는 호주 외교관의 일본 방문에 관한 것으로, 양안 군사 사건과는 전혀 관련이 없습니다.",https://www.afr.com/world/asia/australia-s-top-diplomat-in-japan-seeks-to-allay-gas-concerns-20230413-p5d05k,https://www.afr.com/world/asia/australia-s-top-diplomat-in-japan-seeks-to-allay-gas-concerns-20230413-p5d05k
1095450575,2023-04-06,150,OK_ORIGINAL,MATCH,HIGH,China to ban vessels from area near Taiwan over rocket debris,"기사는 중국이 대만 인근 지역에서 로켓 잔해로 인해 선박 운항을 금지한다고 보도하고 있으며, 이는 양안 간의 군사적 긴장과 관련된 '군사 태세'에 해당합니다.",https://economictimes.indiatimes.com/news/international/world-news/china-to-ban-vessels-from-area-near-taiwan-over-rocket-debris/articleshow/99460237.cms,https://economictimes.indiatimes.com/news/international/world-news/china-to-ban-vessels-from-area-near-taiwan-over-rocket-debris/articleshow/99460237.cms
1095598493,2023-04-06,150,OK_ORIGINAL,MATCH,HIGH,China to BAN vessels near Taiwan over rocket debris,"기사는 중국이 대만 인근에 로켓 잔해 낙하 가능성을 이유로 선박 운항을 금지한다는 내용으로, 이는 양안 간의 군사적 긴장 상황을 보여주는 군사 태세에 해당합니다.",https://www.perthnow.com.au/politics/china-to-ban-vessels-near-taiwan-over-rocket-debris-c-10340481,https://www.perthnow.com.au/politics/china-to-ban-vessels-near-taiwan-over-rocket-debris-c-10340481
1095598491,2023-04-06,150,OK_ORIGINAL,MATCH,HIGH,China to BAN vessels near Taiwan over rocket debris,"기사는 중국이 대만 인근에서 로켓 잔해 낙하 가능성을 이유로 선박 통행을 금지한다고 보도하며, 이는 중국의 군사적 행동과 대만과의 긴장 상황을 나타내므로 '군사 태세' 분류와 일치합니다.",https://www.perthnow.com.au/politics/china-to-ban-vessels-near-taiwan-over-rocket-debris-c-10340481,https://www.perthnow.com.au/politics/china-to-ban-vessels-near-taiwan-over-rocket-debris-c-10340481
1058789384,2022-08-16,194,OK_ORIGINAL,AMBIGUOUS,MEDIUM,US Commander Says China Missile Fire Over Taiwan Must Be Contested,"기사는 중국이 대만 상공으로 미사일을 발사한 사건을 언급하며 군사적 긴장을 다루지만, '중화기 무력충돌(heavy weapons armed clash)'이라는 GDELT 분류와 직접적으로 일치하는 무력 충돌 발생 자체를 묘사하고 있지는 않습니다.",https://www.ibtimes.com/us-commander-says-china-missile-fire-over-taiwan-must-contested-3602282,https://www.ibtimes.com/us-commander-says-china-missile-fire-over-taiwan-must-contested-3602282
1058785765,2022-08-16,191,OK_ORIGINAL,AMBIGUOUS,MEDIUM,China sanctions 7 top Taiwanese officials after 2nd US Congressional delegation's visit to Taipei,"기사는 중국이 대만 관리들에게 부과한 제재에 대한 내용이며, 이는 외교적, 경제적 제재이지 직접적인 봉쇄나 이동 제한에 해당하는 군사적 사건으로 보기에는 애매합니다.",https://www.freepressjournal.in/world/china-sanctions-7-top-taiwanese-officials-after-2nd-us-congressional-delegations-visit-to-taipei,https://www.freepressjournal.in/world/china-sanctions-7-top-taiwanese-officials-after-2nd-us-congressional-delegations-visit-to-taipei
1058789381,2022-08-16,150,OK_ORIGINAL,MISMATCH,LOW,China sanctions Taiwanese officials for ‘supporting independence’,"본 기사는 중국이 대만 독립 지지 인사들에게 제재를 가하는 내용으로, 이는 외교적, 정치적 조치이지 군사적 태세(military posturing)를 직접적으로 묘사하는 내용은 아닙니다.",https://www.smh.com.au/world/asia/china-sanctions-taiwanese-officials-for-supporting-independence-20220816-p5baa8.html,https://www.smh.com.au/world/asia/china-sanctions-taiwanese-officials-for-supporting-independence-20220816-p5baa8.html
1058749178,2022-08-16,194,OK_WAYBACK,MISMATCH,LOW,"Singapore’s next premier Wong warns US, China may ‘sleepwalk into conflict’","본 기사는 대만 해협의 긴장 고조에 대한 경고와 잠재적 충돌에 대한 우려를 다루고 있지만, '중화기 무력충돌(armed clash, heavy weapons)'과 같은 구체적인 군사 사건이 발생했음을 보도하고 있지는 않습니다.",http://web.archive.org/web/20220816094002/https://www.theedgemarkets.com/article/singapores-next-premier-wong-warns-us-china-may-sleepwalk-conflict,https://www.theedgemarkets.com/article/singapores-next-premier-wong-warns-us-china-may-sleepwalk-conflict
1058786613,2022-08-16,150,OK_ORIGINAL,AMBIGUOUS,MEDIUM,Taiwan and the Virtues of Ambiguity,"기사는 양안 관계의 변화와 미국 고위 인사 방문을 언급하지만, 직접적인 군사 행동이나 군사 태세보다는 외교적, 정치적 맥락에 초점을 맞추고 있습니다.",https://www.counterpunch.org/2022/08/16/taiwan-and-the-virtues-of-ambiguity/,https://www.counterpunch.org/2022/08/16/taiwan-and-the-virtues-of-ambiguity/
1058794028,2022-08-16,194,OK_ORIGINAL,MATCH,HIGH,US commander says China missile fire over Taiwan must be contested,"기사는 중국이 대만 상공으로 탄도미사일을 발사한 군사적 행동을 설명하며, 이는 중화기를 동반한 무력충돌에 해당하므로 CAMEO 코드 194와 일치합니다.",https://www.digitaljournal.com/world/us-commander-says-china-missile-fire-over-taiwan-must-be-contested/article,https://www.digitaljournal.com/world/us-commander-says-china-missile-fire-over-taiwan-must-be-contested/article
1058749179,2022-08-16,194,OK_WAYBACK,MISMATCH,LOW,"Singapore’s next premier Wong warns US, China may ‘sleepwalk into conflict’","기사는 미국과 중국의 잠재적 충돌 가능성에 대한 경고를 담고 있지만, 실제로 중화기를 동원한 무력 충돌이 발생했음을 보도하는 내용은 아닙니다.",http://web.archive.org/web/20220816094002/https://www.theedgemarkets.com/article/singapores-next-premier-wong-warns-us-china-may-sleepwalk-conflict,https://www.theedgemarkets.com/article/singapores-next-premier-wong-warns-us-china-may-sleepwalk-conflict
1058848741,2022-08-16,194,OK_ORIGINAL,MATCH,HIGH,US commander says China's rocket fire over Taiwan must be challenged | Online Free Press release news distribution - TopWireNews.com,"기사는 중국의 대만 상공 미사일 발사를 '로켓 발사'로 묘사하며, 이는 중화기를 사용한 무력 충돌에 해당하여 CAMEO 코드 194와 일치합니다.",https://news.topwirenews.com/2022/08/16/us-commander-says-chinas-rocket-fire-over-taiwan-must-be-challenged/,https://news.topwirenews.com/2022/08/16/us-commander-says-chinas-rocket-fire-over-taiwan-must-be-challenged/
1058825404,2022-08-16,151,OK_ORIGINAL,AMBIGUOUS,MEDIUM,U.S. carries out ICBM test delayed during Chinese show-of-force over Taiwan,"기사는 중국의 대만 무력 시위 중에 연기되었던 미국 ICBM 시험 발사에 대해 보도하고 있으며, 이는 양안 관련 사건이지만 GDELT 분류 유형인 '경계 수준 강화'와는 직접적인 연관성이 명확하지 않습니다.",https://wtvbam.com/2022/08/16/u-s-carries-out-icbm-test-delayed-during-chinese-show-of-force-over-taiwan/,https://wtvbam.com/2022/08/16/u-s-carries-out-icbm-test-delayed-during-chinese-show-of-force-over-taiwan/
1306836901,2026-06-01,150,OK_ORIGINAL,MATCH,HIGH,"China patrols waters east of Taiwan in response to Japan, Philippine maritime border talks","기사는 중국 해안경비대가 대만 동부 해역을 순찰한 사건을 보도하며, 이는 일본 및 필리핀과의 해양 경계 협상에 대한 대응으로, 양안 간의 군사적 긴장 상황을 보여주므로 '군사 태세'로 분류된 CAMEO 코드 150과 일치합니다.",https://economictimes.indiatimes.com/news/defence/china-patrols-waters-east-of-taiwan-in-response-to-japan-philippine-maritime-border-talks/articleshow/131434832.cms,https://economictimes.indiatimes.com/news/defence/china-patrols-waters-east-of-taiwan-in-response-to-japan-philippine-maritime-border-talks/articleshow/131434832.cms
1306834274,2026-06-01,150,OK_ORIGINAL,MATCH,HIGH,"China patrols waters east of Taiwan in response to Japan, Philippine border talks - Asia & Pacific - The Jakarta Post","기사는 일본과 필리핀의 해양 경계 획정 회담에 대응하여 중국이 대만 동쪽 해역에서 해안 경비대 순찰을 실시했다는 내용을 담고 있어, 이는 명백한 군사적 긴장 조성 행위로 CAMEO 코드 150 '군사 태세'에 부합합니다.",https://www.thejakartapost.com/world/2026/06/01/china-patrols-waters-east-of-taiwan-in-response-to-japan-philippine-border-talks.html,https://www.thejakartapost.com/world/2026/06/01/china-patrols-waters-east-of-taiwan-in-response-to-japan-philippine-border-talks.html
1306836900,2026-06-01,150,OK_ORIGINAL,MATCH,HIGH,"China patrols waters east of Taiwan in response to Japan, Philippine maritime border talks - Taipei Times","기사는 중국과 필리핀의 해상 경계 획정 논의에 대한 대응으로 중국이 대만 동쪽 해역에서 순찰을 실시했다는 내용을 다루고 있으며, 이는 군사적 영향력을 과시하는 군사 태세에 해당합니다.",https://www.taipeitimes.com/News/taiwan/archives/2026/06/01/2003858349,https://www.taipeitimes.com/News/taiwan/archives/2026/06/01/2003858349
1306836902,2026-06-01,150,OK_ORIGINAL,MATCH,HIGH,"China patrols waters east of Taiwan in response to Japan, Philippine maritime border talks - Taipei Times","기사는 중국이 일본 및 필리핀의 해상 국경 획정 협상에 대응하여 대만 동쪽 해역에서 순찰을 실시했다고 보도하며, 이는 군사적 위협이나 압박을 통해 자신의 입장을 관철하려는 '군사 태세'에 해당합니다.",https://www.taipeitimes.com/News/taiwan/archives/2026/06/01/2003858349,https://www.taipeitimes.com/News/taiwan/archives/2026/06/01/2003858349
1037610803,2022-04-04,154,OK_ORIGINAL,MATCH,HIGH,"Chinese military activity spurs Japan to move radar unit closer to Taiwan, Senkaku islands","일본이 중국의 군사 활동 증가에 대응하여 대만 근처에 레이더 부대를 재배치한 것은 군사 동원 및 증강으로 분류될 수 있으며, 이는 양안 군사 사건과 관련이 있습니다.",https://www.newsonjapan.com/html/newsdesk/article/133828.php,https://www.newsonjapan.com/html/newsdesk/article/133828.php
1063803808,2022-09-20,154,OK_ORIGINAL,MISMATCH,LOW,Biden Says US Forces Would Defend Taiwan if China Invaded,"기사는 미국 대통령의 발언에 대한 내용으로, 중국과 대만 간의 군사적 동원이나 증강에 대한 직접적인 사건을 다루고 있지 않습니다.",https://learningenglish.voanews.com/a/biden-says-us-forces-would-defend-taiwan-if-china-invaded/6753808.html,https://learningenglish.voanews.com/a/biden-says-us-forces-would-defend-taiwan-if-china-invaded/6753808.html
1063809401,2022-09-20,190,OK_ORIGINAL,AMBIGUOUS,MEDIUM,Biden Again Indicates That US Will Defend Taiwan 'Militarily' – Does This Constitute A Change In Policy?,"기사는 바이든 대통령의 대만 방어 의사에 대한 발언을 다루고 있으나, 실제 재래식 무력 사용 사건 자체를 보도하는 것이 아니라 잠재적인 군사 개입 가능성에 대한 정치적 발언에 관한 것이므로 '재래식 무력 사용'으로 직접 분류하기에는 애매합니다.",https://www.ibtimes.com/biden-again-indicates-that-us-will-defend-taiwan-militarily-does-this-constitute-change-3614563,https://www.ibtimes.com/biden-again-indicates-that-us-will-defend-taiwan-militarily-does-this-constitute-change-3614563
1274564648,2025-11-17,190,OK_WAYBACK,MISMATCH,LOW,Japan scrambles jets over suspected Chinese drone amid major diplomatic row after Takaichiâs remarks,"기사는 일본이 중국 드론에 대응하여 전투기를 출격시킨 사건을 다루고 있으며, 이는 양안 직접적인 군사 충돌이나 재래식 무력 사용으로 보기 어렵습니다.",http://web.archive.org/web/20251118112503/https://www.firstpost.com/world/japan-scrambles-jets-over-suspected-chinese-drone-amid-major-diplomatic-row-after-takaichis-taiwan-remarks-13951436.html,https://www.firstpost.com/world/japan-scrambles-jets-over-suspected-chinese-drone-amid-major-diplomatic-row-after-takaichis-taiwan-remarks-13951436.html
1050561359,2022-06-22,192,OK_ORIGINAL,MISMATCH,LOW,"China made third-largest air incursion this year, says Taiwan","기사는 중국의 대만 방공식별구역(ADIZ) 침범을 다루고 있으나, 이는 영토 점령(occupy territory)이 아닌 영공 침범에 해당하므로 분류 유형과 일치하지 않습니다.",https://www.mizzima.com/article/china-made-third-largest-air-incursion-year-says-taiwan,https://www.mizzima.com/article/china-made-third-largest-air-incursion-year-says-taiwan
1050587874,2022-06-22,192,OK_ORIGINAL,MISMATCH,LOW,South China Sea: Taiwan scrambles jets to warn off another Chinese airspace incursion - EconoTimes,"기사 제목은 대만 영공 침범에 대한 내용이나, 본문은 양안 군사 사건과 직접적인 관련이 없는 다양한 국제 뉴스를 포함하고 있어 '영토 점령'과는 거리가 멉니다.",https://www.econotimes.com/South-China-Sea-Taiwan-scrambles-jets-to-warn-off-another-Chinese-airspace-incursion-1635915,https://www.econotimes.com/South-China-Sea-Taiwan-scrambles-jets-to-warn-off-another-Chinese-airspace-incursion-1635915
1050587873,2022-06-22,192,OK_ORIGINAL,AMBIGUOUS,MEDIUM,South China Sea: Taiwan scrambles jets to warn off another Chinese airspace incursion - EconoTimes,"기사는 중국의 대만 영공 침입을 다루고 있으나, '영토 점령'보다는 '영공 침입'에 더 가깝고 GDELT 분류가 실제 내용과 정확히 일치하는지 불분명합니다.",https://www.econotimes.com/South-China-Sea-Taiwan-scrambles-jets-to-warn-off-another-Chinese-airspace-incursion-1635915,https://www.econotimes.com/South-China-Sea-Taiwan-scrambles-jets-to-warn-off-another-Chinese-airspace-incursion-1635915
1045809823,2022-05-23,190,OK_WAYBACK,AMBIGUOUS,MEDIUM,President Biden's Vow To Defend Taiwan Is Bold but Incredibly Risky,"기사는 중국의 대만 침공 시 미국의 군사적 개입 가능성에 대해 논하고 있으나, 실제 재래식 무력 사용 사건이 발생했음을 보도하는 것이 아니라 잠재적 군사적 대응에 대한 미국의 입장을 다루고 있어 CAMEO 코드 190과 직접적으로 부합한다고 보기 어렵습니다.",http://web.archive.org/web/20220523195140/https://www.msn.com/en-us/news/world/president-biden-s-vow-to-defend-taiwan-is-bold-but-incredibly-risky/ar-AAXCWQP,https://www.msn.com/en-us/news/world/president-biden-s-vow-to-defend-taiwan-is-bold-but-incredibly-risky/ar-AAXCWQP
1045770224,2022-05-23,190,OK_ORIGINAL,MISMATCH,LOW,Biden says US would intervene 'militarily' if China invaded Taiwan,"기사는 대만 침공 시 미국의 군사 개입 가능성에 대한 바이든 대통령의 발언을 다루고 있지만, 실제 군사적 충돌이나 사건 발생에 대한 내용은 포함하고 있지 않습니다.",https://www.irishtimes.com/news/biden-says-us-would-intervene-militarily-if-china-invaded-taiwan-1.4885879,https://www.irishtimes.com/news/biden-says-us-would-intervene-militarily-if-china-invaded-taiwan-1.4885879
1045750036,2022-05-23,190,OK_WAYBACK,AMBIGUOUS,MEDIUM,Biden says US will intervene militarily if China attacks Taiwan - La Prensa Latina Media,"기사는 미국의 대만 침공 시 군사 개입 가능성을 언급하며 '재래식 무력 사용'과 관련될 수 있지만, 실제 발생한 군사 사건이 아닌 잠재적 개입에 대한 발언을 다루고 있어 분류 유형과의 명확한 일치 여부가 모호합니다.",http://web.archive.org/web/20220523111116/https://www.laprensalatina.com/biden-says-us-will-intervene-militarily-if-china-attacks-taiwan/,https://www.laprensalatina.com/biden-says-us-will-intervene-militarily-if-china-attacks-taiwan/
1045733287,2022-05-23,190,OK_ORIGINAL,AMBIGUOUS,MEDIUM,Biden says US would intervene militarily if China invaded Taiwan,"기사는 미국 대통령의 발언을 다루고 있어 잠재적인 군사 개입에 대한 언급이 있지만, 실제로 군사적 행동이 발생했음을 보고하는 것이 아니라 미래의 잠재적인 사건에 대한 성명을 담고 있어 CAMEO 코드 190(재래식 무력 사용)과 직접적으로 일치한다고 보기 어렵습니다.",https://www.thejournal.ie/biden-us-intervene-militarily-if-china-invaded-taiwan-5771241-May2022/,https://www.thejournal.ie/biden-us-intervene-militarily-if-china-invaded-taiwan-5771241-May2022/
1045809824,2022-05-23,190,OK_WAYBACK,AMBIGUOUS,MEDIUM,President Biden's Vow To Defend Taiwan Is Bold but Incredibly Risky,"기사는 중국의 대만 침공 시 미국의 군사적 개입 가능성에 대한 바이든 대통령의 발언을 다루고 있어 양안 관련성이 있지만, 실제 무력 사용(use conventional force)이 발생했음을 명시적으로 보도하는 것이 아니라 미래의 가능성과 관련된 논의입니다.",http://web.archive.org/web/20220523195140/https://www.msn.com/en-us/news/world/president-biden-s-vow-to-defend-taiwan-is-bold-but-incredibly-risky/ar-AAXCWQP,https://www.msn.com/en-us/news/world/president-biden-s-vow-to-defend-taiwan-is-bold-but-incredibly-risky/ar-AAXCWQP
1045737308,2022-05-23,190,OK_ORIGINAL,AMBIGUOUS,MEDIUM,Biden: US will step in if China attacks Taiwan,"기사는 중국의 대만 공격 시 미국의 군사 개입 가능성을 언급하지만, 실제 재래식 무력 사용에 대한 구체적인 내용보다는 미국의 정책적 입장 표명에 더 초점을 맞추고 있습니다.",https://www.dw.com/en/biden-says-us-would-intervene-militarily-if-china-attacks-taiwan/a-61897724,https://www.dw.com/en/biden-says-us-would-intervene-militarily-if-china-attacks-taiwan/a-61897724
1045718774,2022-05-23,190,OK_WAYBACK,AMBIGUOUS,MEDIUM,AP News Summary at 2:43 a.m. EDT,"기사는 중국의 대만 침공 시 미국의 군사적 개입 가능성을 언급하지만, 실제 군사적 행동이 발생했음을 보도하는 것이 아니라 미국의 의사를 표명하는 내용입니다.",http://web.archive.org/web/20220523071051/https://siouxcityjournal.com/news/national/ap-news-summary-at-2-26-a-m-edt/article_82a390c3-7dcf-5da7-a40a-97d97bc01921.html,https://siouxcityjournal.com/news/national/ap-news-summary-at-2-26-a-m-edt/article_82a390c3-7dcf-5da7-a40a-97d97bc01921.html
1045717076,2022-05-23,190,OK_WAYBACK,MISMATCH,LOW,Biden says recession not inevitable as he readies trade pact,"이 기사는 미국 대통령의 일본 방문에 관한 내용이며, 양안 군사 사건이나 재래식 무력 사용에 대한 내용은 전혀 언급되지 않습니다.",http://web.archive.org/web/20220523065431/https://lancasteronline.com/news/politics/biden-us-would-intervene-militarily-if-china-invades-taiwan/article_0a605717-2272-58ef-940d-a01abd7e3ddf.html,https://lancasteronline.com/news/politics/biden-us-would-intervene-militarily-if-china-invades-taiwan/article_0a605717-2272-58ef-940d-a01abd7e3ddf.html
1057004004,2022-08-03,192,OK_WAYBACK,AMBIGUOUS,MEDIUM,Taiwan scrambles jets after China planes cross into air defence zone,"기사는 중국 군용기가 대만 방공식별구역(ADIZ)에 진입하고 중간선을 넘은 사건을 다루고 있지만, GDELT가 분류한 '영토 점령(occupy territory)' 유형과는 직접적으로 부합하지 않아 애매합니다.",http://web.archive.org/web/20220803194324/https://www.telegraphindia.com/world/27-china-jets-enter-taiwans-air-defence-zone-after-nancy-pelosis-visit/cid/1878057,https://www.telegraphindia.com/world/27-china-jets-enter-taiwans-air-defence-zone-after-nancy-pelosis-visit/cid/1878057
1056936942,2022-08-03,191,OK_ORIGINAL,AMBIGUOUS,MEDIUM,Risks mount from China drills near Taiwan during Pelosi visit,"기사는 중국의 대만 주변 군사 훈련에 대한 내용으로 양안 군사 사건에 해당하지만, '봉쇄·이동제한' 유형보다는 '군사 훈련' 또는 '무력 시위'에 더 가까운 것으로 보입니다.",https://bdnews24.com/world/0dac27banw,https://bdnews24.com/world/0dac27banw
1056892421,2022-08-03,150,NOTFOUND,-,UNVERIFIED,,본문 확보 실패,,https://www.wfdd.org/story/what-3-past-taiwan-strait-crises-can-teach-us-about-us-china-tensions-today
1056897734,2022-08-03,154,OK_ORIGINAL,MATCH,HIGH,Chinese holidaymakers stunned by convoy of armoured tanks near Taiwan,"기사는 중국이 대만과의 가장 가까운 지점인 핑탕 섬에 군용 차량(전차)을 배치한 사건을 보도하며, 이는 GDELT 분류 유형인 '군사 동원·증강'에 명확히 부합합니다.",https://www.skynews.com.au/world-news/chinese-holidaymakers-left-shocked-after-a-convoy-of-armed-forces-tanks-roll-past-a-fujian-province-beach-near-taiwan/news-story/4c1af28759a64c988168c9925a82a9f9,https://www.skynews.com.au/world-news/chinese-holidaymakers-left-shocked-after-a-convoy-of-armed-forces-tanks-roll-past-a-fujian-province-beach-near-taiwan/news-story/4c1af28759a64c988168c9925a82a9f9
1056930915,2022-08-03,194,OK_ORIGINAL,MISMATCH,LOW,"China summons US envoy, warns America shall 'pay price' as Pelosi visits Taiwan - Times of India","기사 제목은 펠로시 미 하원의장의 대만 방문에 대한 중국의 외교적 대응을 다루고 있으며, 중화기 무력충돌(CAMEO 코드 194)과는 관련이 없습니다.",https://timesofindia.indiatimes.com/world/us/china-summons-us-envoy-warns-america-shall-pay-price-as-pelosi-visits-taiwan/articleshow/93314686.cms,https://timesofindia.indiatimes.com/world/us/china-summons-us-envoy-warns-america-shall-pay-price-as-pelosi-visits-taiwan/articleshow/93314686.cms
1056957708,2022-08-03,150,OK_ORIGINAL,AMBIGUOUS,MEDIUM,Pelosi: US wants Taiwan to have freedom with security and won't back down,"기사는 펠로시 대만 방문에 대한 중국의 군사적 반응을 언급하지만, GDELT의 '군사 태세' 분류보다는 외교적 수사 및 정치적 입장 표명에 더 초점을 맞추고 있습니다.",https://www.thedailystar.net/news/world/news/pelosi-us-wants-taiwan-have-freedom-security-and-wont-back-down-3086731,https://www.thedailystar.net/news/world/news/pelosi-us-wants-taiwan-have-freedom-security-and-wont-back-down-3086731
1056959869,2022-08-03,192,OK_WAYBACK,AMBIGUOUS,MEDIUM,Pelosi says US will 'not abandon' Taiwan as China plans military drills,"기사는 중국의 군사 훈련 계획을 언급하지만, 실제 영토 점령 행위가 아닌 위협 및 대응에 초점을 맞추고 있어 CAMEO 코드 192와 직접적으로 일치하지 않습니다.",http://web.archive.org/web/20220803102449/https://www.wicz.com/story/47014584/pelosi-says-us-will-not-abandon-taiwan-as-china-plans-military-drills,https://www.wicz.com/story/47014584/pelosi-says-us-will-not-abandon-taiwan-as-china-plans-military-drills
1056962347,2022-08-03,193,OK_WAYBACK,MISMATCH,LOW,Eisenhower’s explosive Taiwan visit hints at what Pelosi’s could bring,"기사는 1960년 아이젠하워 대통령의 대만 방문 당시 중국 인민해방군이 금문도를 포격한 사건을 언급하지만, 이는 '소형 무기 충돌'이 아닌 포격 사건이며, 현재 시점의 사건 분류와 직접적으로 일치하지 않습니다.",http://web.archive.org/web/20221208174139/https://www.washingtonpost.com/history/2022/08/03/eisenhower-taiwan-visit-china-pelosi/,https://www.washingtonpost.com/history/2022/08/03/eisenhower-taiwan-visit-china-pelosi/
1056981526,2022-08-03,190,EMPTY,-,UNVERIFIED,,본문 확보 실패,,https://www.msn.com/en-us/news/world/pelosi-ends-taiwan-visit-as-furious-china-conducts-combat-exercises-nearby/ar-AA10fZOl
1057025627,2022-08-03,150,OK_WAYBACK,AMBIGUOUS,MEDIUM,Pelosi tells Taiwan US commitment to democracy is 'ironclad',"기사는 낸시 펠로시 의장의 대만 방문과 그에 대한 중국의 반응을 다루고 있으며, 이는 군사적 긴장을 유발할 수 있으나 직접적인 군사적 태세보다는 정치적 발언에 더 초점이 맞춰져 있어 CAMEO 코드 150 '군사 태세'와 명확히 일치한다고 보기 어렵습니다.",http://web.archive.org/web/20220804051148/https://www.startribune.com/pelosi-tells-taiwan-us-commitment-to-democracy-is-ironclad/600195237/,https://www.startribune.com/pelosi-tells-taiwan-us-commitment-to-democracy-is-ironclad/600195237/
1057039891,2022-08-03,151,OK_WAYBACK,MATCH,MEDIUM,Why China reacted to Pelosi's Taiwan visit with such an extreme show of force | ITV News,"기사는 펠로시 대만 방문에 대한 중국의 군사력 과시를 설명하며, 이는 경계 수준 강화라는 CAMEO 코드 151에 부합합니다.",http://web.archive.org/web/20220804003627/https://www.itv.com/news/2022-08-03/why-china-reacted-to-pelosis-taiwan-visit-with-such-an-extreme-show-of-force,https://www.itv.com/news/2022-08-03/why-china-reacted-to-pelosis-taiwan-visit-with-such-an-extreme-show-of-force
1056930913,2022-08-03,194,OK_ORIGINAL,MISMATCH,LOW,"China summons US envoy, warns America shall 'pay price' as Pelosi visits Taiwan - Times of India","기사 제목은 펠로시 대만 방문에 대한 중국의 반응을 다루고 있으나, 본문은 건강, 요리, 여행, 동물, 습관 등 전혀 다른 주제를 다루고 있어 군사 사건과 무관합니다.",https://timesofindia.indiatimes.com/world/us/china-summons-us-envoy-warns-america-shall-pay-price-as-pelosi-visits-taiwan/articleshow/93314686.cms,https://timesofindia.indiatimes.com/world/us/china-summons-us-envoy-warns-america-shall-pay-price-as-pelosi-visits-taiwan/articleshow/93314686.cms
1056930916,2022-08-03,194,OK_ORIGINAL,MISMATCH,LOW,"China summons US envoy, warns America shall 'pay price' as Pelosi visits Taiwan - Times of India",기사의 본문이 군사 사건과 전혀 관련 없는 건강 및 생활 정보에 대한 내용이므로 GDELT의 '중화기 무력충돌' 분류와는 일치하지 않습니다.,https://timesofindia.indiatimes.com/world/us/china-summons-us-envoy-warns-america-shall-pay-price-as-pelosi-visits-taiwan/articleshow/93314686.cms,https://timesofindia.indiatimes.com/world/us/china-summons-us-envoy-warns-america-shall-pay-price-as-pelosi-visits-taiwan/articleshow/93314686.cms
1056999627,2022-08-03,192,OK_ORIGINAL,AMBIGUOUS,MEDIUM,Taiwan scrambles jets as 22 Chinese fighters cross Taiwan Strait median line - The Tribune,"기사는 중국의 군사 활동을 묘사하지만, '영토 점령'이라는 GDELT 분류 유형과는 직접적으로 일치하지 않고 긴장 고조 및 무력 시위로 해석될 수 있습니다.",https://www.tribuneindia.com/news/world/taiwan-scrambles-jets-as-22-chinese-fighters-cross-taiwan-strait-median-line-418502,https://www.tribuneindia.com/news/world/taiwan-scrambles-jets-as-22-chinese-fighters-cross-taiwan-strait-median-line-418502
1056922793,2022-08-03,150,NOTFOUND,-,UNVERIFIED,,본문 확보 실패,,https://www.ndtv.com/world-news/chinese-live-fire-military-drills-threaten-key-ports-urban-areas-taiwan-3219337
1056967664,2022-08-03,150,OK_ORIGINAL,MATCH,HIGH,China says military drills around Taiwan are 'necessary' reaction to US 'provocation' | News24,"기사는 미국 하원의장의 대만 방문에 대한 중국의 군사 훈련을 다루고 있으며, 이는 CAMEO 코드 150인 '군사 태세'와 일치합니다.",https://www.news24.com/news24/world/news/china-says-military-drills-around-taiwan-are-necessary-reaction-to-us-provocation-20220803,https://www.news24.com/news24/world/news/china-says-military-drills-around-taiwan-are-necessary-reaction-to-us-provocation-20220803
1056889509,2022-08-03,150,OK_ORIGINAL,MATCH,HIGH,What 3 past Taiwan Strait crises can teach us about U.S.-China tensions today,"기사는 낸시 펠로시 의장의 대만 방문으로 인한 중국의 경고와 대만 해협에서의 군사 활동 증가를 다루고 있으며, 이는 CAMEO 코드 150인 군사 태세와 일치합니다.",https://www.kasu.org/2022-08-02/what-3-past-taiwan-strait-crises-can-teach-us-about-u-s-china-tensions-today,https://www.kasu.org/2022-08-02/what-3-past-taiwan-strait-crises-can-teach-us-about-u-s-china-tensions-today
1056920300,2022-08-03,150,OK_ORIGINAL,MATCH,HIGH,U.S. House Speaker Nancy Pelosi Meets Taiwan's President Despite China's Warnings,"이 기사는 미국 하원의장의 대만 방문을 다루고 있으며, 이는 중국의 경고와 반발을 불러일으킨 양안 간의 긴장 상황을 보여주므로 GDELT가 분류한 '군사 태세' 유형과 부합합니다.",https://www.nbcnewyork.com/news/business/money-report/u-s-house-speaker-nancy-pelosi-meets-taiwans-president/3806474/,https://www.nbcnewyork.com/news/business/money-report/u-s-house-speaker-nancy-pelosi-meets-taiwans-president/3806474/
1056931862,2022-08-03,191,OK_ORIGINAL,AMBIGUOUS,MEDIUM,27 Chinese warplanes enter Taiwan air defence zone after Pelosi visit,"기사는 중국의 군사적 위협과 대만의 방어적 조치를 다루고 있지만, GDELT가 분류한 '봉쇄·이동제한' 유형에 직접적으로 해당하는 명시적인 행동은 아니며, 오히려 대규모 군사 훈련을 통한 위협과 영공 침범에 가깝습니다.",https://www.dailymail.co.uk/news/article-11075913/Pelosi-visit-Taiwan-Chinese-military-drills-surround-island.html,https://www.dailymail.co.uk/news/article-11075913/Pelosi-visit-Taiwan-Chinese-military-drills-surround-island.html
1056936941,2022-08-03,150,NOTFOUND,-,UNVERIFIED,,본문 확보 실패,,https://abcnews.go.com/International/wireStory/china-blocks-taiwan-imports-avoids-chip-disruption-87858952
1056949613,2022-08-03,194,OK_ORIGINAL,AMBIGUOUS,MEDIUM,"China summons US ambassador, warns America shall 'pay price' as Pelosi visits Taiwan","기사는 양안 간의 정치적 긴장 고조와 군사적 위협을 다루고 있으나, GDELT의 '중화기 무력충돌' 유형과는 달리 실제 중화기를 사용한 무력 충돌이 발생했다는 내용은 언급되지 않았습니다.",https://www.khaleejtimes.com/world/china-summons-us-ambassador-warns-america-shall-pay-price-as-pelosi-visits-taiwan,https://www.khaleejtimes.com/world/china-summons-us-ambassador-warns-america-shall-pay-price-as-pelosi-visits-taiwan
1056995868,2022-08-03,150,OK_WAYBACK,MATCH,MEDIUM,"News Analysis: As Pelosi leaves Taiwan, stability in Asia grows more precarious","이 기사는 낸시 펠로시 미국 하원의장의 대만 방문 이후 중국의 대만 봉쇄 및 군사 훈련 등 양안 간의 군사적 긴장 고조 상황을 다루고 있으며, 이는 GDELT의 '군사 태세(military posturing)' 분류와 일치합니다.",http://web.archive.org/web/20220803233808/https://www.msn.com/en-us/news/world/news-analysis-as-pelosi-leaves-taiwan-stability-in-asia-grows-more-precarious/ar-AA10gAr5,http://www.msn.com/en-us/news/world/news-analysis-as-pelosi-leaves-taiwan-stability-in-asia-grows-more-precarious/ar-AA10gAr5
1297379044,2026-04-02,154,OK_ORIGINAL,AMBIGUOUS,MEDIUM,Taiwan’s defense technology shift - Taipei Times,"기사는 대만과 중국 간의 긴장에 대한 대만의 방어 태세 변화를 다루고 있지만, 명시적으로 군사 동원이나 증강에 대한 구체적인 언급보다는 기술 중심의 방어 전략 변화에 초점을 맞추고 있어 CAMEO 코드 154와 직접적으로 일치한다고 보기는 어렵습니다.",https://www.taipeitimes.com/News/editorials/archives/2026/04/03/2003854928,https://www.taipeitimes.com/News/editorials/archives/2026/04/03/2003854928
1170790024,2024-04-19,150,OK_ORIGINAL,AMBIGUOUS,MEDIUM,Computer-aided Han Kuang war games to refer to recent conflicts - Focus Taiwan,"기사 제목과 본문 모두 '군사 태세'와 직접적으로 일치한다고 보기 어려운, 군사 훈련의 내용에 대한 설명에 초점을 맞추고 있으며, 양안 군사 사건과 직접적인 관련성을 명시하고 있지 않습니다.",https://focustaiwan.tw/politics/202404190007,https://focustaiwan.tw/politics/202404190007
1170790022,2024-04-19,190,OK_ORIGINAL,AMBIGUOUS,MEDIUM,Computer-aided Han Kuang war games to refer to recent conflicts - Focus Taiwan,"기사는 대만(중국과 양안 관계)의 군사 훈련에 관한 내용이지만, '재래식 무력 사용'이라는 분류 유형과 직접적으로 일치하는 실제 무력 충돌이나 군사 행동을 묘사하고 있지는 않습니다.",https://focustaiwan.tw/politics/202404190007,https://focustaiwan.tw/politics/202404190007
1170790023,2024-04-19,190,OK_ORIGINAL,AMBIGUOUS,MEDIUM,Computer-aided Han Kuang war games to refer to recent conflicts - Focus Taiwan,"기사는 대만(중국과의 양안 관계 맥락에서)의 군사 훈련을 다루고 있으나, 훈련 내용이 최근 분쟁(우크라이나 침공, 이스라엘-하마스 분쟁)에서 얻은 교훈을 포함한다는 내용으로, 재래식 무력 사용(GDELT 코드 190)이라는 분류 유형과 직접적으로 일치한다고 보기는 어렵습니다.",https://focustaiwan.tw/politics/202404190007,https://focustaiwan.tw/politics/202404190007
1220778130,2025-01-15,191,OK_ORIGINAL,MISMATCH,LOW,Diplomatic tensions rise as China restricts DA leader's entry following Taiwan trip,"기사는 중국과 남아프리카공화국(DA) 간의 외교적 긴장에 관한 내용으로, 양안 군사 사건이나 봉쇄·이동제한(blockade/restrict movement) 사건과는 직접적인 관련이 없습니다.",https://www.iol.co.za/dailynews/news/diplomatic-tensions-rise-as-china-restricts-da-leaders-entry-following-taiwan-trip-a2e541f5-2edd-4b8a-9a62-adcc550f2365,https://www.iol.co.za/dailynews/news/diplomatic-tensions-rise-as-china-restricts-da-leaders-entry-following-taiwan-trip-a2e541f5-2edd-4b8a-9a62-adcc550f2365
1098096311,2023-04-25,190,OK_ORIGINAL,AMBIGUOUS,MEDIUM,China is no peacemaker Czech president,"기사는 중국의 대만 침공 가능성과 관련하여 중국의 행동을 분석하지만, 현재 진행 중인 군사적 충돌이나 무력 사용을 직접적으로 묘사하지는 않습니다.",https://www.bignewsnetwork.com/news/273784739/china-is-no-peacemaker-czech-president,https://www.bignewsnetwork.com/news/273784739/china-is-no-peacemaker-czech-president
1098097520,2023-04-25,190,OK_ORIGINAL,MISMATCH,LOW,China is no peacemaker Czech president,"기사는 중국의 우크라이나 전쟁 관련 입장과 대만에 대한 잠재적 침공에 대한 분석을 다루고 있지만, 직접적인 양안 군사 사건이나 재래식 무력 사용에 대한 내용은 포함하고 있지 않습니다.",https://www.bignewsnetwork.com/news/273784739/china-is-no-peacemaker-czech-president,https://www.bignewsnetwork.com/news/273784739/china-is-no-peacemaker-czech-president
1098097521,2023-04-25,190,OK_ORIGINAL,AMBIGUOUS,MEDIUM,China is no peacemaker Czech president,"기사에서 대만에 대한 중국의 잠재적 침공을 언급하지만, 직접적인 재래식 무력 사용 사건을 다루지 않고 중국의 전략과 우크라이나 전쟁에서의 역할에 대한 체코 대통령의 분석에 초점을 맞추고 있어 분류 유형과의 직접적인 부합 여부가 애매합니다.",https://www.bignewsnetwork.com/news/273784739/china-is-no-peacemaker-czech-president,https://www.bignewsnetwork.com/news/273784739/china-is-no-peacemaker-czech-president
1098096312,2023-04-25,190,OK_ORIGINAL,AMBIGUOUS,MEDIUM,China is no peacemaker Czech president,"기사는 중국의 대만에 대한 잠재적 침공을 언급하지만, 실제로 군사적 사건을 설명하는 것이 아니라 중국의 전략적 계산과 서방에 대한 비판에 초점을 맞추고 있습니다.",https://www.bignewsnetwork.com/news/273784739/china-is-no-peacemaker-czech-president,https://www.bignewsnetwork.com/news/273784739/china-is-no-peacemaker-czech-president
1098096310,2023-04-25,190,OK_ORIGINAL,AMBIGUOUS,MEDIUM,China is no peacemaker Czech president,"기사는 중국이 대만을 잠재적으로 침공하는 것에 대한 교훈을 얻고 있다고 언급하지만, 이는 직접적인 재래식 무력 사용 사건을 다루지 않습니다.",https://www.bignewsnetwork.com/news/273784739/china-is-no-peacemaker-czech-president,https://www.bignewsnetwork.com/news/273784739/china-is-no-peacemaker-czech-president
1088076910,2023-03-07,195,OK_ORIGINAL,MISMATCH,LOW,China's Military Spending Outpaces Economic Growth Target,"이 기사는 중국의 군사비 지출 증가에 관한 내용이지, 직접적인 공중 무기 사용 사건을 다루고 있지 않습니다.",https://www.europesun.com/news/273600054/chinas-military-spending-outpaces-economic-growth-target,https://www.europesun.com/news/273600054/chinas-military-spending-outpaces-economic-growth-target
1088076911,2023-03-07,195,OK_ORIGINAL,MISMATCH,LOW,China's Military Spending Outpaces Economic Growth Target,"해당 기사는 중국의 군사비 지출 증가에 관한 내용으로, 공중무기 사용과 같은 실제 군사 사건을 다루고 있지 않습니다.",https://www.europesun.com/news/273600054/chinas-military-spending-outpaces-economic-growth-target,https://www.europesun.com/news/273600054/chinas-military-spending-outpaces-economic-growth-target
1303609320,2026-05-12,190,OK_ORIGINAL,AMBIGUOUS,MEDIUM,"Key events in ties between the United States, China and Taiwan","기사에서 양안 간의 긴장과 관련된 과거 군사적 충돌을 언급하고 있으나, '재래식 무력 사용'이라는 분류 유형이 명확히 특정 군사 작전을 지칭하는지, 아니면 역사적 사건 전반을 포괄하는지에 대한 추가 정보가 필요하여 판단이 애매합니다.",https://www.yahoo.com/news/articles/key-events-ties-between-united-031852751.html,https://www.yahoo.com/news/articles/key-events-ties-between-united-031852751.html
1303609322,2026-05-12,194,OK_ORIGINAL,MISMATCH,LOW,"Key events in ties between the United States, China and Taiwan","해당 기사는 미국, 중국, 대만 간의 정치적, 역사적 관계를 다루는 것으로, GDELT가 분류한 '중화기 무력충돌'과 같은 직접적인 군사적 사건을 상세히 묘사하고 있지 않습니다.",https://www.yahoo.com/news/articles/key-events-ties-between-united-031852751.html,https://www.yahoo.com/news/articles/key-events-ties-between-united-031852751.html
1303620093,2026-05-12,190,OK_ORIGINAL,AMBIGUOUS,MEDIUM,"Ahead of Trump's Beijing visit, a look at ties between US, China and Taiwan","기사는 양안 관계의 역사적 사건들을 다루고 있으나, CAMEO 코드 190 (재래식 무력 사용)에 직접적으로 해당하는 현재 진행형의 군사 사건보다는 과거의 군사적 긴장과 갈등에 대한 설명이 주를 이룹니다.",https://www.hindustantimes.com/world-news/ahead-of-trumps-beijing-visit-a-look-at-ties-between-us-china-and-taiwan-101778560156964.html,https://www.hindustantimes.com/world-news/ahead-of-trumps-beijing-visit-a-look-at-ties-between-us-china-and-taiwan-101778560156964.html
1303620096,2026-05-12,194,OK_ORIGINAL,AMBIGUOUS,MEDIUM,"Ahead of Trump's Beijing visit, a look at ties between US, China and Taiwan","기사는 양안 관계의 역사적 맥락을 설명하지만, GDELT가 분류한 '중화기 무력충돌'이라는 특정 군사 사건 유형에 대한 직접적인 묘사는 포함하고 있지 않습니다.",https://www.hindustantimes.com/world-news/ahead-of-trumps-beijing-visit-a-look-at-ties-between-us-china-and-taiwan-101778560156964.html,https://www.hindustantimes.com/world-news/ahead-of-trumps-beijing-visit-a-look-at-ties-between-us-china-and-taiwan-101778560156964.html
1303608675,2026-05-12,192,OK_ORIGINAL,MISMATCH,LOW,"Key events in ties between the United States, China and Taiwan","기사는 양안 관계의 역사적 사건들을 나열하지만, '영토 점령'이라는 특정 CAMEO 코드 192와 직접적으로 부합하는 최신 군사 사건을 다루고 있지 않습니다.",https://www.yahoo.com/news/articles/key-events-ties-between-united-031852751.html,https://www.yahoo.com/news/articles/key-events-ties-between-united-031852751.html
1303619483,2026-05-12,194,OK_ORIGINAL,MISMATCH,LOW,"Ahead of Trump's Beijing visit, a look at ties between US, China and Taiwan","기사는 미국, 중국, 대만의 외교 관계에 대한 역사적 맥락을 설명하지만, CAMEO 코드 194(중화기 무력충돌)에 해당하는 실제 군사적 충돌에 대한 구체적인 묘사를 포함하고 있지 않습니다.",https://www.hindustantimes.com/world-news/ahead-of-trumps-beijing-visit-a-look-at-ties-between-us-china-and-taiwan-101778560156964.html,https://www.hindustantimes.com/world-news/ahead-of-trumps-beijing-visit-a-look-at-ties-between-us-china-and-taiwan-101778560156964.html
1126759315,2023-09-14,154,OK_ORIGINAL,MATCH,HIGH,Taiwan reports increased Chinese military activity around island - EFE,"기사는 대만 주변에서 증가하는 중국 군사 활동을 보고하고 있으며, 이는 CAMEO 코드 154인 군사 동원/증강과 직접적으로 관련됩니다.",https://efe.com/en/latest-news/2023-09-14/taiwan-reports-increased-chinese-military-activity-around-island/,https://efe.com/en/latest-news/2023-09-14/taiwan-reports-increased-chinese-military-activity-around-island/
1126829633,2023-09-14,154,EMPTY,-,UNVERIFIED,,본문 확보 실패,,https://www.ctvnews.ca/world/china-promotes-economic-integration-with-taiwan-while-militarily-threatening-the-island-1.6560961
1271759983,2025-10-31,154,OK_ORIGINAL,AMBIGUOUS,MEDIUM,Trump's middling effort to strengthen the military,"기사는 미국의 군사력 강화에 대한 트럼프 전 대통령의 노력을 다루고 있으며, 중국과의 전쟁 가능성을 언급하지만 직접적인 양안 군사 사건을 상세히 묘사하지는 않습니다.",https://www.washingtonexaminer.com/in_focus/3864457/,https://www.washingtonexaminer.com/in_focus/3864457/
1140716744,2023-11-16,190,OK_ORIGINAL,MISMATCH,LOW,Type of polls used might cause blue-white discord - Taipei Times,"이 기사는 대만 내 정당 간의 여론조사 방식에 대한 정치적 논쟁을 다루고 있으며, 재래식 무력 사용과 같은 군사 사건과는 관련이 없습니다.",https://www.taipeitimes.com/News/taiwan/archives/2023/11/17/2003809307,https://www.taipeitimes.com/News/taiwan/archives/2023/11/17/2003809307
1140715387,2023-11-16,190,OK_ORIGINAL,MISMATCH,LOW,Type of polls used might cause blue-white discord - Taipei Times,"이 기사는 대만 내 정당 간의 여론조사 방식에 대한 논쟁을 다루고 있으며, 군사적 충돌이나 무력 사용과는 관련이 없습니다.",https://www.taipeitimes.com/News/taiwan/archives/2023/11/17/2003809307,https://www.taipeitimes.com/News/taiwan/archives/2023/11/17/2003809307
1235411386,2025-04-01,150,NOTFOUND,-,UNVERIFIED,,본문 확보 실패,,https://www.yahoo.com/news/china-says-launches-military-exercises-002947927.html
1235412262,2025-04-01,190,NOTFOUND,-,UNVERIFIED,,본문 확보 실패,,https://www.yahoo.com/news/china-says-launches-military-exercises-002947927.html
1235443258,2025-04-01,150,OK_ORIGINAL,MATCH,HIGH,Taiwan coast guard warns of China using 'pretext' to launch war games this year,"기사는 중국이 대만 주변에서 군사 훈련을 실시할 수 있다는 '명분'을 언급하며, 이는 CAMEO 코드 150인 '군사 태세'와 직접적으로 연관됩니다.",https://www.yahoo.com/news/taiwan-coast-guard-warns-china-051919638.html,https://www.yahoo.com/news/taiwan-coast-guard-warns-china-051919638.html
1235538157,2025-04-01,150,OK_ORIGINAL,MATCH,HIGH,World News:  Taiwan coast guard warns of China using 'pretext' to launch war games this year,"기사는 중국이 대만 주변에서 군사 훈련을 '명분'으로 개최할 가능성에 대해 논하며, 이는 GDELT의 '군사 태세' 분류와 일치합니다.",https://www.gdnonline.com:443/Details/1349221/-Taiwan-coast-guard-warns-of-China-using-pretext-to-launch-war-games-this-year,https://www.gdnonline.com:443/Details/1349221/-Taiwan-coast-guard-warns-of-China-using-pretext-to-launch-war-games-this-year
1235425063,2025-04-01,192,OK_ORIGINAL,AMBIGUOUS,MEDIUM,China holds large-scale military drills around Taiwan,"기사는 중국이 대만을 둘러싼 대규모 군사 훈련을 실시했다고 보도하지만, 이는 '영토 점령'보다는 '무력 시위' 또는 '위협'에 가깝다고 볼 수 있습니다.",https://www.straitstimes.com/asia/east-asia/china-says-launches-military-exercises-around-taiwan,https://www.straitstimes.com/asia/east-asia/china-says-launches-military-exercises-around-taiwan
1235444275,2025-04-01,150,OK_ORIGINAL,MATCH,HIGH,"China stages military drills off Taiwan, calls president ‘parasite’","기사는 중국이 대만 주변에서 대규모 군사 훈련을 실시하고 있으며, 이는 '군사 태세'라는 CAMEO 코드 150의 정의와 일치합니다.",https://www.aljazeera.com/news/2025/4/1/china-stages-military-drills-off-taiwan-in-warning-to-separatists,https://www.aljazeera.com/news/2025/4/1/china-stages-military-drills-off-taiwan-in-warning-to-separatists
1235411385,2025-04-01,150,NOTFOUND,-,UNVERIFIED,,본문 확보 실패,,https://www.yahoo.com/news/china-says-launches-military-exercises-002947927.html
1235411387,2025-04-01,150,NOTFOUND,-,UNVERIFIED,,본문 확보 실패,,https://www.yahoo.com/news/china-says-launches-military-exercises-002947927.html
1235409355,2025-04-01,150,NOTFOUND,-,UNVERIFIED,,본문 확보 실패,,https://www.channelnewsasia.com/east-asia/china-taiwan-chinese-military-exercise-island-5036221
565299339,2016-08-01,190,OK_ORIGINAL,MISMATCH,LOW,Taiwan president apologizes to aboriginals for suffering,"기사는 대만 총통의 원주민에 대한 사과이며, 재래식 무력 사용과 같은 군사 사건과는 관련이 없습니다.",http://www.dailymail.co.uk/wires/ap/article-3717643/Taiwan-president-apologizes-aboriginals-suffering.html,http://www.dailymail.co.uk/wires/ap/article-3717643/Taiwan-president-apologizes-aboriginals-suffering.html
565300241,2016-08-01,190,OK_WAYBACK,MISMATCH,LOW,Taiwan President Apologizes to Aboriginals for Suffering,"해당 기사는 대만 원주민에 대한 총통의 사과에 관한 내용으로, GDELT가 분류한 재래식 무력 사용과는 전혀 관련이 없습니다.",http://web.archive.org/web/20160801064541/http://www.nytimes.com/aponline/2016/08/01/world/asia/ap-as-taiwan-aboriginal-apology.html,http://www.nytimes.com/aponline/2016/08/01/world/asia/ap-as-taiwan-aboriginal-apology.html
565305293,2016-08-01,190,NOTFOUND,-,UNVERIFIED,,본문 확보 실패,,http://wtop.com/asia/2016/08/taiwan-president-apologizes-to-aboriginals-for-suffering/
565300242,2016-08-01,190,OK_ORIGINAL,MISMATCH,LOW,Taiwan president apologizes to aboriginals for suffering,"이 기사는 대만 총통이 원주민에게 과거 식민화에 대해 사과하는 내용으로, CAMEO 코드 190(재래식 무력 사용)과는 관련이 없습니다.",http://www.dailymail.co.uk/wires/ap/article-3717643/Taiwan-president-apologizes-aboriginals-suffering.html,http://www.dailymail.co.uk/wires/ap/article-3717643/Taiwan-president-apologizes-aboriginals-suffering.html
565305292,2016-08-01,190,OK_WAYBACK,MISMATCH,LOW,Taiwan president apologizes to aboriginals for suffering,"기사는 대만 원주민에 대한 총통의 사과에 관한 내용으로, CAMEO 코드 190(재래식 무력 사용)과는 전혀 관련이 없습니다.",http://web.archive.org/web/20160802194532/http://www.thehour.com/news/world/article/Taiwan-president-apologizes-to-aboriginals-for-8927331.php,http://www.thehour.com/news/world/article/Taiwan-president-apologizes-to-aboriginals-for-8927331.php
565305294,2016-08-01,190,NOTFOUND,-,UNVERIFIED,,본문 확보 실패,,http://wtop.com/asia/2016/08/taiwan-president-apologizes-to-aboriginals-for-suffering/
565304441,2016-08-01,190,NOTFOUND,-,UNVERIFIED,,본문 확보 실패,,http://wtop.com/asia/2016/08/taiwan-president-apologizes-to-aboriginals-for-suffering/
565304442,2016-08-01,190,NOTFOUND,-,UNVERIFIED,,본문 확보 실패,,http://wtop.com/asia/2016/08/taiwan-president-apologizes-to-aboriginals-for-suffering/
565299338,2016-08-01,190,OK_WAYBACK,MISMATCH,LOW,Taiwan President Apologizes to Aboriginals for Suffering,"기사는 대만 원주민에 대한 총통의 사과에 관한 내용으로, 양안 군사 사건이나 재래식 무력 사용과는 전혀 관련이 없습니다.",http://web.archive.org/web/20160801064541/http://www.nytimes.com/aponline/2016/08/01/world/asia/ap-as-taiwan-aboriginal-apology.html,http://www.nytimes.com/aponline/2016/08/01/world/asia/ap-as-taiwan-aboriginal-apology.html
565304440,2016-08-01,190,OK_WAYBACK,MISMATCH,LOW,Taiwan president apologizes to aboriginals for suffering,"이 기사는 대만 총통의 원주민에 대한 사과이며, 양안 군사 사건과는 전혀 관련이 없습니다.",http://web.archive.org/web/20160802194532/http://www.thehour.com/news/world/article/Taiwan-president-apologizes-to-aboriginals-for-8927331.php,http://www.thehour.com/news/world/article/Taiwan-president-apologizes-to-aboriginals-for-8927331.php
609684777,2016-12-19,190,OK_WAYBACK,MISMATCH,LOW,US military history on Taiwan rooted in confrontation with China,"본 기사는 양안 간의 군사적 대립의 역사적 배경을 설명하고 있으나, GDELT가 분류한 '재래식 무력 사용'이라는 구체적인 군사 사건을 직접적으로 다루고 있지 않습니다.",http://web.archive.org/web/20161219115639/http://www.stripes.com/news/us-military-history-on-taiwan-rooted-in-confrontation-with-china-1.445146,http://www.stripes.com/news/us-military-history-on-taiwan-rooted-in-confrontation-with-china-1.445146
609683995,2016-12-19,190,OK_WAYBACK,AMBIGUOUS,MEDIUM,US military history on Taiwan rooted in confrontation with China,"기사 제목은 대만과 중국 간의 군사적 긴장에 초점을 맞추고 있지만, 본문은 주로 역사적 배경과 과거의 외교적, 군사적 대응에 대해 서술하고 있어 직접적인 재래식 무력 사용에 대한 설명이 부족합니다.",http://web.archive.org/web/20161219115639/http://www.stripes.com/news/us-military-history-on-taiwan-rooted-in-confrontation-with-china-1.445146,http://www.stripes.com/news/us-military-history-on-taiwan-rooted-in-confrontation-with-china-1.445146
1090794866,2023-03-24,194,OK_ORIGINAL,MATCH,HIGH,Taiwan Tensions Fuel Anxiety on Japan’s Tiny Yonaguni Island,"기사는 중국의 대만 상공 미사일 발사가 일본 요나구니 섬 인근 해역에 떨어진 사건을 보도하며, 이는 양안 군사 사건이며 중화기(탄도 미사일)를 사용한 무력 충돌에 해당합니다.",https://www.voanews.com/a/taiwan-tensions-fuel-anxiety-on-japan-s-tiny-yonaguni-island-/7019581.html,https://www.voanews.com/a/taiwan-tensions-fuel-anxiety-on-japan-s-tiny-yonaguni-island-/7019581.html
1090794892,2023-03-24,194,OK_ORIGINAL,MISMATCH,LOW,Taiwan Tensions Fuel Anxiety on Japan’s Tiny Yonaguni Island,"기사는 중국의 탄도 미사일 발사에 대한 언급이 있지만, 이는 '중화기 무력충돌(armed clash, heavy weapons)'보다는 미사일 시험 발사 또는 시위 성격이 강하며, 직접적인 군사적 충돌로 분류하기는 어렵습니다.",https://www.voanews.com/a/taiwan-tensions-fuel-anxiety-on-japan-s-tiny-yonaguni-island-/7019581.html,https://www.voanews.com/a/taiwan-tensions-fuel-anxiety-on-japan-s-tiny-yonaguni-island-/7019581.html
1090794865,2023-03-24,194,OK_ORIGINAL,AMBIGUOUS,MEDIUM,Taiwan Tensions Fuel Anxiety on Japan’s Tiny Yonaguni Island,"기사는 중국의 미사일 발사를 언급하지만, 이는 양안 군사적 충돌보다는 대만 방문에 대한 중국의 반응으로 묘사되며, 중화기 무력충돌로 분류되기에는 명확성이 부족합니다.",https://www.voanews.com/a/taiwan-tensions-fuel-anxiety-on-japan-s-tiny-yonaguni-island-/7019581.html,https://www.voanews.com/a/taiwan-tensions-fuel-anxiety-on-japan-s-tiny-yonaguni-island-/7019581.html
627829150,2017-02-15,193,OK_WAYBACK,AMBIGUOUS,MEDIUM,Opinion | Philstar Mobile,"기사는 중국과 필리핀 간의 영유권 분쟁을 다루고 있으며, 대만 어선에 대한 사격 언급은 있지만 직접적인 양안 군사 충돌 사건보다는 외교적, 법적 분쟁에 초점을 맞추고 있어 소형화기 충돌 유형과 정확히 일치한다고 보기 어렵습니다.",http://web.archive.org/web/20170215194706/http://m.philstar.com/opinion/show/f34d6522fef4a55097dcc1346f4a19b9,http://m.philstar.com/opinion/show/f34d6522fef4a55097dcc1346f4a19b9
627829149,2017-02-15,193,OK_WAYBACK,MISMATCH,LOW,Opinion | Philstar Mobile,"본 기사는 필리핀과 중국 간의 해양 영토 분쟁에 대한 정치적, 외교적 논쟁을 다루고 있으며, 소형화기 충돌이라는 군사적 사건과는 직접적인 관련이 없습니다.",http://web.archive.org/web/20170215194706/http://m.philstar.com/opinion/show/f34d6522fef4a55097dcc1346f4a19b9,http://m.philstar.com/opinion/show/f34d6522fef4a55097dcc1346f4a19b9
627829152,2017-02-15,193,OK_WAYBACK,MISMATCH,LOW,Opinion | Philstar Mobile,"이 기사는 중국과 필리핀 간의 해양 영토 분쟁에 대한 논평이며, 대만과의 소형 무기 충돌에 대한 구체적인 언급이 없습니다.",http://web.archive.org/web/20170215194706/http://m.philstar.com/opinion/show/f34d6522fef4a55097dcc1346f4a19b9,http://m.philstar.com/opinion/show/f34d6522fef4a55097dcc1346f4a19b9
564588526,2016-07-29,190,OK_WAYBACK,MISMATCH,LOW,Memorial service held in Dalian for Taiwan bus fire victims,"이 기사는 대만 버스 화재 사고로 인한 사망자 추모 행사 관련 기사로, GDELT 분류 유형인 '재래식 무력 사용'과는 전혀 관련이 없습니다.",http://web.archive.org/web/20160730180217/http://www.shanghaidaily.com/nation/Memorial-service-held-in-Dalian-for-Taiwan-bus-fire-victims/shdaily.shtml,http://www.shanghaidaily.com/nation/Memorial-service-held-in-Dalian-for-Taiwan-bus-fire-victims/shdaily.shtml
564588529,2016-07-29,190,OK_WAYBACK,MISMATCH,LOW,Memorial service held in Dalian for Taiwan bus fire victims  - æç« News - SINA English,"이 기사는 대만 버스 화재 사고에 대한 추모식을 다루고 있으며, 재래식 무력 사용과 같은 군사적 사건과는 전혀 관련이 없습니다.",http://web.archive.org/web/20160730175721/http://english.sina.com/news/2016-07-29/detail-ifxupmws1327696.shtml,http://english.sina.com/news/2016-07-29/detail-ifxupmws1327696.shtml
1075331452,2022-12-08,192,OK_ORIGINAL,MISMATCH,LOW,Japan to refrain from designating China as 'threat' in security strategy: Reports,"기사는 일본과 중국 간의 영토 분쟁 및 안보 전략에 관한 내용으로, 중국과 대만 간의 군사 사건 또는 영토 점령과는 직접적인 관련이 없습니다.",https://news.webindia123.com/news/Articles/World/20221208/4012385.html,https://news.webindia123.com/news/Articles/World/20221208/4012385.html
1237395595,2025-04-11,190,OK_WAYBACK,MISMATCH,LOW,"In a first, Taiwan charges Chinese ship captain with damaging undersea cables","기사는 중국 선박 선장에게 해저 케이블 손상 혐의를 적용한 사건으로, 재래식 무력 사용에 해당하지 않습니다.",http://web.archive.org/web/20250724144737/https://www.marketscreener.com/news/latest/In-a-first-Taiwan-charges-Chinese-ship-captain-with-damaging-undersea-cables-49592572/,https://www.marketscreener.com/news/latest/In-a-first-Taiwan-charges-Chinese-ship-captain-with-damaging-undersea-cables-49592572/
1237395596,2025-04-11,190,OK_WAYBACK,MISMATCH,LOW,"In a first, Taiwan charges Chinese ship captain with damaging undersea cables","기사는 중국 선박 선장이 대만 근해의 해저 케이블을 손상시킨 사건을 다루고 있으며, 이는 재래식 무력 사용과는 거리가 멀다.",http://web.archive.org/web/20250724144737/https://www.marketscreener.com/news/latest/In-a-first-Taiwan-charges-Chinese-ship-captain-with-damaging-undersea-cables-49592572/,https://www.marketscreener.com/news/latest/In-a-first-Taiwan-charges-Chinese-ship-captain-with-damaging-undersea-cables-49592572/
1172416739,2024-04-27,154,OK_ORIGINAL,MATCH,HIGH,The red flags that will tell us when China's actually ready to invade Taiwan,"기사는 중국의 대만 침공 준비를 언급하며 군사력 증강, 대규모 군사 훈련 등 CAMEO 코드 154의 '군사 동원·증강' 유형과 일치하는 내용을 담고 있습니다.",https://www.yahoo.com/news/red-flags-tell-us-chinas-100801595.html,https://www.yahoo.com/news/red-flags-tell-us-chinas-100801595.html
1172416740,2024-04-27,154,OK_ORIGINAL,MISMATCH,LOW,BizToc,"이 기사는 미국과 이란 간의 군사적 충돌을 다루고 있으며, 양안(중국-대만) 군사 사건과는 관련이 없습니다.",https://biztoc.com/x/17beb81fd9a6acef,https://biztoc.com/x/17beb81fd9a6acef
1278173339,2025-12-08,190,OK_ORIGINAL,MISMATCH,LOW,"Japan counters Chinese radar lock-on claims amid tensions | The Asahi Shimbun: Breaking News, Japan News and Analysis","이 기사는 일본과 중국 간의 사건을 다루고 있으며, 양안(중국-대만) 군사 사건으로 분류된 CAMEO 코드 190 (재래식 무력 사용)과는 직접적으로 관련이 없습니다.",https://www.asahi.com/ajw/articles/16208593,https://www.asahi.com/ajw/articles/16208593
1020049416,2021-12-21,195,OK_ORIGINAL,MATCH,HIGH,Chinese warplane enters Taiwan's air defence zone,"기사는 중국 군용기가 대만 방공식별구역에 진입한 사건을 다루고 있으며, 이는 공중무기를 사용하지는 않았지만 공중에서의 군사적 활동으로 분류될 수 있습니다.",https://www.hongkongherald.com/news/271988518/chinese-warplane-enters-taiwan-air-defence-zone,https://www.hongkongherald.com/news/271988518/chinese-warplane-enters-taiwan-air-defence-zone
642359576,2017-03-01,190,OK_ORIGINAL,AMBIGUOUS,MEDIUM,Risky cross-strait misperceptions - Taipei Times,"기사는 대만 해협의 긴장과 양안 간의 오해를 다루고 있지만, 재래식 무력 사용을 묘사하는 직접적인 군사 사건을 포함하고 있지 않습니다.",http://www.taipeitimes.com/News/editorials/archives/2017/04/01/2003667845,http://www.taipeitimes.com/News/editorials/archives/2017/04/01/2003667845
1095082807,2023-04-12,190,OK_ORIGINAL,AMBIGUOUS,MEDIUM,Experts Eye Future of US-China Relations,"기사는 미중 관계와 대만 관련 긴장을 다루고 있지만, 재래식 무력 사용(CAMEO 코드 190)을 직접적으로 묘사하기보다는 전반적인 외교 및 정치적 상황을 분석하고 있습니다.",https://www.voanews.com/a/experts-eye-future-of-u-s--china-relations/7046240.html,https://www.voanews.com/a/experts-eye-future-of-u-s--china-relations/7046240.html
1095158468,2023-04-12,150,OK_ORIGINAL,MATCH,HIGH,China says military exercises encircling Taiwan mark ‘serious warning’ - Jersey Evening Post,"기사는 중국이 대만을 둘러싸는 대규모 군사 훈련을 실시했으며, 이는 대만 독립 정치인과 외국 지지자들에게 '심각한 경고'라고 명시하고 있어 CAMEO 코드 150 '군사 태세'와 일치합니다.",https://jerseyeveningpost.com/morenews/worldnews/2023/04/12/china-says-military-exercises-encircling-taiwan-mark-serious-warning/,https://jerseyeveningpost.com/morenews/worldnews/2023/04/12/china-says-military-exercises-encircling-taiwan-mark-serious-warning/
1095097693,2023-04-12,150,OK_WAYBACK,MATCH,MEDIUM,"Military exercises suggest China is getting 'ready to launch a war against Taiwan,' island's foreign minister tells CNN","기사는 중국과 대만 간의 군사 훈련을 설명하며, 이는 '군사 태세'라는 GDELT 분류와 일치합니다.",http://web.archive.org/web/20230412213606/https://www.cbs58.com/news/military-exercises-suggest-china-is-getting-ready-to-launch-a-war-against-taiwan-islands-foreign-minister-tells-cnn,https://www.cbs58.com/news/military-exercises-suggest-china-is-getting-ready-to-launch-a-war-against-taiwan-islands-foreign-minister-tells-cnn
1095296467,2023-04-12,190,OK_ORIGINAL,MISMATCH,LOW,Tanker Boarded in Gulf of Guinea,"이 기사는 기니만에서 발생한 유조선 피랍 사건을 다루고 있으며, 중국-대만 간의 군사 사건과는 전혀 관련이 없습니다.",https://www.rigzone.com/news/tanker_boarded_in_gulf_of_guinea-12-apr-2023-172515-article/,https://www.rigzone.com/news/tanker_boarded_in_gulf_of_guinea-12-apr-2023-172515-article/
1095082806,2023-04-12,190,OK_ORIGINAL,MISMATCH,LOW,Experts Eye Future of U.S.-China Relations,"기사에서 재래식 무력 사용(CAMEO 코드 190)에 해당하는 직접적인 군사 사건이 언급되지 않았으며, 주요 내용은 미중 관계 및 중국과 대만의 외교적 긴장 상황 분석이기 때문입니다.",https://www.bignewsnetwork.com/news/273733238/experts-eye-future-of-us-china-relations,https://www.bignewsnetwork.com/news/273733238/experts-eye-future-of-us-china-relations
1095082808,2023-04-12,191,OK_ORIGINAL,AMBIGUOUS,MEDIUM,Experts Eye Future of U.S.-China Relations,"기사는 중국과 대만 간의 긴장 상황을 언급하지만, GDELT의 '봉쇄·이동제한' 분류와 직접적으로 일치하는 구체적인 봉쇄나 이동 제한 조치에 대한 설명은 부족합니다.",https://www.bignewsnetwork.com/news/273733238/experts-eye-future-of-us-china-relations,https://www.bignewsnetwork.com/news/273733238/experts-eye-future-of-us-china-relations
1095138086,2023-04-12,190,OK_ORIGINAL,AMBIGUOUS,MEDIUM,China's stance on Taiwanese President Tsai Ing-wen's meeting with Kevin McCarthy,"기사는 중국과 대만 간의 긴장 고조와 중국의 군사적 위협을 다루지만, 직접적인 재래식 무력 사용(CAMEO 코드 190)에 대한 구체적인 묘사 없이 군사적 행동을 시사하는 데 그치고 있습니다.",https://moderndiplomacy.eu/2023/04/12/chinas-stance-on-taiwanese-president-tsai-ing-wens-meeting-with-kevin-mccarthy/,https://moderndiplomacy.eu/2023/04/12/chinas-stance-on-taiwanese-president-tsai-ing-wens-meeting-with-kevin-mccarthy/
1095087508,2023-04-12,150,OK_WAYBACK,MATCH,MEDIUM,"Military exercises suggest China is getting 'ready to launch a war against Taiwan,' Taiwanese foreign minister tells CNN",기사는 중국의 대만 주변 군사 훈련 및 중국군이 대만을 겨냥한 전쟁을 준비하고 있다는 대만 외교부 장관의 발언을 다루고 있어 '군사 태세'라는 분류 유형과 일치합니다.,http://web.archive.org/web/20230505133543/https://www.wthitv.com/news/military-exercises-suggest-china-is-getting-ready-to-launch-a-war-against-taiwan-taiwanese-foreign/article_4f79c033-1b85-5865-acc0-b5b4ae3b3e46.html,https://www.wthitv.com/news/military-exercises-suggest-china-is-getting-ready-to-launch-a-war-against-taiwan-taiwanese-foreign/article_4f79c033-1b85-5865-acc0-b5b4ae3b3e46.html
1095097694,2023-04-12,150,OK_WAYBACK,AMBIGUOUS,MEDIUM,Macron Comments Leave Senior Taiwanese Official 'Puzzled',"해당 기사는 프랑스 대통령의 대만 관련 발언에 대한 대만 정치인의 반응을 다루고 있으며, 직접적인 양안 군사적 충돌이나 군사 태세를 묘사하지 않아 CAMEO 코드 150 '군사 태세'와 명확히 일치한다고 보기 어렵습니다.",http://web.archive.org/web/20230412040327/https://www.usnews.com/news/world/articles/2023-04-11/macron-comments-leave-senior-taiwanese-official-puzzled,https://www.usnews.com/news/world/articles/2023-04-11/macron-comments-leave-senior-taiwanese-official-puzzled
1095171473,2023-04-12,154,OK_WAYBACK,MATCH,MEDIUM,"China's military drills, rhetoric suggest they are preparing for war, says Taiwan's foreign minister","기사 제목과 본문 내용 모두 중국의 군사 훈련 및 군사적 준비에 대해 언급하고 있으며, 이는 GDELT의 '군사 동원·증강' 분류 유형과 직접적으로 일치합니다.",http://web.archive.org/web/20230515002105/https://www.msn.com/en-in/news/other/chinas-military-drills-rhetoric-suggest-they-are-preparing-for-war-says-taiwans-foreign-minister/ar-AA19KXEI,https://www.msn.com/en-in/news/other/chinas-military-drills-rhetoric-suggest-they-are-preparing-for-war-says-taiwans-foreign-minister/ar-AA19KXEI
1095336019,2023-04-12,190,NOTFOUND,-,UNVERIFIED,,본문 확보 실패,,https://www.theepochtimes.com/china-using-checkbook-diplomacy-in-latin-america-to-alienate-taiwan-as-invasion-threat-rises-analysts_5186596.html
1095082803,2023-04-12,150,OK_ORIGINAL,MATCH,HIGH,Report: Chinese Ships Keep Training after End of Exercises,"기사는 중국 군함이 대만 주변에서 훈련을 계속하고 있다는 내용을 다루며, 이는 중국이 종료했다고 발표한 군사 훈련 이후에도 '실전 훈련'을 진행하는 것으로 GDELT의 '군사 태세' 분류와 일치합니다.",https://learningenglish.voanews.com/a/report-chinese-ships-keep-training-after-end-of-exercises/7045839.html,https://learningenglish.voanews.com/a/report-chinese-ships-keep-training-after-end-of-exercises/7045839.html
1094690098,2023-04-10,150,OK_ORIGINAL,MATCH,HIGH,PLA drills aimed at appeasing Chinese nationalists: Scholar,"기사는 중국의 대만 주변 군사 훈련을 다루며, 이는 CAMEO 코드 150 ""군사 태세""의 정의와 일치합니다.",https://www.globalsecurity.org/wmd/library/news/taiwan/2023/taiwan-230409-cna03.htm,https://www.globalsecurity.org/wmd/library/news/taiwan/2023/taiwan-230409-cna03.htm
1094625455,2023-04-10,190,OK_WAYBACK,MATCH,MEDIUM,China simulates targeted bombings against Taiwan - The Times Hub,"기사에서 중국이 대만을 대상으로 '표적 폭격을 시뮬레이션'했으며, 이는 재래식 무력 사용의 일환으로 볼 수 있어 GDELT 분류 유형과 일치합니다.",http://web.archive.org/web/20230426213539/https://thetimeshub.in/china-simulates-targeted-bombings-against-taiwan/,https://thetimeshub.in/china-simulates-targeted-bombings-against-taiwan/
1094627907,2023-04-10,190,OK_ORIGINAL,MATCH,HIGH,China simulates striking Taiwan on second day of drills,"기사 제목과 본문 모두 중국이 대만을 겨냥한 군사 훈련을 실시하며 모의 타격을 시뮬레이션했음을 명확히 보여주므로, CAMEO 코드 190 '재래식 무력 사용'과 일치합니다.",https://www.asiaone.com/asia/china-simulates-striking-taiwan-second-day-drills,https://www.asiaone.com/asia/china-simulates-striking-taiwan-second-day-drills
1094655579,2023-04-10,191,OK_ORIGINAL,MATCH,HIGH,China stages live-fire drills for ‘sealing off’ Taiwan: What we know so far,기사 제목과 본문에서 'sealing off'라는 표현을 사용하여 대만을 봉쇄하고 이동을 제한하는 군사 훈련에 대해 명확하게 설명하고 있어 GDELT 분류 유형인 '봉쇄·이동제한'과 일치합니다.,https://www.hindustantimes.com/world-news/china-stages-live-fire-drills-for-sealing-off-taiwan-what-we-know-so-far-101681105664436.html,https://www.hindustantimes.com/world-news/china-stages-live-fire-drills-for-sealing-off-taiwan-what-we-know-so-far-101681105664436.html
1094665368,2023-04-10,151,OK_ORIGINAL,MATCH,HIGH,China dispatches scores of warplanes towards Taiwan in show of force after US meeting,"기사는 중국이 대만에 대한 군사 시위로 수십 대의 전쟁기를 파견한 사건을 다루고 있으며, 이는 경계 수준 강화(increase alert status)라는 GDELT 분류와 일치합니다.",https://www.independent.co.uk/asia/east-asia/taiwan-china-warplanes-us-destroyer-b2317020.html,https://www.independent.co.uk/asia/east-asia/taiwan-china-warplanes-us-destroyer-b2317020.html
1094651850,2023-04-10,190,OK_WAYBACK,AMBIGUOUS,MEDIUM,China stocks fall amid Taiwan tensions; 10 blue-chips soar on debut,"기사는 대만 해협의 지정학적 긴장에 대한 언급을 포함하지만, 중국이 대만을 겨냥한 군사 훈련을 실시했다는 점을 시사하며 '재래식 무력 사용'으로 분류되었지만, 실제로는 군사 훈련 시뮬레이션에 대한 내용이므로 직접적인 무력 사용으로 보기에는 애매한 측면이 있습니다.",http://web.archive.org/web/20230506193849/https://www.marketscreener.com/news/latest/China-stocks-fall-amid-Taiwan-tensions-10-blue-chips-soar-on-debut--43457605/,https://www.marketscreener.com/news/latest/China-stocks-fall-amid-Taiwan-tensions-10-blue-chips-soar-on-debut--43457605/
1094821678,2023-04-10,150,OK_ORIGINAL,MATCH,HIGH,Are China’s Taiwan Drills Losing Their Fear Factor?,"기사는 중국의 대만 주변 군사 훈련을 상세히 설명하며, 이는 GDELT의 '군사 태세(military posturing)' 분류와 일치합니다.",https://foreignpolicy.com/2023/04/10/china-taiwan-military-drills-mccarthy-xi-tsai-joint-sword/,https://foreignpolicy.com/2023/04/10/china-taiwan-military-drills-mccarthy-xi-tsai-joint-sword/
1094745403,2023-04-03,150,OK_ORIGINAL,MATCH,HIGH,Beijing explains goal of drills off Taiwan,"기사는 중국군이 대만 인근에서 진행하는 군사 훈련에 대해 설명하며, 이는 CAMEO 코드 150(군사 태세)의 정의와 일치합니다.",https://www.taiwansun.com/news/273727569/beijing-explains-goal-of-drills-off-taiwan,https://www.taiwansun.com/news/273727569/beijing-explains-goal-of-drills-off-taiwan
1094688933,2023-04-10,150,OK_ORIGINAL,MISMATCH,LOW,Xi charms Macron into accepting Chinese hegemony,"이 기사는 중국과 프랑스 정상 간의 외교적 관계 및 유럽의 전략적 자율성에 대한 논의에 초점을 맞추고 있으며, 양안 군사 사건과는 직접적인 관련이 없습니다.",https://www.bignewsnetwork.com/news/273727293/xi-charms-macron-into-accepting-chinese-hegemony,https://www.bignewsnetwork.com/news/273727293/xi-charms-macron-into-accepting-chinese-hegemony
1094610399,2023-04-10,150,NOTFOUND,-,UNVERIFIED,,본문 확보 실패,,https://www.leadertelegram.com/news/world/china-holds-a-second-day-of-military-exercises-around-taiwan/article_8261ae62-24e8-5e58-ab7a-19c52f2704e1.html
1094630649,2023-04-10,190,EMPTY,-,UNVERIFIED,,본문 확보 실패,,https://www.ctvnews.ca/world/china-military-displays-force-toward-taiwan-after-tsai-trip-1.6348646
1094651836,2023-04-10,150,OK_WAYBACK,MATCH,MEDIUM,China stocks fall amid Taiwan tensions; 10 blue-chips soar on debut,기사는 중국의 대만 주변 군사 훈련을 언급하며 '군사 태세'라는 CAMEO 코드 150의 정의와 일치합니다.,http://web.archive.org/web/20230506193849/https://www.marketscreener.com/news/latest/China-stocks-fall-amid-Taiwan-tensions-10-blue-chips-soar-on-debut--43457605/,https://www.marketscreener.com/news/latest/China-stocks-fall-amid-Taiwan-tensions-10-blue-chips-soar-on-debut--43457605/
1094683675,2023-04-10,195,NOTFOUND,-,UNVERIFIED,,본문 확보 실패,,https://www.channel3000.com/news/national-and-world-news/china-appears-to-simulate-first-aircraft-carrier-strike-on-taiwan/article_efea4eec-e491-5671-9220-77ef740002be.html
1094695448,2023-04-10,190,OK_ORIGINAL,MATCH,HIGH,How worried should the world be about China's war games?,"기사는 중국의 대규모 군사 훈련을 상세히 묘사하며, 이는 CAMEO 코드 190(재래식 무력 사용)으로 분류된 사건 유형과 일치합니다.",https://www.dw.com/en/taiwan-how-worrying-are-chinas-wargames/a-65270515,https://www.dw.com/en/taiwan-how-worrying-are-chinas-wargames/a-65270515
1094614228,2023-04-10,150,OK_WAYBACK,MATCH,MEDIUM,China ends Taiwan war games aimed at 'sealing off' island,기사는 중국이 대만을 봉쇄하고 타격하는 것을 시뮬레이션하는 대만 주변의 군사 훈련을 설명하고 있어 CAMEO 코드 150인 '군사 태세'와 일치합니다.,http://web.archive.org/web/20230512164448/https://www.msn.com/en-sg/news/world/china-to-stage-taiwan-live-fire-drills/ar-AA19EMfj,https://www.msn.com/en-sg/news/world/china-to-stage-taiwan-live-fire-drills/ar-AA19EMfj
1094647818,2023-04-10,151,OK_WAYBACK,MATCH,MEDIUM,"China rehearses 'sealing off' Taiwan, US deploys naval destroyer - Daily Tribune","기사는 중국이 대만을 봉쇄하는 훈련을 실시하고 미국이 해군 구축함을 배치한 양안 군사 사건을 다루고 있으며, 이는 경계 수준 강화와 일치합니다.",http://web.archive.org/web/20230410064941/https://tribune.net.ph/2023/04/10/china-rehearses-sealing-off-taiwan-us-deploys-naval-destroyer/,https://tribune.net.ph/2023/04/10/china-rehearses-sealing-off-taiwan-us-deploys-naval-destroyer/
1094663060,2023-04-10,190,OK_ORIGINAL,MATCH,HIGH,China-Taiwan conflict highlights: Taiwan condemns China for undermining 'peace and stability' after military drills,"기사는 중국의 대만 주변 군사 훈련을 상세히 묘사하고 있으며, 이는 CAMEO 코드 190인 '재래식 무력 사용'과 직접적으로 부합합니다.",https://www.hindustantimes.com/world-news/chinataiwan-live-china-practices-sealing-off-taiwan-on-day-3-of-wargames-101681105741190.html,https://www.hindustantimes.com/world-news/chinataiwan-live-china-practices-sealing-off-taiwan-on-day-3-of-wargames-101681105741190.html
1094663063,2023-04-10,191,OK_ORIGINAL,AMBIGUOUS,MEDIUM,China-Taiwan conflict highlights: Taiwan condemns China for undermining 'peace and stability' after military drills,"기사는 중국과 대만 간의 군사 훈련을 다루고 있지만, GDELT 분류 유형인 '봉쇄·이동제한'을 직접적으로 명시하거나 상세히 묘사하지는 않습니다.",https://www.hindustantimes.com/world-news/chinataiwan-live-china-practices-sealing-off-taiwan-on-day-3-of-wargames-101681105741190.html,https://www.hindustantimes.com/world-news/chinataiwan-live-china-practices-sealing-off-taiwan-on-day-3-of-wargames-101681105741190.html
1094686147,2023-04-10,192,OK_WAYBACK,MISMATCH,LOW,Taiwan reports 59 incursions by Chinese planes in 24 hours,"기사는 중국 항공기의 대만 방공식별구역(ADIZ) 침범을 보고하고 있으며, 이는 영토 점령(occupy territory)이 아니라 영공 침범에 해당합니다.",http://web.archive.org/web/20230411050413/https://www.laprensalatina.com/taiwan-reports-59-incursions-by-chinese-planes-in-24-hours/,https://www.laprensalatina.com/taiwan-reports-59-incursions-by-chinese-planes-in-24-hours/
1094610400,2023-04-10,150,NOTFOUND,-,UNVERIFIED,,본문 확보 실패,,https://www.leadertelegram.com/news/world/china-holds-a-second-day-of-military-exercises-around-taiwan/article_8261ae62-24e8-5e58-ab7a-19c52f2704e1.html
1094614229,2023-04-10,150,OK_WAYBACK,MATCH,MEDIUM,China ends Taiwan war games aimed at 'sealing off' island,"기사는 중국이 대만을 봉쇄하는 시뮬레이션을 포함한 군사 훈련을 완료했다고 보도하고 있어, 이는 CAMEO 코드 150인 '군사 태세'에 해당합니다.",http://web.archive.org/web/20230512164448/https://www.msn.com/en-sg/news/world/china-to-stage-taiwan-live-fire-drills/ar-AA19EMfj,https://www.msn.com/en-sg/news/world/china-to-stage-taiwan-live-fire-drills/ar-AA19EMfj
1094618402,2023-04-10,190,NOTFOUND,-,UNVERIFIED,,본문 확보 실패,,https://www.usnews.com/news/world/articles/2023-04-08/china-begins-second-day-of-drills-taiwan-watching-for-missiles
1094625451,2023-04-10,150,NOTFOUND,-,UNVERIFIED,,본문 확보 실패,,https://www.theaustralian.com.au/news/latest-news/china-simulates-taiwan-strikes-in-second-day-of-joint-sword-drills/news-story/e8e6671f7cdb7909f8fe6b14c27755b2?nk=d23ff840b38c138ac9f55adc184aca8d-1681092995
1094645877,2023-04-10,191,OK_ORIGINAL,MISMATCH,LOW,Japan says Chinese carrier conducted air operations close to its islands - Asia & Pacific - The Jakarta Post,"기사는 중국 항공모함의 일본 인근 해상 활동과 대만에 대한 중국의 모의 '봉쇄' 훈련을 다루고 있지만, GDELT가 분류한 '봉쇄·이동제한' 사건은 양안 군사 사건에 직접적으로 해당하지 않으며, 기사의 초점은 일본 섬 근처의 중국 항공모함 활동과 대만 해협에서의 훈련에 더 맞춰져 있습니다.",https://www.thejakartapost.com/world/2023/04/10/japan-says-chinese-carrier-conducted-air-operations-close-to-its-islands.html,https://www.thejakartapost.com/world/2023/04/10/japan-says-chinese-carrier-conducted-air-operations-close-to-its-islands.html
1094647821,2023-04-10,191,OK_WAYBACK,MATCH,MEDIUM,"China rehearses 'sealing off' Taiwan, US deploys naval destroyer - Daily Tribune","기사는 중국이 대만을 '봉쇄'하는 군사 훈련을 시뮬레이션했다고 명시하고 있으며, 이는 CAMEO 코드 191: 봉쇄·이동제한(blockade/restrict movement)과 일치합니다.",http://web.archive.org/web/20230410064941/https://tribune.net.ph/2023/04/10/china-rehearses-sealing-off-taiwan-us-deploys-naval-destroyer/,https://tribune.net.ph/2023/04/10/china-rehearses-sealing-off-taiwan-us-deploys-naval-destroyer/
1094669752,2023-04-10,150,OK_ORIGINAL,MATCH,HIGH,"China's military drills ‘more muted’ to avoid disrupting sea lanes, trade after reopening: Analysts","기사는 중국이 대만 주변에서 실시한 군사 훈련을 상세히 설명하고 있으며, 이는 GDELT의 '군사 태세' 분류와 일치합니다.",https://www.channelnewsasia.com/asia/china-military-drills-tsai-ing-wen-visit-united-states-muted-nancy-pelosi-taiwan-analysts-3407761,https://www.channelnewsasia.com/asia/china-military-drills-tsai-ing-wen-visit-united-states-muted-nancy-pelosi-taiwan-analysts-3407761
1094716086,2023-04-03,150,OK_ORIGINAL,MISMATCH,LOW,"BNN Bloomberg - Canada Business News, TSX Today, Oil and Energy Prices","해당 기사는 캐나다의 경제 및 비즈니스 뉴스를 다루고 있으며, 중국-대만 간의 군사 사건과는 전혀 관련이 없습니다.",https://www.bnnbloomberg.ca/french-lawmakers-to-visit-taiwan-amid-tensions-with-china-1.1905894,https://www.bnnbloomberg.ca/french-lawmakers-to-visit-taiwan-amid-tensions-with-china-1.1905894
1094750468,2023-04-10,151,NOTFOUND,-,UNVERIFIED,,본문 확보 실패,,https://www.newsweek.com/taiwan-china-us-navy-aircraft-carrier-shandong-1793411
1094793361,2023-04-10,150,OK_WAYBACK,MATCH,MEDIUM,Taiwan: How worried should the world be about China's wargames?,"기사는 중국의 대만 주변 군사 훈련을 상세히 묘사하며, 이는 GDELT의 CAMEO 코드 150 '군사 태세'에 명확히 부합합니다.",http://web.archive.org/web/20230514005255/https://www.msn.com/en-xl/news/other/taiwan-how-worried-should-the-world-be-about-chinas-wargames/ar-AA19G8nv,https://www.msn.com/en-xl/news/other/taiwan-how-worried-should-the-world-be-about-chinas-wargames/ar-AA19G8nv
1094793371,2023-04-10,150,OK_WAYBACK,MATCH,MEDIUM,Taiwan: How worried should the world be about China's wargames?,"기사는 중국의 대만 주변 군사 훈련을 상세히 묘사하며, 이는 '군사 태세'로 분류된 CAMEO 코드 150에 부합하는 양안 군사 사건에 해당합니다.",http://web.archive.org/web/20230514005255/https://www.msn.com/en-xl/news/other/taiwan-how-worried-should-the-world-be-about-chinas-wargames/ar-AA19G8nv,https://www.msn.com/en-xl/news/other/taiwan-how-worried-should-the-world-be-about-chinas-wargames/ar-AA19G8nv
1094737769,2023-04-10,151,OK_ORIGINAL,MATCH,HIGH,"China's military sent warships, warplanes toward Taiwan in display of force after Tsai trip","기사는 중국 군대가 대만을 봉쇄하는 대규모 군사 훈련을 실시하여 경계 수준을 높이는 것으로 볼 수 있으며, 이는 CAMEO 코드 151 '경계 수준 강화'와 일치합니다.",https://www.usatoday.com/story/news/politics/2023/04/10/taiwan-president-us-china-military-show-force/11633989002/,https://www.usatoday.com/story/news/politics/2023/04/10/taiwan-president-us-china-military-show-force/11633989002/
1094615703,2023-04-10,150,OK_ORIGINAL,MATCH,HIGH,World News: China simulates striking Taiwan,"기사는 중국이 대만을 타격하는 군사 훈련을 시뮬레이션했다는 내용을 다루고 있으며, 이는 CAMEO 코드 150 '군사 태세'에 해당합니다.",https://www.gdnonline.com/Details/1228919,https://www.gdnonline.com/Details/1228919
1094673785,2023-04-10,190,OK_ORIGINAL,MATCH,HIGH,"Shandong aircraft carrier group hosts J-15 fighter sorties on final day of PLA drills encircling Taiwan island, forming blockade - Global Times",기사는 대만을 둘러싼 중국의 군사 훈련에서 항공모함과 전투기가 동원된 상황을 묘사하고 있어 CAMEO 코드 190인 재래식 무력 사용과 일치합니다.,https://www.globaltimes.cn/page/202304/1288803.shtml,https://www.globaltimes.cn/page/202304/1288803.shtml
1094823456,2023-04-10,150,OK_ORIGINAL,MATCH,HIGH,China brandishes military options in exercises around Taiwan - The Boston Globe,기사는 중국이 대만 주변에서 군사 훈련을 실시하며 군사적 옵션을 과시하는 내용을 다루고 있어 CAMEO 코드 150(군사 태세)과 일치합니다.,https://www.bostonglobe.com/2023/04/10/world/china-brandishes-military-options-exercises-around-taiwan/,https://www.bostonglobe.com/2023/04/10/world/china-brandishes-military-options-exercises-around-taiwan/
1182027932,2024-06-16,150,OK_ORIGINAL,MATCH,HIGH,US diplomat warns China's provoking of Taiwan risks conflict,"기사는 중국의 대만 침공 위험에 대한 미국 외교관의 경고를 다루고 있으며, 이는 군사 태세(military posturing)로 분류될 수 있습니다.",https://www.shanghaisun.com/news/274412212/us-diplomat-warns-chinas-provoking-of-taiwan-risks-conflict,https://www.shanghaisun.com/news/274412212/us-diplomat-warns-chinas-provoking-of-taiwan-risks-conflict
1114115212,2023-07-11,191,NOTFOUND,-,UNVERIFIED,,본문 확보 실패,,https://www.marketscreener.com/news/latest/Taiwan-drills-to-involve-civilian-airports-practice-keeping-sea-lanes-open--44307181/
1114119483,2023-07-11,191,NOTFOUND,-,UNVERIFIED,,본문 확보 실패,,https://www.reuters.com/world/asia-pacific/taiwan-drills-involve-civilian-airports-practice-keeping-sea-lanes-open-2023-07-11/
1102717146,2023-05-16,150,OK_ORIGINAL,AMBIGUOUS,MEDIUM,Chinese general calls for novel warfare capabilities - Taipei Times,"기사는 중국의 군사력 강화 및 미래 전쟁 대비에 대한 내용을 다루고 있으나, 명시적으로 양안 군사 사건을 직접적으로 묘사하고 있지는 않아 분류 유형과의 정확한 부합 여부가 애매합니다.",https://www.taipeitimes.com/News/world/archives/2023/05/17/2003799960,https://www.taipeitimes.com/News/world/archives/2023/05/17/2003799960
1102674603,2023-05-16,154,OK_ORIGINAL,MATCH,HIGH,China to ramp up preparations for war amid Taiwan’s buying US weapons — top brass,기사는 중국이 대만 무기 구매에 대응하여 전쟁 대비를 강화하고 군사 훈련을 확대하겠다는 내용을 다루고 있어 CAMEO 코드 154(군사 동원·증강)와 일치합니다.,https://tass.com/world/1618289,https://tass.com/world/1618289
1102584238,2023-05-16,150,NOTFOUND,-,UNVERIFIED,,본문 확보 실패,,https://www.usnews.com/news/world/articles/2023-05-16/with-eye-on-ukraine-top-chinese-general-calls-for-unconventional-warfare-capabilities
1098279651,2023-04-26,154,NOTFOUND,-,UNVERIFIED,,본문 확보 실패,,https://www.thesundaily.my/world/taiwan-to-prepare-for-chinese-blockade-in-annual-war-drills-PI10904920
1098269750,2023-04-26,195,NOTFOUND,-,UNVERIFIED,,본문 확보 실패,,https://www.mykxlg.com/news/world/china-opposes-taiwan-us-defense-and-military-exchanges/article_c257aff9-e67b-52ac-837d-9cd1a99cccbb.html
1098302858,2023-04-26,154,OK_ORIGINAL,MATCH,HIGH,Taiwan to prepare for Chinese blockade in annual war drills,"기사는 대만의 연례 전쟁 훈련이 중국의 봉쇄 시뮬레이션을 포함하며, 이는 양안 군사적 긴장 상황에서 군사 동원 및 증강으로 볼 수 있기 때문에 GDELT의 CAMEO 코드 154(군사 동원·증강)와 일치합니다.",https://www.spacewar.com/reports/Taiwan_to_prepare_for_Chinese_blockade_in_annual_war_drills_999.html,https://www.spacewar.com/reports/Taiwan_to_prepare_for_Chinese_blockade_in_annual_war_drills_999.html
1098227565,2023-04-26,190,NOTFOUND,-,UNVERIFIED,,본문 확보 실패,,"https://www.streetinsider.com/Reuters/Taiwan+war+games+to+focus+on+combating+blockade,+preserving+forces/21552507.html"
1098243632,2023-04-26,191,EMPTY,-,UNVERIFIED,,본문 확보 실패,,https://www.msn.com/en-us/news/world/taiwan-war-games-to-focus-on-piercing-blockade-preserving-forces/ar-AA1alQZF
1098341661,2023-04-26,191,EMPTY,-,UNVERIFIED,,본문 확보 실패,,https://www.msn.com/en-xl/news/other/chinese-military-blockade-in-focus-as-taiwan-prepares-for-annual-han-kuang-war-games/ar-AA1amXSK
1098364568,2023-04-26,191,OK_ORIGINAL,MATCH,HIGH,Taiwan army to prepare for Chinese blockade,기사는 대만 군대가 중국 봉쇄를 상정하고 훈련할 것이라는 내용을 담고 있어 CAMEO 코드 191(봉쇄·이동제한)과 일치합니다.,https://www.manilatimes.net/2023/04/27/news/world/taiwan-army-to-prepare-for-chinese-blockade/1888849,https://www.manilatimes.net/2023/04/27/news/world/taiwan-army-to-prepare-for-chinese-blockade/1888849
1098227566,2023-04-26,190,NOTFOUND,-,UNVERIFIED,,본문 확보 실패,,"https://www.streetinsider.com/Reuters/Taiwan+war+games+to+focus+on+combating+blockade,+preserving+forces/21552507.html"
1098393569,2023-04-26,150,OK_ORIGINAL,AMBIGUOUS,MEDIUM,China might use AI to sow chaos: NSB - Taipei Times,"기사는 중국의 AI를 활용한 대만 대상 인지전 위협을 다루고 있어 군사적 긴장감을 내포하지만, GDELT의 '군사 태세' 분류는 물리적인 군사 행동이나 위협에 더 초점을 맞출 수 있어 직접적으로 일치한다고 보기 어렵습니다.",https://www.taipeitimes.com/News/taiwan/archives/2023/04/27/2003798692,https://www.taipeitimes.com/News/taiwan/archives/2023/04/27/2003798692
1098243627,2023-04-26,190,EMPTY,-,UNVERIFIED,,본문 확보 실패,,https://www.msn.com/en-us/news/world/taiwan-war-games-to-focus-on-piercing-blockade-preserving-forces/ar-AA1alQZF
1098282633,2023-04-26,191,EMPTY,-,UNVERIFIED,,본문 확보 실패,,https://www.msn.com/en-us/news/world/taiwan-drills-to-focus-on-piercing-blockade-get-five-eyes-intelligence-link/ar-AA1amhir
1251940218,2025-07-14,150,OK_ORIGINAL,MATCH,HIGH,Lai inspects Kaohsiung naval mine drill as Han Kuang enters day 6 - Focus Taiwan,"기사는 대만 해군이 강한(Han Kuang) 군사 훈련의 일환으로 군사 훈련을 실시하는 것을 설명하고 있으며, 이는 CAMEO 코드 150 '군사 태세'에 해당합니다.",https://focustaiwan.tw/politics/202507140021,https://focustaiwan.tw/politics/202507140021
1251994411,2025-07-14,194,OK_ORIGINAL,AMBIGUOUS,MEDIUM,"Taiwan deploys HIMARS, Patriot, Stinger weapons in China invasion exercise","기사는 대만과 중국의 군사적 긴장을 다루고 있지만, 실제 무력 충돌이 아닌 훈련에 대한 내용으로 중화기 무력충돌(armed clash, heavy weapons)이라는 CAMEO 코드 194와는 직접적으로 일치하지 않습니다.",https://www.newsweek.com/taiwan-han-kuang-exercise-himars-patriot-stinger-weapons-us-china-2098637,https://www.newsweek.com/taiwan-han-kuang-exercise-himars-patriot-stinger-weapons-us-china-2098637
1251858943,2025-07-14,194,OK_ORIGINAL,AMBIGUOUS,MEDIUM,Shoulder-fired Stinger missiles make rare appearance during Taipei metro drills - Focus Taiwan,"기사에서 훈련 중 발생한 미사일 등장에 대해 언급하고 있으나, 실제 무력 충돌이 아닌 훈련 시뮬레이션이라는 점에서 중화기 무력충돌과는 거리가 있습니다.",https://focustaiwan.tw:443/politics/202507140006,https://focustaiwan.tw:443/politics/202507140006
1138823576,2023-11-08,154,OK_ORIGINAL,MISMATCH,LOW,He Lifeng: China’s New Economic Czar or Executor of Xi’s Orders?,"본 기사는 중국의 경제 정책 결정자에 관한 내용이며, 양안 군사 사건과는 전혀 관련이 없습니다.",https://www.voanews.com/a/he-lifeng-china-s-new-economic-czar-or-executor-of-xi-s-orders-/7346253.html,https://www.voanews.com/a/he-lifeng-china-s-new-economic-czar-or-executor-of-xi-s-orders-/7346253.html
1173496317,2024-05-03,190,NOTFOUND,-,UNVERIFIED,,본문 확보 실패,,https://www.marketscreener.com/quote/index/MSCI-TAIWAN-STRD-107361484/news/Taiwan-says-Chinese-planes-crossed-median-line-China-carries-out-landing-drills-46612718/
1173505583,2024-05-03,190,OK_ORIGINAL,AMBIGUOUS,MEDIUM,Taiwan detects Chinese aircraft around island,"기사에서 중국 항공기와 해군의 훈련에 대한 언급이 있지만, 재래식 무력 사용(use conventional force)에 해당하는 실제 군사적 충돌이나 공격에 대한 명확한 증거는 제시되지 않았습니다.",https://www.dw.com/en/taiwan-detects-chinese-aircraft-around-island/a-68984926,https://www.dw.com/en/taiwan-detects-chinese-aircraft-around-island/a-68984926
1205949381,2024-10-24,151,NOTFOUND,-,UNVERIFIED,,본문 확보 실패,,https://www.telegraph.co.uk/news/2024/10/24/china-taiwan-invasion-usa-japan-costs-war-defence/
1206012482,2024-10-24,190,OK_ORIGINAL,AMBIGUOUS,MEDIUM,Taiwan president to visit frontline islands with China for battle anniversary,"기사는 양안 군사 사건을 다루고 있지만, 재래식 무력 사용(use conventional force)보다는 상징적인 방문과 과거 군사 사건 언급에 초점이 맞춰져 있어 직접적인 무력 사용을 분류하기는 어렵습니다.",https://www.yahoo.com/news/taiwan-president-visit-frontline-islands-105319359.html,https://www.yahoo.com/news/taiwan-president-visit-frontline-islands-105319359.html
1206014328,2024-10-24,190,OK_ORIGINAL,AMBIGUOUS,MEDIUM,Taiwan president to visit frontline islands with China for battle anniversary,"기사는 대만의 양안 군사적 긴장과 관련된 75주년 전투 기념일 방문을 다루고 있으나, 실제 재래식 무력 사용(use conventional force)과 같은 직접적인 군사 사건을 묘사하지는 않습니다.",https://www.yahoo.com/news/taiwan-president-visit-frontline-islands-105319359.html,https://www.yahoo.com/news/taiwan-president-visit-frontline-islands-105319359.html
1292037385,2026-03-03,192,OK_ORIGINAL,MISMATCH,LOW,Heavy rain advisory in effect for Nantou County - Focus Taiwan,"이 기사는 폭우 경보에 관한 기사로, 영토 점령과 같은 군사 사건과는 전혀 관련이 없습니다.",https://focustaiwan.tw:443/society/202603030004,https://focustaiwan.tw:443/society/202603030004
1222615605,2025-01-24,190,OK_WAYBACK,AMBIGUOUS,MEDIUM,Rubio clashes with China FM on Taiwan,"기사는 대만 관련 외교적 충돌을 다루고 있으나, CAMEO 코드 190(재래식 무력 사용)과 직접적으로 일치하는 군사적 사건을 묘사하고 있지는 않습니다.",http://web.archive.org/web/20250126044223/https://www.yahoo.com/news/rubio-clashes-china-fm-taiwan-213227617.html,https://www.yahoo.com/news/rubio-clashes-china-fm-taiwan-213227617.html
1222616341,2025-01-24,190,OK_WAYBACK,MISMATCH,LOW,Rubio clashes with China FM on Taiwan,"이 기사는 미중 외교관 간의 대화와 관련된 내용으로, 재래식 무력 사용을 묘사하고 있지 않습니다.",http://web.archive.org/web/20250126044223/https://www.yahoo.com/news/rubio-clashes-china-fm-taiwan-213227617.html,https://www.yahoo.com/news/rubio-clashes-china-fm-taiwan-213227617.html
1222616342,2025-01-24,190,OK_WAYBACK,MISMATCH,LOW,Rubio clashes with China FM on Taiwan,"이 기사는 양안 간의 외교적, 정치적 긴장 상황에 대한 내용이며, 재래식 무력 사용과 같은 군사적 사건을 직접적으로 묘사하고 있지 않습니다.",http://web.archive.org/web/20250126044223/https://www.yahoo.com/news/rubio-clashes-china-fm-taiwan-213227617.html,https://www.yahoo.com/news/rubio-clashes-china-fm-taiwan-213227617.html
1222615606,2025-01-24,190,OK_WAYBACK,MISMATCH,LOW,Rubio clashes with China FM on Taiwan,"기사는 대만 관련 외교적 갈등에 관한 것이며, 실제 재래식 무력 사용은 발생하지 않았습니다.",http://web.archive.org/web/20250126044223/https://www.yahoo.com/news/rubio-clashes-china-fm-taiwan-213227617.html,https://www.yahoo.com/news/rubio-clashes-china-fm-taiwan-213227617.html
641461226,2017-03-29,190,NOTFOUND,-,UNVERIFIED,,본문 확보 실패,,Quotes package from BBC Monitoring in English/BBC Monitoring/(c) BBC
1107524848,2023-06-08,192,OK_WAYBACK,MISMATCH,LOW,37 Chinese warplanes cross into Taiwan’s defense zone,"기사는 중국의 군사 항공기들이 대만의 방공식별구역에 진입한 사건을 다루고 있지만, 이는 영토 점령(occupy territory)이 아니라 영공 침범이나 위협적인 활동으로 볼 수 있습니다.",http://web.archive.org/web/20230608062337/https://www.arabnews.com/node/2317901/world,https://www.arabnews.com/node/2317901/world
1107508546,2023-06-08,154,EMPTY,-,UNVERIFIED,,본문 확보 실패,,https://www.msn.com/en-gb/news/world/chinas-air-force-stages-new-mass-incursion-near-taiwan/ar-AA1cgOj3
1107529386,2023-06-08,192,OK_ORIGINAL,MISMATCH,LOW,37 Chinese warplanes cross into Taiwan's defence zone - World News,"기사는 중국 군용기가 대만 방공식별구역에 진입한 사건을 다루고 있으며, 이는 영토 점령과는 직접적인 관련이 없습니다.",https://www.hurriyetdailynews.com/37-chinese-warplanes-cross-into-taiwans-defence-zone-183784,https://www.hurriyetdailynews.com/37-chinese-warplanes-cross-into-taiwans-defence-zone-183784
1107529387,2023-06-08,192,OK_ORIGINAL,MISMATCH,LOW,37 Chinese warplanes cross into Taiwan's defence zone - World News,"기사는 중국의 군용기들이 대만의 방공식별구역(ADIZ)에 진입한 사건을 보도하고 있으며, 이는 영토 점령과는 거리가 먼 행동입니다.",https://www.hurriyetdailynews.com/37-chinese-warplanes-cross-into-taiwans-defence-zone-183784,https://www.hurriyetdailynews.com/37-chinese-warplanes-cross-into-taiwans-defence-zone-183784
1043935343,2022-05-05,192,OK_ORIGINAL,AMBIGUOUS,MEDIUM,"South China Sea conflict: US, China, exchange pushbacks over Taiwan Strait activities - EconoTimes","기사 제목은 대만 해협 활동에 대한 미국과 중국의 입장 충돌을 언급하지만, 본문은 이스라엘-이란, 페루 선거, 이란-미국 헬리콥터 격추 등 다양한 다른 사건들을 나열하고 있어 양안 군사 사건에 대한 명확한 내용이나 영토 점령이라는 분류 유형과의 직접적인 연관성을 찾기 어렵습니다.",https://econotimes.com/South-China-Sea-conflict-US-China-exchange-pushbacks-over-Taiwan-Strait-activities-1633225,https://econotimes.com/South-China-Sea-conflict-US-China-exchange-pushbacks-over-Taiwan-Strait-activities-1633225
1044464750,2022-05-15,195,OK_ORIGINAL,AMBIGUOUS,MEDIUM,"China could drop nuclear bomb on Taiwan, predicts war game exercise","기사는 중국의 대만 침공 시 핵무기 사용 가능성을 예측하는 '전시 시뮬레이션'에 관한 것으로, 실제로 공중 무기가 사용된 사건을 다루고 있지 않아 분류 유형과 정확히 일치한다고 보기 어렵습니다.",https://www.bignewsnetwork.com/news/272552408/china-could-drop-nuclear-bomb-on-taiwan-predicts-war-game-exercise,https://www.bignewsnetwork.com/news/272552408/china-could-drop-nuclear-bomb-on-taiwan-predicts-war-game-exercise
1044461631,2022-05-15,195,OK_ORIGINAL,MISMATCH,LOW,"China could drop nuclear bomb on Taiwan, predicts war game exercise","기사는 잠재적인 핵무기 사용에 대한 시뮬레이션(워게임)을 다루고 있으며, 실제 발생한 공중무기 사용 사건을 보고하는 것이 아닙니다.",https://news.webindia123.com/news/Articles/World/20220515/3941913.html,https://news.webindia123.com/news/Articles/World/20220515/3941913.html
1102476888,2023-05-15,154,OK_ORIGINAL,AMBIGUOUS,MEDIUM,Chinese Warships Circle Japan Amid Missile Defense System Deployment,"기사는 중국 군함이 대만 근처 섬에 일본의 미사일 방어 시스템이 배치되는 가운데 일본 주변을 항해하고 있다는 내용을 다루고 있으며, 이는 양안 군사 사건과 관련될 수 있으나 GDELT의 '군사 동원/증강' 유형과 직접적으로 부합하는지 명확하지 않습니다.",https://www.theepochtimes.com/chinese-warships-circle-japan-amid-missile-defense-system-deployment_5265446.html,https://www.theepochtimes.com/chinese-warships-circle-japan-amid-missile-defense-system-deployment_5265446.html
604615050,2016-12-02,193,OK_ORIGINAL,MISMATCH,LOW,Taiwan Containerized Scrap import prices shoot up to $230 a ton - Shanghai Metals Market (SMM),"본 기사는 대만 컨테이너 스크랩 수입 가격 상승에 대한 경제 뉴스이며, GDELT가 분류한 소형 무기 충돌과 같은 군사 사건과는 전혀 관련이 없습니다.",https://news.metal.com/newscontent/100713202/taiwan-containerized-scrap-import-prices-shoot-up-to-230-a-ton,https://news.metal.com/newscontent/100713202/taiwan-containerized-scrap-import-prices-shoot-up-to-230-a-ton
1018986010,2021-12-14,154,OK_ORIGINAL,MATCH,HIGH,"China may use drills to launch invasion, warns Taiwan","기사는 중국이 훈련을 명목으로 병력을 배치하고 대만을 침공할 수 있다는 대만 국방부의 경고를 다루고 있으며, 이는 군사 동원 및 증강에 해당합니다.",https://www.bignewsnetwork.com/news/271935762/china-may-use-drills-to-launch-invasion-warns-taiwan,https://www.bignewsnetwork.com/news/271935762/china-may-use-drills-to-launch-invasion-warns-taiwan
1019119557,2021-12-14,194,OK_ORIGINAL,AMBIGUOUS,MEDIUM,Invasion difficult to achieve: report - Taipei Times,"기사는 중국의 대만 침공 가능성과 그에 따른 군사적 어려움에 대해 논하고 있지만, 실제 무력 충돌이 발생했음을 명시하지 않고 잠재적인 시나리오에 대한 평가에 초점을 맞추고 있어 CAMEO 코드 194 (중화기 무력충돌)와 직접적으로 일치한다고 보기 어렵습니다.",https://www.taipeitimes.com/News/taiwan/archives/2021/12/15/2003769631,https://www.taipeitimes.com/News/taiwan/archives/2021/12/15/2003769631
1196499758,2024-09-05,154,OK_ORIGINAL,MATCH,HIGH,Taiwan reports increased Chinese military activity near its territory,"기사는 중국의 대만 영토 근처에서의 군사 활동 증가를 보고하며, 이는 CAMEO 코드 154 (군사 동원·증강)와 일치합니다.",https://economictimes.indiatimes.com/news/defence/taiwan-reports-increased-chinese-military-activity-near-its-territory/articleshow/113078838.cms,https://economictimes.indiatimes.com/news/defence/taiwan-reports-increased-chinese-military-activity-near-its-territory/articleshow/113078838.cms
1196619287,2024-09-05,190,OK_ORIGINAL,MISMATCH,LOW,EDITORIAL: China is unreliable trade partner - Taipei Times,"기사는 중국과 대만 간의 무역 분쟁에 관한 내용을 다루고 있으며, 재래식 무력 사용과는 직접적인 관련이 없습니다.",https://www.taipeitimes.com/News/editorials/archives/2024/09/06/2003823330,https://www.taipeitimes.com/News/editorials/archives/2024/09/06/2003823330
1030198870,2022-02-24,154,OK_ORIGINAL,MISMATCH,LOW,Repression at home and aggression abroad: There’s no humanity in Putin’s cause,"기사는 러시아-우크라이나 전쟁을 다루고 있으며, 중국-대만 간 군사 사건과는 관련이 없습니다.",https://www.theage.com.au/world/europe/repression-at-home-and-aggression-abroad-there-s-no-humanity-in-putin-s-cause-20220224-p59zhx.html,https://www.theage.com.au/world/europe/repression-at-home-and-aggression-abroad-there-s-no-humanity-in-putin-s-cause-20220224-p59zhx.html
1030101837,2022-02-24,194,OK_ORIGINAL,AMBIGUOUS,MEDIUM,Taiwan Foreign Minister Calls US Help Critical to Deterring War with China,"기사는 중국과 대만 간의 잠재적 군사적 긴장과 대만의 방어 전략에 대해 논하고 있지만, 실제로 발생한 중화기 무력충돌에 대한 구체적인 내용은 언급하지 않고 있습니다.",https://www.voanews.com/a/taiwan-foreign-minister-calls-us-help-critical-to-deterring-war-with-china-/6456995.html,https://www.voanews.com/a/taiwan-foreign-minister-calls-us-help-critical-to-deterring-war-with-china-/6456995.html
1030159003,2022-02-24,190,OK_ORIGINAL,MATCH,HIGH,Taiwan warns Chinese aircraft in its air defense zone | The Jerusalem Post,"기사는 대만 방공 식별 구역에 진입한 중국 항공기를 대만 공군이 경고하고 미사일로 감시했다는 내용을 담고 있어, 이는 재래식 무력 사용에 해당하는 군사적 행위로 분류 유형과 일치합니다.",https://www.jpost.com/breaking-news/article-698521,https://www.jpost.com/breaking-news/article-698521
614756781,2017-01-06,190,OK_ORIGINAL,MISMATCH,LOW,Taiwan's President and Pro-China Opposition Leader both Plan U.S. Visits,"이 기사는 대만과 중국 간의 정치적, 외교적 긴장과 관련된 내용을 다루고 있지만, 실제 재래식 무력 사용과 같은 군사적 사건을 묘사하고 있지 않습니다.",http://foreignpolicyblogs.com/2017/01/06/taiwan-president-pro-china-opposition-leader-plan-us-visits/,http://foreignpolicyblogs.com/2017/01/06/taiwan-president-pro-china-opposition-leader-plan-us-visits/
618996853,2017-01-13,190,OK_WAYBACK,MISMATCH,LOW,"Amid tension, Taiwan says wants ""new era"" of peace with China","기사는 중국과 대만 간의 긴장 상태와 평화적인 해결을 촉구하는 내용을 다루고 있으며, 재래식 무력 사용이라는 GDELT 분류와는 일치하지 않습니다.",http://web.archive.org/web/20170120094234/http://in.reuters.com/article/taiwan-china-idINKBN1540TV,http://in.reuters.com/article/taiwan-china-idINKBN1540TV
618996852,2017-01-13,190,OK_WAYBACK,AMBIGUOUS,MEDIUM,"Amid tension, Taiwan says wants ""new era"" of peace with China","기사는 양안 간의 긴장 상황을 다루지만, '재래식 무력 사용'이라는 GDELT 분류 유형과는 달리 평화를 위한 대화와 외교적 노력을 강조하고 있으며 실제 군사적 무력 사용은 언급되지 않았습니다.",http://web.archive.org/web/20170120094234/http://in.reuters.com/article/taiwan-china-idINKBN1540TV,http://in.reuters.com/article/taiwan-china-idINKBN1540TV
1137188919,2023-10-31,192,OK_ORIGINAL,AMBIGUOUS,MEDIUM,Ex-Pentagon official urges US support for Taiwan - Taipei Times,"기사는 중국의 대만 야망과 이에 대한 미국의 대응을 논하고 있지만, 직접적인 영토 점령 사건을 보도하는 내용은 아닙니다.",https://www.taipeitimes.com/News/front/archives/2023/11/01/2003808518,https://www.taipeitimes.com/News/front/archives/2023/11/01/2003808518
1098762463,2023-04-28,190,OK_ORIGINAL,MISMATCH,LOW,"Chinese TB-001 drone flies around Taiwan in rare encirclement, says island’s military","기사는 중국의 TB-001 드론이 대만 주변을 비행한 사건을 보도하고 있으나, 재래식 무력 사용(use conventional force)에 해당하지 않으므로 GDELT 분류 유형과 일치하지 않습니다.",https://www.theguardian.com/world/2023/apr/28/chinese-tb-001-combat-drone-flies-around-taiwan-says-islands-military,https://www.theguardian.com/world/2023/apr/28/chinese-tb-001-combat-drone-flies-around-taiwan-says-islands-military
1098757666,2023-04-28,190,NOTFOUND,-,UNVERIFIED,,본문 확보 실패,,https://www.streetinsider.com/Reuters/Taiwan+says+Chinese+combat+drone+circled+island/21570995.html
1098757671,2023-04-28,190,OK_ORIGINAL,AMBIGUOUS,MEDIUM,Taiwan says Chinese combat drone circled island,"중국 전투 드론이 대만 주변을 비행했다는 내용은 군사적 긴장 고조를 보여주지만, 발포나 대만 영공 침범 없이 이루어진 비행은 '재래식 무력 사용'으로 분류하기에는 모호한 측면이 있습니다.",https://news.yahoo.com/taiwan-says-chinese-combat-drone-023835507.html,https://news.yahoo.com/taiwan-says-chinese-combat-drone-023835507.html
1098757668,2023-04-28,190,OK_ORIGINAL,AMBIGUOUS,MEDIUM,Taiwan says Chinese combat drone circled island,"중국 전투 드론이 대만 주변을 비행했다는 내용은 양안 군사 사건이지만, 재래식 무력 사용(use conventional force)이라는 분류 유형에 직접적으로 해당하는 구체적인 무력 행사가 있었다고 명시되어 있지 않아 애매합니다.",https://news.yahoo.com/taiwan-says-chinese-combat-drone-023835507.html,https://news.yahoo.com/taiwan-says-chinese-combat-drone-023835507.html
1098926118,2023-04-28,190,OK_ORIGINAL,MISMATCH,LOW,Chinese combat drone encircles Taiwan for first time | International,"기사 내용은 중국의 군사 활동(정찰기, 전투기, 군함 등)이 대만 주변에서 감지되었다는 것이며, 이는 재래식 무력의 '사용'으로 분류되기보다는 군사적 시위나 위협에 해당하므로 CAMEO 코드 190과는 부합하지 않습니다.",https://www.devdiscourse.com/article/international/2433800-chinese-combat-drone-encircles-taiwan-for-first-time,https://www.devdiscourse.com/article/international/2433800-chinese-combat-drone-encircles-taiwan-for-first-time
1098757669,2023-04-28,190,OK_ORIGINAL,AMBIGUOUS,MEDIUM,Taiwan says Chinese combat drone circled island,"중국 전투 드론이 대만 주변을 비행한 사건이지만, GDELT 분류 유형인 '재래식 무력 사용'은 실제 발포나 군사적 충돌을 포함하는 보다 직접적인 무력 행사를 지칭하는 것으로 해석될 수 있어 명확하게 일치한다고 보기 어렵습니다.",https://news.yahoo.com/taiwan-says-chinese-combat-drone-023835507.html,https://news.yahoo.com/taiwan-says-chinese-combat-drone-023835507.html
1098809529,2023-04-28,190,EMPTY,-,UNVERIFIED,,본문 확보 실패,,https://www.msn.com/en-my/news/national/chinese-scorpion-combat-drone-circles-taiwan/ar-AA1asCKi
1098873934,2023-04-28,190,EMPTY,-,UNVERIFIED,,본문 확보 실패,,https://www.msn.com/en-xl/news/other/taiwan-detects-chinese-combat-drones-circling-the-island-for-the-first-time/ar-AA1atCMF
1098757667,2023-04-28,190,NOTFOUND,-,UNVERIFIED,,본문 확보 실패,,https://www.streetinsider.com/Reuters/Taiwan+says+Chinese+combat+drone+circled+island/21570995.html
1098821616,2023-04-28,151,OK_WAYBACK,MATCH,MEDIUM,"China Flies 38 Fighter Jets, 6 Navy Vessels Near Taiwan","기사에서는 중국 군용기 및 해군 함정의 대규모 활동을 보도하며, 이는 대만에 대한 군사적 압박을 강화하고 경계 수준을 높이는 것으로 해석될 수 있어 GDELT 분류 유형과 일치합니다.",http://web.archive.org/web/20230428211544/https://www.theepochtimes.com/china-flies-38-fighter-jets-6-navy-vessels-near-taiwan_5227841.html,https://www.theepochtimes.com/china-flies-38-fighter-jets-6-navy-vessels-near-taiwan_5227841.html
1204328587,2024-10-16,150,OK_ORIGINAL,MISMATCH,LOW,"British foreign secretary expected to visit Beijing, Shanghai","기사는 영국 외무장관의 중국 방문 예정에 관한 내용으로, 양안 군사 사건과는 전혀 관련이 없으며 CAMEO 코드 150 (군사 태세)과는 무관합니다.",https://www.bignewsnetwork.com/news/274713281/british-foreign-secretary-expected-to-visit-beijing-shanghai,https://www.bignewsnetwork.com/news/274713281/british-foreign-secretary-expected-to-visit-beijing-shanghai
1204328588,2024-10-16,150,OK_ORIGINAL,MISMATCH,LOW,"British foreign secretary expected to visit Beijing, Shanghai","이 기사는 영국 외무장관의 중국 방문 예정에 관한 것으로, 양안 군사 사건이나 군사 태세와는 관련이 없습니다.",https://www.bignewsnetwork.com/news/274713281/british-foreign-secretary-expected-to-visit-beijing-shanghai,https://www.bignewsnetwork.com/news/274713281/british-foreign-secretary-expected-to-visit-beijing-shanghai
1204512005,2024-10-16,150,OK_ORIGINAL,MATCH,HIGH,[ LETTER ] - Taipei Times,"기사는 중국 인민해방군(PLA)이 대만 주변에서 실시한 군사 훈련에 대한 대만의 대응을 설명하고 있으며, 이는 GDELT의 '군사 태세' 분류에 해당합니다.",https://www.taipeitimes.com/News/editorials/archives/2024/10/17/2003825419,https://www.taipeitimes.com/News/editorials/archives/2024/10/17/2003825419
1204342543,2024-10-16,150,NOTFOUND,-,UNVERIFIED,,본문 확보 실패,,https://aninews.in/news/world/asia/uk-urges-china-to-exercise-restraint-after-military-drill-around-taiwan20241015231046/
1204484753,2024-10-16,154,OK_ORIGINAL,AMBIGUOUS,MEDIUM,Donovan’s Deep Dives: When Xi Jinping will decide to invade Taiwan - Taipei Times,"기사는 중국의 대만 침공 가능성에 대한 '이론'과 '예측'에 대해 다루고 있으며, 실제 군사 동원이나 증강 행위에 대한 구체적인 내용은 포함하고 있지 않습니다.",https://www.taipeitimes.com/News/feat/archives/2024/10/17/2003825424,https://www.taipeitimes.com/News/feat/archives/2024/10/17/2003825424
643775333,2017-04-05,190,OK_WAYBACK,MISMATCH,LOW,Mr. Xi Goes to Mar-a-Lago,"이 기사는 미국과 중국의 정상 회담에 관한 내용이며, 양안 군사 사건이나 재래식 무력 사용과는 직접적인 관련이 없습니다.",http://web.archive.org/web/20170405183015/https://www.yahoo.com/news/mr-xi-goes-mar-lago-135507958.html,https://www.yahoo.com/news/mr-xi-goes-mar-lago-135507958.html
1087841338,2023-03-05,154,OK_ORIGINAL,MATCH,HIGH,Taiwan: 19 Chinese air force planes entered its air defense zone,"기사는 중국 공군기가 대만 방공식별구역에 진입한 사건을 다루고 있으며, 이는 군사적 동원 및 증강으로 분류될 수 있습니다.",https://www.australiannews.net/news/273594718/taiwan-19-chinese-air-force-planes-entered-its-air-defense-zone,https://www.australiannews.net/news/273594718/taiwan-19-chinese-air-force-planes-entered-its-air-defense-zone
1194218665,2024-08-23,194,OK_WAYBACK,AMBIGUOUS,MEDIUM,Taiwan leader urges unity on Chinese attack anniversary,"기사는 과거의 대규모 포격 사건을 언급하며 현재의 군사적 압박을 경고하고 있지만, GDELT 분류가 '중화기 무력충돌'인 점을 감안할 때 현재 진행 중이거나 발생한 구체적인 무력충돌에 대한 내용은 부족하여 명확한 'MATCH'로 판단하기 어렵습니다.",http://web.archive.org/web/20240824011801/https://www.yahoo.com/news/taiwan-leader-urges-unity-chinese-052743138.html,https://www.yahoo.com/news/taiwan-leader-urges-unity-chinese-052743138.html
1194330171,2024-08-23,190,OK_ORIGINAL,MISMATCH,LOW,Taiwan wants to keep its freedom: Lai - Taipei Times,"기사는 대만 총통의 발언과 역사적 사건을 언급하고 있으나, 현재 시점에서의 재래식 무력 사용(use conventional force)을 직접적으로 묘사하거나 보고하지 않아 CAMEO 코드 190과 일치하지 않습니다.",https://www.taipeitimes.com/News/front/archives/2024/08/24/2003822685,https://www.taipeitimes.com/News/front/archives/2024/08/24/2003822685
1194329575,2024-08-23,190,OK_ORIGINAL,AMBIGUOUS,MEDIUM,Taiwan wants to keep its freedom: Lai - Taipei Times,"기사는 대만 총통이 중국의 위협에 맞서 자유를 지키겠다는 의지를 표명하는 내용을 담고 있으나, 직접적인 재래식 무력 사용에 대한 내용은 명시적으로 언급되지 않아 GDELT의 CAMEO 코드 190과 명확히 일치한다고 보기 어렵습니다.",https://www.taipeitimes.com/News/front/archives/2024/08/24/2003822685,https://www.taipeitimes.com/News/front/archives/2024/08/24/2003822685
1194217938,2024-08-23,193,OK_WAYBACK,MISMATCH,LOW,Taiwan leader urges unity on Chinese attack anniversary,"본 기사는 1958년 중국의 대만 섬 공격 사건을 언급하며 현재의 위협을 경고하는 내용으로, 소형화기 충돌을 묘사하는 현재 진행형의 사건이 아닙니다.",http://web.archive.org/web/20240824011801/https://www.yahoo.com/news/taiwan-leader-urges-unity-chinese-052743138.html,https://www.yahoo.com/news/taiwan-leader-urges-unity-chinese-052743138.html
1085918001,2023-02-21,190,OK_ORIGINAL,MATCH,HIGH,China to turn Cold War jets into suicide drones to attack Taiwan,"기사는 중국이 대만에 대한 공격을 위해 퇴역 전투기를 자살 드론으로 개조할 계획이라고 보도하고 있으며, 이는 재래식 무력 사용에 해당합니다.",https://www.dailymail.co.uk/news/article-11775199/China-planning-turn-retired-Cold-War-fighter-jets-suicide-drones-attack-Taiwan.html,https://www.dailymail.co.uk/news/article-11775199/China-planning-turn-retired-Cold-War-fighter-jets-suicide-drones-attack-Taiwan.html
1148601376,2023-12-28,190,OK_WAYBACK,MISMATCH,LOW,Taiwan’s Presidential frontrunners clash over future of trade with Beijing - Sentinelassam,"이 기사는 대만 대선 후보들의 중국과의 무역 정책에 대한 논쟁을 다루고 있으며, 군사적 사건과는 관련이 없습니다.",http://web.archive.org/web/20231228022247/https://www.sentinelassam.com/international/taiwans-presidential-frontrunners-clash-over-future-of-trade-with-beijing-683348,https://www.sentinelassam.com/international/taiwans-presidential-frontrunners-clash-over-future-of-trade-with-beijing-683348
1148600649,2023-12-28,190,OK_WAYBACK,MISMATCH,LOW,Taiwan’s Presidential frontrunners clash over future of trade with Beijing - Sentinelassam,"기사는 양안의 무력 사용이 아닌, 대만 대선 후보 간의 무역 정책 관련 정치적 논쟁에 대한 내용이므로 CAMEO 코드 190과 부합하지 않습니다.",http://web.archive.org/web/20231228022247/https://www.sentinelassam.com/international/taiwans-presidential-frontrunners-clash-over-future-of-trade-with-beijing-683348,https://www.sentinelassam.com/international/taiwans-presidential-frontrunners-clash-over-future-of-trade-with-beijing-683348
555839110,2016-07-01,194,OK_WAYBACK,MISMATCH,LOW,"Taiwan accidentlу fires missile toward China, hits fishing boat","기사는 대만 군의 실수로 인한 미사일 발사 사건이지만, 중국과 대만 간의 의도적인 군사적 충돌은 아니므로 중화기 무력충돌로 분류하기에는 부적절합니다.",http://web.archive.org/web/20160702182548/http://www.newspaperpost.com/2016/07/01/taiwan-accidentl%D1%83-fires-missile-t%D0%BEward-china-hits-fishing-b%D0%BEat/,http://www.newspaperpost.com/2016/07/01/taiwan-accidentl%D1%83-fires-missile-t%D0%BEward-china-hits-fishing-b%D0%BEat/
555761502,2016-07-01,194,OK_ORIGINAL,MISMATCH,LOW,Taiwan Navy fires missile in error as China's Communists mark birthday,"기사는 대만 해군이 자체 어선을 오발로 타격한 사건으로, 중국과의 군사적 충돌이 아닌 실수로 인한 사고입니다.",http://www.thestar.com.my/news/world/2016/07/01/taiwan-navy-fires-missile-in-error-as-chinas-communists-mark-birthday/,http://www.thestar.com.my/news/world/2016/07/01/taiwan-navy-fires-missile-in-error-as-chinas-communists-mark-birthday/
555820951,2016-07-01,190,NOTFOUND,-,UNVERIFIED,,본문 확보 실패,,http://www.sify.com/news/taiwan-misfires-supersonic-anti-ship-missile-towards-china-news-international-qhbqWDhabehej.html
555711271,2016-07-01,194,OK_ORIGINAL,MISMATCH,LOW,Taiwan mistakenly fires missile towards China,"기사는 대만 자체의 미사일 오발 사건으로, 중화기 사용 등 중국과의 직접적인 무력 충돌이 발생하지 않았으므로 GDELT 분류 유형과 부합하지 않습니다.",http://arynews.tv/en/taiwan-mistakenly-fires-missile-towards-china/,http://arynews.tv/en/taiwan-mistakenly-fires-missile-towards-china/
555720929,2016-07-01,194,OK_ORIGINAL,MATCH,HIGH,Taiwan mistakenly fires supersonic missile towards China,"기사는 대만이 중국을 향해 오발한 초음속 미사일에 대한 내용으로, 중화기를 포함한 양안 간 군사적 충돌 가능성이 있는 사건으로 분류 유형과 부합합니다.",http://www.thehindu.com/news/international/taiwan-mistakenly-fires-supersonic-missile-towards-china/article8796433.ece,http://www.thehindu.com/news/international/taiwan-mistakenly-fires-supersonic-missile-towards-china/article8796433.ece
555765548,2016-07-01,194,OK_ORIGINAL,AMBIGUOUS,MEDIUM,Taiwan 'mistakenly fires' supersonic missile towards China,"기사는 대만의 실수로 미사일을 발사한 사건을 다루고 있지만, 이는 의도적인 무력 충돌이나 중화기 사용보다는 오발 사고에 해당하여 GDELT의 CAMEO 코드 194(중화기 무력충돌)와는 직접적으로 일치하지 않기 때문입니다.",http://www.abc.net.au/news/2016-07-01/taiwan-mistakenly-fires-missile-towards-china/7562290,http://www.abc.net.au/news/2016-07-01/taiwan-mistakenly-fires-missile-towards-china/7562290
555711272,2016-07-01,194,OK_ORIGINAL,MISMATCH,LOW,Taiwan mistakenly fires missile towards China,"기사는 대만이 중국을 향해 미사일을 오발한 사건을 다루고 있으며, 중화기를 사용한 군사 충돌은 발생하지 않아 CAMEO 코드 194(중화기 무력충돌)와 부합하지 않습니다.",http://arynews.tv/en/taiwan-mistakenly-fires-missile-towards-china/,http://arynews.tv/en/taiwan-mistakenly-fires-missile-towards-china/
555741196,2016-07-01,194,OK_WAYBACK,MATCH,MEDIUM,Taiwan mistakenly launches supersonic missile at China  | Indiablooms - First Portal on Digital News Management,"기사는 대만이 중국 방향으로 초음속 미사일을 발사한 사건을 다루고 있으며, 이는 중화기를 동반한 무력 충돌로 볼 수 있으므로 GDELT 분류 유형과 일치합니다.",http://web.archive.org/web/20160702144443/http://indiablooms.com/ibns_new/world-details/F/7336/taiwan-mistakenly-launches-supersonic-missile-at-china.html,http://indiablooms.com/ibns_new/world-details/F/7336/taiwan-mistakenly-launches-supersonic-missile-at-china.html
555834919,2016-07-01,194,OK_ORIGINAL,AMBIGUOUS,MEDIUM,Taiwan 'mistakenly' fires supersonic anti-ship missile towards China,"기사는 대만 함정이 실수로 중국 방향으로 미사일을 발사한 사건을 다루고 있지만, 중화기를 사용한 '무력 충돌'이라고 단정하기에는 오발 및 사소한 거리에 대한 설명으로 인해 '무력 충돌'보다는 '오발 사고'에 가깝습니다.",http://www.catchnews.com/world-news/taiwan-mistakenly-fires-supersonic-anti-ship-missile-towards-china-1467366525.html,http://www.catchnews.com/world-news/taiwan-mistakenly-fires-supersonic-anti-ship-missile-towards-china-1467366525.html
555757429,2016-07-01,194,OK_ORIGINAL,MATCH,HIGH,"Taiwan mistakenly fires supersonic missile towards China; 1 dead, 3 injured","기사는 대만이 중국 방향으로 미사일을 발사한 사건을 보도하며, 이는 양안 간의 군사적 긴장을 초래할 수 있는 중화기 관련 무력 충돌의 일종으로 볼 수 있습니다.",http://indiatoday.intoday.in/story/taiwan-mistakenly-fires-supersonic-missile-towards-china/1/705216.html,http://indiatoday.intoday.in/story/taiwan-mistakenly-fires-supersonic-missile-towards-china/1/705216.html
555896221,2016-07-01,194,OK_WAYBACK,AMBIGUOUS,MEDIUM,"Taiwan accidently fires missile toward China, hits fishing boat","기사는 대만에서 발사된 미사일이 어선을 타격한 사건을 다루고 있으며, 이는 군사적 오발 사고이지만 중국 본토로 향했으나 경계를 넘지는 않았고, 무력 충돌을 일으키지는 않았기에 GDELT의 '중화기 무력충돌' 분류와 직접적으로 일치한다고 보기에는 모호합니다.",http://web.archive.org/web/20160702145645/https://www.yahoo.com/news/m/9b7bb255-d94c-35c4-b2e0-2798c7e71035/ss_taiwan-accidently-fires.html,https://www.yahoo.com/news/m/9b7bb255-d94c-35c4-b2e0-2798c7e71035/ss_taiwan-accidently-fires.html
555851200,2016-07-01,194,OK_ORIGINAL,MISMATCH,LOW,Taiwan 'mistakenly' fires missile as China celebrates CPC anniversary,"이 기사는 대만에서 발생한 '오발' 사건을 다루고 있으며, 중화기를 사용한 군사적 충돌로 분류하기에는 부족합니다.",http://www.prokerala.com/news/articles/a660288.html,http://www.prokerala.com/news/articles/a660288.html
555857004,2016-07-01,194,OK_ORIGINAL,MISMATCH,LOW,Tamil – Chennaionline,"본 기사는 영화 감독의 사망 및 건강 문제, 인도 경제 및 정치 관련 내용으로, 양안 군사 사건과는 전혀 관련이 없습니다.",http://chennaionline.com/article/taiwan-mistakenly-fires-missile-china-celebrates-cpc-anniversary,http://chennaionline.com/article/taiwan-mistakenly-fires-missile-china-celebrates-cpc-anniversary
555896220,2016-07-01,194,OK_WAYBACK,MISMATCH,LOW,"Taiwan accidently fires missile toward China, hits fishing boat","기사는 미사일 오발 사고로 인한 사건이며, 중화기를 이용한 의도적인 무력 충돌로 분류된 CAMEO 코드 194와는 부합하지 않습니다.",http://web.archive.org/web/20160702145645/https://www.yahoo.com/news/m/9b7bb255-d94c-35c4-b2e0-2798c7e71035/ss_taiwan-accidently-fires.html,https://www.yahoo.com/news/m/9b7bb255-d94c-35c4-b2e0-2798c7e71035/ss_taiwan-accidently-fires.html
555785863,2016-07-01,190,OK_WAYBACK,MATCH,MEDIUM,Taiwan navy launches anti-ship missile at China by mistake,"기사는 대만 해군이 실수로 중국을 향해 미사일을 발사한 사건을 다루고 있어 양안 군사 사건이며, 재래식 무력(미사일)의 사용에 해당하여 GDELT 분류 유형과 일치합니다.",http://web.archive.org/web/20160701121857/http://www.thetimes.co.uk/edition/world/taiwan-navy-launches-anti-ship-missile-at-china-by-mistake-7s2r2tdgj,http://www.thetimes.co.uk/edition/world/taiwan-navy-launches-anti-ship-missile-at-china-by-mistake-7s2r2tdgj
555932933,2016-07-01,194,OK_WAYBACK,MATCH,MEDIUM,"Taiwan mistakenly fires missile towards China, hitting trawler | The National","기사는 대만 군함이 실수로 미사일을 발사하여 중국 방향으로 날아가 어선을 타격하고 사망자를 발생시킨 사건으로, 이는 중화기를 사용한 군사적 충돌에 해당합니다.",http://web.archive.org/web/20160701202645/http://www.thenational.ae/taiwan-mistakenly-fires-missile-towards-china-hitting-trawler,http://www.thenational.ae/taiwan-mistakenly-fires-missile-towards-china-hitting-trawler
555750293,2016-07-01,194,NOTFOUND,-,UNVERIFIED,,본문 확보 실패,,http://www.themalaymailonline.com/world/article/taiwan-mistakenly-fires-carrier-killer-missile-at-china
555732533,2016-07-01,194,OK_WAYBACK,AMBIGUOUS,MEDIUM,Taiwan mistakenly fires 'carrier killer' missile towards China - The Express Tribune,"기사는 양안 군사 사건을 다루고 있지만, 중화기 무력충돌이 아닌 오발 사건으로, 분류된 유형과 직접적으로 부합하지는 않습니다.",http://web.archive.org/web/20160702141049/http://tribune.com.pk/story/1134046/taiwan-mistakenly-fires-carrier-killer-missile-towards-china/,http://tribune.com.pk/story/1134046/taiwan-mistakenly-fires-carrier-killer-missile-towards-china/
555761503,2016-07-01,194,OK_ORIGINAL,MISMATCH,LOW,Taiwan mistakenly fires supersonic missile towards China - Worldnews.com,"기사는 대만이 실수로 미사일을 발사한 사건을 다루고 있지만, 중화기를 사용한 무력충돌보다는 발사 자체의 실수에 초점을 맞추고 있어 CAMEO 코드 194의 '중화기 무력충돌' 유형과 직접적으로 일치하지 않습니다.",http://article.wn.com/view/2016/07/01/Taiwan_mistakenly_fires_supersonic_missile_towards_China_0/,http://article.wn.com/view/2016/07/01/Taiwan_mistakenly_fires_supersonic_missile_towards_China_0/
555718802,2016-07-01,194,OK_ORIGINAL,AMBIGUOUS,MEDIUM,Taiwan mistakenly fires ‘carrier killer’ missile towards China,"기사는 대만 미사일 발사 사건을 다루고 있으나, 중국과의 의도적인 무력 충돌이 아닌 '실수'로 인한 발사이며, 중화기를 사용한 '무력 충돌'로 보기에는 명확한 의도성이 부족합니다.",http://www.freemalaysiatoday.com/category/world/2016/07/01/taiwan-mistakenly-fires-carrier-killer-missile-towards-china/,http://www.freemalaysiatoday.com/category/world/2016/07/01/taiwan-mistakenly-fires-carrier-killer-missile-towards-china/
555757433,2016-07-01,194,OK_ORIGINAL,MISMATCH,LOW,How far will Taiwan drift from China?,"기사는 대만과 중국 간의 정치적, 외교적 긴장을 다루고 있지만, 중화기를 동반한 군사적 충돌 사건을 묘사하고 있지 않아 CAMEO 코드 194와 일치하지 않습니다.",http://www.dw.com/en/how-far-will-taiwan-drift-from-china/a-19370773,http://www.dw.com/en/how-far-will-taiwan-drift-from-china/a-19370773
555720930,2016-07-01,194,OK_ORIGINAL,MISMATCH,LOW,Taiwan mistakenly fires supersonic missile towards China,"기사는 오발사된 미사일에 대한 내용으로, 중화기를 사용한 무력 충돌이 발생했다고 보기 어렵습니다.",http://www.thehindu.com/news/international/taiwan-mistakenly-fires-supersonic-missile-towards-china/article8796433.ece,http://www.thehindu.com/news/international/taiwan-mistakenly-fires-supersonic-missile-towards-china/article8796433.ece
555720946,2016-07-01,194,OK_ORIGINAL,MISMATCH,LOW,"Taiwan accidentally fires missile towards China, kills 1","기사는 대만 내부의 오발 사고로 인한 사망 사건이며, 중국과 대만 간의 '중화기 무력충돌'로 분류된 GDELT 사건 유형과는 부합하지 않습니다.",http://www.rediff.com/news/report/taiwan-fires-supersonic-missile-at-china-by-error/20160701.htm,http://www.rediff.com/news/report/taiwan-fires-supersonic-missile-at-china-by-error/20160701.htm
555846876,2016-07-01,194,OK_WAYBACK,MISMATCH,LOW,Taiwan ‘mistakenly’ fires missile as China celebrates CPC anniversary,"기사는 대만에서 오발된 미사일 사건을 다루고 있지만, 중화기 무력충돌로 분류하기에는 명백한 무력 충돌이나 교전이 발생하지 않았습니다.",http://web.archive.org/web/20160702234858/http://www.canindia.com/taiwan-mistakenly-fires-missile-as-china-celebrates-cpc-anniversary/,http://www.canindia.com/taiwan-mistakenly-fires-missile-as-china-celebrates-cpc-anniversary/
555691862,2016-07-01,194,NOTFOUND,-,UNVERIFIED,,본문 확보 실패,,"South China Morning Post website, Hong Kong/BBC Monitoring/(c) BBC"
555685275,2016-07-01,194,OK_ORIGINAL,MISMATCH,LOW,Update | Taiwan launches investigation into deadly navy anti-ship missile misfire,"기사는 대만 해군 자체의 오발 사고에 대한 것으로, 중국과 대만 간의 무력 충돌과는 관련이 없습니다.",http://www.scmp.com/news/china/article/1983931/taiwan-navy-mistakenly-fires-anti-ship-missile-beijing-celebrates,http://www.scmp.com/news/china/article/1983931/taiwan-navy-mistakenly-fires-anti-ship-missile-beijing-celebrates
555685276,2016-07-01,194,OK_ORIGINAL,MISMATCH,LOW,Update | Taiwan launches investigation into deadly navy anti-ship missile misfire,"기사는 대만 해군의 오발 사건으로 인한 사망 사고를 다루고 있으며, 이는 실제적인 중화기 무력 충돌이 아닌 내부 훈련 중 발생한 사고입니다.",http://www.scmp.com/news/china/article/1983931/taiwan-navy-mistakenly-fires-anti-ship-missile-beijing-celebrates,http://www.scmp.com/news/china/article/1983931/taiwan-navy-mistakenly-fires-anti-ship-missile-beijing-celebrates
1274308570,2025-11-08,190,OK_WAYBACK,MISMATCH,LOW,"Japan urges China to take steps after it discouraged visits to Japan, Kyodo reports","본 기사는 중국과 일본 간의 외교적 갈등에 관한 내용으로, 양안 군사 사건이나 재래식 무력 사용과는 직접적인 관련이 없습니다.",http://web.archive.org/web/20251115060436/https://www.marketscreener.com/news/japan-urges-china-to-take-steps-after-it-discouraged-visits-to-japan-kyodo-reports-ce7d5fd2d180f321,https://www.marketscreener.com/news/japan-urges-china-to-take-steps-after-it-discouraged-visits-to-japan-kyodo-reports-ce7d5fd2d180f321
627973301,2017-02-16,193,OK_WAYBACK,MISMATCH,LOW,Opinion | Philstar Mobile,"기사는 필리핀과 중국 간의 해양 영토 분쟁에 대한 정치 및 외교적 논쟁을 다루고 있으며, 소형화기 충돌과 같은 군사 사건을 직접적으로 묘사하고 있지 않습니다.",http://web.archive.org/web/20170216015935/http://m.philstar.com/opinion/show/f34d6522fef4a55097dcc1346f4a19b9?t=o299rqfca0m0j5ulk9e39isbu5,http://m.philstar.com/opinion/show/f34d6522fef4a55097dcc1346f4a19b9?t=o299rqfca0m0j5ulk9e39isbu5
628054484,2017-02-16,190,OK_WAYBACK,MISMATCH,LOW,Gov't to take hard line against bus operators who shirk regulations,"이 기사는 버스 사고 및 관련 안전 규정에 대한 내용으로, 중국-대만 군사 사건과는 전혀 관련이 없습니다.",http://web.archive.org/web/20170216074641/http://www.chinapost.com.tw/taiwan/national/national-news/2017/02/16/491717/Govt-to.htm,http://www.chinapost.com.tw/taiwan/national/national-news/2017/02/16/491717/Govt-to.htm
627973300,2017-02-16,193,OK_WAYBACK,MISMATCH,LOW,Opinion | Philstar Mobile,"이 기사는 필리핀과 중국 간의 해양 영토 분쟁 및 이에 대한 필리핀의 대응에 대한 의견 기사로, 소형화기 충돌과 같은 직접적인 군사 사건을 설명하고 있지 않습니다.",http://web.archive.org/web/20170216015935/http://m.philstar.com/opinion/show/f34d6522fef4a55097dcc1346f4a19b9?t=o299rqfca0m0j5ulk9e39isbu5,http://m.philstar.com/opinion/show/f34d6522fef4a55097dcc1346f4a19b9?t=o299rqfca0m0j5ulk9e39isbu5
627973303,2017-02-16,193,OK_WAYBACK,MISMATCH,LOW,Opinion | Philstar Mobile,"기사는 필리핀과 중국 간의 해양 영유권 분쟁에 대한 내용이며, 소형 화기 충돌(small-arms clash)과 같은 군사적 충돌에 대한 직접적인 언급은 없습니다.",http://web.archive.org/web/20170216015935/http://m.philstar.com/opinion/show/f34d6522fef4a55097dcc1346f4a19b9?t=o299rqfca0m0j5ulk9e39isbu5,http://m.philstar.com/opinion/show/f34d6522fef4a55097dcc1346f4a19b9?t=o299rqfca0m0j5ulk9e39isbu5
1282107092,2026-01-04,190,OK_WAYBACK,MISMATCH,LOW,South Korea's Lee begins China state visit after North fires missiles,"이 기사는 남북한 간의 군사적 긴장과 한국 대통령의 중국 방문에 관한 내용으로, 양안(중국-대만) 군사 사건과는 직접적인 관련이 없습니다.",http://web.archive.org/web/20260104072047/https://www.marketscreener.com/news/south-korea-s-lee-begins-china-state-visit-after-north-fires-missiles-ce7e59d9d18fff22,https://www.marketscreener.com/news/south-korea-s-lee-begins-china-state-visit-after-north-fires-missiles-ce7e59d9d18fff22
1282107093,2026-01-04,190,OK_WAYBACK,MISMATCH,LOW,South Korea's Lee begins China state visit after North fires missiles,"이 기사는 북한의 미사일 발사 및 한국 대통령의 중국 방문에 관한 내용으로, 양안(중국-대만) 군사 사건이나 재래식 무력 사용과는 직접적인 관련이 없습니다.",http://web.archive.org/web/20260104072047/https://www.marketscreener.com/news/south-korea-s-lee-begins-china-state-visit-after-north-fires-missiles-ce7e59d9d18fff22,https://www.marketscreener.com/news/south-korea-s-lee-begins-china-state-visit-after-north-fires-missiles-ce7e59d9d18fff22
1282139270,2026-01-04,150,OK_ORIGINAL,MATCH,HIGH,China's internal military turmoil drives escalation around Taiwan,"기사는 대만 주변의 중국 군사 훈련과 관련된 군사적 행동을 상세히 설명하며, 이는 GDELT가 분류한 '군사 태세' 유형에 부합합니다.",https://news.webindia123.com/news/Articles/World/20260104/4401029.html,https://news.webindia123.com/news/Articles/World/20260104/4401029.html
1282093827,2026-01-04,151,OK_ORIGINAL,AMBIGUOUS,MEDIUM,China’s stealth fighter jet approached key Taiwanese airbase without detection: Report,"기사는 양안 군사 사건을 다루고 있지만, '경계 수준 강화'라는 분류와는 달리 구체적인 경계 수준 강화 조치가 언급되지 않고 잠재적인 위협에 대한 분석에 초점을 맞추고 있습니다.",https://www.yahoo.com/news/articles/china-stealth-fighter-jet-approached-140744115.html,https://www.yahoo.com/news/articles/china-stealth-fighter-jet-approached-140744115.html
1282139271,2026-01-04,150,OK_ORIGINAL,MATCH,HIGH,China's internal military turmoil drives escalation around Taiwan,"기사는 중국군이 대만을 겨냥한 실탄 사격 훈련, 함대 동원, 진격 훈련 등을 묘사하며, 이는 GDELT 분류 코드 150인 '군사 태세'에 정확히 부합하는 양안 군사 사건을 다루고 있습니다.",https://news.webindia123.com/news/Articles/World/20260104/4401029.html,https://news.webindia123.com/news/Articles/World/20260104/4401029.html
1137285592,2023-11-01,190,OK_ORIGINAL,AMBIGUOUS,MEDIUM,Taiwan backs Israel while US war drive against China continues,"기사는 이스라엘-팔레스타인 분쟁을 중심으로 다루고 있으며, 대만은 이스라엘을 지지하고 중국에 대한 미국의 군사적 움직임을 언급하지만, 직접적인 양안 군사 사건이나 재래식 무력 사용을 묘사하고 있지는 않습니다.",https://www.wsws.org/en/articles/2023/11/01/asdb-n01.html,https://www.wsws.org/en/articles/2023/11/01/asdb-n01.html
1163715054,2024-03-14,154,OK_ORIGINAL,MATCH,HIGH,"Taiwan deploys forces after tracking Chinese military aircraft, naval ships circling it | International","기사는 대만과 중국 군사 활동 간의 긴장을 다루고 있으며, 대만이 대응 조치로 군사력을 배치하는 상황을 묘사하여 GDELT의 '군사 동원/증강' 분류와 일치합니다.",https://www.devdiscourse.com/article/international/2858656-taiwan-deploys-forces-after-tracking-chinese-military-aircraft-naval-ships-circling-it,https://www.devdiscourse.com/article/international/2858656-taiwan-deploys-forces-after-tracking-chinese-military-aircraft-naval-ships-circling-it
1163715055,2024-03-14,154,OK_ORIGINAL,MATCH,HIGH,"Taiwan deploys forces after tracking Chinese military aircraft, naval ships circling it | International","기사는 중국 군용기 및 해군 함정이 대만을 포위한 사건을 설명하며, 대만은 이에 대응하여 항공기, 해군 함정, 방공 미사일 시스템을 배치하여 감시하는 내용을 담고 있어 GDELT 분류 유형인 '군사 동원·증강'과 일치합니다.",https://www.devdiscourse.com/article/international/2858656-taiwan-deploys-forces-after-tracking-chinese-military-aircraft-naval-ships-circling-it,https://www.devdiscourse.com/article/international/2858656-taiwan-deploys-forces-after-tracking-chinese-military-aircraft-naval-ships-circling-it
1163726746,2024-03-14,154,OK_WAYBACK,MATCH,MEDIUM,"Taiwan deploys forces after tracking Chinese military aircraft, naval ships circling it","기사는 대만이 중국 군용기 및 군함의 활동을 감시하기 위해 항공기, 군함 및 방공 미사일 시스템을 배치했다고 명시적으로 언급하고 있어 CAMEO 코드 154 '군사 동원·증강'과 일치합니다.",http://web.archive.org/web/20240322042352/https://www.aninews.in/news/world/asia/taiwan-deploys-forces-after-tracking-chinese-military-aircraft-naval-ships-circling-it20240314171427/,https://aninews.in/news/world/asia/taiwan-deploys-forces-after-tracking-chinese-military-aircraft-naval-ships-circling-it20240314171427/
1111502183,2023-06-27,190,OK_ORIGINAL,AMBIGUOUS,MEDIUM,Taiwan outlines terms for potential attack on Beijing's forces,"기사는 대만이 중국의 군사 자산이 영해에 진입할 경우 대응할 것이라고 명시하고 있지만, 이는 잠재적인 무력 사용에 대한 경고이지 실제 재래식 무력 사용을 묘사하는 것은 아닙니다.",https://www.taiwansun.com/news/273880940/taiwan-outlines-terms-for-potential-attack-on-beijing-forces,https://www.taiwansun.com/news/273880940/taiwan-outlines-terms-for-potential-attack-on-beijing-forces
1111532966,2023-06-27,154,OK_ORIGINAL,AMBIGUOUS,MEDIUM,China and a code of conduct for the South China Sea - Marianas Variety News & Views,"기사는 남중해 상황에 대한 전반적인 긴장 고조를 다루고 있으며, 중국과 미국 간의 군사력 배치에 언급하지만, 직접적으로 양안 군사 사건 또는 CAMEO 코드 154 '군사 동원·증강'을 명확히 설명하지는 않습니다.",https://www.mvariety.com/views/china-and-a-code-of-conduct-for-the-south-china-sea/article_821dce3c-14ec-11ee-b16d-2b4645f354af.html,https://www.mvariety.com/views/china-and-a-code-of-conduct-for-the-south-china-sea/article_821dce3c-14ec-11ee-b16d-2b4645f354af.html
1096211282,2023-04-17,194,NOTFOUND,-,UNVERIFIED,,본문 확보 실패,,https://www.michigansthumb.com/news/politics/article/u-s-warship-sails-in-taiwan-strait-after-china-s-17900881.php
1096218136,2023-04-17,194,NOTFOUND,-,UNVERIFIED,,본문 확보 실패,,https://www.ctinsider.com/shorelinenews/politics/article/u-s-warship-sails-in-taiwan-strait-after-china-s-17900881.php
1096191620,2023-04-17,194,NOTFOUND,-,UNVERIFIED,,본문 확보 실패,,https://www.dailyexcelsior.com/flights-out-of-taipei-delayed-after-china-launches-satellite/
1096218135,2023-04-17,150,OK_WAYBACK,MATCH,MEDIUM,US warship sails through Taiwan Strait days after China drills,"기사는 미국 군함이 대만 해협을 통과한 사건을 다루고 있으며, 이는 양안 간의 군사적 긴장을 보여주는 '군사 태세' 유형과 일치합니다.",http://web.archive.org/web/20230417045905/https://www.france24.com/en/live-news/20230417-us-says-naval-destroyer-sailed-through-taiwan-strait,https://www.france24.com/en/live-news/20230417-us-says-naval-destroyer-sailed-through-taiwan-strait
1096227374,2023-04-17,150,OK_ORIGINAL,MATCH,HIGH,US warship sails through Taiwan Strait days after China drills,"기사는 미국 군함의 대만 해협 통과를 보도하고 있으며, 이는 중국의 대만 주변 군사 훈련 직후에 발생한 사건으로, CAMEO 코드 150(군사 태세)에 부합하는 양안 군사 사건으로 분류될 수 있습니다.",https://www.philstar.com/world/2023/04/17/2259562/us-warship-sails-through-taiwan-strait-days-after-china-drills,https://www.philstar.com/world/2023/04/17/2259562/us-warship-sails-through-taiwan-strait-days-after-china-drills
1096196125,2023-04-17,194,OK_ORIGINAL,MISMATCH,LOW,"China-launched sat drops junk near Taipei, hits flights - Times of India","기사 제목은 중국 위성 관련 내용이고 본문은 요리 및 식물 재배에 관한 내용으로, GDELT가 분류한 중화기 무력충돌 사건과는 전혀 관련이 없습니다.",https://timesofindia.indiatimes.com/world/china/china-launched-sat-drops-junk-near-taipei-hits-flights/articleshow/99544064.cms,https://timesofindia.indiatimes.com/world/china/china-launched-sat-drops-junk-near-taipei-hits-flights/articleshow/99544064.cms
1096211277,2023-04-17,150,OK_ORIGINAL,MATCH,HIGH,US Says Naval Destroyer Sailed Through Taiwan Strait,"기사는 미국 해군 구축함이 대만 해협을 통과한 사건을 다루고 있으며, 이는 국제법에 따른 항행의 자유 작전으로, 중국이 대만 주변에서 군사 훈련을 실시한 것에 대한 대응으로 해석될 수 있어 '군사 태세'에 해당합니다.",https://www.ibtimes.com/us-says-naval-destroyer-sailed-through-taiwan-strait-3686452,https://www.ibtimes.com/us-says-naval-destroyer-sailed-through-taiwan-strait-3686452
1096211281,2023-04-17,194,OK_WAYBACK,AMBIGUOUS,MEDIUM,US sails warship through Taiwan Strait after China's drills,"기사는 중국의 대만 포위 훈련과 미국의 군함 통과를 다루고 있지만, 실제 중화기를 사용한 무력 충돌이 발생했다는 직접적인 증거는 제시하지 않아 CAMEO 코드 194(중화기 무력충돌)와 완전히 일치한다고 보기 어렵습니다.",http://web.archive.org/web/20230418154118/https://mynorthwest.com/3876024/u-s-warship-sails-in-taiwan-strait-after-chinas-exercises/,https://mynorthwest.com/3876024/u-s-warship-sails-in-taiwan-strait-after-chinas-exercises/
1096219709,2023-04-17,195,OK_ORIGINAL,MATCH,HIGH,"China likely to establish air superiority very rapidly in any attack on Taiwan, US leaks say | The Shillong Times","기사는 중국이 대만 공격 시 제공권을 신속하게 장악할 가능성에 대해 논하며, 이는 공중무기 사용(air weapons)과 직접적으로 관련됩니다.",https://theshillongtimes.com/2023/04/17/china-likely-to-establish-air-superiority-very-rapidly-in-any-attack-on-taiwan-us-leaks-say/,https://theshillongtimes.com/2023/04/17/china-likely-to-establish-air-superiority-very-rapidly-in-any-attack-on-taiwan-us-leaks-say/
1096227375,2023-04-17,150,OK_ORIGINAL,MATCH,HIGH,US warship sails through Taiwan Strait days after China drills,"기사는 미군 구축함이 대만 해협을 통과한 사건을 다루고 있으며, 이는 중국의 대만 주변 군사 훈련 이후 발생하여 군사적 긴장감을 높이는 '군사 태세'로 분류될 수 있습니다.",https://www.philstar.com/world/2023/04/17/2259562/us-warship-sails-through-taiwan-strait-days-after-china-drills,https://www.philstar.com/world/2023/04/17/2259562/us-warship-sails-through-taiwan-strait-days-after-china-drills
1096208004,2023-04-17,194,OK_ORIGINAL,AMBIGUOUS,MEDIUM,Apr 2023: US sails warship through Taiwan Strait after China's drills,"미국과 중국이 대만 해협에서 군사적 긴장감을 고조시키는 사건을 다루고 있지만, 기사 본문에는 직접적인 '중화기 무력충돌'이 발생했다는 내용이 없어 GDELT 분류 유형과 일치한다고 단정하기 어렵습니다.",https://www.winnipegfreepress.com/world/2023/04/16/u-s-warship-sails-in-taiwan-strait-after-chinas-exercises,https://www.winnipegfreepress.com/world/2023/04/16/u-s-warship-sails-in-taiwan-strait-after-chinas-exercises
1060917808,2022-08-31,193,NOTFOUND,-,UNVERIFIED,,본문 확보 실패,,https://www.record-eagle.com/ap/national/ap-news-summary-at-3-29-a-m-edt/article_1e34d509-a452-5319-868e-ce2622d75fc8.html
1060905442,2022-08-31,193,OK_ORIGINAL,MATCH,HIGH,Taiwan shoots at Chinese drone after president warns of ‘strong countermeasures’,"기사는 대만군이 중국 무인기에 경고 사격을 가한 사건을 다루고 있으며, 이는 소형 화기 충돌에 해당합니다.",https://newsinfo.inquirer.net/1655904/taiwan-shoots-at-chinese-drone-after-president-warns-of-strong-countermeasures,https://newsinfo.inquirer.net/1655904/taiwan-shoots-at-chinese-drone-after-president-warns-of-strong-countermeasures
1060987588,2022-08-31,193,OK_ORIGINAL,MATCH,HIGH,Taiwan’s troops again open fire at Chinese drones — top brass,"기사는 대만 병력이 중국 무인기에게 실탄을 발사하여 격퇴했다는 내용을 다루고 있으며, 이는 소형화기 충돌 사건에 해당합니다.",https://tass.com/world/1500555,https://tass.com/world/1500555
1061002475,2022-08-31,193,OK_ORIGINAL,MATCH,HIGH,"Taiwan troops open fire on 3 Chinese drones intruding over outer islands
 | Taiwan News | Sep. 1, 2022 00:02","기사는 대만 병력이 중국 드론에 실탄을 발사한 사건을 다루고 있으며, 이는 소형화기 충돌(small-arms clash)로 분류될 수 있습니다.",https://www.taiwannews.com.tw/en/news/4643943,https://www.taiwannews.com.tw/en/news/4643943
1060888205,2022-08-31,193,NOTFOUND,-,UNVERIFIED,,본문 확보 실패,,https://www.asiaone.com/asia/taiwan-fires-shots-chinese-drone-first-time-islands-defence-ministry-says
1060923903,2022-08-31,193,OK_WAYBACK,MATCH,MEDIUM,Taiwan's military fires shots at drones flying over island near China,"기사는 대만 군대가 중국에서 날아온 드론을 향해 경고 사격을 했다는 내용으로, 이는 소형화기 충돌에 해당하며 양안 군사 사건과도 일치합니다.",http://web.archive.org/web/20220901010755/https://www.business-standard.com/article/international/taiwan-s-military-fires-shots-at-drones-flying-over-island-near-china-122083100392_1.html,https://www.business-standard.com/article/international/taiwan-s-military-fires-shots-at-drones-flying-over-island-near-china-122083100392_1.html
1060961311,2022-08-31,190,OK_ORIGINAL,MATCH,HIGH,Taiwan's forces fire at drones from China flying over island outposts,대만 군이 중국에서 날아온 드론에 경고 사격을 가한 사건은 재래식 무력 사용에 해당하여 GDELT의 CAMEO 코드 190과 일치합니다.,https://www.latimes.com/world-nation/story/2022-08-31/taiwan-fires-at-drones-island-near-china,https://www.latimes.com/world-nation/story/2022-08-31/taiwan-fires-at-drones-island-near-china
1060886507,2022-08-31,193,OK_WAYBACK,MATCH,MEDIUM,Taiwan shoots at Chinese drone after president warns of 'strong countermeasures',기사는 대만이 중국 드론에 경고 사격을 가했다는 내용을 담고 있어 소형 화기 충돌에 해당합니다.,http://web.archive.org/web/20220901001045/https://www.japantimes.co.jp/news/2022/08/31/asia-pacific/taiwan-china-drone-warning-shot/,https://www.japantimes.co.jp/news/2022/08/31/asia-pacific/taiwan-china-drone-warning-shot/
1060915996,2022-08-31,190,OK_WAYBACK,MATCH,MEDIUM,Taiwan forces fire at drones flying over island near China,대만 군이 중국에서 날아온 드론에 경고 사격을 가했다는 내용은 재래식 무력 사용에 해당하며 양안 군사 사건으로 분류될 수 있습니다.,http://web.archive.org/web/20220901005340/https://www.sfgate.com/news/article/Taiwan-forces-fire-at-drones-flying-over-island-17409220.php,https://www.sfgate.com/news/article/Taiwan-forces-fire-at-drones-flying-over-island-17409220.php
1060923902,2022-08-31,190,OK_WAYBACK,MATCH,MEDIUM,Taiwan's military fires shots at drones flying over island near China,"기사에서 대만 군이 중국에서 날아온 드론에 경고 사격을 가했다고 명시하고 있으며, 이는 CAMEO 코드 190 '재래식 무력 사용'에 해당합니다.",http://web.archive.org/web/20220901010755/https://www.business-standard.com/article/international/taiwan-s-military-fires-shots-at-drones-flying-over-island-near-china-122083100392_1.html,https://www.business-standard.com/article/international/taiwan-s-military-fires-shots-at-drones-flying-over-island-near-china-122083100392_1.html
1060905440,2022-08-31,193,OK_ORIGINAL,MATCH,HIGH,Taiwan fires warning shots at Chinese drones near offshore island for the first time,"기사는 대만 군이 중국 드론에 경고 사격을 가한 사건을 보도하며, 이는 CAMEO 코드 193 '소형화기 충돌'과 일치합니다.",https://www.indiatoday.in/world/story/taiwan-fires-warning-shots-chinese-drones-first-time-president-orders-countermeasures-1994584-2022-08-31,https://www.indiatoday.in/world/story/taiwan-fires-warning-shots-chinese-drones-first-time-president-orders-countermeasures-1994584-2022-08-31
1060897403,2022-08-31,190,OK_ORIGINAL,MATCH,HIGH,"Taiwan fires shots at Chinese drone for first time,  defence ministry says","기사는 대만군이 중국 드론에 경고 사격을 가한 사건을 보도하고 있으며, 이는 재래식 무력 사용에 해당합니다.",https://www.mirror.co.uk/news/world-news/taiwan-fires-shots-chinese-drone-27872109,https://www.mirror.co.uk/news/world-news/taiwan-fires-shots-chinese-drone-27872109
1060920066,2022-08-31,193,OK_WAYBACK,MISMATCH,LOW,"Taiwan Warns Of ""Counter-Attack"" If China Breaches Territory","기사는 대만 군이 중국 드론에 경고 사격을 가한 사건을 언급하지만, CAMEO 코드 193 '소형 무기 충돌'은 양측 간의 직접적인 소형 무기 교전을 의미하며, 본문 내용은 경고 사격과 잠재적 대응에 관한 것이므로 분류 유형과 직접적으로 일치하지 않습니다.",http://web.archive.org/web/20220901011512/https://www.ndtv.com/world-news/taiwan-warns-of-counter-attack-if-china-breaches-territory-3302628,https://www.ndtv.com/world-news/taiwan-warns-of-counter-attack-if-china-breaches-territory-3302628
1060877795,2022-08-31,193,OK_ORIGINAL,MATCH,HIGH,Taiwan fires live rounds at Chinese drones 'for first time',"대만 군인이 중국 드론에 대해 실탄 경고 사격을 가한 사건으로, CAMEO 코드 193 '소형화기 충돌'에 해당합니다.",https://www.chinanationalnews.com/news/272696296/taiwan-fires-live-rounds-at-chinese-drones-for-first-time,https://www.chinanationalnews.com/news/272696296/taiwan-fires-live-rounds-at-chinese-drones-for-first-time
1060893537,2022-08-31,193,OK_ORIGINAL,MATCH,HIGH,Taiwan soldiers fire shots to expel Chinese drones - Focus Taiwan,"기사는 대만 군인이 중국 드론을 격퇴하기 위해 총격을 가했다는 내용을 담고 있으며, 이는 소형화기 충돌의 정의와 일치합니다.",https://focustaiwan.tw/cross-strait/202208310004,https://focustaiwan.tw/cross-strait/202208310004
1060913400,2022-08-31,150,OK_ORIGINAL,MATCH,HIGH,Taiwan vows to 'counter-attack' if China's forces enter its territory,"기사는 중국군이 대만 영토에 진입할 경우 '반격'하겠다는 대만의 의지를 명확히 밝히고 있으며, 이는 GDELT 분류 유형인 '군사 태세(military posturing)'와 직접적으로 부합합니다.",https://interaksyon.philstar.com/politics-issues/2022/08/31/226690/taiwan-vows-to-counter-attack-if-chinas-forces-enter-its-territory/,https://interaksyon.philstar.com/politics-issues/2022/08/31/226690/taiwan-vows-to-counter-attack-if-chinas-forces-enter-its-territory/
1060898756,2022-08-31,150,OK_ORIGINAL,MATCH,HIGH,Taiwan vows to 'counter-attack' if China's forces enter its territory,"기사는 대만이 중국 군대가 자국 영토에 진입할 경우 '반격'하겠다고 선언하며, 중국의 군사 활동 증가에 대한 대만의 대응을 설명하고 있어 CAMEO 코드 150: 군사 태세와 일치합니다.",https://bdnews24.com/world/asia-pacific/bxeeoijzdy,https://bdnews24.com/world/asia-pacific/bxeeoijzdy
1060934080,2022-08-31,150,NOTFOUND,-,UNVERIFIED,,본문 확보 실패,,https://www.newsweek.com/taiwan-china-defense-counterattack-airspace-sea-12-nautical-miles-territory-1738373
1060990815,2022-08-31,193,OK_ORIGINAL,MISMATCH,LOW,Taiwan fires warning shots at drones from China,"기사는 대만군이 중국의 드론에 경고 사격을 가한 사건을 다루고 있으며, 이는 소형화기 충돌보다는 경고 및 방어 조치에 해당합니다.",https://www.irishexaminer.com/world/arid-40951604.html,https://www.irishexaminer.com/world/arid-40951604.html
1060877794,2022-08-31,190,OK_ORIGINAL,MATCH,HIGH,Taiwan fires live rounds at Chinese drones 'for first time',"기사는 대만 군이 중국 드론에 대해 '실탄 경고 사격'을 가했으며, 이는 재래식 무력 사용에 해당하므로 GDELT 분류와 일치합니다.",https://www.chinanationalnews.com/news/272696296/taiwan-fires-live-rounds-at-chinese-drones-for-first-time,https://www.chinanationalnews.com/news/272696296/taiwan-fires-live-rounds-at-chinese-drones-for-first-time
1060918499,2022-08-31,190,NOTFOUND,-,UNVERIFIED,,본문 확보 실패,,https://www.record-eagle.com/ap/national/ap-news-summary-at-3-29-a-m-edt/article_1e34d509-a452-5319-868e-ce2622d75fc8.html
1060972563,2022-08-31,193,OK_WAYBACK,MATCH,MEDIUM,Taiwan fires warning shots at drones from China,"기사는 대만 군이 중국에서 온 드론에 경고 사격을 가한 사건을 다루고 있으며, 이는 소형화기를 사용한 충돌로 분류될 수 있습니다.",http://web.archive.org/web/20220901025749/https://www.thecourier.co.uk/news/uk-world/3647944/taiwan-fires-warning-shots-at-drones-from-china/,https://www.thecourier.co.uk/news/uk-world/3647944/taiwan-fires-warning-shots-at-drones-from-china/
1060944885,2022-08-31,193,OK_WAYBACK,MATCH,MEDIUM,Taiwan fires warning shots at drones from China,"기사에서 대만군이 중국에서 날아온 드론을 향해 경고 사격을 가했다고 명시하고 있어, 소형 무기 충돌의 정의에 부합합니다.",http://web.archive.org/web/20220901020124/https://www.rhyljournal.co.uk/news/national/20861149.taiwan-fires-warning-shots-drones-china/,https://www.rhyljournal.co.uk/news/national/20861149.taiwan-fires-warning-shots-drones-china/
1060932831,2022-08-31,190,OK_ORIGINAL,MATCH,HIGH,Taiwan’s president orders ‘strong measures’ as troops fire at Chinese drone,대만 군대가 중국 드론에 실탄을 발사한 사건은 GDELT 분류 유형인 '재래식 무력 사용'에 직접적으로 부합합니다.,https://www.rfa.org/english/news/china/taiwans-president-orders-strong-measures-08312022032958.html,https://www.rfa.org/english/news/china/taiwans-president-orders-strong-measures-08312022032958.html
1150466105,2024-01-09,150,OK_ORIGINAL,MATCH,HIGH,China piles pressure on Taiwan ahead of election,"기사는 선거를 앞두고 중국이 대만에 군사적 위협, 무역 조치, 선거 개입 시도 등을 가하는 내용을 다루고 있어 CAMEO 코드 150: 군사 태세와 일치합니다.",https://news.yahoo.com/taiwan-ruling-party-candidate-maintain-013214478.html,https://news.yahoo.com/taiwan-ruling-party-candidate-maintain-013214478.html
1150505252,2024-01-09,150,NOTFOUND,-,UNVERIFIED,,본문 확보 실패,,https://mainichi.jp/english/articles/20240109/p2g/00m/0in/017000c
1150595935,2024-01-09,194,OK_ORIGINAL,MISMATCH,LOW,Taiwan alerts citizens to brace for missile attack after Chinese satellite launch,"기사는 중국의 위성 발사로 인한 대만 내 비상 경보 발령에 관한 내용으로, 중화기를 동원한 무력 충돌 사건이 아닙니다.",https://www.thenews.com.pk/latest/1146208-taiwan-alerts-citizens-to-brace-for-missile-attack-after-chinese-satellite-launch,https://www.thenews.com.pk/latest/1146208-taiwan-alerts-citizens-to-brace-for-missile-attack-after-chinese-satellite-launch
1150599546,2024-01-09,194,OK_ORIGINAL,AMBIGUOUS,MEDIUM,EDITORIAL: Vote to safeguard democracy - Taipei Times,"기사는 대만 선거에 대한 중국의 간섭 시도를 언급하며 군사적 압박의 역사(1996년 미사일 발사)를 간략히 설명하지만, 현재 시점의 중화기 무력 충돌을 직접적으로 묘사하지는 않기 때문입니다.",https://www.taipeitimes.com/News/editorials/archives/2024/01/10/2003811865,https://www.taipeitimes.com/News/editorials/archives/2024/01/10/2003811865
541816474,2016-05-19,190,NOTFOUND,-,UNVERIFIED,,본문 확보 실패,,http://www.cnbc.com/2016/05/19/reuters-america-incoming-taiwan-govt-likely-to-infuriate-china-from-the-word-go.html
541737733,2016-05-19,150,OK_WAYBACK,MISMATCH,LOW,Taiwan and Hong Kong Challenge China's Global Ambitions - China Digital Times (CDT),"기사는 중국의 정치적, 경제적 압박과 홍콩 및 대만의 저항에 대해 다루고 있으며, 직접적인 군사적 행동이나 군사 태세에 대한 내용은 포함하고 있지 않아 CAMEO 코드 150 (군사 태세)과 일치하지 않습니다.",http://web.archive.org/web/20160519144236/http://chinadigitaltimes.net/2016/05/chinas-global-ambitions-humbled-in-own-backyard/,http://chinadigitaltimes.net/2016/05/chinas-global-ambitions-humbled-in-own-backyard/
541729456,2016-05-19,190,OK_ORIGINAL,MISMATCH,LOW,Cumulus Media,"이 기사는 미디어 회사인 Cumulus Media에 대한 내용으로, 양안 군사 사건이나 재래식 무력 사용과 전혀 관련이 없습니다.",http://www.firstlightradio.com/news/taipei-zoo-photo-debunks-rumors-of-beloved-pandas-death/,http://www.firstlightradio.com/news/taipei-zoo-photo-debunks-rumors-of-beloved-pandas-death/
605988611,2016-12-07,190,OK_WAYBACK,MISMATCH,LOW,Is Taiwan a bargaining-chip for Trump on China? – BBC News,"기사 제목과 본문 내용으로 보아 양안 간의 군사적 충돌이 아닌, 미국 전 대통령 트럼프의 외교적 협상 전략에 대한 논의로 보이며, 재래식 무력 사용과는 관련이 없습니다.",http://web.archive.org/web/20161221124643/http://contacto-latino.com/en/news/201403/106287439/is-taiwan-a-bargaining-chip-for-trump-on-china-bbc-news/,https://contacto-latino.com/en/news/201403/106287439/is-taiwan-a-bargaining-chip-for-trump-on-china-bbc-news/
618817255,2017-01-19,190,OK_WAYBACK,AMBIGUOUS,MEDIUM,Asia Preps For An Armed Clash Between Taiwan And China,"기사는 양안 군사 사건을 다루고 있으나, '재래식 무력 사용'이라는 분류 유형은 실제로 무력이 사용된 사건이 아닌, 군사 훈련 및 잠재적 충돌 대비에 초점을 맞추고 있어 명확히 일치한다고 보기 어렵습니다.",http://web.archive.org/web/20170122170755/http://dailycaller.com:80/2017/01/19/asia-preps-for-an-armed-clash-between-taiwan-and-china/,http://dailycaller.com/2017/01/19/asia-preps-for-an-armed-clash-between-taiwan-and-china/
618494609,2017-01-19,150,OK_ORIGINAL,MATCH,HIGH,Taiwan simulates China invasion during annual drills,"기사는 대만이 중국의 침공을 시뮬레이션하는 연례 훈련을 실시하고 있으며, 이는 CAMEO 코드 150인 '군사 태세'에 부합합니다.",http://www.globalsecurity.org/wmd/library/news/taiwan/2017/taiwan-170118-presstv02.htm,http://www.globalsecurity.org/wmd/library/news/taiwan/2017/taiwan-170118-presstv02.htm
618643958,2017-01-19,190,OK_ORIGINAL,MISMATCH,LOW,‘No way:’ China urges US to forbid Taiwan delegation from attending Trump inauguration,"이 기사는 재래식 무력 사용(use conventional force)이 아닌, 정치적 외교적 갈등에 관한 내용을 다루고 있습니다.",https://www.rt.com/news/374194-trump-inauguration-taiwan-delegation/,https://www.rt.com/news/374194-trump-inauguration-taiwan-delegation/
618643960,2017-01-19,190,OK_ORIGINAL,MISMATCH,LOW,‘No way:’ China urges US to forbid Taiwan delegation from attending Trump inauguration,"이 기사는 중국과 대만의 외교적 갈등에 대한 내용이며, 재래식 무력 사용과 관련된 군사 사건이 아닙니다.",https://www.rt.com/news/374194-trump-inauguration-taiwan-delegation/,https://www.rt.com/news/374194-trump-inauguration-taiwan-delegation/
1055533590,2022-07-24,190,OK_ORIGINAL,MISMATCH,LOW,Chinese court executes man who set ex-wife on fire,"해당 기사는 양안 군사 사건이 아닌, 가정 폭력으로 인한 살인 및 사형 집행에 관한 내용으로 GDELT의 재래식 무력 사용 분류와는 관련이 없습니다.",https://www.kxxv.com/news/chinese-court-executes-man-who-set-ex-wife-on-fire,https://www.kxxv.com/news/chinese-court-executes-man-who-set-ex-wife-on-fire
616094818,2017-01-11,151,OK_WAYBACK,AMBIGUOUS,MEDIUM,"Despite show of force, China says it's committed to peace with Taiwan","기사는 중국의 군사력 과시와 함께 평화 의지를 강조하고 있어 '경계 수준 강화'라는 분류와 직접적으로 일치하지는 않지만, 양안 간 긴장 상황을 배경으로 하고 있어 관련성은 있습니다.",http://web.archive.org/web/20170112173721/http://www.thevalleydispatch.com/ci_30718545/despite-show-force-china-says-its-committed-peace,http://www.thevalleydispatch.com/ci_30718545/despite-show-force-china-says-its-committed-peace
1022867921,2022-01-12,192,OK_ORIGINAL,AMBIGUOUS,MEDIUM,South China Sea conflict: Taiwan passes additional $8.6 billion defense spending bill - EconoTimes,"기사는 대만이 가능한 침공에 대비한 도시 전투 훈련을 실시한다고 언급하지만, 영토 점령(occupy territory)과는 직접적인 관련성이 부족합니다.",https://www.econotimes.com/South-China-Sea-conflict-Taiwan-passes-additional-86-billion-defense-spending-bill-1624890,https://www.econotimes.com/South-China-Sea-conflict-Taiwan-passes-additional-86-billion-defense-spending-bill-1624890
1022887227,2022-01-12,151,OK_ORIGINAL,MATCH,HIGH,Five Chinese military planes enter Taiwan's air defence zone,"기사에서 중국 군용기가 대만의 방공식별구역에 진입했다고 보도하고 있으며, 이는 '경계 수준 강화'라는 GDELT 분류와 일치하는 군사적 사건입니다.",https://economictimes.indiatimes.com/news/defence/five-chinese-military-planes-enter-taiwans-air-defence-zone/articleshow/88854257.cms,https://economictimes.indiatimes.com/news/defence/five-chinese-military-planes-enter-taiwans-air-defence-zone/articleshow/88854257.cms
561295658,2016-07-19,190,NOTFOUND,-,UNVERIFIED,,본문 확보 실패,,http://www.india.com/news/world/china-26-dead-as-tourist-bus-catches-fire-after-crashing-into-guardrail-in-taiwan-1342654/
561338364,2016-07-19,190,OK_WAYBACK,MISMATCH,LOW,26 Chinese tourists killed in Taiwan bus fire - Taiwan Sun,"이 기사는 중국 본토와 대만 관광객이 관련된 교통 사고를 다루고 있으며, CAMEO 코드 190 '재래식 무력 사용'과 같은 군사 사건과는 관련이 없습니다.",http://web.archive.org/web/20160720210827/http://www.taiwansun.com/index.php/sid/245948341,http://www.taiwansun.com/index.php/sid/245948341
561326419,2016-07-19,190,OK_WAYBACK,MISMATCH,LOW,26 Chinese tourists killed in Taiwan bus fire,"본 기사는 중국인 관광객이 탄 버스에서 발생한 화재 사고를 다루고 있으며, 양안 간의 군사적 충돌이나 재래식 무력 사용과는 관련이 없습니다.",http://web.archive.org/web/20160720185200/http://news.webindia123.com/news/articles/World/20160719/2902415.html,http://news.webindia123.com/news/articles/World/20160719/2902415.html
561318780,2016-07-19,190,OK_ORIGINAL,MISMATCH,LOW,Yahoo Search - Web Search,"이 기사는 야후 인도의 콘텐츠 발행 중단에 관한 내용으로, 양안 군사 사건이나 재래식 무력 사용과는 전혀 관련이 없습니다.",https://in.news.yahoo.com/26-chinese-tourists-killed-taiwan-bus-fire-080408881.html,https://in.news.yahoo.com/26-chinese-tourists-killed-taiwan-bus-fire-080408881.html
561318783,2016-07-19,190,NOTFOUND,-,UNVERIFIED,,본문 확보 실패,,Central News Agency website in English/BBC Monitoring/(c) BBC
561326420,2016-07-19,190,OK_WAYBACK,MISMATCH,LOW,26 Chinese tourists killed in Taiwan bus fire,"해당 기사는 중국인 관광객이 탑승한 버스 화재 사고를 다루고 있으며, 이는 양안 간의 군사적 사건이나 재래식 무력 사용과는 전혀 관련이 없습니다.",http://web.archive.org/web/20160720185200/http://news.webindia123.com/news/articles/World/20160719/2902415.html,http://news.webindia123.com/news/articles/World/20160719/2902415.html
561328719,2016-07-19,190,NOTFOUND,-,UNVERIFIED,,본문 확보 실패,,http://www.timescolonist.com/bus-with-chinese-tourists-catches-fire-in-taiwan-killing-26-1.2304924
561315011,2016-07-19,190,NOTFOUND,-,UNVERIFIED,,본문 확보 실패,,http://www.cachevalleydaily.com/news/world/article_74ce1d7f-bcd7-54a3-8632-78270ab2f81f.html
561318782,2016-07-19,190,OK_ORIGINAL,MISMATCH,LOW,Yahoo Search - Web Search,"기사는 야후 인도의 콘텐츠 발행 중단에 대한 내용으로, 양안 군사 사건과는 전혀 관련이 없습니다.",https://in.news.yahoo.com/26-chinese-tourists-killed-taiwan-bus-fire-080408881.html,https://in.news.yahoo.com/26-chinese-tourists-killed-taiwan-bus-fire-080408881.html
561315009,2016-07-19,190,NOTFOUND,-,UNVERIFIED,,본문 확보 실패,,http://www.cachevalleydaily.com/news/world/article_74ce1d7f-bcd7-54a3-8632-78270ab2f81f.html
1051730471,2022-06-29,192,NOTFOUND,-,UNVERIFIED,,본문 확보 실패,,https://www.wandsworthguardian.co.uk/news/20242843.truss-issues-new-warning-china-taiwan/
581992403,2016-09-23,190,OK_ORIGINAL,MISMATCH,LOW,Journalist 'suspended for her accessories' in China,"본 기사는 중국 내 기자의 복장 논란에 대한 내용으로, 양안 군사 사건과는 전혀 관련이 없습니다.",http://nation.com.pk/international/23-Sep-2016/journalist-suspended-for-her-accessories-in-china,http://nation.com.pk/international/23-Sep-2016/journalist-suspended-for-her-accessories-in-china
581886381,2016-09-23,190,NOTFOUND,-,UNVERIFIED,,본문 확보 실패,,http://malaysiandigest.com/world/633369-journalist-suspended-for-her-accessories-in-china.html
1298158425,2026-04-08,192,NOTFOUND,-,UNVERIFIED,,본문 확보 실패,,https://aninews.in/news/world/asia/chinas-covert-push-into-taiwan-expands-to-grassroots-military-targets20260408162913/
1298158426,2026-04-08,192,NOTFOUND,-,UNVERIFIED,,본문 확보 실패,,https://aninews.in/news/world/asia/chinas-covert-push-into-taiwan-expands-to-grassroots-military-targets20260408162913/
554798844,2016-06-28,150,OK_WAYBACK,MATCH,MEDIUM,Taiwan 'to test-fire missiles in US' as China tensions rise,"대만에서 미국의 미사일 시스템을 시험 발사하는 계획이 중국의 긴장을 고조시킨다는 내용으로, 이는 군사적 준비 태세를 시사하며 GDELT의 '군사 태세' 분류와 일치합니다.",http://web.archive.org/web/20160629205114/http://sacredheartspectrum.com/2016/06/taiwan-to-test-fire-missiles-in-us-as-china-tensions-rise/,http://sacredheartspectrum.com/2016/06/taiwan-to-test-fire-missiles-in-us-as-china-tensions-rise/
554508468,2016-06-28,194,OK_ORIGINAL,MISMATCH,LOW,Taiwan to test-fire missile system in US,"기사는 대만 미사일 시스템의 미국 내 시험 발사에 관한 내용으로, 중화기 무력 충돌이 아닌 군사 훈련 및 기술 시험에 해당하여 분류 유형과 일치하지 않습니다.",http://www.globalsecurity.org/wmd/library/news/taiwan/2016/taiwan-160627-presstv01.htm,http://www.globalsecurity.org/wmd/library/news/taiwan/2016/taiwan-160627-presstv01.htm
554535743,2016-06-28,150,OK_ORIGINAL,MATCH,HIGH,Taiwan 'to test-fire missiles in US' as China tensions rise,"기사는 대만(중국과 대립 관계)의 미사일 시스템 시험 발사에 관한 내용으로, 이는 양안 간의 군사적 긴장과 관련하여 GDELT의 '군사 태세(military posturing)' 분류에 부합합니다.",http://nation.com.pk/international/28-Jun-2016/taiwan-to-test-fire-missiles-in-us-as-china-tensions-rise,http://nation.com.pk/international/28-Jun-2016/taiwan-to-test-fire-missiles-in-us-as-china-tensions-rise
554535744,2016-06-28,150,OK_ORIGINAL,MATCH,HIGH,Taiwan 'to test-fire missiles in US' as China tensions rise,대만과 중국 간의 긴장이 고조되는 상황에서 대만이 미국의 영토에서 미사일 시험 발사를 계획하고 있다는 내용은 군사적 위협이나 군사력 과시로 해석될 수 있어 '군사 태세' 분류와 일치합니다.,http://nation.com.pk/international/28-Jun-2016/taiwan-to-test-fire-missiles-in-us-as-china-tensions-rise,http://nation.com.pk/international/28-Jun-2016/taiwan-to-test-fire-missiles-in-us-as-china-tensions-rise
554556148,2016-06-28,150,OK_WAYBACK,MATCH,MEDIUM,Taiwan 'to test-fire missiles in US' as China tensions rise,"대만은 미국에서 최신 미사일 방어 시스템을 시험 발사할 계획이며, 이는 중국과의 긴장 고조 속에서 양안 간의 군사적 태세를 보여주는 명백한 사례입니다.",http://web.archive.org/web/20160629172416/http://bsccomment.com/2016/06/28/taiwan-to-test-fire-missiles-in-us-as-china-tensions-rise.html,http://bsccomment.com/2016/06/28/taiwan-to-test-fire-missiles-in-us-as-china-tensions-rise.html
611797479,2016-12-26,190,OK_ORIGINAL,MISMATCH,LOW,Sao Tome latest target in China and Taiwan beef,"기사는 중국과 대만의 외교 관계 및 영향력 경쟁에 관한 내용으로, 재래식 무력 사용(use conventional force)과는 관련이 없습니다.",http://www.dw.com/en/sao-tome-latest-target-in-china-and-taiwans-fight-for-allies/a-36910347,http://www.dw.com/en/sao-tome-latest-target-in-china-and-taiwans-fight-for-allies/a-36910347
611796762,2016-12-26,190,OK_ORIGINAL,MISMATCH,LOW,Sao Tome latest target in China and Taiwan beef,"이 기사는 중국과 대만이 사오토메 프린시페와의 외교 관계를 두고 경쟁하는 내용으로, 재래식 무력 사용과는 무관합니다.",http://www.dw.com/en/sao-tome-latest-target-in-china-and-taiwans-fight-for-allies/a-36910347,http://www.dw.com/en/sao-tome-latest-target-in-china-and-taiwans-fight-for-allies/a-36910347
1281472016,2025-12-30,150,OK_WAYBACK,MATCH,MEDIUM,‘Biggest destroyer of peace’: China launches live-firing drills around Taiwan in its biggest war games to date,"기사는 중국이 대만 주변에서 실시한 실사격 훈련을 상세히 설명하며, 이는 군사적 위협과 긴장 고조를 나타내는 군사 태세에 해당합니다.",http://web.archive.org/web/20251231085120/https://indianexpress.com/article/world/china-launches-live-firing-drills-around-taiwan-in-its-biggest-war-games-to-date-10445874/,https://indianexpress.com/article/world/china-launches-live-firing-drills-around-taiwan-in-its-biggest-war-games-to-date-10445874/
1281453254,2025-12-30,150,OK_ORIGINAL,MATCH,HIGH,China Conducts Live-Fire Military Drills Near Taiwan,"기사는 대만을 겨냥한 중국의 실탄 군사 훈련을 상세히 보도하고 있으며, 이는 CAMEO 코드 150인 '군사 태세'의 정의에 명확히 부합합니다.",https://www.cubaheadlines.com/articles/317516,https://www.cubaheadlines.com/articles/317516
1281476134,2025-12-30,150,OK_ORIGINAL,MATCH,HIGH,Rockets fired as China simulates blockade of Taiwan,"기사는 중국이 대만을 봉쇄하는 것을 시뮬레이션하기 위해 로켓을 발사하고 군사 자산을 배치하는 내용으로, 이는 GDELT의 '군사 태세' 분류에 부합합니다.",https://www.edenmagnet.com.au/story/9143083/china-launches-biggest-war-games-to-date-around-taiwan/,https://www.edenmagnet.com.au/story/9143083/china-launches-biggest-war-games-to-date-around-taiwan/
1281493285,2025-12-30,194,OK_ORIGINAL,MATCH,HIGH,China fires rockets towards Taiwan in war games simulating blockade,기사는 중국이 대만을 향해 로켓을 발사하고 중화기를 동원한 대규모 군사 훈련을 설명하고 있어 CAMEO 코드 194(중화기 무력충돌)와 일치합니다.,https://nypost.com/2025/12/30/world-news/china-fires-rockets-towards-taiwan-in-war-games-simulating-blockade/,https://nypost.com/2025/12/30/world-news/china-fires-rockets-towards-taiwan-in-war-games-simulating-blockade/
1281565422,2025-12-30,151,OK_ORIGINAL,MATCH,HIGH,China unleashes live-fire show of force near Taiwan on second day of military drills,"기사는 중국의 대만 주변 군사 훈련과 관련된 ""경계 수준 강화(increase alert status)""와 직접적으로 일치하는 내용입니다.",https://www.pbs.org/newshour/world/china-unleashes-live-fire-show-of-force-near-taiwan-on-second-day-of-military-drills,https://www.pbs.org/newshour/world/china-unleashes-live-fire-show-of-force-near-taiwan-on-second-day-of-military-drills
1281461178,2025-12-30,150,OK_WAYBACK,MATCH,MEDIUM,China launches live-firing drills around Taiwan in its biggest war games to date,"기사는 중국이 대만 주변에서 실시하는 대규모 실사격 훈련을 상세히 보도하며, 이는 CAMEO 코드 150 '군사 태세' 분류와 명백히 일치합니다.",http://web.archive.org/web/20251230005348/https://www.marketscreener.com/news/china-launches-live-firing-drills-around-taiwan-in-its-biggest-war-games-to-date-ce7e59dbde88f723,https://www.marketscreener.com/news/china-launches-live-firing-drills-around-taiwan-in-its-biggest-war-games-to-date-ce7e59dbde88f723
1281532093,2025-12-30,194,OK_WAYBACK,MATCH,MEDIUM,China fires missiles on second day of military drills around Taiwan,"기사는 중국과 대만 간의 군사 훈련 중 발생한 미사일 발사와 전투기, 군함 배치를 상세히 묘사하고 있어 CAMEO 코드 194(중화기 무력충돌)와 일치합니다.",http://web.archive.org/web/20251230125659/https://www.lebanondemocrat.com/maconcounty/news/national/china-fires-missiles-on-second-day-of-military-drills-around-taiwan/article_dbe6b2c6-ae00-532b-9898-a4c6a05f5886.html,https://www.lebanondemocrat.com/maconcounty/news/national/china-fires-missiles-on-second-day-of-military-drills-around-taiwan/article_dbe6b2c6-ae00-532b-9898-a4c6a05f5886.html
1281521907,2025-12-30,194,OK_ORIGINAL,MATCH,HIGH,"China fires missiles on second day of military drills Taiwan calls ""highly provocative and reckless""","기사는 중국이 대만을 향해 미사일을 발사하고 군사 훈련을 실시하는 내용을 상세히 보도하며, 이는 중화기 사용을 포함하는 무력 충돌 상황에 해당합니다.",https://www.cbsnews.com/news/china-taiwan-military-drills-trump-xi-jinping-december-2025-blockade-rehersal/,https://www.cbsnews.com/news/china-taiwan-military-drills-trump-xi-jinping-december-2025-blockade-rehersal/
1281532094,2025-12-30,194,OK_WAYBACK,MATCH,MEDIUM,China fires missiles on second day of military drills around Taiwan,"기사는 중국이 대만 주변에서 미사일 발사와 대규모 군사 훈련을 실시하는 양안 군사 사건을 다루고 있으며, 이는 '중화기 무력충돌(armed clash, heavy weapons)' 유형과 부합합니다.",http://web.archive.org/web/20251230125659/https://www.lebanondemocrat.com/maconcounty/news/national/china-fires-missiles-on-second-day-of-military-drills-around-taiwan/article_dbe6b2c6-ae00-532b-9898-a4c6a05f5886.html,https://www.lebanondemocrat.com/maconcounty/news/national/china-fires-missiles-on-second-day-of-military-drills-around-taiwan/article_dbe6b2c6-ae00-532b-9898-a4c6a05f5886.html
1281516209,2025-12-30,194,OK_ORIGINAL,MATCH,HIGH,China fires rockets in long-range fire drills around Taiwan on day 2 of military exercise,"기사는 중국이 대만 주변에서 로켓을 발사하는 장거리 실탄 사격 훈련에 대한 내용으로, GDELT 분류 코드 194(중화기 무력충돌)와 일치합니다.",https://www.aa.com.tr/en/asia-pacific/china-fires-rockets-in-long-range-fire-drills-around-taiwan-on-day-2-of-military-exercise/3784565,https://www.aa.com.tr/en/asia-pacific/china-fires-rockets-in-long-range-fire-drills-around-taiwan-on-day-2-of-military-exercise/3784565
1281497467,2025-12-30,150,OK_ORIGINAL,MATCH,HIGH,"China launches largest war games around Taiwan after US' $11.1 billion arms sales, but Trump is not ‘worried’ | Today News","기사는 중국이 대만 주변에서 대규모 군사 훈련을 실시하는 내용을 다루고 있으며, 이는 GDELT의 '군사 태세(military posturing)' 분류와 일치합니다.",https://www.livemint.com/news/world/china-launches-largest-war-games-around-taiwan-after-us-11-1-billion-arms-sales-but-trump-is-not-worried-11767072148844.html,https://www.livemint.com/news/world/china-launches-largest-war-games-around-taiwan-after-us-11-1-billion-arms-sales-but-trump-is-not-worried-11767072148844.html
1281489146,2025-12-30,150,OK_ORIGINAL,MISMATCH,LOW,TravelMole,"기사 내용은 주로 항공 여행 및 관광 산업에 관한 것으로, 양안 군사 사건과는 전혀 관련이 없습니다.",https://www.travelmole.com/news/taiwan-china-air-traffic-disruption/,https://www.travelmole.com/news/taiwan-china-air-traffic-disruption/
1281533350,2025-12-30,194,OK_ORIGINAL,MATCH,HIGH,China fires rockets into waters off Taiwan on second day of military drills,"기사는 중국이 대만 해협에 로켓을 발사하는 군사 훈련을 묘사하고 있으며, 이는 중화기를 사용한 무력 충돌로 분류될 수 있습니다.",https://www.channelnewsasia.com/watch/china-fires-rockets-waters-taiwan-second-day-military-drills-5769976,https://www.channelnewsasia.com/watch/china-fires-rockets-waters-taiwan-second-day-military-drills-5769976
1281474675,2025-12-30,150,OK_ORIGINAL,MATCH,HIGH,Taiwan headline news - Focus Taiwan,기사는 중국군이 대만을 포위하는 군사 훈련을 실시한다는 내용을 다루고 있어 CAMEO 코드 150(군사 태세)에 해당합니다.,https://focustaiwan.tw:443/society/202512300002,https://focustaiwan.tw:443/society/202512300002
1281476139,2025-12-30,150,OK_ORIGINAL,MATCH,HIGH,Rockets fired as China simulates blockade of Taiwan,"기사는 중국이 대만을 봉쇄하는 시뮬레이션을 위해 로켓을 발사하고 군사 훈련을 실시하는 내용을 다루고 있으며, 이는 CAMEO 코드 150인 '군사 태세'와 직접적으로 일치합니다.",https://www.edenmagnet.com.au/story/9143083/china-launches-biggest-war-games-to-date-around-taiwan/,https://www.edenmagnet.com.au/story/9143083/china-launches-biggest-war-games-to-date-around-taiwan/
1281476140,2025-12-30,150,OK_ORIGINAL,MATCH,HIGH,Rockets fired as China simulates blockade of Taiwan,"기사는 중국이 대만을 봉쇄하는 시뮬레이션을 위해 로켓을 발사하고 군사 훈련을 실시하는 내용을 다루고 있어, CAMEO 코드 150인 '군사 태세'와 일치합니다.",https://www.edenmagnet.com.au/story/9143083/china-launches-biggest-war-games-to-date-around-taiwan/,https://www.edenmagnet.com.au/story/9143083/china-launches-biggest-war-games-to-date-around-taiwan/
1281478372,2025-12-30,150,NOTFOUND,-,UNVERIFIED,,본문 확보 실패,,https://www.japantimes.co.jp/news/2025/12/30/asia-pacific/china-taiwan-military-exercises-missiles/
1281486641,2025-12-30,150,OK_ORIGINAL,MATCH,HIGH,Rockets fired as China simulates blockade of Taiwan,기사에서 중국이 대만을 포위하는 봉쇄 훈련을 위해 로켓을 발사하고 군사 장비를 배치하는 등 군사적 위협을 가하는 내용이 명확히 드러나 '군사 태세' 분류와 일치합니다.,https://www.juneesoutherncross.com.au/story/9143083/rockets-fired-as-china-simulates-blockade-of-taiwan/,https://www.juneesoutherncross.com.au/story/9143083/rockets-fired-as-china-simulates-blockade-of-taiwan/
1281493287,2025-12-30,194,OK_ORIGINAL,MATCH,HIGH,China fires rockets towards Taiwan in war games simulating blockade,기사는 중국이 대만을 향해 로켓을 발사하고 중화기를 동원한 대규모 군사 훈련을 실시했다는 내용을 다루고 있어 CAMEO 코드 194(중화기 무력충돌)와 일치합니다.,https://nypost.com/2025/12/30/world-news/china-fires-rockets-towards-taiwan-in-war-games-simulating-blockade/,https://nypost.com/2025/12/30/world-news/china-fires-rockets-towards-taiwan-in-war-games-simulating-blockade/
1250609944,2025-07-07,150,OK_ORIGINAL,MATCH,HIGH,"Newly acquired HIMARS, missiles, drones to be tested during Han Kuang - Focus Taiwan","기사는 대만 군사 훈련에서 신규 무기 시스템의 시험을 다루고 있으며, 이는 군사적 역량을 과시하고 잠재적 위협에 대한 대비 태세를 보여주는 군사 태세에 해당합니다.",https://focustaiwan.tw:443/politics/202507070013,https://focustaiwan.tw:443/politics/202507070013
1250609945,2025-07-07,194,OK_ORIGINAL,MISMATCH,LOW,"Newly acquired HIMARS, missiles, drones to be tested during Han Kuang - Focus Taiwan","기사는 대만 군사 훈련에 대한 내용으로, 중화기를 사용한 무력 충돌이 아닌 훈련에서의 무기 시험에 관한 것이므로 분류 유형과 부합하지 않습니다.",https://focustaiwan.tw:443/politics/202507070013,https://focustaiwan.tw:443/politics/202507070013
554365393,2016-06-27,150,OK_WAYBACK,MATCH,MEDIUM,Taiwan 'to test-fire missiles in US' as China tensions rise,"대만에서 최신 미사일 시스템 시험 발사를 계획하고 있으며, 이는 중국과의 긴장 고조 속에서 군사적 역량을 과시하고 잠재적인 위협에 대비하는 행위로 군사 태세와 일치합니다.",http://web.archive.org/web/20160628223711/http://www.business-standard.com/article/pti-stories/taiwan-to-test-fire-missiles-in-us-as-china-tensions-rise-116062701091_1.html,http://www.business-standard.com/article/pti-stories/taiwan-to-test-fire-missiles-in-us-as-china-tensions-rise-116062701091_1.html
554291251,2016-06-27,194,OK_WAYBACK,AMBIGUOUS,MEDIUM,Taiwan ‘to test-fire missiles in US’ as China tensions rise,"기사는 대만과 중국 간의 긴장이 고조되는 가운데 대만이 미사일 방어 시스템을 시험 발사할 계획을 보도하고 있으나, 이는 실제 무력 충돌이 아닌 군사 훈련 계획에 대한 내용으로 CAMEO 코드 194(중화기 무력충돌)와는 직접적으로 부합하지 않습니다.",http://web.archive.org/web/20160628142058/http://www.themalaymailonline.com/world/article/taiwan-to-test-fire-missiles-in-us-as-china-tensions-rise,http://www.themalaymailonline.com/world/article/taiwan-to-test-fire-missiles-in-us-as-china-tensions-rise
554292856,2016-06-27,150,OK_WAYBACK,MATCH,MEDIUM,Taiwan ‘to test-fire missiles in US’ as China tensions rise,"기사는 대만이 미국의 영토에서 최신 미사일 방어 시스템을 시험 발사하려는 계획을 보도하며, 이는 중국과의 긴장이 고조되는 상황에서 양안 간의 군사적 긴장과 관련된 사건으로, '군사 태세'라는 분류와 일치합니다.",http://web.archive.org/web/20160628142058/http://www.themalaymailonline.com/world/article/taiwan-to-test-fire-missiles-in-us-as-china-tensions-rise,http://www.themalaymailonline.com/world/article/taiwan-to-test-fire-missiles-in-us-as-china-tensions-rise
554297056,2016-06-27,150,NOTFOUND,-,UNVERIFIED,,본문 확보 실패,,https://www.yahoo.com/news/taiwan-test-fire-missiles-us-china-tensions-rise-112351298.html
554303275,2016-06-27,150,OK_ORIGINAL,MATCH,HIGH,Taiwan 'to test-fire missiles in US' as China tensions rise,기사는 대만이 중국과의 긴장 고조 속에서 미사일 시스템을 시험 발사할 계획이라는 내용을 다루고 있어 CAMEO 코드 150: 군사 태세와 부합합니다.,http://www.dailymail.co.uk/wires/afp/article-3662046/Taiwan-test-fire-missiles-US-China-tensions-rise.html,http://www.dailymail.co.uk/wires/afp/article-3662046/Taiwan-test-fire-missiles-US-China-tensions-rise.html
1212083972,2024-11-26,154,OK_ORIGINAL,MATCH,HIGH,China deploys forces as US aircraft flies over Taiwan Strait,"기사는 미군 항공기의 대만 해협 통과에 대한 중국의 군사적 대응을 설명하며, 이는 군사 동원/증강(mobilization/buildup)에 해당합니다.",https://www.spacewar.com/afp/241126094501.stlq721d.html,https://www.spacewar.com/afp/241126094501.stlq721d.html
1116811112,2023-07-24,150,OK_WAYBACK,MATCH,MEDIUM,Taiwan begins war games as China deploys fighter jets,"기사는 대만이 중국의 침공 위협에 대비한 연례 군사 훈련을 시작했으며, 이는 군사 태세에 해당하므로 CAMEO 코드 150과 일치합니다.",http://web.archive.org/web/20230724172034/https://www.thetimes.co.uk/article/china-taiwan-war-games-invasion-troops-military-g5cmjhtvj,https://www.thetimes.co.uk/article/china-taiwan-war-games-invasion-troops-military-g5cmjhtvj
1116789827,2023-07-24,194,OK_WAYBACK,MISMATCH,LOW,Taiwan air raid drills simulate response to China missile attacks,"이 기사는 대만이 중국의 미사일 공격에 대비한 모의 훈련에 대한 내용을 다루고 있으며, 실제 무력 충돌이 아닌 훈련이므로 CAMEO 코드 194 '중화기 무력충돌'과 일치하지 않습니다.",http://web.archive.org/web/20230724120703/https://www.rfi.fr/en/international-news/20230724-taiwan-air-raid-drills-simulate-response-to-china-missile-attacks,https://www.rfi.fr/en/international-news/20230724-taiwan-air-raid-drills-simulate-response-to-china-missile-attacks
1116752326,2023-07-24,150,OK_ORIGINAL,MATCH,HIGH,Taiwan begins 39th edition of annual live-fire drill,"기사는 대만의 연례 실탄 훈련인 '한광(Han Kuang)' 훈련을 다루고 있으며, 이는 중국의 침공에 대비한 군사 태세와 직접적으로 관련되어 CAMEO 코드 150 '군사 태세'와 일치합니다.",https://www.yenisafak.com/en/news/taiwan-begins-39th-edition-of-annual-live-fire-drill-3667366,https://www.yenisafak.com/en/news/taiwan-begins-39th-edition-of-annual-live-fire-drill-3667366
1116781309,2023-07-24,150,OK_ORIGINAL,AMBIGUOUS,MEDIUM,9 injured in mortar explosion as Taiwan holds military drills,"기사는 대만에서 진행되는 군사 훈련 중 발생한 사고를 다루고 있으나, GDELT의 '군사 태세' 분류와는 달리 훈련 자체의 태세보다는 훈련 중 발생한 사고에 더 초점을 맞추고 있습니다.",https://www.aa.com.tr/en/asia-pacific/9-injured-in-mortar-explosion-as-taiwan-holds-military-drills/2952783,https://www.aa.com.tr/en/asia-pacific/9-injured-in-mortar-explosion-as-taiwan-holds-military-drills/2952783
1116789828,2023-07-24,194,OK_WAYBACK,MISMATCH,LOW,Taiwan air raid drills simulate response to China missile attacks,"기사는 중국의 미사일 공격에 대비한 대만의 민방위 훈련에 관한 것으로, 실제 중화기 무력 충돌이 발생한 사건이 아닙니다.",http://web.archive.org/web/20230724120703/https://www.rfi.fr/en/international-news/20230724-taiwan-air-raid-drills-simulate-response-to-china-missile-attacks,https://www.rfi.fr/en/international-news/20230724-taiwan-air-raid-drills-simulate-response-to-china-missile-attacks
1116802667,2023-07-24,194,OK_ORIGINAL,AMBIGUOUS,MEDIUM,Taiwan air raid drills simulate response to China missile attacks,"기사 제목은 대만의 공습 훈련에 대해 언급하지만, 이는 중국의 미사일 공격에 대한 '모의' 대응으로, 실제 중화기 무력 충돌을 묘사하지는 않습니다.",https://economictimes.indiatimes.com/news/defence/taiwan-air-raid-drills-simulate-response-to-china-missile-attacks/articleshow/102082548.cms,https://economictimes.indiatimes.com/news/defence/taiwan-air-raid-drills-simulate-response-to-china-missile-attacks/articleshow/102082548.cms
1057795535,2022-08-09,194,NOTFOUND,-,UNVERIFIED,,본문 확보 실패,,https://www.france24.com/en/asia-pacific/20220809-taiwan-conducts-live-fire-artillery-drills-in-wake-of-chinese-pressure
1057797280,2022-08-09,194,OK_WAYBACK,AMBIGUOUS,MEDIUM,Taiwan's Military Drill Simulating Defence Against China Attack: Report,"기사는 대만 군사 훈련을 설명하지만, 실제 무력 충돌이 아닌 시뮬레이션이며 중화기 사용이 명시되지 않아 CAMEO 코드 194와 직접적으로 일치한다고 보기 어렵습니다.",http://web.archive.org/web/20220809144318/https://www.ndtv.com/world-news/taiwan-begins-live-artillery-drill-days-after-chinese-military-exercises-report-3238140,https://www.ndtv.com/world-news/taiwan-begins-live-artillery-drill-days-after-chinese-military-exercises-report-3238140
1057799339,2022-08-09,194,OK_WAYBACK,AMBIGUOUS,MEDIUM,Taiwan begins live-fire artillery drill simulating defence against China attack,"기사는 대만과 중국 간의 잠재적 군사 충돌에 대비한 대만의 훈련에 대해 설명하고 있지만, 실제 중화기를 사용한 무력 충돌이 발생했다는 내용은 포함되어 있지 않습니다.",http://web.archive.org/web/20220809075155/https://www.thesundaily.my/world/taiwan-begins-live-fire-artillery-drill-simulating-defence-against-china-attack-FY9562304,https://www.thesundaily.my/world/taiwan-begins-live-fire-artillery-drill-simulating-defence-against-china-attack-FY9562304
1057785334,2022-08-09,150,OK_ORIGINAL,MATCH,HIGH,China extends threatening military exercises around Taiwan,"기사는 중국이 대만 주변에서 군사 훈련을 연장하고 있으며, 이는 CAMEO 코드 150 '군사 태세'에 부합하는 명백한 양안 군사 사건을 다루고 있습니다.",https://www.ksl.com/article/50454083/china-extends-threatening-military-exercises-around-taiwan,https://www.ksl.com/article/50454083/china-extends-threatening-military-exercises-around-taiwan
1057852521,2022-08-09,150,OK_ORIGINAL,MATCH,HIGH,Why has China decided to extend its military exercises around Taiwan?,"기사는 중국의 대만 주변 군사 훈련 연장을 다루며, 이는 CAMEO 코드 150인 군사 태세와 일치하는 사건입니다.",https://www.prokerala.com/news/articles/a1333757.html,https://www.prokerala.com/news/articles/a1333757.html
1057797705,2022-08-09,194,OK_ORIGINAL,MATCH,HIGH,China Taiwan news: Taiwan begins live-fire artillery drills in defence against China's attack - India TV News,"기사에서 대만이 중국의 공격에 맞서 포병 사격 훈련을 실시한다고 명시하고 있어, 중화기 무력충돌에 해당하는 양안 군사 사건으로 분류할 수 있습니다.",https://www.indiatvnews.com/news/world/china-taiwan-news-taiwan-begins-live-fire-artillery-drills-against-china-attack-nancy-pelosi-taipei-visit-2022-08-09-798463,https://www.indiatvnews.com/news/world/china-taiwan-news-taiwan-begins-live-fire-artillery-drills-against-china-attack-nancy-pelosi-taipei-visit-2022-08-09-798463
1057799345,2022-08-09,190,OK_ORIGINAL,MATCH,HIGH,Taiwan holds artillery drill simulating defence against China attack,"기사는 대만이 중국의 공격에 대비한 포병 훈련을 실시했다고 명시하며, 이는 CAMEO 코드 190의 '재래식 무력 사용'과 일치하는 군사 사건입니다.",https://www.digitaljournal.com/world/taiwan-holds-artillery-drill-simulating-defence-against-china-attack/article,https://www.digitaljournal.com/world/taiwan-holds-artillery-drill-simulating-defence-against-china-attack/article
1057888512,2022-08-09,151,OK_ORIGINAL,AMBIGUOUS,MEDIUM,Nancy Pelosi calls Xi Jinping a 'scared bully',"기사는 낸시 펠로시 의원의 발언을 다루고 있으며, 이는 양안 관계에 영향을 줄 수 있는 정치적 발언이지만, 직접적인 군사 사건이나 경계 수준 강화와 같은 GDELT 분류 유형과는 거리가 있습니다.",https://www.dailymail.co.uk/news/article-11095239/Nancy-Pelosi-calls-Xi-Jinping-scared-bully.html,https://www.dailymail.co.uk/news/article-11095239/Nancy-Pelosi-calls-Xi-Jinping-scared-bully.html
1057786258,2022-08-09,150,NOTFOUND,-,UNVERIFIED,,본문 확보 실패,,https://mb.com.ph/2022/08/09/taiwan-to-hold-anti-invasion-drills-after-china-exercises-2/
1057799347,2022-08-09,194,OK_ORIGINAL,MISMATCH,LOW,Taiwan holds artillery drill simulating defence against China attack,"기사는 대만군이 중국의 공격을 시뮬레이션하는 포병 훈련을 실시했다는 내용으로, 실제 무력 충돌이 아닌 훈련이기 때문에 중화기 무력충돌(armed clash, heavy weapons)로 분류하기에는 부적합합니다.",https://www.digitaljournal.com/world/taiwan-holds-artillery-drill-simulating-defence-against-china-attack/article,https://www.digitaljournal.com/world/taiwan-holds-artillery-drill-simulating-defence-against-china-attack/article
1057827781,2022-08-09,150,OK_ORIGINAL,MATCH,HIGH,Taiwan holds live-fire drills days after Chinese military exercises around island,"기사는 중국의 군사 훈련에 대응하여 대만이 실시한 실탄 사격 훈련을 상세히 보도하고 있어, 이는 CAMEO 코드 150 (군사 태세)에 해당하는 양안 군사 사건으로 분류하는 것이 타당합니다.",https://www.presstv.ir/Detail/2022/08/09/687039/Taiwan-conducts-military-drill-tensions--China,https://www.presstv.ir/Detail/2022/08/09/687039/Taiwan-conducts-military-drill-tensions--China
1057838113,2022-08-09,194,OK_ORIGINAL,MATCH,HIGH,Taiwan conducts live-fire artillery exercise amid China manoeuvres (Ld),"기사는 대만의 실탄 포병 훈련을 보도하며, 이는 중국의 군사 훈련과 맞물려 중화기를 동원한 무력 충돌 상황으로 해석될 수 있습니다.",https://www.prokerala.com/news/articles/a1333700.html,https://www.prokerala.com/news/articles/a1333700.html
1057804522,2022-08-09,190,OK_WAYBACK,MATCH,MEDIUM,Taiwanese foreign minister says China conducting drills to prepare for invasion,기사는 대만과 중국 간의 군사 훈련 및 미사일 발사와 같은 재래식 무력 사용에 대한 내용을 다루고 있어 GDELT 분류 유형 'CAMEO 코드 190: 재래식 무력 사용'과 일치합니다.,http://web.archive.org/web/20220809114935/https://www.wionews.com/world/taiwan-begins-live-fire-military-exercise-to-deter-potential-chinese-invasion-505011,https://www.wionews.com/world/taiwan-begins-live-fire-military-exercise-to-deter-potential-chinese-invasion-505011
1057823349,2022-08-09,194,OK_ORIGINAL,MATCH,HIGH,Taiwan begins live-fire artillery exercise,기사는 대만과 중국 간의 군사적 긴장 상황에서 대만이 실시하는 포병 사격 훈련에 대해 보도하고 있어 CAMEO 코드 194 (중화기 무력충돌)에 해당합니다.,https://pmnewsnigeria.com/2022/08/09/taiwan-begins-live-fire-artillery-exercise/,https://pmnewsnigeria.com/2022/08/09/taiwan-begins-live-fire-artillery-exercise/
1057808552,2022-08-09,194,OK_ORIGINAL,MISMATCH,LOW,"BNN Bloomberg - Canada Business News, TSX Today, Oil and Energy Prices","해당 기사는 캐나다의 경제, 비즈니스 뉴스에 관한 내용으로, 양안 군사 사건과는 전혀 관련이 없습니다.",https://www.bnnbloomberg.ca/taiwan-begins-live-fire-artillery-drill-to-defend-against-china-1.1803283,https://www.bnnbloomberg.ca/taiwan-begins-live-fire-artillery-drill-to-defend-against-china-1.1803283
1057878079,2022-08-09,150,OK_ORIGINAL,MATCH,HIGH,Global lawmakers express concern over China's threats against Taiwan,"기사는 중국의 대만에 대한 군사 위협과 이에 대한 국제 의원들의 우려를 다루고 있으며, 이는 GDELT의 '군사 태세' 분류와 일치합니다.",https://www.bignewsnetwork.com/news/272648313/global-lawmakers-express-concern-over-china-threats-against-taiwan,https://www.bignewsnetwork.com/news/272648313/global-lawmakers-express-concern-over-china-threats-against-taiwan
1057814486,2022-08-09,150,OK_ORIGINAL,MATCH,HIGH,"Taiwan minister: China seeks excuses for military drills, and used Pelosi’s visit","기사는 중국이 대만 주변에서 군사 훈련을 실시하며 이를 펠로시 하원의장 방문을 빌미로 삼고 있다고 보도하고 있어, 이는 GDELT의 '군사 태세(military posturing)' 분류와 일치합니다.",https://wkzo.com/2022/08/08/taiwan-minister-china-seeks-excuses-for-military-drills-and-used-pelosis-visit/,https://wkzo.com/2022/08/08/taiwan-minister-china-seeks-excuses-for-military-drills-and-used-pelosis-visit/
1057810387,2022-08-09,154,OK_WAYBACK,MATCH,MEDIUM,Analysis | China shifts the military status quo on Taiwan after Pelosi visit,"기사는 펠로시 미 하원의장의 대만 방문 이후 중국이 대만 주변에서 실시한 군사 훈련, 미사일 발사, 항공기 기동 등을 자세히 설명하며, 이는 군사 동원 및 증강에 해당합니다.",http://web.archive.org/web/20220810033040/https://www.washingtonpost.com/world/2022/08/09/military-beijing-china-pla-taiwan-pelosi/,https://www.washingtonpost.com/world/2022/08/09/military-beijing-china-pla-taiwan-pelosi/
1057818536,2022-08-09,150,OK_ORIGINAL,MATCH,HIGH,Taiwan Begins Live-Fire Artillery Exercise Amid China Manoeuvres,"기사는 대만이 중국의 군사 훈련에 대응하여 실탄 포병 훈련을 실시하는 내용을 다루고 있으며, 이는 GDELT 분류 코드 150 '군사 태세'에 해당합니다.",https://menafn.com/1104667216/Taiwan-Begins-Live-Fire-Artillery-Exercise-Amid-China-Manoeuvres,https://menafn.com/1104667216/Taiwan-Begins-Live-Fire-Artillery-Exercise-Amid-China-Manoeuvres
1057818537,2022-08-09,150,OK_ORIGINAL,MATCH,HIGH,'We are not scared': Taiwan's foreign minister says island will stand up to China threats,"대만 외교부 장관이 중국의 군사적 위협에 굴복하지 않겠다는 의지를 밝히고 있으며, 이는 중국의 군사 훈련과 관련된 상황에서 나온 발언으로 군사 태세를 나타내는 CAMEO 코드 150과 부합합니다.",https://www.9news.com.au/world/china-news-taiwans-foreign-minister-says-island-will-stand-up-to-more-serious-threats/49ad81e1-ca56-47c8-a0ca-9e4bbe216860,https://www.9news.com.au/world/china-news-taiwans-foreign-minister-says-island-will-stand-up-to-more-serious-threats/49ad81e1-ca56-47c8-a0ca-9e4bbe216860
1057831895,2022-08-09,194,OK_ORIGINAL,MATCH,HIGH,Taiwan Conducts Live-Fire Artillery Exercise Amid China Manoeuvres (Ld),"기사는 대만이 중국의 군사 훈련에 대응하여 실시한 실제 포병 사격 훈련에 대해 설명하고 있으며, 이는 중화기를 포함하는 무력 충돌과 일치합니다.",https://menafn.com/1104668298/Taiwan-Conducts-Live-Fire-Artillery-Exercise-Amid-China-Manoeuvres-Ld,https://menafn.com/1104668298/Taiwan-Conducts-Live-Fire-Artillery-Exercise-Amid-China-Manoeuvres-Ld
1057838112,2022-08-09,194,OK_ORIGINAL,MATCH,HIGH,Taiwan conducts live-fire artillery exercise amid China manoeuvres (Ld),"기사는 대만의 포병 실탄 사격 훈련을 언급하며 중국의 군사 작전과 함께 이루어졌음을 명시하고 있어, 중화기를 사용한 무력 충돌 가능성을 내포하고 있습니다.",https://www.prokerala.com/news/articles/a1333700.html,https://www.prokerala.com/news/articles/a1333700.html
1057843186,2022-08-09,150,OK_ORIGINAL,MATCH,HIGH,"Taiwan begins live ammunition exercise, says China preparing for invasion","기사는 대만이 실탄 사격 훈련을 시작하고 중국이 침공을 준비하고 있다고 보도하며, 이는 양안의 군사적 긴장 상황과 군사 태세를 명확히 보여주므로 GDELT의 '군사 태세(military posturing)' 분류와 일치합니다.",https://dailypost.ng/2022/08/09/taiwan-begins-live-ammunition-exercise-says-china-preparing-for-invasion/,https://dailypost.ng/2022/08/09/taiwan-begins-live-ammunition-exercise-says-china-preparing-for-invasion/
1057800892,2022-08-09,190,OK_ORIGINAL,MATCH,HIGH,Taiwan Holds Artillery Drill Simulating Defence Against China Attack,"기사는 대만의 중국 공격 시뮬레이션 포병 훈련을 보도하며, 이는 재래식 무력 사용(CAMEO 코드 190)의 맥락에 부합하는 양안 군사 사건입니다.",https://www.ibtimes.com/taiwan-holds-artillery-drill-simulating-defence-against-china-attack-3599487,https://www.ibtimes.com/taiwan-holds-artillery-drill-simulating-defence-against-china-attack-3599487
1057818538,2022-08-09,150,OK_ORIGINAL,MATCH,HIGH,Taiwan Begins Live-Fire Artillery Exercise Amid China Manoeuvres,"기사는 대만이 중국의 군사적 위협에 맞서 실탄 포병 훈련을 실시하고 있다는 내용을 다루고 있으며, 이는 '군사 태세(military posturing)'로 분류되는 CAMEO 코드 150에 부합합니다.",https://menafn.com/1104667216/Taiwan-Begins-Live-Fire-Artillery-Exercise-Amid-China-Manoeuvres,https://menafn.com/1104667216/Taiwan-Begins-Live-Fire-Artillery-Exercise-Amid-China-Manoeuvres
1057848756,2022-08-09,151,NOTFOUND,-,UNVERIFIED,,본문 확보 실패,,https://www.telegraph.co.uk/world-news/2022/08/09/china-taiwan-history-military-invade-independence-beijing/
1057819118,2022-08-09,194,OK_ORIGINAL,MATCH,HIGH,Taiwan Begins Live-Fire Artillery Exercise Amid China Manoeuvres,"기사는 대만이 중국의 군사적 위협에 대응하여 실제 포병 사격 훈련을 실시한다는 내용으로, 중화기를 사용하는 무력 충돌과 관련된 사건으로 분류하는 것이 적절합니다.",https://menafn.com/1104667216/Taiwan-Begins-Live-Fire-Artillery-Exercise-Amid-China-Manoeuvres,https://menafn.com/1104667216/Taiwan-Begins-Live-Fire-Artillery-Exercise-Amid-China-Manoeuvres
1057788266,2022-08-09,150,OK_ORIGINAL,MATCH,HIGH,China continues threatening military exercises around Taiwan territory,"기사는 중국이 대만 주변에서 진행 중인 군사 훈련을 자세히 설명하며, 이는 GDELT가 분류한 '군사 태세(military posturing)' 유형에 직접적으로 부합합니다.",https://www.kxxv.com/news/national/china-continues-threatening-military-exercises-around-taiwan-territory,https://www.kxxv.com/news/national/china-continues-threatening-military-exercises-around-taiwan-territory
1077633882,2022-12-25,150,OK_ORIGINAL,MATCH,HIGH,China responds to US 'provocation',"기사는 대만과의 군사 지원 승인에 대응하여 중국이 대만 주변에서 실시한 군사 훈련을 보도하고 있으며, 이는 '군사 태세'로 분류된 CAMEO 코드 150과 일치합니다.",https://www.taiwansun.com/news/273266288/china-responds-to-us-provocation,https://www.taiwansun.com/news/273266288/china-responds-to-us-provocation
1077633881,2022-12-25,150,OK_ORIGINAL,MATCH,HIGH,China responds to US 'provocation',기사는 미국이 대만에 안보 지원을 승인한 것에 대한 대응으로 중국이 대만 인근에서 실시한 군사 훈련을 상세히 보도하고 있어 GDELT의 '군사 태세(military posturing)' 분류와 일치합니다.,https://www.taiwansun.com/news/273266288/china-responds-to-us-provocation,https://www.taiwansun.com/news/273266288/china-responds-to-us-provocation
1047219080,2022-06-01,190,OK_ORIGINAL,AMBIGUOUS,MEDIUM,Joe Biden Warned by Critic That His Taiwan Stance Against China Will End in US Defeat,"기사는 대만 해협의 긴장 상황을 다루고 있지만, 현재 시점에서 재래식 무력 사용(CAMEO 코드 190)과 같은 실제 군사적 충돌보다는 정치적 발언과 군사 훈련 시뮬레이션에 초점을 맞추고 있어 분류 유형과의 일치 여부가 불확실합니다.",http://www.hngn.com/articles/242455/20220531/joe-biden-warned-critic-taiwan-stance-against-china-will-end.htm,http://www.hngn.com/articles/242455/20220531/joe-biden-warned-critic-taiwan-stance-against-china-will-end.htm
1047311450,2022-06-01,190,OK_ORIGINAL,MATCH,HIGH,"China conducts military exercises near Taiwan, warns U.S. of 'serious consequences'","기사에서 중국 인민해방군이 대만 주변에서 '전투 태세 순찰'이라는 명칭으로 대규모 군사 훈련을 실시했으며, 이는 재래식 무력을 사용한 군사 활동으로 분류될 수 있습니다.",https://ground.news/article/china-conducts-military-exercises-near-taiwan-warns-us-of-serious-consequences_49073d,https://ground.news/article/china-conducts-military-exercises-near-taiwan-warns-us-of-serious-consequences_49073d
1047243964,2022-06-01,150,EMPTY,-,UNVERIFIED,,본문 확보 실패,,https://www.msn.com/en-us/news/world/china-conducts-military-exercises-near-taiwan-warns-us-of-serious-consequences/ar-AAXWKos
1047360399,2022-06-01,151,OK_ORIGINAL,MATCH,HIGH,China explains reason for show of force near Taiwan,"기사는 중국이 대만 주변에 군함과 군용기를 배치하며 '무력 시위'를 벌였다고 보도하고 있으며, 이는 경계 수준 강화에 해당하는 양안 군사 사건으로 분류할 수 있습니다.",https://www.shanghaisun.com/news/272572704/china-explains-reason-for-show-of-force-near-taiwan,https://www.shanghaisun.com/news/272572704/china-explains-reason-for-show-of-force-near-taiwan
1047285384,2022-06-01,190,NOTFOUND,-,UNVERIFIED,,본문 확보 실패,,https://www.laprensalatina.com/china-says-its-military-held-combat-readiness-patrol-around-taiwan/
821077072,2019-02-04,193,OK_ORIGINAL,MISMATCH,LOW,"One Taiwanese killed, nine injured in Shanghai road accident (update) | Eye On Taiwan","기사는 대만 관광객이 중국 상하이에서 교통사고로 사망하고 부상당한 사건을 다루고 있어, GDELT가 분류한 '소형화기 충돌'과 같은 군사 사건과는 전혀 관련이 없습니다.",https://www.eyeontaiwan.com/one-taiwanese-killed-nine-injured-in-shanghai-road-accident-update,https://www.eyeontaiwan.com/one-taiwanese-killed-nine-injured-in-shanghai-road-accident-update
632423104,2017-03-01,193,OK_ORIGINAL,MISMATCH,LOW,Taiwan Containerized Scrap import prices shoot up to $269 a ton - Shanghai Metals Market (SMM),"기사는 대만발 스크랩(고철) 수입 가격 상승에 대한 경제 기사이며, 소형화기 충돌과 관련된 군사 사건이 아닙니다.",https://news.metal.com/newscontent/100725762/taiwan-containerized-scrap-import-prices-shoot-up-to-269-a-ton,https://news.metal.com/newscontent/100725762/taiwan-containerized-scrap-import-prices-shoot-up-to-269-a-ton
1043511034,2022-05-10,195,OK_ORIGINAL,MATCH,HIGH,Two Chinese military aircraft enter Taiwan's air defense identification zone,"기사는 중국 군용 항공기가 대만의 방공식별구역에 진입한 사건을 보도하고 있으며, 이는 CAMEO 코드 195 '공중무기 사용(air weapons)'에 해당합니다.",https://www.bignewsnetwork.com/news/272545351/two-chinese-military-aircraft-enter-taiwan-air-defense-identification-zone,https://www.bignewsnetwork.com/news/272545351/two-chinese-military-aircraft-enter-taiwan-air-defense-identification-zone
652612244,2017-05-04,190,OK_ORIGINAL,MISMATCH,LOW,"Taiwan thanks Australia for diamond invitation, as Beijing unhappy","이 기사는 대만과 중국 간의 외교적 갈등을 다루고 있지만, 재래식 무력 사용과 관련된 군사 사건을 묘사하고 있지 않습니다.",http://www.smh.com.au/world/taiwan-thanks-australia-for-diamond-invitation-as-beijing-unhappy-20170504-gvyief.html,http://www.smh.com.au/world/taiwan-thanks-australia-for-diamond-invitation-as-beijing-unhappy-20170504-gvyief.html
652610570,2017-05-04,190,OK_ORIGINAL,MISMATCH,LOW,"Taiwan thanks Australia for diamond invitation, as Beijing unhappy","이 기사는 양안 간의 외교적 긴장과 대만 국제 참여를 둘러싼 갈등을 다루고 있으며, 재래식 무력 사용과는 관련이 없습니다.",http://www.smh.com.au/world/taiwan-thanks-australia-for-diamond-invitation-as-beijing-unhappy-20170504-gvyief.html,http://www.smh.com.au/world/taiwan-thanks-australia-for-diamond-invitation-as-beijing-unhappy-20170504-gvyief.html
1093807841,2023-04-06,150,NOTFOUND,-,UNVERIFIED,,본문 확보 실패,,https://www.theaustralian.com.au/news/latest-news/us-house-speaker-meets-taiwan-president-despite-beijings-threats/news-story/9208a7b30b405fc3ccd4d82554a9db05?nk=4f9fd783cd46abef5e10b153ad8c7193-1680738398
1108673468,2022-06-14,150,OK_ORIGINAL,AMBIGUOUS,MEDIUM,"Biden dispatching Sullivan to Tokyo for talks with Japan, Philippines, South Korea officials","기사는 미국, 일본, 필리핀, 한국 간의 안보 협력 강화 논의를 다루고 있으며, 이는 중국과의 긴장 고조와 연관이 있을 수 있지만, 직접적으로 양안 군사 사건이나 군사 태세에 대한 구체적인 내용은 포함하고 있지 않습니다.",https://news.yahoo.com/biden-dispatching-sullivan-tokyo-talks-002941245.html,https://news.yahoo.com/biden-dispatching-sullivan-tokyo-talks-002941245.html
603351107,2016-11-28,150,OK_ORIGINAL,MISMATCH,LOW,"The Straits Times - Breaking news, Singapore news, Asia and world news & multimedia","기사 본문은 양안 군사 사건과 전혀 관련 없는 싱가포르 뉴스, 순환선 개통, 직장 내 발언 등 다양한 주제를 다루고 있으며, CAMEO 코드 150인 군사 태세와도 일치하지 않습니다.",http://www.straitstimes.com/asia/east-asia/saf-vehicle-seizure-china-voices-unhappiness-to-spore,http://www.straitstimes.com/asia/east-asia/saf-vehicle-seizure-china-voices-unhappiness-to-spore
734308334,2018-02-27,190,OK_WAYBACK,MISMATCH,LOW,Taiwan's Innolux sues Chinese TV maker for flat panel patent ripoff,"이 기사는 대만 기업이 중국 기업을 상대로 제기한 특허 침해 소송에 관한 내용으로, 재래식 무력 사용과 같은 군사 사건과는 전혀 관련이 없습니다.",http://web.archive.org/web/20180227104632/http://www.thestandard.com.hk/breaking-news.php?id=103477,http://www.thestandard.com.hk/breaking-news.php?id=103477
734273554,2018-02-27,190,OK_ORIGINAL,MISMATCH,LOW,Innolux sues Chinese company for patent infringement - Focus Taiwan,"해당 기사는 대만 기업이 중국 기업을 상대로 특허 침해 소송을 제기한 사건으로, 재래식 무력 사용과는 무관한 민사 소송에 해당합니다.",http://focustaiwan.tw/news/ast/201802270006.aspx,http://focustaiwan.tw/news/ast/201802270006.aspx
734309415,2018-02-27,190,OK_WAYBACK,MISMATCH,LOW,Taiwan's Innolux sues Chinese TV maker for flat panel patent ripoff,"이 기사는 특허 침해에 대한 민사 소송에 관한 것으로, 재래식 무력 사용과 같은 군사적 사건과는 관련이 없습니다.",http://web.archive.org/web/20180227104632/http://www.thestandard.com.hk/breaking-news.php?id=103477,http://www.thestandard.com.hk/breaking-news.php?id=103477
734272499,2018-02-27,190,OK_ORIGINAL,MISMATCH,LOW,Innolux sues Chinese company for patent infringement - Focus Taiwan,"해당 기사는 특허 침해에 대한 민사 소송에 관한 내용으로, CAMEO 코드 190(재래식 무력 사용)과는 관련이 없습니다.",http://focustaiwan.tw/news/ast/201802270006.aspx,http://focustaiwan.tw/news/ast/201802270006.aspx
607747316,2016-12-12,150,OK_ORIGINAL,AMBIGUOUS,MEDIUM,"Trump ups US ante on Taiwan, but China has leverage too","기사는 트럼프의 대만 정책 발언을 다루고 있지만, 직접적인 군사적 행동이나 위협보다는 외교적, 경제적 협상 도구로 사용될 가능성에 초점을 맞추고 있어 '군사 태세'로 직접 분류하기에는 애매한 부분이 있습니다.",http://www.dailymail.co.uk/wires/ap/article-4026638/Trump-ups-US-ante-Taiwan-China-leverage-too.html,http://www.dailymail.co.uk/wires/ap/article-4026638/Trump-ups-US-ante-Taiwan-China-leverage-too.html
607599162,2016-12-12,150,OK_ORIGINAL,AMBIGUOUS,MEDIUM,Taiwan frets at being pawn in any Trump re-set of U.S.-China ties,"기사는 트럼프 당선인의 발언으로 인한 대만 내 우려와 미중 관계 변화 가능성을 주로 다루고 있으며, 중국 군용기의 대만 인근 해역 비행이 언급되긴 하지만 양안 간의 직접적인 군사적 충돌이나 군사적 행동을 묘사하는 것이 아니라 군사적 태세(military posturing)로 분류하기에는 맥락상 애매한 부분이 있습니다.",https://www.yahoo.com/news/taiwan-frets-being-pawn-trump-set-u-china-120205094.html,https://www.yahoo.com/news/taiwan-frets-being-pawn-trump-set-u-china-120205094.html
607599146,2016-12-12,150,OK_ORIGINAL,AMBIGUOUS,MEDIUM,Taiwan frets at being pawn in any Trump re-set of U.S.-China ties,"기사는 양안 관계 및 군사적 긴장감을 다루고 있지만, GDELT 분류 유형인 '군사 태세(military posturing)'에 직접적으로 해당하는 구체적인 군사 행동보다는 미국의 대만 정책 변화와 관련된 정치적, 외교적 논의에 초점을 맞추고 있습니다.",https://www.yahoo.com/news/taiwan-frets-being-pawn-trump-set-u-china-120205094.html,https://www.yahoo.com/news/taiwan-frets-being-pawn-trump-set-u-china-120205094.html
607599143,2016-12-12,150,OK_ORIGINAL,AMBIGUOUS,MEDIUM,Taiwan frets at being pawn in any Trump re-set of U.S.-China ties,"기사는 대만과 관련된 미국-중국 관계 변화 및 중국의 군사 훈련을 언급하지만, 주요 내용은 정치적 발언에 따른 대만의 우려이며 직접적인 양안 군사 사건이나 군사 태세에 대한 자세한 설명은 부족합니다.",https://www.yahoo.com/news/taiwan-frets-being-pawn-trump-set-u-china-120205094.html,https://www.yahoo.com/news/taiwan-frets-being-pawn-trump-set-u-china-120205094.html
607747315,2016-12-12,150,OK_ORIGINAL,AMBIGUOUS,MEDIUM,"Trump ups US ante on Taiwan, but China has leverage too","기사는 트럼프의 대만 정책 발언을 언급하며 중국과의 긴장 고조 가능성을 시사하지만, 직접적인 군사적 행동이나 군사 태세를 묘사하기보다는 외교적, 경제적 협상 도구로서의 가능성에 초점을 맞추고 있어 CAMEO 코드 150(군사 태세)과 명확히 일치한다고 보기 어렵습니다.",http://www.dailymail.co.uk/wires/ap/article-4026638/Trump-ups-US-ante-Taiwan-China-leverage-too.html,http://www.dailymail.co.uk/wires/ap/article-4026638/Trump-ups-US-ante-Taiwan-China-leverage-too.html
607666316,2016-12-12,190,NOTFOUND,-,UNVERIFIED,,본문 확보 실패,,http://www.todayonline.com/chinaindia/china/chinas-red-line-taiwan-has-asia-braced-lose-lose-battle-trump
607525715,2016-12-11,150,OK_ORIGINAL,MISMATCH,LOW,SgLinks.com is for sale | HugeDomains,"제시된 기사는 도메인 판매에 대한 내용으로, 양안 군사 사건 및 군사 태세와 전혀 관련이 없습니다.",http://sglinks.com/pages/85597650-chinese-media-warn-immature-trump-over-taiwan-policy-say,http://sglinks.com/pages/85597650-chinese-media-warn-immature-trump-over-taiwan-policy-say
607599144,2016-12-12,150,OK_ORIGINAL,AMBIGUOUS,MEDIUM,Taiwan frets at being pawn in any Trump re-set of U.S.-China ties,"기사는 트럼프의 발언으로 인한 대만과 중국의 외교적 긴장을 다루고 있으며, 중국 군사 항공기 훈련이 언급되지만, 이는 미국-중국 관계의 맥락에서 제시되며 직접적인 양안 군사 사건의 '군사 태세'로 분류하기에는 애매한 측면이 있습니다.",https://www.yahoo.com/news/taiwan-frets-being-pawn-trump-set-u-china-120205094.html,https://www.yahoo.com/news/taiwan-frets-being-pawn-trump-set-u-china-120205094.html
607599161,2016-12-12,150,OK_ORIGINAL,AMBIGUOUS,MEDIUM,Taiwan frets at being pawn in any Trump re-set of U.S.-China ties,"기사는 양안 관련 정치적 발언과 중국의 군사 훈련을 언급하지만, GDELT 분류 사건 유형인 '군사 태세'에 직접적으로 부합하는 구체적인 군사 행동보다는 정치적 논쟁과 긴장에 초점을 맞추고 있습니다.",https://www.yahoo.com/news/taiwan-frets-being-pawn-trump-set-u-china-120205094.html,https://www.yahoo.com/news/taiwan-frets-being-pawn-trump-set-u-china-120205094.html
607599145,2016-12-12,150,OK_ORIGINAL,AMBIGUOUS,MEDIUM,Taiwan frets at being pawn in any Trump re-set of U.S.-China ties,"기사는 트럼프 대통령 당선인의 발언으로 인한 양안 관계에 대한 대만의 우려와 중국의 군사 훈련을 언급하고 있지만, GDELT 분류 코드 150 '군사 태세'와 직접적으로 일치한다고 보기는 어렵습니다.",https://www.yahoo.com/news/taiwan-frets-being-pawn-trump-set-u-china-120205094.html,https://www.yahoo.com/news/taiwan-frets-being-pawn-trump-set-u-china-120205094.html
607747314,2016-12-12,150,OK_ORIGINAL,MATCH,HIGH,"Trump ups US ante on Taiwan, but China has leverage too","이 기사는 트럼프 대통령 당선인의 대만 정책 발언으로 인해 고조될 수 있는 미중 간의 외교적, 군사적 긴장에 대해 다루고 있으며, 이는 군사 태세와 관련된 사건으로 분류될 수 있습니다.",http://www.dailymail.co.uk/wires/ap/article-4026638/Trump-ups-US-ante-Taiwan-China-leverage-too.html,http://www.dailymail.co.uk/wires/ap/article-4026638/Trump-ups-US-ante-Taiwan-China-leverage-too.html
572243401,2016-08-24,190,OK_ORIGINAL,MISMATCH,LOW,Taiwan Vice President to visit Vatican amid China progress | Taiwan Vice President to visit Vatican amid China progress,"이 기사는 대만의 부통령이 교황청을 방문하는 외교적 사안을 다루고 있으며, 재래식 무력 사용과 같은 군사 사건과는 관련이 없습니다.",http://www.deccanchronicle.com/world/asia/240816/taiwan-vice-president-to-visit-vatican-amid-china-progress.html,http://www.deccanchronicle.com/world/asia/240816/taiwan-vice-president-to-visit-vatican-amid-china-progress.html
572241421,2016-08-24,190,OK_ORIGINAL,MISMATCH,LOW,Taiwan Vice President to visit Vatican amid China progress | Taiwan Vice President to visit Vatican amid China progress,"해당 기사는 대만의 부통령이 바티칸을 방문하는 외교적 사안을 다루고 있으며, 재래식 무력 사용과 관련된 군사적 사건과는 무관합니다.",http://www.deccanchronicle.com/world/asia/240816/taiwan-vice-president-to-visit-vatican-amid-china-progress.html,http://www.deccanchronicle.com/world/asia/240816/taiwan-vice-president-to-visit-vatican-amid-china-progress.html
605761024,2016-12-06,190,OK_ORIGINAL,MISMATCH,LOW,Donald Trump is aggressively provoking China. What is he thinking?,"기사는 도널드 트럼프의 중국 관련 외교 및 경제 정책에 대한 논평이며, 실제 양안 군사 사건이나 재래식 무력 사용을 묘사하고 있지 않습니다.",http://theweek.com/articles/665560/donald-trump-aggressively-provoking-china-what-thinking,http://theweek.com/articles/665560/donald-trump-aggressively-provoking-china-what-thinking
626070312,2017-02-10,192,OK_ORIGINAL,MISMATCH,LOW,Trump vows to honor 'One China' policy in first phone call as president with China's Xi,"이 기사는 도널드 트럼프 미국 대통령과 시진핑 중국 주석 간의 통화 내용을 다루고 있으며, '하나의 중국' 정책 준수에 대한 논의를 중심으로 하고 있어 영토 점령과 같은 군사 사건과는 거리가 멉니다.",http://www.businessinsider.com/trump-xi-jinping-one-china-phone-call-2017-2,http://www.businessinsider.com/trump-xi-jinping-one-china-phone-call-2017-2
617408473,2017-01-16,190,NOTFOUND,-,UNVERIFIED,,본문 확보 실패,,http://english.sina.com/china/d/2017-01-16/detail-ifxzqnim4521640.shtml
617407265,2017-01-16,190,NOTFOUND,-,UNVERIFIED,,본문 확보 실패,,http://english.sina.com/china/d/2017-01-16/detail-ifxzqnim4521640.shtml
618201581,2017-01-18,190,NOTFOUND,-,UNVERIFIED,,본문 확보 실패,,http://www.chinapost.com.tw/taiwan/national/national-news/2017/01/18/489725/Tire-factory.htm
618212370,2017-01-18,150,NOTFOUND,-,UNVERIFIED,,본문 확보 실패,,http://presstv.com/Detail/2017/01/18/506672/Taiwan-annual-drills-China-tensions
618212369,2017-01-18,150,NOTFOUND,-,UNVERIFIED,,본문 확보 실패,,http://presstv.com/Detail/2017/01/18/506672/Taiwan-annual-drills-China-tensions
618416327,2017-01-18,192,OK_ORIGINAL,MISMATCH,LOW,China presses U.S. to reject Taiwanese delegation to inauguration - UPI.com,"기사는 대만이 미국 대통령 취임식에 대표단을 보내는 것에 대한 중국의 외교적 압력과 관련된 내용으로, 영토 점령과는 관련이 없습니다.",http://www.upi.com/Top_News/World-News/2017/01/18/China-presses-US-to-reject-Taiwanese-delegation-to-inauguration/5221484765887/,http://www.upi.com/Top_News/World-News/2017/01/18/China-presses-US-to-reject-Taiwanese-delegation-to-inauguration/5221484765887/
669929077,2017-07-03,190,NOTFOUND,-,UNVERIFIED,,본문 확보 실패,,http://www.chinapost.com.tw/taiwan/national/national-news/2017/07/03/499164/chinese-warships.htm
1063975097,2022-09-21,190,OK_ORIGINAL,MATCH,HIGH,"US, Canada Warships Transit Taiwan Strait","기사는 미국과 캐나다 군함이 대만 해협을 통과한 사건을 보도하며, 이는 재래식 무력 사용(use conventional force)으로 분류될 수 있는 군사 작전입니다.",https://www.voanews.com/a/us-canada-warships-transit-taiwan-strait/6755965.html,https://www.voanews.com/a/us-canada-warships-transit-taiwan-strait/6755965.html
847549955,2019-05-24,191,NOTFOUND,-,UNVERIFIED,,본문 확보 실패,,https://www.lmtonline.com/news/world/article/Same-sex-couples-start-registering-marriages-in-13888390.php
543791574,2016-05-25,154,NOTFOUND,-,UNVERIFIED,,본문 확보 실패,,http://abcnews.go.com/International/wireStory/china-taiwans-female-leader-extreme-shes-single-39357489
637597569,2017-03-16,194,NOTFOUND,-,UNVERIFIED,,본문 확보 실패,,http://dailycaller.com/2017/03/16/taiwans-military-claims-it-can-strike-deep-into-chinese-territory/
637447955,2017-03-16,190,NOTFOUND,-,UNVERIFIED,,본문 확보 실패,,https://www.yahoo.com/news/taiwan-says-capable-strike-against-china-113335547.html
1288407931,2026-02-10,190,OK_ORIGINAL,MISMATCH,LOW,U.S. House passes bill to limit China's access to finance if Taiwan threatened - Focus Taiwan,"기사는 중국의 대만 위협 시 금융 제재를 가하는 법안 통과에 관한 내용으로, 직접적인 재래식 무력 사용 사건이 아닙니다.",https://focustaiwan.tw/politics/202602100008,https://focustaiwan.tw/politics/202602100008
1288406968,2026-02-10,190,OK_ORIGINAL,MISMATCH,LOW,U.S. House passes bill to limit China's access to finance if Taiwan threatened - Focus Taiwan,"기사는 대만 위협 시 중국에 대한 금융 제재를 다루는 내용으로, 재래식 무력 사용과는 직접적인 관련이 없습니다.",https://focustaiwan.tw/politics/202602100008,https://focustaiwan.tw/politics/202602100008
868700114,2019-08-27,150,OK_ORIGINAL,MATCH,HIGH,Chinese Navy Drills Near Taiwan Following F-16 Sales by US,"기사는 미국이 대만에 F-16 전투기 판매를 승인한 것에 대한 대응으로 중국 해군이 대만 인근에서 군사 훈련을 실시한다고 보도하고 있어, 이는 GDELT 분류 유형인 '군사 태세'와 일치하는 양안 군사 사건입니다.",https://sputniknews.com/asia/201908271076655030-chinese-navy-drills-near-taiwan-following-f-16-sales-by-us/,https://sputniknews.com/asia/201908271076655030-chinese-navy-drills-near-taiwan-following-f-16-sales-by-us/
868563361,2019-08-27,150,NOTFOUND,-,UNVERIFIED,,본문 확보 실패,,https://www.business-standard.com/article/pti-stories/china-to-hold-fresh-military-drills-near-taiwan-119082700418_1.html
868570393,2019-08-27,150,OK_ORIGINAL,MATCH,HIGH,China to hold fresh military drills near Taiwan,"기사는 중국이 대만 인근에서 군사 훈련을 실시한다는 내용을 다루고 있으며, 이는 '군사 태세'라는 GDELT 분류 유형과 일치합니다.",http://www.spacewar.com/afp/190827064806.71o4jglc.html,http://www.spacewar.com/afp/190827064806.71o4jglc.html
1163342545,2024-03-12,150,OK_ORIGINAL,AMBIGUOUS,MEDIUM,Problems in China have US intelligence worried the rising military power may become 'even more aggressive and unpredictable',"기사는 중국의 군사력 증강과 잠재적인 공격성 증가에 대해 언급하지만, 양안 군사 사건에 국한되지 않고 중국의 전반적인 세계적 영향력과 국내 문제에 더 초점을 맞추고 있어 CAMEO 코드 150(군사 태세)과의 직접적인 일치는 애매합니다.",https://www.businessinsider.com/china-problems-has-us-worried-itll-be-more-aggressive-2024-3,https://www.businessinsider.com/china-problems-has-us-worried-itll-be-more-aggressive-2024-3
1163342561,2024-03-12,150,OK_ORIGINAL,AMBIGUOUS,MEDIUM,Problems in China have US intelligence worried the rising military power may become 'even more aggressive and unpredictable',"기사 본문은 중국의 군사력 증가와 대만 압박 가능성을 언급하지만, '군사 태세'라는 구체적인 사건 유형보다는 전반적인 중국의 공격적이고 예측 불가능한 행동 가능성에 초점을 맞추고 있어 명확하게 일치한다고 보기 어렵습니다.",https://www.businessinsider.com/china-problems-has-us-worried-itll-be-more-aggressive-2024-3,https://www.businessinsider.com/china-problems-has-us-worried-itll-be-more-aggressive-2024-3
888049057,2019-11-21,193,NOTFOUND,-,UNVERIFIED,,본문 확보 실패,,https://www.cnbc.com/2019/11/21/reuters-america-china-says-taiwan-courting-disaster-after-election-independence-comment.html
888337250,2019-11-22,190,OK_ORIGINAL,MISMATCH,LOW,US working with Taiwan to combat China election interference,"기사는 중국의 대만 선거 개입에 대한 미국의 대응을 다루고 있으며, 이는 재래식 무력 사용과는 관련이 없습니다.",https://www.sandiegouniontribune.com/news/nation-world/story/2019-11-22/us-working-with-taiwan-to-combat-china-election-interference,https://www.sandiegouniontribune.com/news/nation-world/story/2019-11-22/us-working-with-taiwan-to-combat-china-election-interference
888356294,2019-11-22,190,OK_ORIGINAL,MISMATCH,LOW,US working with Taiwan to combat China election interference,"기사는 중국의 대만 선거 개입 시도를 다루고 있으며, 재래식 무력 사용과는 관련이 없습니다.",https://infotel.ca/newsitem/taiwan-us-china/cp505826535,https://infotel.ca/newsitem/taiwan-us-china/cp505826535
888339982,2019-11-22,190,NOTFOUND,-,UNVERIFIED,,본문 확보 실패,,https://mynorthwest.com/1611344/us-working-with-taiwan-to-combat-china-election-interference/
888337251,2019-11-22,190,NOTFOUND,-,UNVERIFIED,,본문 확보 실패,,https://kvoa.com/ap-international-news/2019/11/22/us-working-with-taiwan-to-combat-china-election-interference/
888358000,2019-11-22,190,NOTFOUND,-,UNVERIFIED,,본문 확보 실패,,https://www.seattlepi.com/news/world/article/US-working-with-Taiwan-to-combat-China-election-14854460.php
1047112673,2022-05-31,192,OK_ORIGINAL,MISMATCH,LOW,Japan to 'drastically strengthen' military due to unstable Asia,"기사는 일본의 국방력 강화에 대한 내용이며, 중국과 대만 간의 영토 점령 사건을 직접적으로 다루고 있지 않습니다.",https://www.austinglobe.com/news/272571028/japan-to-drastically-strengthen-military-due-to-unstable-asia,https://www.austinglobe.com/news/272571028/japan-to-drastically-strengthen-military-due-to-unstable-asia
1047025465,2022-05-31,192,EMPTY,-,UNVERIFIED,,본문 확보 실패,,https://www.msn.com/en-us/news/world/us-congressional-delegation-makes-surprise-visit-to-taiwan/ar-AAXT6Mq
1047051793,2022-05-31,190,OK_ORIGINAL,MISMATCH,LOW,Taiwan raids 10 Chinese firms over poaching of chip engineers,"해당 기사는 대만 당국이 중국 기업을 대상으로 반도체 기술 인력 유출 혐의로 단속한 사건으로, 재래식 무력 사용과는 거리가 멀다.",https://news.webindia123.com/news/Articles/World/20220531/3947229.html,https://news.webindia123.com/news/Articles/World/20220531/3947229.html
1047051794,2022-05-31,190,OK_ORIGINAL,MISMATCH,LOW,Taiwan raids 10 Chinese firms over poaching of chip engineers,"해당 기사는 대만의 중국 기업에 대한 단속에 관한 내용으로, 재래식 무력 사용과 관련된 군사적 사건이 아닙니다.",https://news.webindia123.com/news/Articles/World/20220531/3947229.html,https://news.webindia123.com/news/Articles/World/20220531/3947229.html
1047051795,2022-05-31,190,OK_ORIGINAL,MISMATCH,LOW,Taiwan raids 10 Chinese firms over poaching of chip engineers,"이 기사는 중국 기업의 대만 반도체 인력 유출에 대한 조사 기사로, 재래식 무력 사용을 포함하는 군사 사건과 관련이 없습니다.",https://news.webindia123.com/news/Articles/World/20220531/3947229.html,https://news.webindia123.com/news/Articles/World/20220531/3947229.html
1047051797,2022-05-31,190,OK_ORIGINAL,MISMATCH,LOW,Taiwan raids 10 Chinese firms over poaching of chip engineers,"해당 기사는 대만 당국이 중국 기업을 대상으로 반도체 인력 유출 혐의에 대해 조사 및 단속을 벌인 사건으로, 재래식 무력 사용과는 관련이 없습니다.",https://news.webindia123.com/news/Articles/World/20220531/3947229.html,https://news.webindia123.com/news/Articles/World/20220531/3947229.html
1047066676,2022-05-31,192,EMPTY,-,UNVERIFIED,,본문 확보 실패,,https://www.msn.com/en-us/news/world/china-sends-30-planes-into-taiwan-air-defence-zone/ar-AAXUqYi
1047044928,2022-05-31,192,EMPTY,-,UNVERIFIED,,본문 확보 실패,,https://www.msn.com/en-us/news/world/china-makes-second-largest-taiwan-defence-zone-incursion-this-year/ar-AAXUfzP
1047085922,2022-05-31,151,NOTFOUND,-,UNVERIFIED,,본문 확보 실패,,https://www.newsweek.com/china-taiwan-warplanes-aircraft-air-defense-zone-1711526
1047044929,2022-05-31,192,EMPTY,-,UNVERIFIED,,본문 확보 실패,,https://www.msn.com/en-us/news/world/china-makes-second-largest-taiwan-defence-zone-incursion-this-year/ar-AAXUfzP
1047053214,2022-05-31,192,OK_ORIGINAL,AMBIGUOUS,MEDIUM,China makes second largest Taiwan defense zone incursion this year,"기사는 중국의 대만 방공 식별 구역 침범에 관한 것이지만, 이는 영토 점령(occupy territory)보다는 영공 침범에 가까운 사건입니다.",https://newsinfo.inquirer.net/1604718/china-makes-second-largest-taiwan-defense-zone-incursion-this-year,https://newsinfo.inquirer.net/1604718/china-makes-second-largest-taiwan-defense-zone-incursion-this-year
1185198738,2024-07-03,150,OK_ORIGINAL,MISMATCH,LOW,Solidarity From Below: Leftist Guide to US-China Rivalry,"기사는 미국과 중국의 경쟁을 다루지만, 구체적인 군사적 사건보다는 이념 및 자본주의 경쟁에 초점을 맞추고 있어 CAMEO 코드 150(군사 태세)과는 거리가 있습니다.",https://www.miragenews.com/solidarity-from-below-leftist-guide-to-us-china-1268770/,https://www.miragenews.com/solidarity-from-below-leftist-guide-to-us-china-1268770/
1185156692,2024-07-03,152,OK_ORIGINAL,MISMATCH,LOW,Taiwan says China seized fishing boat near Chinese coast - Worldnews.com,"기사는 중국 해안경비대가 대만 어선과 승무원을 나포한 사건으로, 군사력 증강보다는 해양 사건에 더 가깝습니다.",https://article.wn.com/view/2024/07/03/Taiwan_says_China_seized_fishing_boat_near_Chinese_coast/,https://article.wn.com/view/2024/07/03/Taiwan_says_China_seized_fishing_boat_near_Chinese_coast/
1068415831,2022-10-20,190,OK_ORIGINAL,MATCH,HIGH,US Navy should be ready to fight tonight top admiral,"기사는 대만 해협에서 발생할 수 있는 군사적 충돌에 대한 미 해군 제독의 경고를 다루며, 이는 CAMEO 코드 190 (재래식 무력 사용)에 해당합니다.",https://www.taiwansun.com/news/272955733/us-navy-should-be-ready-to-fight-tonight-top-admiral,https://www.taiwansun.com/news/272955733/us-navy-should-be-ready-to-fight-tonight-top-admiral
1068415243,2022-10-20,190,OK_ORIGINAL,AMBIGUOUS,MEDIUM,US Navy should be ready to fight tonight top admiral,"기사는 미국 해군 참모총장이 대만 문제와 관련하여 중국과의 충돌 가능성을 언급하며 군사 대비 태세를 강조하는 내용으로, 군사 사건의 '사용'보다는 '가능성'과 '준비'에 초점을 맞추고 있어 CAMEO 코드 190(재래식 무력 사용)과는 직접적으로 일치하지 않습니다.",https://www.taiwansun.com/news/272955733/us-navy-should-be-ready-to-fight-tonight-top-admiral,https://www.taiwansun.com/news/272955733/us-navy-should-be-ready-to-fight-tonight-top-admiral
1068415830,2022-10-20,190,OK_ORIGINAL,AMBIGUOUS,MEDIUM,US Navy should be ready to fight tonight top admiral,"기사는 중국-대만 군사 충돌 가능성을 언급하지만, 이는 재래식 무력 사용 자체보다는 잠재적 위험에 대한 경고에 가깝습니다.",https://www.taiwansun.com/news/272955733/us-navy-should-be-ready-to-fight-tonight-top-admiral,https://www.taiwansun.com/news/272955733/us-navy-should-be-ready-to-fight-tonight-top-admiral
1068745972,2022-10-22,192,OK_ORIGINAL,MISMATCH,LOW,China's Communist Party moves to solidify Xi Jinping's power in leadership shuffle,"본 기사는 중국 공산당 내부의 지도부 개편 및 시진핑 주석의 권력 강화에 대한 내용으로, 양안 간의 군사적 충돌이나 영토 점령과는 전혀 관련이 없습니다.",https://www.kedm.org/npr-news/npr-news/2022-10-22/chinas-communist-party-moves-to-solidify-xi-jinpings-power-in-leadership-shuffle,https://www.kedm.org/npr-news/npr-news/2022-10-22/chinas-communist-party-moves-to-solidify-xi-jinpings-power-in-leadership-shuffle
1068743449,2022-10-22,192,NOTFOUND,-,UNVERIFIED,,본문 확보 실패,,https://www.northcountrypublicradio.org/news/npr/1130720875/china-s-communist-party-moves-to-solidify-xi-jinping-s-power-in-leadership-shuffle
1056540112,2022-07-31,150,EMPTY,-,UNVERIFIED,,본문 확보 실패,,https://www.msn.com/en-us/news/world/china-conducted-live-fire-exercises-off-its-coast-opposite-taiwan/ar-AA109Xli
1056402556,2022-07-30,150,OK_ORIGINAL,MATCH,HIGH,China announces military exercise opposite Taiwan,"기사는 중국이 대만 인근에서 군사 훈련을 발표했다는 내용을 다루고 있으며, 이는 CAMEO 코드 150 '군사 태세'에 정확히 부합합니다.",https://infotel.ca/newsitem/as-china-taiwan/cp1289139445,https://infotel.ca/newsitem/as-china-taiwan/cp1289139445
1056175928,2022-07-28,193,NOTFOUND,-,UNVERIFIED,,본문 확보 실패,,https://americanmilitarynews.com/2022/07/taiwan-fires-warning-shots-at-suspected-chinese-drone-report/
1056401242,2022-07-30,150,NOTFOUND,-,UNVERIFIED,,본문 확보 실패,,https://www.sfgate.com/news/article/China-announces-military-exercise-opposite-Taiwan-17339911.php
1056467141,2022-07-31,150,OK_ORIGINAL,MATCH,HIGH,China announces military exercises as Pelosi's possible trip to Taiwan looms,기사는 중국이 낸시 펠로시 대만 방문 가능성에 대응하여 군사 훈련을 발표하고 실시한다는 내용을 담고 있어 '군사 태세'에 해당합니다.,https://www.wdiy.org/npr-news/npr-news/2022-07-30/china-announces-military-exercises-as-pelosis-possible-trip-to-taiwan-looms,https://www.wdiy.org/npr-news/npr-news/2022-07-30/china-announces-military-exercises-as-pelosis-possible-trip-to-taiwan-looms
1056173491,2022-07-28,150,EMPTY,-,UNVERIFIED,,본문 확보 실패,,https://kdwn.com/2022/07/28/a-richer-stronger-china-warns-pelosi-not-to-visit-taiwan/
1056179610,2022-07-28,150,NOTFOUND,-,UNVERIFIED,,본문 확보 실패,,https://www.dailytelegraph.com.au/news/world/chinese-president-xi-jinping-warns-joe-biden-not-to-play-with-fire/news-story/869e21c732d3ac283b593612c969e289?nk=d68472e4e511a106dc4d75f8c05eeb75-1659039388
1056207455,2022-07-29,150,NOTFOUND,-,UNVERIFIED,,본문 확보 실패,,https://www.dailytelegraph.com.au/news/world/chinese-president-xi-jinping-warns-joe-biden-not-to-play-with-fire/news-story/869e21c732d3ac283b593612c969e289?nk=e723798dd7169d81dd480cbe407ad724-1659054733
1056345947,2022-07-29,193,OK_ORIGINAL,MISMATCH,LOW,Chinese pundit suggests shooting down Pelosi's plane ahead of Taiwan trip,"해당 기사는 소형화기 충돌과 같은 실제 군사적 충돌이 아닌, 정치적 발언 및 외교적 긴장 고조에 대한 내용이므로 GDELT 분류 유형과 일치하지 않습니다.",https://justthenews.com/world/asia/chinese-pundit-suggests-shooting-down-pelosis-plane-ahead-taiwan-trip,https://justthenews.com/world/asia/chinese-pundit-suggests-shooting-down-pelosis-plane-ahead-taiwan-trip
1056455370,2022-07-30,190,OK_ORIGINAL,MATCH,HIGH,China conducts military exercises amid tensions with US,"기사는 중국이 대만 해협 인근에서 실시한 실탄 훈련을 보도하고 있으며, 이는 CAMEO 코드 190 '재래식 무력 사용'에 해당합니다.",https://www.bignewsnetwork.com/news/272637930/china-conducts-military-exercises-amid-tensions-with-us,https://www.bignewsnetwork.com/news/272637930/china-conducts-military-exercises-amid-tensions-with-us
1056455369,2022-07-30,150,OK_ORIGINAL,MATCH,HIGH,China conducts military exercises amid tensions with US,"기사는 대만 해협 인근에서 진행된 중국의 실탄 훈련을 보도하며, 이는 양안 간의 긴장 상황 속에서의 군사적 태세를 나타내므로 CAMEO 코드 150: 군사 태세 분류와 일치합니다.",https://www.bignewsnetwork.com/news/272637930/china-conducts-military-exercises-amid-tensions-with-us,https://www.bignewsnetwork.com/news/272637930/china-conducts-military-exercises-amid-tensions-with-us
1056467142,2022-07-31,150,OK_ORIGINAL,MATCH,HIGH,China conducts military exercises amid tensions with US,"기사는 중국이 대만 해협 인근에서 실시한 실탄 훈련을 보도하며, 이는 CAMEO 코드 150 ""군사 태세""와 부합하는 양안 군사 사건입니다.",https://www.beijingbulletin.com/news/272637930/china-conducts-military-exercises-amid-tensions-with-us,https://www.beijingbulletin.com/news/272637930/china-conducts-military-exercises-amid-tensions-with-us
1056467143,2022-07-31,190,OK_ORIGINAL,MATCH,HIGH,China conducts military exercises amid tensions with US,"기사는 중국이 대만 해협 인근에서 실시한 실탄 훈련에 대한 내용으로, 이는 재래식 무력 사용에 해당합니다.",https://www.beijingbulletin.com/news/272637930/china-conducts-military-exercises-amid-tensions-with-us,https://www.beijingbulletin.com/news/272637930/china-conducts-military-exercises-amid-tensions-with-us
1258811086,2025-08-21,154,OK_ORIGINAL,MISMATCH,LOW,"China-Canada canola fallout, Beijing’s rocket launcher: SCMP daily highlights","기사 제목과 본문 모두 양안 군사 사건과는 무관한 중국과 캐나다의 대두(canola) 거래 문제와 중국의 로켓 발사체에 대한 언급만 있을 뿐, 군사 동원/증강 사건과는 관련이 없습니다.",https://www.scmp.com/news/china/article/3322687/china-and-indias-cold-peace-tree-planting-linked-droughts-scmp-daily-highlights,https://www.scmp.com/news/china/article/3322687/china-and-indias-cold-peace-tree-planting-linked-droughts-scmp-daily-highlights
624947084,2017-02-07,192,NOTFOUND,-,UNVERIFIED,,본문 확보 실패,,http://www.dnaindia.com/world/report-taiwan-to-build-66-jet-trainer-aircraft-by-2026-to-bolster-defences-2314626
288971534,2014-03-10,150,EMPTY,-,UNVERIFIED,,본문 확보 실패,,http://www.ctvnews.ca/world/taiwan-spy-chief-says-warning-received-on-possible-china-attacks-1.1721703
311217567,2014-08-26,192,EMPTY,-,UNVERIFIED,,본문 확보 실패,,http://www.tolerance.ca/ArticleExt.aspx?ID=233242&L=en
618042289,2017-01-17,192,OK_ORIGINAL,AMBIGUOUS,MEDIUM,Retired Chinese general: Beijing could take Taiwan in 100 hours - UPI.com,"기사는 중국의 대만 점령 가능성에 대한 언급을 포함하지만, 실제 발생한 사건이 아닌 전직 장군의 예측에 대한 내용으로, CAMEO 코드 192 (영토 점령)와 직접적으로 일치한다고 보기 어렵습니다.",http://www.upi.com/Top_News/World-News/2017/01/17/Retired-Chinese-general-Beijing-could-take-Taiwan-in-100-hours/7641484681794/,http://www.upi.com/Top_News/World-News/2017/01/17/Retired-Chinese-general-Beijing-could-take-Taiwan-in-100-hours/7641484681794/
923213378,2020-05-13,150,NOTFOUND,-,UNVERIFIED,,본문 확보 실패,,https://www.nytimes.com/aponline/2020/05/12/world/asia/ap-as-taiwan-poll-.html
923213379,2020-05-13,150,NOTFOUND,-,UNVERIFIED,,본문 확보 실패,,https://www.nytimes.com/aponline/2020/05/12/world/asia/ap-as-taiwan-poll-.html
766710268,2018-06-24,154,NOTFOUND,-,UNVERIFIED,,본문 확보 실패,,https://www.thehour.com/news/world/article/Mattis-to-visit-China-as-Taiwan-S-China-Sea-13020833.php
766720414,2018-06-24,154,NOTFOUND,-,UNVERIFIED,,본문 확보 실패,,http://www.tri-cityherald.com/news/nation-world/world/article213744344.html
766710807,2018-06-24,154,NOTFOUND,-,UNVERIFIED,,본문 확보 실패,,https://www.binghamtonhomepage.com/news/mattis-to-visit-china-as-taiwan-s-china-sea-tensions-rise/1259033263
766710806,2018-06-24,154,NOTFOUND,-,UNVERIFIED,,본문 확보 실패,,https://www.binghamtonhomepage.com/news/mattis-to-visit-china-as-taiwan-s-china-sea-tensions-rise/1259033263
766719087,2018-06-24,154,NOTFOUND,-,UNVERIFIED,,본문 확보 실패,,http://www.newsradioklbj.com/news/politics/top-political-news/mattis-visit-china-taiwan-s-china-sea-tensions-rise
642007455,2017-03-30,194,NOTFOUND,-,UNVERIFIED,,본문 확보 실패,,http://dailycaller.com/2017/03/30/china-warns-that-us-weapons-cant-save-taiwan/
816530340,2019-01-15,194,NOTFOUND,-,UNVERIFIED,,본문 확보 실패,,https://www.washingtonpost.com/world/national-security/defense-intel-report-fuels-worries-of-china-attack-on-taiwan/2019/01/15/092bcdf6-190d-11e9-b8e6-567190c2fd08_story.html
816533208,2019-01-15,190,NOTFOUND,-,UNVERIFIED,,본문 확보 실패,,https://www.stamfordadvocate.com/news/article/Defense-intel-report-fuels-worries-of-China-13536187.php
816525043,2019-01-15,190,EMPTY,-,UNVERIFIED,,본문 확보 실패,,https://www.kiro7.com/news/politics/defense-intel-report-fuels-worries-of-china-attack-on-taiwan/904964485
424963107,2015-04-13,190,NOTFOUND,-,UNVERIFIED,,본문 확보 실패,,http://www.salon.com/2015/04/13/china_says_taiwan_wont_be_among_charter_members_of_new_bank/
334234007,2015-01-29,195,OK_ORIGINAL,MISMATCH,LOW,More evidence China preparing to attack Japan,"기사는 중국과 일본 간의 잠재적 전쟁 준비에 대한 내용이며, GDELT 분류인 '공중무기 사용(air weapons)'과 직접적인 관련이 없습니다.",http://www.americanthinker.com/blog/2015/01/more_evidence_china_preparing_to_attack_japan.html,http://www.americanthinker.com/blog/2015/01/more_evidence_china_preparing_to_attack_japan.html
898332239,2020-01-11,190,EMPTY,-,UNVERIFIED,,본문 확보 실패,,https://www.nst.com.my/world/world/2020/01/555646/tsai-leads-count-taiwan-election-dominated-china-fears
898432085,2020-01-12,190,OK_ORIGINAL,MISMATCH,LOW,"S. Korea beats Chinese Taipei, 1 win away from Olympic women's volleyball tournament","이 기사는 스포츠 경기 결과에 대한 내용이며, GDELT가 분류한 재래식 무력 사용과 같은 군사 사건과는 전혀 관련이 없습니다.",http://www.koreaherald.com/view.php?ud=20200112000012,http://www.koreaherald.com/view.php?ud=20200112000012
898432806,2020-01-12,190,OK_ORIGINAL,MISMATCH,LOW,"S. Korea beats Chinese Taipei, 1 win away from Olympic women's volleyball tournament","이 기사는 배구 경기 결과에 대한 스포츠 뉴스이며, GDELT의 CAMEO 코드 190: 재래식 무력 사용과는 전혀 관련이 없습니다.",http://www.koreaherald.com/view.php?ud=20200112000012,http://www.koreaherald.com/view.php?ud=20200112000012
898331709,2020-01-11,190,EMPTY,-,UNVERIFIED,,본문 확보 실패,,https://www.nst.com.my/world/world/2020/01/555646/tsai-leads-count-taiwan-election-dominated-china-fears
336257857,2015-02-11,190,OK_ORIGINAL,MISMATCH,LOW,TransAsia offers plane crash compensation- China.org.cn,"본 기사는 대만 트랜스아시아 항공의 항공기 추락 사고에 대한 보도로, 재래식 무력 사용과는 관련이 없습니다.",http://china.org.cn/china/2015-02/11/content_34797673.htm,http://china.org.cn/china/2015-02/11/content_34797673.htm
685615976,2017-08-31,192,NOTFOUND,-,UNVERIFIED,,본문 확보 실패,,Central News Agency website in English/BBC Monitoring/(c) BBC
800924230,2018-11-08,150,NOTFOUND,-,UNVERIFIED,,본문 확보 실패,,https://www.france24.com/en/20181108-taiwan-navy-adds-two-new-warships-china-tensions-grow
800924231,2018-11-08,150,NOTFOUND,-,UNVERIFIED,,본문 확보 실패,,https://www.france24.com/en/20181108-taiwan-navy-adds-two-new-warships-china-tensions-grow
800932972,2018-11-08,150,NOTFOUND,-,UNVERIFIED,,본문 확보 실패,,https://www.nan.ng/news/taiwan-challenges-china-buys-frigates/
800924232,2018-11-08,150,NOTFOUND,-,UNVERIFIED,,본문 확보 실패,,https://www.france24.com/en/20181108-taiwan-navy-adds-two-new-warships-china-tensions-grow
800924233,2018-11-08,150,NOTFOUND,-,UNVERIFIED,,본문 확보 실패,,https://www.france24.com/en/20181108-taiwan-navy-adds-two-new-warships-china-tensions-grow
859459802,2019-07-16,190,OK_ORIGINAL,MISMATCH,LOW,Phnom Penh Post - Cambodia News & English Newspaper,"제공된 기사는 캄보디아와 태국 간의 영토 분쟁에 관한 것이며, 중국-대만 간의 군사 사건과는 관련이 없습니다.",https://www.phnompenhpost.com/international/pro-china-mayor-vying-taiwan-presidency,https://www.phnompenhpost.com/international/pro-china-mayor-vying-taiwan-presidency
859460738,2019-07-16,190,OK_ORIGINAL,MISMATCH,LOW,Phnom Penh Post - Cambodia News & English Newspaper,"제공된 기사 내용은 캄보디아와 태국 간의 영토 및 해상 분쟁에 관한 것으로, 양안(중국-대만) 군사 사건과는 관련이 없습니다.",https://www.phnompenhpost.com/international/pro-china-mayor-vying-taiwan-presidency,https://www.phnompenhpost.com/international/pro-china-mayor-vying-taiwan-presidency
838515294,2019-04-15,151,NOTFOUND,-,UNVERIFIED,,본문 확보 실패,,https://news.yahoo.com/us-committment-taiwan-security-rock-solid-ex-official-133155296.html
756336371,2018-05-16,150,NOTFOUND,-,UNVERIFIED,,본문 확보 실패,,http://www.newsadvance.com/news/world/wire/china-says-military-exercises-intended-to-threaten-taiwan/article_83ced240-e28c-5b6b-ab25-93d62b3bb1b3.html
756344560,2018-05-16,150,OK_ORIGINAL,MATCH,HIGH,China says military exercises intended to threaten Taiwan,"기사는 중국이 대만을 위협하기 위한 군사 훈련을 실시한다고 명시하고 있으며, 이는 GDELT의 CAMEO 코드 150 '군사 태세' 분류와 직접적으로 일치합니다.",http://www.dailymail.co.uk/wires/ap/article-5734403/China-says-military-exercises-intended-threaten-Taiwan.html,http://www.dailymail.co.uk/wires/ap/article-5734403/China-says-military-exercises-intended-threaten-Taiwan.html
756411199,2018-05-16,150,NOTFOUND,-,UNVERIFIED,,본문 확보 실패,,https://www.japantimes.co.jp/?post_type=news&p=1411729
1304173339,2026-05-15,190,OK_ORIGINAL,MISMATCH,LOW,China fires verbal warning shot at US over Taiwan,"기사는 중국 지도자의 발언과 미국과의 관계에 대한 언급을 다루고 있으며, 실제 재래식 무력 사용은 포함하지 않습니다.",https://www.airforcetimes.com/news/pentagon-congress/2026/05/14/china-fires-verbal-warning-shot-at-us-over-taiwan/,https://www.airforcetimes.com/news/pentagon-congress/2026/05/14/china-fires-verbal-warning-shot-at-us-over-taiwan/
1304173340,2026-05-15,193,OK_ORIGINAL,MISMATCH,LOW,China fires verbal warning shot at US over Taiwan,"기사는 중국과 대만 간의 잠재적 군사적 긴장과 관련된 정치적 발언에 대한 것이지, 소형화기 충돌과 같은 실제 군사적 사건을 다루지 않습니다.",https://www.airforcetimes.com/news/pentagon-congress/2026/05/14/china-fires-verbal-warning-shot-at-us-over-taiwan/,https://www.airforcetimes.com/news/pentagon-congress/2026/05/14/china-fires-verbal-warning-shot-at-us-over-taiwan/
285697539,2014-02-12,190,NOTFOUND,-,UNVERIFIED,,본문 확보 실패,,http://www.ifex.org/china/hong_kong/2014/02/12/beijing_influence/
335775170,2015-02-08,190,NOTFOUND,-,UNVERIFIED,,본문 확보 실패,,http://malaysiandigest.com/world/541073-search-to-find-three-still-missing-in-taipei-plane-crash-continue.html
742501540,2018-03-27,190,OK_ORIGINAL,AMBIGUOUS,MEDIUM,Why a future fight between China and Taiwan might open with a devastating blow to a US city,"기사는 중국-대만 간 미래 전쟁 시나리오를 다루지만, 실제로 재래식 무력 사용에 대한 언급보다는 사이버 공격 가능성에 초점을 맞추고 있어 CAMEO 코드 190과 명확히 일치한다고 보기 어렵습니다.",http://www.businessinsider.com/china-taiwan-future-fight-may-devastate-major-us-city-2018-3,http://www.businessinsider.com/china-taiwan-future-fight-may-devastate-major-us-city-2018-3
742535785,2018-03-28,190,NOTFOUND,-,UNVERIFIED,,본문 확보 실패,,https://www.ctpost.com/technology/businessinsider/article/Why-a-future-fight-between-China-and-Taiwan-might-12786270.php
742501539,2018-03-27,190,OK_ORIGINAL,AMBIGUOUS,MEDIUM,Why a future fight between China and Taiwan might open with a devastating blow to a US city,"기사는 중국과 대만의 잠재적 군사 충돌에 대해 언급하지만, GDELT의 CAMEO 코드 190(재래식 무력 사용)보다는 사이버 공격에 대한 예측을 주로 다루고 있어 분류 유형과의 직접적인 일치 여부가 모호합니다.",http://www.businessinsider.com/china-taiwan-future-fight-may-devastate-major-us-city-2018-3,http://www.businessinsider.com/china-taiwan-future-fight-may-devastate-major-us-city-2018-3
742500338,2018-03-27,190,OK_ORIGINAL,AMBIGUOUS,MEDIUM,Why a future fight between China and Taiwan might open with a devastating blow to a US city,"기사는 중국-대만 간 잠재적 군사 충돌 가능성을 언급하지만, 명시적으로 재래식 무력 사용을 묘사하기보다는 사이버 공격 가능성을 주로 다루고 있어 CAMEO 코드 190과 명확히 일치한다고 보기 어렵습니다.",http://www.businessinsider.com/china-taiwan-future-fight-may-devastate-major-us-city-2018-3,http://www.businessinsider.com/china-taiwan-future-fight-may-devastate-major-us-city-2018-3
742535784,2018-03-28,190,NOTFOUND,-,UNVERIFIED,,본문 확보 실패,,https://www.ctpost.com/technology/businessinsider/article/Why-a-future-fight-between-China-and-Taiwan-might-12786270.php
742533990,2018-03-28,190,NOTFOUND,-,UNVERIFIED,,본문 확보 실패,,https://www.ctpost.com/technology/businessinsider/article/Why-a-future-fight-between-China-and-Taiwan-might-12786270.php
742500339,2018-03-27,190,OK_ORIGINAL,AMBIGUOUS,MEDIUM,Why a future fight between China and Taiwan might open with a devastating blow to a US city,"기사는 중국과 대만 간의 잠재적 전쟁 시나리오를 다루고 있지만, GDELT의 '재래식 무력 사용' 분류와는 달리 사이버 공격을 첫 번째 조치로 언급하고 있어 직접적인 재래식 무력 사용을 묘사하지는 않습니다.",http://www.businessinsider.com/china-taiwan-future-fight-may-devastate-major-us-city-2018-3,http://www.businessinsider.com/china-taiwan-future-fight-may-devastate-major-us-city-2018-3
742500340,2018-03-27,190,OK_ORIGINAL,AMBIGUOUS,MEDIUM,Why a future fight between China and Taiwan might open with a devastating blow to a US city,"기사는 중국-대만 갈등 가능성에 대해 논하지만, '재래식 무력 사용'이라는 구체적인 사건 분류보다는 잠재적인 사이버 공격 가능성에 초점을 맞추고 있어 분류 유형과 명확히 일치한다고 보기 어렵습니다.",http://www.businessinsider.com/china-taiwan-future-fight-may-devastate-major-us-city-2018-3,http://www.businessinsider.com/china-taiwan-future-fight-may-devastate-major-us-city-2018-3
742533991,2018-03-28,190,NOTFOUND,-,UNVERIFIED,,본문 확보 실패,,https://www.ctpost.com/technology/businessinsider/article/Why-a-future-fight-between-China-and-Taiwan-might-12786270.php
503800653,2016-01-20,194,OK_ORIGINAL,AMBIGUOUS,MEDIUM,"Crouching Tiger, Sleeping Giant","기사는 1995년에 중국이 대만을 겨냥해 미사일을 발사했던 역사적 사건을 언급하지만, '중화기 무력충돌'이라는 현재 진행형의 사건을 직접적으로 다루고 있지는 않습니다.",https://foreignpolicy.com/2016/01/19/china_shakes_the_world_cliche/,https://foreignpolicy.com/2016/01/19/china_shakes_the_world_cliche/
832463586,2019-03-21,190,NOTFOUND,-,UNVERIFIED,,본문 확보 실패,,https://uk.reuters.com/article/uk-taiwan-china/china-urges-u-s-to-block-taiwan-leaders-hawaii-stop-over-idUKKCN1R2089
832462676,2019-03-21,190,NOTFOUND,-,UNVERIFIED,,본문 확보 실패,,https://uk.reuters.com/article/uk-taiwan-china/china-urges-u-s-to-block-taiwan-leaders-hawaii-stop-over-idUKKCN1R2089
767274745,2018-06-26,190,OK_ORIGINAL,MATCH,HIGH,China's navy holds military drills just off Taiwan's coast every day for a week,"기사는 중국 해군이 대만 인근 해상에서 매일 전투 훈련을 실시하고 있음을 명시하고 있으며, 이는 CAMEO 코드 190인 '재래식 무력 사용'에 해당하는 직접적인 군사 활동을 설명하고 있습니다.",http://www.businessinsider.com/chinas-navy-holds-military-drills-just-off-taiwans-coast-for-a-week-2018-6,http://www.businessinsider.com/chinas-navy-holds-military-drills-just-off-taiwans-coast-for-a-week-2018-6
767242846,2018-06-26,190,OK_ORIGINAL,MATCH,HIGH,Chinese warships drill in waters near Taiwan,"기사는 중국 군함들이 대만 인근 해역에서 실전 훈련을 실시했다는 내용을 다루고 있으며, 이는 CAMEO 코드 190 (재래식 무력 사용)의 정의와 부합합니다.",https://www.yahoo.com/news/chinese-warships-drill-waters-near-taiwan-082525706.html,https://www.yahoo.com/news/chinese-warships-drill-waters-near-taiwan-082525706.html
767242845,2018-06-26,190,OK_ORIGINAL,MATCH,HIGH,Chinese warships drill in waters near Taiwan,"기사는 중국 군함이 대만 근처 해역에서 실전 훈련을 실시하고 있다는 내용을 담고 있으며, 이는 CAMEO 코드 190인 '재래식 무력 사용' 범주에 해당합니다.",https://www.yahoo.com/news/chinese-warships-drill-waters-near-taiwan-082525706.html,https://www.yahoo.com/news/chinese-warships-drill-waters-near-taiwan-082525706.html
767242870,2018-06-26,190,NOTFOUND,-,UNVERIFIED,,본문 확보 실패,,http://news.trust.org/item/20180626082200-nkvyk/
494951993,2015-12-17,194,NOTFOUND,-,UNVERIFIED,,본문 확보 실패,,http://kdhnews.com/news/ap/us-billion-arms-sales-for-taiwan-draws-china-s-ire/article_047a4c0f-7322-55de-a1aa-fa0d0ecf9e58.html
831364080,2019-03-17,154,NOTFOUND,-,UNVERIFIED,,본문 확보 실패,,http://focustaiwan.tw/news/afav/201903150011.aspx
330462452,2015-01-04,154,NOTFOUND,-,UNVERIFIED,,본문 확보 실패,,http://wantchinatimes.com/news-subclass-cnt.aspx?cid=1101&MainCatID=11&id=20150104000117
912792820,2020-03-17,190,OK_ORIGINAL,MATCH,HIGH,Taiwan again scrambles jets to warn off Chinese air force,"기사는 대만 전투기가 중국 전투기의 접근을 경고하기 위해 출격한 사건을 다루고 있으며, 이는 GDELT 분류 유형인 '재래식 무력 사용'에 해당합니다.",https://www.businesstimes.com.sg/government-economy/taiwan-again-scrambles-jets-to-warn-off-chinese-air-force,https://www.businesstimes.com.sg/government-economy/taiwan-again-scrambles-jets-to-warn-off-chinese-air-force
912785634,2020-03-17,190,NOTFOUND,-,UNVERIFIED,,본문 확보 실패,,https://isp.netscape.com/news/world/story/0002/20200317/KBN21401R_1
306578375,2014-07-24,190,NOTFOUND,-,UNVERIFIED,,본문 확보 실패,,http://www.independent.com.mt/articles/2014-07-24/news/taiwan-airline-suspects-bad-weather-caused-crash-5952241664/?___c=___c
306975972,2014-07-26,190,NOTFOUND,-,UNVERIFIED,,본문 확보 실패,,http://www.14news.com/story/26091460/taiwan-airline-suspects-bad-weather-caused-crash
710488591,2017-11-28,190,NOTFOUND,-,UNVERIFIED,,본문 확보 실패,,https://au.news.yahoo.com/world/a/38037204/chinese-court-jails-taiwanese-activist-for-five-years-for-subversion/
710488592,2017-11-28,190,OK_ORIGINAL,MISMATCH,LOW,Taiwanese activist jailed in China for five years for 'subversion',"기사는 대만 활동가의 정치적 혐의로 인한 징역형에 관한 내용으로, 재래식 무력 사용과 관련된 군사 사건이 아닙니다.",https://sg.news.yahoo.com/chinese-court-jails-taiwanese-activist-five-years-subversion-031731509.html,https://sg.news.yahoo.com/chinese-court-jails-taiwanese-activist-five-years-subversion-031731509.html
901237743,2019-12-25,190,EMPTY,-,UNVERIFIED,,본문 확보 실패,,https://www.msn.com/en-us/news/world/rpt-parties-unite-over-taiwans-exclusion-from-who-anti-virus-planning/ar-BBZhIQ8
901238079,2020-01-24,190,EMPTY,-,UNVERIFIED,,본문 확보 실패,,https://www.msn.com/en-us/news/world/rpt-parties-unite-over-taiwans-exclusion-from-who-anti-virus-planning/ar-BBZhIQ8
821013143,2019-02-03,190,EMPTY,-,UNVERIFIED,,본문 확보 실패,,https://news.rthk.hk/rthk/en/component/k2/1441388-20190203.htm
820978585,2019-02-03,193,OK_ORIGINAL,MISMATCH,LOW,"One Taiwanese killed, nine injured in Shanghai road accident - Focus Taiwan","기사는 중국 상하이에서 발생한 교통사고에 대한 내용으로, 양안 군사 사건과는 관련이 없습니다.",http://focustaiwan.tw/news/asoc/201902030011.aspx,http://focustaiwan.tw/news/asoc/201902030011.aspx
820988365,2019-02-03,193,OK_ORIGINAL,MISMATCH,LOW,"One Taiwanese killed, nine injured in Shanghai road accident (update) - Focus Taiwan","이 기사는 상하이에서 발생한 교통사고를 다루고 있으며, GDELT가 분류한 소형화기 충돌과 같은 군사 사건과는 관련이 없습니다.",http://focustaiwan.tw/news/asoc/201902030013.aspx,http://focustaiwan.tw/news/asoc/201902030013.aspx
282343109,2014-01-09,190,NOTFOUND,-,UNVERIFIED,,본문 확보 실패,,http://www.scmp.com/comment/insight-opinion/article/1401384/taiwan-set-year-leadership-battles-its-two-major-parties&c=4rYjI-xu1vGeaoW0mAJyimc9wJCelKHpTXv0pFEAjBw&mkt=en-us
293648183,2014-04-16,190,NOTFOUND,-,UNVERIFIED,,본문 확보 실패,,http://www.scmp.com/news/china/article/1484896/beijing-launch-taiwan-charm-offensive-wake-protests&c=rsosYvvLsVJTM0QQUWwIhBbgqoRM_jUCbfjaeMc6dDw&mkt=en-us
457769278,2015-08-14,190,NOTFOUND,-,UNVERIFIED,,본문 확보 실패,,http://www.couriermail.com.au/technology/a-replica-eiffel-tower-is-among-mock-ups-of-chinas-key-military-targets/story-fnjwpv3a-1227478398016?nk=7c62abf1aae861f11fa4e710d708e184-1439549318
330017158,2014-12-30,195,NOTFOUND,-,UNVERIFIED,,본문 확보 실패,,http://wantchinatimes.com/news-subclass-cnt.aspx?cid=1101&MainCatID=11&id=20141230000112
497581903,2015-12-28,190,NOTFOUND,-,UNVERIFIED,,본문 확보 실패,,http://archivev.asianage.com/international/taiwan-s-president-candidates-clash-china-697
297472099,2014-05-15,190,OK_ORIGINAL,MISMATCH,LOW,"Chinese worker killed, dozens injured in Vietnam riot","기사는 베트남에서 발생한 반중 시위와 관련된 사건을 다루고 있으며, 양안(중국-대만) 간의 군사적 충돌이 아닌 민간인 간의 폭력 사태를 묘사하고 있어 GDELT 분류 유형과 일치하지 않습니다.",http://www.abc.net.au/news/2014-05-15/an-chinese-worker-killed-in-anti-beijing-protest-in-vietnam/5455762,http://www.abc.net.au/news/2014-05-15/an-chinese-worker-killed-in-anti-beijing-protest-in-vietnam/5455762
534953175,2016-04-28,190,NOTFOUND,-,UNVERIFIED,,본문 확보 실패,,http://www.shanghaidaily.com/article/article_xinhua.aspx?id=328159
718295842,2017-12-28,190,NOTFOUND,-,UNVERIFIED,,본문 확보 실패,,https://www.yahoo.com/news/u-attack-north-korea-could-005500990.html
718279091,2017-12-28,192,OK_ORIGINAL,AMBIGUOUS,MEDIUM,‘China will pay a very high price’,"기사는 중국과 대만 간의 군사적 긴장과 침공 위협을 다루고 있지만, GDELT가 분류한 '영토 점령'이라는 구체적인 사건 유형을 명확히 묘사하고 있지는 않습니다.",https://www.perthnow.com.au/news/world/taiwan-warns-increased-chinese-military-drills-threaten-invasion-ng-b0b16f5b650d27f392c8c015a1e97566,https://www.perthnow.com.au/news/world/taiwan-warns-increased-chinese-military-drills-threaten-invasion-ng-b0b16f5b650d27f392c8c015a1e97566
718279092,2017-12-28,192,OK_ORIGINAL,AMBIGUOUS,MEDIUM,‘China will pay a very high price’,"기사는 중국과 대만 간의 군사적 긴장을 다루지만, '영토 점령'이라는 특정 CAMEO 코드와 직접적으로 일치하는 사건 발생을 묘사하기보다는 잠재적인 침공 위협과 군사 훈련 증가에 초점을 맞추고 있습니다.",https://www.perthnow.com.au/news/world/taiwan-warns-increased-chinese-military-drills-threaten-invasion-ng-b0b16f5b650d27f392c8c015a1e97566,https://www.perthnow.com.au/news/world/taiwan-warns-increased-chinese-military-drills-threaten-invasion-ng-b0b16f5b650d27f392c8c015a1e97566
718366606,2017-12-28,190,OK_ORIGINAL,AMBIGUOUS,MEDIUM,Taiwan ready for battle as fears grow of Chinese INVASION,"기사는 대만에서의 중국의 군사적 위협과 대만의 대비를 다루고 있지만, 실제로 재래식 무력이 사용된 사건을 묘사하고 있지는 않습니다.",https://www.express.co.uk/news/world/897295/Taiwan-China-invasion-World-War-3-US-Beijing-Tsai-Ing-wen-Chinese-army,https://www.express.co.uk/news/world/897295/Taiwan-China-invasion-World-War-3-US-Beijing-Tsai-Ing-wen-Chinese-army
698100689,2017-10-14,190,OK_ORIGINAL,MISMATCH,LOW,Three Taiwanese die in China rockfall - Taipei Times,"기사는 중국의 삼협 지역에서 발생한 대만 관광객의 낙석 사고에 대한 내용으로, 양안 간의 군사적 충돌이나 무력 사용과는 관련이 없습니다.",http://www.taipeitimes.com/News/front/archives/2017/10/16/2003680435,http://www.taipeitimes.com/News/front/archives/2017/10/16/2003680435
698186879,2017-10-16,190,OK_ORIGINAL,MISMATCH,LOW,Taiwan ‘probing alleged funding of triad-linked groups by China’ | Eye On Taiwan,"이 기사는 중국의 대만 내 정치 활동 지원 혐의를 다루고 있으며, 재래식 무력 사용과는 관련이 없습니다.",http://www.eyeontaiwan.com/taiwan-probing-alleged-funding-of-triad-linked-groups-by-china,http://www.eyeontaiwan.com/taiwan-probing-alleged-funding-of-triad-linked-groups-by-china
698007762,2017-10-15,190,OK_ORIGINAL,MISMATCH,LOW,3 tourists from Taiwan killed by falling rocks- China.org.cn,"기사는 대만 관광객이 중국에서 낙석 사고로 사망한 사건을 다루고 있으며, 이는 군사 사건과 전혀 관련이 없습니다.",http://www.china.org.cn/china/2017-10/15/content_41734649.htm,http://www.china.org.cn/china/2017-10/15/content_41734649.htm
698206726,2017-10-16,190,OK_ORIGINAL,MISMATCH,LOW,Three tourists from Taiwan killed by falling rocks in Hubei Province - People's Daily Online,"이 기사는 대만 관광객이 중국 후베이성에서 낙석 사고로 사망한 사건을 다루고 있으며, 양안 간의 군사적 충돌이나 무력 사용과는 관련이 없습니다.",http://en.people.cn/n3/2017/1016/c90000-9280278.html,http://en.people.cn/n3/2017/1016/c90000-9280278.html
698100690,2017-10-14,190,OK_ORIGINAL,MISMATCH,LOW,Three Taiwanese die in China rockfall - Taipei Times,"이 기사는 대만 관광객이 중국에서 발생한 암반 붕괴 사고로 사망한 사건을 다루고 있으며, 양안 군사 사건이나 재래식 무력 사용과는 관련이 없습니다.",http://www.taipeitimes.com/News/front/archives/2017/10/16/2003680435,http://www.taipeitimes.com/News/front/archives/2017/10/16/2003680435
698188031,2017-10-16,190,OK_ORIGINAL,MISMATCH,LOW,Taiwan ‘probing alleged funding of triad-linked groups by China’ | Eye On Taiwan,"기사는 중국의 대만 내 친중 단체 자금 지원 의혹을 다루고 있으며, 이는 재래식 무력 사용과는 거리가 먼 정치적/정보 작전의 성격이 강합니다.",http://www.eyeontaiwan.com/taiwan-probing-alleged-funding-of-triad-linked-groups-by-china,http://www.eyeontaiwan.com/taiwan-probing-alleged-funding-of-triad-linked-groups-by-china
497581099,2015-12-28,190,NOTFOUND,-,UNVERIFIED,,본문 확보 실패,,http://archivev.asianage.com/international/taiwan-s-president-candidates-clash-china-697
307571539,2014-07-31,190,OK_ORIGINAL,MISMATCH,LOW,"20 killed, 270 injured in Taiwan gas leak explosions - People's Daily Online","기사는 가스 누출 폭발 사고에 대한 것이며, 이는 군사적 충돌이 아닌 민간 재난 사고입니다.",http://english.peopledaily.com.cn/n/2014/0801/c90882-8763758.html,http://english.peopledaily.com.cn/n/2014/0801/c90882-8763758.html
815083779,2019-01-09,190,OK_ORIGINAL,AMBIGUOUS,MEDIUM,Taiwan is changing up its combat drills to fight off an invasion by China,"기사는 중국의 대만 침공 가능성에 대비한 대만의 군사 훈련 계획을 다루고 있어 양안 군사 사건 관련성이 높지만, '재래식 무력 사용'이라는 분류 유형은 실제 무력 충돌보다는 대비 훈련에 초점이 맞춰져 있어 직접적으로 일치한다고 보기 어렵습니다.",https://www.businessinsider.com/taiwan-is-changing-up-combat-drills-in-preparation-for-war-with-china-2019-1,https://www.businessinsider.com/taiwan-is-changing-up-combat-drills-in-preparation-for-war-with-china-2019-1
815083777,2019-01-09,154,OK_ORIGINAL,MATCH,HIGH,Taiwan is changing up its combat drills to fight off an invasion by China,"기사는 대만군의 새로운 전투 훈련 계획을 설명하며, 이는 중국의 침공 가능성에 대비한 군사적 준비 태세 강화 및 증강에 해당하므로 GDELT 분류 코드 154와 일치합니다.",https://www.businessinsider.com/taiwan-is-changing-up-combat-drills-in-preparation-for-war-with-china-2019-1,https://www.businessinsider.com/taiwan-is-changing-up-combat-drills-in-preparation-for-war-with-china-2019-1
815859554,2019-01-12,190,OK_ORIGINAL,MISMATCH,LOW,Chinese man reported dead in Taiwan fire | Eye On Taiwan,"기사는 대만에서 발생한 화재 사건에 대한 내용으로, 재래식 무력 사용과 같은 군사 사건과는 관련이 없습니다.",https://www.eyeontaiwan.com/chinese-man-reported-dead-in-taiwan-fire,https://www.eyeontaiwan.com/chinese-man-reported-dead-in-taiwan-fire
815860005,2019-01-12,190,OK_ORIGINAL,MISMATCH,LOW,Chinese man reported dead in Taiwan fire | Eye On Taiwan,"이 기사는 대만 타이난에서 발생한 화재 사고에 대한 내용으로, 중국-대만 간 군사적 충돌이나 무력 사용과는 관련이 없습니다.",https://www.eyeontaiwan.com/chinese-man-reported-dead-in-taiwan-fire,https://www.eyeontaiwan.com/chinese-man-reported-dead-in-taiwan-fire
859192706,2019-07-15,190,OK_ORIGINAL,MISMATCH,LOW,Populist pro-China mayor to face Tsai in Taiwan presidential clash,"이 기사는 대만 총통 선거에서 중국과의 관계를 중심으로 한 정치적 경쟁에 관한 내용으로, 재래식 무력 사용과 같은 군사적 사건을 다루고 있지 않습니다.",https://www.capitalfm.co.ke/news/2019/07/populist-pro-china-mayor-to-face-tsai-in-taiwan-presidential-clash/,https://www.capitalfm.co.ke/news/2019/07/populist-pro-china-mayor-to-face-tsai-in-taiwan-presidential-clash/
859190297,2019-07-15,190,NOTFOUND,-,UNVERIFIED,,본문 확보 실패,,https://news.yahoo.com/populist-pro-china-mayor-face-tsai-taiwan-presidential-040348759.html
859191830,2019-07-15,190,OK_ORIGINAL,MISMATCH,LOW,Populist pro-China mayor to face Tsai in Taiwan presidential clash,"이 기사는 대만 총통 선거에 대한 정치적 사건을 다루고 있으며, 양안 군사적 충돌이나 무력 사용과는 관련이 없습니다.",https://www.capitalfm.co.ke/news/2019/07/populist-pro-china-mayor-to-face-tsai-in-taiwan-presidential-clash/,https://www.capitalfm.co.ke/news/2019/07/populist-pro-china-mayor-to-face-tsai-in-taiwan-presidential-clash/
859192707,2019-07-15,190,OK_ORIGINAL,MISMATCH,LOW,Populist pro-China mayor to face Tsai in Taiwan presidential clash,"이 기사는 양안 관계에 대한 정치적 선거 경쟁을 다루고 있으며, 재래식 무력 사용과 관련된 군사 사건을 설명하고 있지 않습니다.",https://www.capitalfm.co.ke/news/2019/07/populist-pro-china-mayor-to-face-tsai-in-taiwan-presidential-clash/,https://www.capitalfm.co.ke/news/2019/07/populist-pro-china-mayor-to-face-tsai-in-taiwan-presidential-clash/
859196377,2019-07-15,190,NOTFOUND,-,UNVERIFIED,,본문 확보 실패,,https://sg.news.yahoo.com/populist-pro-china-mayor-face-tsai-taiwan-presidential-053306446.html
858045842,2019-07-09,192,OK_ORIGINAL,AMBIGUOUS,MEDIUM,China just threatened the US over Taiwan,"기사는 중국이 대만에 대한 미국의 무기 판매를 비난하며 대만 해협에서의 군사적 긴장을 언급하지만, 직접적으로 영토 점령을 묘사하지는 않습니다.",https://www.washingtonexaminer.com/opinion/china-just-threatened-the-us-over-taiwan,https://www.washingtonexaminer.com/opinion/china-just-threatened-the-us-over-taiwan
859049266,2019-07-14,150,NOTFOUND,-,UNVERIFIED,,본문 확보 실패,,https://www.reuters.com/article/us-china-taiwan-idUSKCN1U903V
859186305,2019-07-15,190,NOTFOUND,-,UNVERIFIED,,본문 확보 실패,,https://sg.news.yahoo.com/populist-pro-china-mayor-face-tsai-taiwan-presidential-040348990.html
1082087587,2023-01-27,150,OK_ORIGINAL,AMBIGUOUS,MEDIUM,China needs to do the right thing if McCarthy goes to Taiwan,"기사는 대만 방문 가능성에 대한 중국의 반응을 언급하며 잠재적인 군사적 긴장을 시사하지만, 명시적으로 '군사 태세'라는 특정 사건을 설명하기보다는 정치적 논평에 가깝습니다.",https://www.beijingbulletin.com/news/273438429/china-needs-to-do-the-right-thing-if-mccarthy-goes-to-taiwan,https://www.beijingbulletin.com/news/273438429/china-needs-to-do-the-right-thing-if-mccarthy-goes-to-taiwan
482896936,2015-11-08,190,OK_ORIGINAL,MISMATCH,LOW,Neurope.eu - News aus Europa - Neurope.eu - News aus Europa,"본 기사는 유럽 축구 티켓 구매, 이사 물류 서비스, 지중해 코르시카 섬에 대한 내용을 다루고 있어 양안 군사 사건과 전혀 관련이 없습니다.",http://neurope.eu/wires/analysis-historic-meeting-realizes-long-cherished-hopes-for-taiwan-china/,http://neurope.eu/wires/analysis-historic-meeting-realizes-long-cherished-hopes-for-taiwan-china/
786045275,2018-09-11,190,EMPTY,-,UNVERIFIED,,본문 확보 실패,,https://www.taiwannews.com.tw/en/news/3527096
786008693,2018-09-11,150,EMPTY,-,UNVERIFIED,,본문 확보 실패,,https://www.msn.com/en-us/news/world/china-lures-taiwanese-with-free-schooling-but-theres-a-catch/ar-BBN9CXs
466762971,2015-09-14,150,NOTFOUND,-,UNVERIFIED,,본문 확보 실패,,http://www.miamiherald.com/news/nation-world/world/article35210598.html
676728745,2017-07-28,190,OK_ORIGINAL,MATCH,HIGH,China stubborn about flying warplanes near Taiwan and Japan ignoring 'obstructions',"기사는 중국 전투기가 대만과 일본 인근에서 훈련을 하고 있다는 내용을 다루고 있으며, 이는 CAMEO 코드 190인 재래식 무력 사용에 해당합니다.",http://www.ibtimes.co.uk/china-stubborn-about-flying-warplanes-near-taiwan-japan-ignoring-obstructions-1632451,http://www.ibtimes.co.uk/china-stubborn-about-flying-warplanes-near-taiwan-japan-ignoring-obstructions-1632451
749013556,2018-04-19,150,OK_ORIGINAL,MATCH,HIGH,China holds ‘low key’ military exercises on the Taiwan Strait,"기사는 중국과 대만 사이의 군사 훈련을 설명하고 있으며, 이는 GDELT가 분류한 '군사 태세(military posturing)' 사건 유형과 일치합니다.",http://www.asianews.it/news-en/China-holds-%E2%80%98low-key%E2%80%99-military-exercises-on-the-Taiwan-Strait--43668.html,http://www.asianews.it/news-en/China-holds-%E2%80%98low-key%E2%80%99-military-exercises-on-the-Taiwan-Strait--43668.html
748360423,2018-04-17,150,OK_ORIGINAL,MATCH,HIGH,China's rising threat against Taiwan,"기사는 중국의 대만에 대한 군사적 위협 증가를 설명하며, 이는 GDELT의 CAMEO 코드 150 ""군사 태세""와 일치합니다.",https://www.washingtonexaminer.com/opinion/chinas-rising-threat-against-taiwan,https://www.washingtonexaminer.com/opinion/chinas-rising-threat-against-taiwan
748914953,2018-04-19,190,OK_ORIGINAL,MATCH,HIGH,China carries out low-key live fire drills after warning Taiwan,기사는 중국이 대만을 향한 경고 후 대만 해협 인근에서 실탄 사격 훈련을 실시했다는 내용을 다루고 있어 CAMEO 코드 190: 재래식 무력 사용과 일치합니다.,https://www.thestar.com.my/news/world/2018/04/19/china-carries-out-live-fire-drills-unclear-if-aimed-at-taiwan/,https://www.thestar.com.my/news/world/2018/04/19/china-carries-out-live-fire-drills-unclear-if-aimed-at-taiwan/
748887897,2018-04-19,190,NOTFOUND,-,UNVERIFIED,,본문 확보 실패,,https://ca.reuters.com/article/topNews/idCAKBN1HQ04G-OCATP
748968945,2018-04-19,150,NOTFOUND,-,UNVERIFIED,,본문 확보 실패,,https://uk.reuters.com/article/uk-china-taiwan/china-carries-out-low-key-live-fire-drills-after-warning-taiwan-idUKKBN1HQ044
748965625,2018-04-19,150,NOTFOUND,-,UNVERIFIED,,본문 확보 실패,,http://news.trust.org/item/20180419072209-btosc
748908875,2018-04-19,190,OK_ORIGINAL,MATCH,HIGH,"China carries out live fire drills, unclear if aimed at Taiwan","기사는 중국의 실탄 사격 훈련을 보도하고 있으며, 이는 재래식 무력 사용으로 분류될 수 있는 명백한 군사 활동입니다.",http://www.gmanetwork.com/news/news/world/650564/china-carries-out-live-fire-drills-unclear-if-aimed-at-taiwan/story/,http://www.gmanetwork.com/news/news/world/650564/china-carries-out-live-fire-drills-unclear-if-aimed-at-taiwan/story/
748253725,2018-04-17,150,OK_ORIGINAL,MATCH,HIGH,Taiwan leader says island secure ahead of China drills,"기사는 중국의 군사 훈련을 앞두고 대만 지도자가 안보를 강조하는 내용을 다루고 있으며, 이는 군사적 긴장을 나타내는 '군사 태세' 분류에 부합합니다.",http://www.dailymail.co.uk/wires/afp/article-5624171/Taiwan-leader-says-island-secure-ahead-China-drills.html,http://www.dailymail.co.uk/wires/afp/article-5624171/Taiwan-leader-says-island-secure-ahead-China-drills.html
748547638,2018-04-18,150,NOTFOUND,-,UNVERIFIED,,본문 확보 실패,,https://www.yahoo.com/news/taiwan-leader-says-island-secure-ahead-china-drills-055730199.html
748343885,2018-04-17,190,EMPTY,-,UNVERIFIED,,본문 확보 실패,,http://www.straitstimes.com/asia/east-asia/taiwan-battles-brain-drain-as-china-aims-to-woo-young-talent-away
748612203,2018-04-18,150,OK_ORIGINAL,MATCH,HIGH,Taiwan is accusing China of using ‘cheap verbal intimidation and saber rattling’ as live-fire drills begin,"기사는 중국의 대만을 향한 '말의 위협과 군사적 과시'를 언급하며 실제 군사 훈련을 시작했다고 보도하고 있어, CAMEO 코드 150 '군사 태세'에 해당합니다.",http://www.businessinsider.com/taiwan-china-live-fire-military-cheap-intimidation-2018-4,http://www.businessinsider.com/taiwan-china-live-fire-military-cheap-intimidation-2018-4
748612214,2018-04-18,150,OK_ORIGINAL,MATCH,HIGH,Taiwan is accusing China of using ‘cheap verbal intimidation and saber rattling’ as live-fire drills begin,"기사는 중국이 대만을 향해 '말만 앞세운 위협과 군사력 과시'를 사용한다고 비난하며 군사 훈련을 시작했다고 보도하고 있어, 이는 GDELT의 '군사 태세(military posturing)' 분류와 일치합니다.",http://www.businessinsider.com/taiwan-china-live-fire-military-cheap-intimidation-2018-4,http://www.businessinsider.com/taiwan-china-live-fire-military-cheap-intimidation-2018-4
748887896,2018-04-19,150,NOTFOUND,-,UNVERIFIED,,본문 확보 실패,,https://ca.reuters.com/article/topNews/idCAKBN1HQ04G-OCATP
748462553,2018-04-17,190,OK_ORIGINAL,MISMATCH,LOW,Taiwan battles brain drain as China aims to woo young talent away | Eye On Taiwan,"기사는 중국과 대만 간의 인재 유출에 관한 경제 및 사회적 현상을 다루고 있으며, GDELT 분류 사건 유형인 재래식 무력 사용과는 관련이 없습니다.",http://www.eyeontaiwan.com/taiwan-battles-brain-drain-as-china-aims-to-woo-young-talent-away,http://www.eyeontaiwan.com/taiwan-battles-brain-drain-as-china-aims-to-woo-young-talent-away
748342752,2018-04-17,190,EMPTY,-,UNVERIFIED,,본문 확보 실패,,http://www.straitstimes.com/asia/east-asia/taiwan-battles-brain-drain-as-china-aims-to-woo-young-talent-away
748565908,2018-04-18,150,OK_ORIGINAL,MATCH,HIGH,China to hold live-fire military drills in Taiwan Strait,"기사는 중국이 대만 해협에서 실사격 군사 훈련을 실시한다고 보도하며, 이는 CAMEO 코드 150인 '군사 태세'의 정의와 일치합니다.",https://www.sbs.com.au/news/china-to-hold-live-fire-military-drills-in-taiwan-strait,https://www.sbs.com.au/news/china-to-hold-live-fire-military-drills-in-taiwan-strait
748952491,2018-04-19,150,NOTFOUND,-,UNVERIFIED,,본문 확보 실패,,http://www.atimes.com/taiwan-needs-european-technology-future-submarines/
749013557,2018-04-19,150,OK_ORIGINAL,MATCH,HIGH,China holds ‘low key’ military exercises on the Taiwan Strait,"기사는 중국과 대만 간의 군사 훈련에 대해 보도하며, 이는 양안 군사 사건으로 분류되며 '군사 태세' 유형과 일치합니다.",http://www.asianews.it/news-en/China-holds-%E2%80%98low-key%E2%80%99-military-exercises-on-the-Taiwan-Strait--43668.html,http://www.asianews.it/news-en/China-holds-%E2%80%98low-key%E2%80%99-military-exercises-on-the-Taiwan-Strait--43668.html
748253726,2018-04-17,150,OK_ORIGINAL,MATCH,HIGH,Taiwan leader says island secure ahead of China drills,"기사는 중국의 대만 해협에서의 군사 훈련 발표에 대해 대만 총통이 안보를 강조하는 내용을 다루고 있어, 이는 CAMEO 코드 150(군사 태세)에 해당합니다.",http://www.dailymail.co.uk/wires/afp/article-5624171/Taiwan-leader-says-island-secure-ahead-China-drills.html,http://www.dailymail.co.uk/wires/afp/article-5624171/Taiwan-leader-says-island-secure-ahead-China-drills.html
748682392,2018-04-18,150,OK_ORIGINAL,MATCH,HIGH,Taiwan accuses China of 'sabre rattling' as naval drill begins,"기사는 중국과 대만 간의 군사 훈련과 긴장 상황을 다루고 있으며, 이는 '군사 태세'라는 GDELT 분류 유형과 일치합니다.",http://www.bbc.co.uk/news/world-asia-43806019,http://www.bbc.co.uk/news/world-asia-43806019
749021071,2018-04-19,150,OK_ORIGINAL,MATCH,HIGH,China flew nuclear-capable bombers around Taiwan in what its air force called a 'sacred mission',"기사에서 중국이 핵 탑재 가능한 폭격기를 대만 주변에 비행시킨 사건을 묘사하고 있으며, 이는 군사적 위협이나 과시를 통해 상대방에게 심리적 압박을 가하는 '군사 태세'에 해당합니다.",http://www.businessinsider.com/china-flew-nuclear-capable-bombers-around-taiwan-in-a-sacred-mission-2018-4,http://www.businessinsider.com/china-flew-nuclear-capable-bombers-around-taiwan-in-a-sacred-mission-2018-4
748575028,2018-04-18,150,NOTFOUND,-,UNVERIFIED,,본문 확보 실패,,https://in.reuters.com/article/china-taiwan-drills/taiwan-says-beijing-sabre-rattling-as-china-starts-military-drills-idINKBN1HP0DE
748575029,2018-04-18,150,NOTFOUND,-,UNVERIFIED,,본문 확보 실패,,https://in.reuters.com/article/china-taiwan-drills/taiwan-says-beijing-sabre-rattling-as-china-starts-military-drills-idINKBN1HP0DE
748972828,2018-04-19,150,NOTFOUND,-,UNVERIFIED,,본문 확보 실패,,https://www.financialexpress.com/defence/china-carries-out-live-fire-drills-to-warn-taiwan/1138119/
748920754,2018-04-19,190,NOTFOUND,-,UNVERIFIED,,본문 확보 실패,,https://www.swissinfo.ch/eng/china-carries-out-live-fire-drills--unclear-if-aimed-at-taiwan/44058486
816545942,2019-01-16,194,NOTFOUND,-,UNVERIFIED,,본문 확보 실패,,https://www.miamiherald.com/news/business/technology/article224584295.html
816837475,2019-01-17,194,OK_ORIGINAL,AMBIGUOUS,MEDIUM,US assessment raises concerns over China attacking Taiwan,"기사는 중국의 대만 공격 가능성에 대한 우려를 다루고 있지만, 실제로 중화기를 동원한 군사적 충돌이 발생했음을 구체적으로 묘사하고 있지는 않으므로 '중화기 무력충돌'이라는 분류 유형과 직접적으로 일치한다고 보기 어렵습니다.",https://www.sfgate.com/world/article/US-assessment-raises-concerns-over-China-13539203.php,https://www.sfgate.com/world/article/US-assessment-raises-concerns-over-China-13539203.php
816942382,2019-01-17,150,NOTFOUND,-,UNVERIFIED,,본문 확보 실패,,https://www.itv.com/news/2019-01-17/taiwan-stages-live-fire-military-exercises-after-china-threats/
816937058,2019-01-17,150,NOTFOUND,-,UNVERIFIED,,본문 확보 실패,,https://www.belfasttelegraph.co.uk/news/world-news/taiwan-stages-livefire-military-exercises-after-china-threats-37721115.html
816878916,2019-01-17,190,NOTFOUND,-,UNVERIFIED,,본문 확보 실패,,https://www.nytimes.com/reuters/2019/01/16/world/asia/16reuters-taiwan-china.html
816881066,2019-01-17,190,NOTFOUND,-,UNVERIFIED,,본문 확보 실패,,http://news.trust.org/item/20190117025928-xfdnv
816545941,2019-01-16,190,NOTFOUND,-,UNVERIFIED,,본문 확보 실패,,https://www.miamiherald.com/news/business/technology/article224584295.html
816571894,2019-01-16,194,NOTFOUND,-,UNVERIFIED,,본문 확보 실패,,https://www.bradenton.com/news/business/technology/article224584295.html
816832364,2019-01-17,194,NOTFOUND,-,UNVERIFIED,,본문 확보 실패,,http://www.asahi.com/ajw/articles/AJ201901170015.html
816920821,2019-01-17,150,NOTFOUND,-,UNVERIFIED,,본문 확보 실패,,https://www.wandsworthguardian.co.uk/news/national/17364689.taiwan-stages-live-fire-military-exercises-after-china-threats/
817039909,2019-01-17,194,OK_ORIGINAL,AMBIGUOUS,MEDIUM,Tiny frontline islands to be opened to public - Taipei Times,"기사는 과거 양안 군사 사건을 언급하지만, 현재 시점에서는 섬을 대중에게 개방하는 내용이 주를 이루며 직접적인 무력 충돌을 묘사하지 않습니다.",http://www.taipeitimes.com/News/taiwan/archives/2019/01/18/2003708163,http://www.taipeitimes.com/News/taiwan/archives/2019/01/18/2003708163
816878088,2019-01-17,190,NOTFOUND,-,UNVERIFIED,,본문 확보 실패,,https://www.nytimes.com/reuters/2019/01/16/world/asia/16reuters-taiwan-china.html
816878089,2019-01-17,190,NOTFOUND,-,UNVERIFIED,,본문 확보 실패,,https://www.nytimes.com/reuters/2019/01/16/world/asia/16reuters-taiwan-china.html
944759290,2020-09-04,193,OK_ORIGINAL,MISMATCH,LOW,"Fact Check: No, Taiwan did not shoot down a Chinese Su-35 fighter jet","기사는 대만군이 중국 전투기를 격추했다는 주장이 허위 정보임을 확인하는 팩트 체크 기사로, 실제 소형 무기 충돌 사건이 발생했음을 보고하는 내용이 아닙니다.",https://www.indiatoday.in/fact-check/story/no-taiwan-did-not-shoot-down-a-chinese-su-35-fighter-jet-1718774-2020-09-04,https://www.indiatoday.in/fact-check/story/no-taiwan-did-not-shoot-down-a-chinese-su-35-fighter-jet-1718774-2020-09-04
943986096,2020-09-01,194,OK_ORIGINAL,AMBIGUOUS,MEDIUM,China's Submarine Fleet Should Worry the U.S. Navy,"기사는 중국의 잠수함 전력 강화와 대만 해협에서의 잠재적 군사적 긴장에 대해 논하고 있지만, 현재 진행 중인 '중화기 무력충돌'에 대한 구체적인 사건을 묘사하고 있지는 않습니다.",https://nationalinterest.org/blog/reboot/chinas-submarine-fleet-should-worry-us-navy-168079,https://nationalinterest.org/blog/reboot/chinas-submarine-fleet-should-worry-us-navy-168079
944679925,2020-09-04,193,OK_ORIGINAL,MISMATCH,LOW,Taiwan denies shooting down a Chinese Su-35 fighter jet,"기사는 중국 전투기 추락 사건에 대한 대만의 부인 내용을 다루고 있으며, 소형 무기 충돌과 관련된 구체적인 군사적 충돌을 묘사하지 않습니다.",https://www.dailymail.co.uk/news/article-8697557/Taiwan-denies-shooting-Chinese-Su-35-fighter-jet-footage-shows-crashed-plane-fire.html,https://www.dailymail.co.uk/news/article-8697557/Taiwan-denies-shooting-Chinese-Su-35-fighter-jet-footage-shows-crashed-plane-fire.html
944679945,2020-09-04,193,OK_ORIGINAL,MISMATCH,LOW,Taiwan denies shooting down a Chinese Su-35 fighter jet,"기사는 중국 전투기 추락에 대한 대만의 부인이며, 소형 무기 충돌 사건이 발생했다는 내용은 기사에 명시되어 있지 않습니다.",https://www.dailymail.co.uk/news/article-8697557/Taiwan-denies-shooting-Chinese-Su-35-fighter-jet-footage-shows-crashed-plane-fire.html,https://www.dailymail.co.uk/news/article-8697557/Taiwan-denies-shooting-Chinese-Su-35-fighter-jet-footage-shows-crashed-plane-fire.html
944694261,2020-09-04,193,OK_ORIGINAL,MISMATCH,LOW,Report: Taiwan shot down Chinese fighter jet,"기사는 대만 당국이 중국 전투기 격추를 부인하고 있으며, 비행기가 기술적 문제로 추락했을 가능성도 언급하고 있어 소형화기 충돌 사건으로 보기 어렵습니다.",http://www.israelnationalnews.com/News/News.aspx/286613,http://www.israelnationalnews.com/News/News.aspx/286613
943940987,2020-09-01,193,OK_ORIGINAL,AMBIGUOUS,MEDIUM,US intends to force China to 'fire first shot' over Taiwan,"기사는 미국이 중국을 대만 문제로 '먼저 총을 쏘도록' 유도하고 있다는 내용을 다루고 있으며, 이는 군사적 긴장 고조 가능성을 시사하지만, 기사 본문에서는 소형화기 충돌과 같은 구체적인 군사적 충돌이 발생했다는 내용은 언급되지 않았습니다.",https://www.globalsecurity.org/wmd/library/news/taiwan/2020/taiwan-200831-globaltimes01.htm,https://www.globalsecurity.org/wmd/library/news/taiwan/2020/taiwan-200831-globaltimes01.htm
944681229,2020-09-04,193,OK_ORIGINAL,MISMATCH,LOW,'Malicious act': Taiwan denies shooting down of Chinese Su-35 fighter by country’s air defence system,"기사는 중국 전투기 격추에 대한 잘못된 정보를 반박하는 내용으로, 실제 소형화기 충돌 사건이 발생하지 않았습니다.",https://www.timesnownews.com/international/article/malicious-act-chinese-defence-ministry-dismisses-reports-of-taiwan-shooting-down-its-su-35-jet/647717,https://www.timesnownews.com/international/article/malicious-act-chinese-defence-ministry-dismisses-reports-of-taiwan-shooting-down-its-su-35-jet/647717
944690326,2020-09-04,193,OK_ORIGINAL,MISMATCH,LOW,Chinese fighter jet 'in fiery crash' as Taiwan denies shooting down plane,"기사는 중국 전투기 추락 사건을 다루지만, 대만과의 직접적인 소형 무기 충돌이 아닌 추락 자체에 초점을 맞추고 있으며, 대만 측은 이를 부인하고 있어 '소형화기 충돌'과는 거리가 있습니다.",https://www.mirror.co.uk/news/world-news/china-fighter-jet-crash-taiwan-22628996,https://www.mirror.co.uk/news/world-news/china-fighter-jet-crash-taiwan-22628996
944702474,2020-09-04,193,EMPTY,-,UNVERIFIED,,본문 확보 실패,,https://www.msn.com/en-in/news/other/fact-check-did-taiwan-really-shoot-down-chinese-fighter-jet-for-violating-its-airspace-heres-the-truth/ar-BB18I1kY
944702479,2020-09-04,193,EMPTY,-,UNVERIFIED,,본문 확보 실패,,https://www.msn.com/en-in/news/other/fact-check-did-taiwan-really-shoot-down-chinese-fighter-jet-for-violating-its-airspace-heres-the-truth/ar-BB18I1kY
944681230,2020-09-04,193,OK_ORIGINAL,MISMATCH,LOW,'Malicious act': Taiwan denies shooting down of Chinese Su-35 fighter by country’s air defence system,"기사는 중국 전투기 격추 루머에 대한 대만의 부인이며, 실제 소형화기 충돌 사건을 다루지 않아 분류 유형과 일치하지 않습니다.",https://www.timesnownews.com/international/article/malicious-act-chinese-defence-ministry-dismisses-reports-of-taiwan-shooting-down-its-su-35-jet/647717,https://www.timesnownews.com/international/article/malicious-act-chinese-defence-ministry-dismisses-reports-of-taiwan-shooting-down-its-su-35-jet/647717
944702472,2020-09-04,190,OK_WAYBACK,AMBIGUOUS,MEDIUM,Taiwan Officially Rejects Claims of Shooting Down Chinese Fighter Jet - World news - Tasnim News Agency,"기사는 대만 해협에서의 사건을 다루고 있지만, 중국 전투기가 격추되었다는 주장을 대만이 부인하고 있어 실제 재래식 무력 사용이 발생했는지 명확하지 않습니다.",http://web.archive.org/web/20240325163123/https://www.tasnimnews.com/en/news/2020/09/04/2341514/taiwan-officially-rejects-claims-of-shooting-down-chinese-fighter-jet,https://www.tasnimnews.com/en/news/2020/09/04/2341514/taiwan-officially-rejects-claims-of-shooting-down-chinese-fighter-jet
944021073,2020-09-01,151,NOTFOUND,-,UNVERIFIED,,본문 확보 실패,,https://uk.reuters.com/uk.reuters.com/article/uk-usa-china-bombers-specialreport/special-report-pentagons-latest-salvo-against-chinas-growing-might-cold-war-bombers-idUKKBN25S4S5
944585102,2020-09-04,150,OK_ORIGINAL,AMBIGUOUS,MEDIUM,A Chinese Invasion of Taiwan? Don’t Lose Sleep Over It | Eye On Taiwan,"기사는 중국의 대만 침공 가능성에 대해 논하고 있지만, 이는 실제 군사적 행동보다는 잠재적 위협과 대만 주민들의 인식에 초점을 맞추고 있어 '군사 태세'로 직접 분류하기에는 다소 애매합니다.",https://www.eyeontaiwan.com/a-chinese-invasion-of-taiwan-dont-lose-sleep-over-it,https://www.eyeontaiwan.com/a-chinese-invasion-of-taiwan-dont-lose-sleep-over-it
290215941,2014-03-20,190,NOTFOUND,-,UNVERIFIED,,본문 확보 실패,,http://www.windsorstar.com/travel/Photos+Taiwanese+martial+arts+festival+marks+Buddha+birthday/9641682/story.html
284322738,2014-02-01,190,NOTFOUND,-,UNVERIFIED,,본문 확보 실패,,http://www.scmp.com/news/china/article/1418512/taiwan-says-better-relations-china-have-halved-fraud-cases&c=zu7tkJ1UvUWKN18uyEEAMa55JH0okqNA9ujNCRbqA1c&mkt=en-us
479949910,2015-10-29,154,OK_ORIGINAL,MATCH,HIGH,"Taipei: China set to invade, retake Taiwan in 5 years * WorldNetDaily * by Around the Web","기사에서 중국의 대만 침공 및 군사력 증강 계획을 언급하고 있으며, 이는 GDELT의 '군사 동원·증강' 분류와 일치합니다.",http://www.wnd.com/2015/10/taipei-china-set-to-invade-retake-taiwan-in-5-years/,http://www.wnd.com/2015/10/taipei-china-set-to-invade-retake-taiwan-in-5-years/
445559109,2015-07-02,190,EMPTY,-,UNVERIFIED,,본문 확보 실패,,http://www.aa.com.tr/en/news/548639--downed-taiwan-plane-s-pilot-switched-off-working-engine
822932375,2019-02-11,190,OK_ORIGINAL,MISMATCH,LOW,Taiwan has strategic value in the US-China battle over 5G tech: expert | Eye On Taiwan,"이 기사는 5G 기술 경쟁에 대한 내용이며, 양안 간의 재래식 무력 사용과 관련된 군사 사건이 아닙니다.",https://www.eyeontaiwan.com/taiwan-has-strategic-value-in-the-us-china-battle-over-5g-tech-expert,https://www.eyeontaiwan.com/taiwan-has-strategic-value-in-the-us-china-battle-over-5g-tech-expert
822933852,2019-02-11,190,OK_ORIGINAL,MISMATCH,LOW,Taiwan has strategic value in the US-China battle over 5G tech: expert | Eye On Taiwan,기사는 5G 기술을 둘러싼 미중 경쟁 속에서 대만의 전략적 가치를 논하며 군사적 충돌이나 무력 사용에 대한 내용은 전혀 포함하고 있지 않습니다.,https://www.eyeontaiwan.com/taiwan-has-strategic-value-in-the-us-china-battle-over-5g-tech-expert,https://www.eyeontaiwan.com/taiwan-has-strategic-value-in-the-us-china-battle-over-5g-tech-expert
824327161,2019-02-16,190,OK_ORIGINAL,MISMATCH,LOW,Latest news and current events updates | Yahoo News Singapore,"제공된 기사 본문은 양안 군사 사건과 관련이 없으며, 재래식 무력 사용에 대한 내용도 포함하고 있지 않습니다.",https://ph.news.yahoo.com/beijing-liaison-office-hong-kong-121144912.html,https://ph.news.yahoo.com/beijing-liaison-office-hong-kong-121144912.html
465497320,2015-09-10,150,OK_ORIGINAL,MATCH,HIGH,Taiwan stages military exercises to simulate attack by mainland China,"기사는 대만이 중국의 공격을 시뮬레이션하는 군사 훈련을 진행한다는 내용을 담고 있어, GDELT의 '군사 태세' 분류와 일치합니다.",http://www.scmp.com/news/china/policies-politics/article/1856942/taiwan-stages-military-exercises-simulate-attack,http://www.scmp.com/news/china/policies-politics/article/1856942/taiwan-stages-military-exercises-simulate-attack
627245882,2017-02-14,190,OK_WAYBACK,MISMATCH,LOW,Taiwan bus crash death toll rises to 33,"이 기사는 대만에서 발생한 버스 사고에 대한 내용으로, 양안 간의 군사적 사건이 아닙니다.",http://web.archive.org/web/20170214055701/http://english.cri.cn/12394/2017/02/14/2021s951817.htm,http://english.cri.cn/12394/2017/02/14/2021s951817.htm
441786613,2015-06-17,150,NOTFOUND,-,UNVERIFIED,,본문 확보 실패,,http://collapsechina.blogspot.com/2015/06/china-sends-most-lethal-bombers-near.html
530603403,2016-04-14,190,OK_ORIGINAL,MISMATCH,LOW,"The bizarre diplomatic fight between China and Taiwan playing out in Kenya, explained","기사는 케냐에서 발생한 외교적 갈등과 대만 시민의 추방 사건을 다루고 있으며, 중국과 대만 간의 군사적 충돌이나 재래식 무력 사용과는 관련이 없습니다.",http://www.vox.com/2016/4/14/11415680/kenya-taiwan-china,http://www.vox.com/2016/4/14/11415680/kenya-taiwan-china
497481678,2015-12-27,190,NOTFOUND,-,UNVERIFIED,,본문 확보 실패,,http://www.thepeninsulaqatar.com/news/asia/363854/taiwan-presidential-candidates-clash-over-china-policy
726593909,2018-01-30,190,NOTFOUND,-,UNVERIFIED,,본문 확보 실패,,https://www.nytimes.com/2018/01/30/world/asia/taiwan-airlines-lunar-new-year.html
726592725,2018-01-30,190,NOTFOUND,-,UNVERIFIED,,본문 확보 실패,,https://www.nytimes.com/2018/01/30/world/asia/taiwan-airlines-lunar-new-year.html
311962866,2014-09-01,190,OK_WAYBACK,MISMATCH,LOW,China currently incapable of launching full attack on Taiwan proper: MND,"기사는 중국의 대만 공격 능력에 대한 평가를 다루지만, 현재 재래식 무력 사용(use conventional force)이라는 분류 유형에 해당하는 실제 사건 발생에 대한 내용은 없습니다.",http://web.archive.org/web/20140908073128/http://www.chinapost.com.tw/taiwan/national/national-news/2014/09/02/416309/China-currently.htm&c=RLYEnb6u9tc4uu60GYiaYUeqoLN5qJvnSiBxQD9quAU&mkt=en-us,http://www.chinapost.com.tw/taiwan/national/national-news/2014/09/02/416309/China-currently.htm&c=RLYEnb6u9tc4uu60GYiaYUeqoLN5qJvnSiBxQD9quAU&mkt=en-us
297661727,2014-05-17,190,OK_ORIGINAL,MISMATCH,LOW,China moves citizens from Vietnam,"이 기사는 중국이 베트남에서 자국민을 대피시키는 사건을 다루고 있으며, 양안(중국-대만) 군사 사건이나 재래식 무력 사용과는 관련이 없습니다.",http://www.radionz.co.nz/news/world/244670/china-moves-citizens-from-vietnam,http://www.radionz.co.nz/news/world/244670/china-moves-citizens-from-vietnam
811099627,2018-12-19,192,OK_WAYBACK,MISMATCH,LOW,"PLA bombers, fighters resume circumnavigation of Taiwan","기사는 중국의 대만 주변 공중 순찰을 묘사하지만, 영토를 실제로 점령하는 행위는 포함하지 않아 CAMEO 코드 192와 일치하지 않습니다.",http://web.archive.org/web/20181220020704/http://www.atimes.com/article/pla-bombers-fighters-resume-circumnavigation-of-taiwan//,http://www.atimes.com/article/pla-bombers-fighters-resume-circumnavigation-of-taiwan/
812010298,2018-12-23,190,OK_ORIGINAL,MISMATCH,LOW,6 Truly Terrible Antagonists In C-Dramas & TW-Dramas That We Secretly Sympathize With | Soompi,"이 기사는 중국 드라마 및 대만 드라마의 악당 캐릭터에 대한 리뷰로, 양안 군사 사건과는 전혀 관련이 없습니다.",https://www.soompi.com/article/1274093wpp/6-truly-terrible-antagonists-c-dramas-tw-dramas-secretly-sympathize,https://www.soompi.com/article/1274093wpp/6-truly-terrible-antagonists-c-dramas-tw-dramas-secretly-sympathize
812712627,2018-12-27,192,OK_ORIGINAL,MISMATCH,LOW,Two Taiwanese Chains Head to Chinatown,"본 기사는 대만 브랜드의 미국 차이나타운 입점에 대한 내용으로, 양안 군사 사건과는 전혀 관련이 없습니다.",https://vegas.eater.com/2018/12/27/18156976/taiwans-85c-bakery-cafe-sharetea-chinatown-coming-attractions,https://vegas.eater.com/2018/12/27/18156976/taiwans-85c-bakery-cafe-sharetea-chinatown-coming-attractions
285763872,2014-02-13,190,OK_ORIGINAL,MISMATCH,LOW,Taiwan Edging Back Into the Chinese Fold,"본 기사는 양안 관계 개선에 대한 내용이며, 재래식 무력 사용과는 거리가 멉니다.",http://www.thetrumpet.com/article/11367.19.0.0/asia/taiwan-edging-back-into-the-chinese-fold,http://www.thetrumpet.com/article/11367.19.0.0/asia/taiwan-edging-back-into-the-chinese-fold
335138564,2015-02-04,190,OK_WAYBACK,MISMATCH,LOW,13 dead as plane crashes into Taiwan river | TwoCircles.net,"이 기사는 민간 항공기 추락 사고에 대한 내용으로, GDELT가 분류한 재래식 무력 사용과는 관련이 없습니다.",http://web.archive.org/web/20150630202719/http://twocircles.net/2015feb04/1423048066.html,http://twocircles.net/2015feb04/1423048066.html
753009678,2018-05-04,190,OK_ORIGINAL,MISMATCH,LOW,Taiwan Public Opinion and National Security,"이 기사는 양안 간의 잠재적 군사 충돌에 대한 대만과 미국의 대응, 그리고 대만 국민의 의지에 대해 논하고 있을 뿐, 실제 재래식 무력 사용 사건에 대한 내용을 다루고 있지 않습니다.",https://www.chinausfocus.com/political-social-development/taiwan-public-opinion-and-national-security-implications-for-washington-and-taipei,https://www.chinausfocus.com/political-social-development/taiwan-public-opinion-and-national-security-implications-for-washington-and-taipei
753010619,2018-05-04,190,OK_ORIGINAL,MISMATCH,LOW,Taiwan Public Opinion and National Security,"이 기사는 양안 간의 잠재적 군사적 갈등에 대한 대만 내부의 여론과 국방 준비 상태를 다루고 있으며, 실제 재래식 무력의 사용(CAMEO 코드 190)에 대한 내용은 포함하고 있지 않습니다.",https://www.chinausfocus.com/political-social-development/taiwan-public-opinion-and-national-security-implications-for-washington-and-taipei,https://www.chinausfocus.com/political-social-development/taiwan-public-opinion-and-national-security-implications-for-washington-and-taipei
504495242,2016-01-21,190,OK_ORIGINAL,MISMATCH,LOW,Taiwan signals its readiness to join the world's democratic powers,"이 기사는 대만의 민주주의 발전과 차기 대만 총통 당선에 관한 내용을 다루고 있으며, 재래식 무력 사용과 같은 군사 사건과는 관련이 없습니다.",http://www.theage.com.au/comment/taiwan-signals-its-readiness-to-join-the-worlds-democratic-powers-20160121-gmbk9b.html,http://www.theage.com.au/comment/taiwan-signals-its-readiness-to-join-the-worlds-democratic-powers-20160121-gmbk9b.html
309348655,2014-08-13,190,NOTFOUND,-,UNVERIFIED,,본문 확보 실패,,http://economictimes.indiatimes.com/news/international/world-news/china-launching-severe-cyber-attacks-on-taiwan-minister/articleshow/40192758.cms
335241635,2015-02-04,190,OK_ORIGINAL,MISMATCH,LOW,Passenger plane crashes into river in Taiwan,"기사는 여객기 추락 사고에 관한 내용으로, 재래식 무력 사용과는 전혀 관련이 없습니다.",http://www.theage.com.au/world/plane-crashes-into-taiwan-bridge-20150204-1360v2.html,http://www.theage.com.au/world/plane-crashes-into-taiwan-bridge-20150204-1360v2.html
464773465,2015-09-08,190,OK_ORIGINAL,MATCH,HIGH,Taiwan holds live-fire drill on outlying Kinmen island - Focus Taiwan,"기사는 대만이 Kinmen 섬에서 실시한 실탄 훈련을 보도하며, 이는 재래식 무력 사용에 해당하므로 CAMEO 코드 190과 일치합니다.",http://focustaiwan.tw/news/aipl/201509080013.aspx,http://focustaiwan.tw/news/aipl/201509080013.aspx
288971536,2014-03-10,150,OK_ORIGINAL,AMBIGUOUS,MEDIUM,"Taiwan: Warning received on planned Beijing attacks
 - World - Chinadaily.com.cn","기사 제목은 경고를 언급하지만, 제공된 본문으로는 실제 군사적 태세를 묘사하는지 또는 다른 유형의 사건인지 판단하기 어렵습니다.",http://www.chinadaily.com.cn/world/2014planemissing/2014-03/10/content_17336527.htm,http://www.chinadaily.com.cn/world/2014planemissing/2014-03/10/content_17336527.htm
525669537,2016-03-30,192,OK_WAYBACK,MISMATCH,LOW,Taiwan's CTBC acquires LH Financial of Thailand for USD471m,"이 기사는 대만 금융 회사의 태국 회사 인수라는 경제적 거래에 관한 것으로, 영토 점령과 같은 군사 사건과는 전혀 관련이 없습니다.",http://web.archive.org/web/20160418072327/https://www.asia-first.com/newsletter/taiwans-ctbc-acquires-lh-financial-of-thailand-for-usd471m.html,https://www.asia-first.com/newsletter/taiwans-ctbc-acquires-lh-financial-of-thailand-for-usd471m.html
451361564,2015-07-22,195,OK_ORIGINAL,MISMATCH,LOW,China simulates attack on Presidential Office - Taipei Times,"기사는 중국의 군사 훈련 시뮬레이션에 관한 것이지, 실제 공중 무기 사용을 묘사하지는 않습니다.",http://www.taipeitimes.com/News/front/archives/2015/07/23/2003623689,http://www.taipeitimes.com/News/front/archives/2015/07/23/2003623689
498491158,2015-12-31,192,NOTFOUND,-,UNVERIFIED,,본문 확보 실패,,http://www.business-standard.com/article/pti-stories/as-taiwan-polls-loom-china-warns-of-new-challenges-ahead-115123100950_1.html
438645532,2015-06-05,202,NOTFOUND,-,UNVERIFIED,,본문 확보 실패,,http://www.wantchinatimes.com/news-subclass-cnt.aspx?id=20150605000085&cid=1103
297612186,2014-05-16,190,OK_ORIGINAL,AMBIGUOUS,MEDIUM,Vietnam on edge over China,"기사는 중국과 베트남 간의 긴장 상황을 다루고 있으며, 중국의 석유 시추선 배치와 베트남에서의 시위 및 충돌이 묘사되지만, 직접적으로 중국과 대만 간의 군사 사건으로 분류하기에는 다소 부족함이 있습니다.",http://www.spokesman.com/stories/2014/may/16/vietnam-on-edge-over-china/,http://www.spokesman.com/stories/2014/may/16/vietnam-on-edge-over-china/
482744275,2015-11-07,192,NOTFOUND,-,UNVERIFIED,,본문 확보 실패,,http://www.greenfieldreporter.com/./view/story/1082c0e7b7c84ac686b462fc51e579f1/AS--China-Taiwan-The-Handshake
708956123,2017-11-22,192,OK_WAYBACK,MISMATCH,LOW,"Thousands of undeclared jade items seized at Taiwan airport
 | Taiwan News","기사는 대만 공항에서 미신고 비단(jade) 물품이 압수된 사건을 다루고 있으며, 이는 영토 점령과 같은 군사적 사건과 관련이 없습니다.",http://web.archive.org/web/20171122035837/https://www.taiwannews.com.tw/en/news/3303464,https://www.taiwannews.com.tw/en/news/3303464
307723091,2014-08-01,190,OK_WAYBACK,MISMATCH,LOW,Taiwan gas explosion death toll rises to 20,"본 기사는 대만 가오슝에서의 가스 폭발 사고에 대한 내용으로, 양안 군사 사건과는 관련이 없으므로 CAMEO 코드 190과 일치하지 않습니다.",http://web.archive.org/web/20180701175906/http://www.mysinchew.com/node/100422,http://www.mysinchew.com/node/100422
297612177,2014-05-16,190,NOTFOUND,-,UNVERIFIED,,본문 확보 실패,,http://www.arabnews.com/node/571711/RK=0
290299542,2014-03-20,190,OK_ORIGINAL,MISMATCH,LOW,國際關注台灣抗暴人民行動----Taiwan Parliament Occupied by protesters 1st time in History - 流落美國爸爸是美國人貴族俱樂部 - udn城市,"이 기사는 대만 의회의 시위대에 의한 점거와 관련된 정치적 시위에 대한 내용으로, GDELT가 분류한 재래식 무력 사용과 같은 군사적 사건과는 관련이 없습니다.",http://city.udn.com/65859/5066167?raid=5066513,http://city.udn.com/65859/5066167?raid=5066513
269408195,2013-09-26,194,NOTFOUND,-,UNVERIFIED,,본문 확보 실패,,http://www.thestar.com.my/News/Regional/2013/09/27/taiwan-missiles-launch.aspx
456722660,2015-08-11,190,NOTFOUND,-,UNVERIFIED,,본문 확보 실패,,http://www.perthnow.com.au/news/world/why-is-the-eiffel-tower-among-mock-ups-of-chinas-key-military-targets/story-fnhrvhol-1227478398016?nk=c204f43812d6f268d85d3dd8fe56faa8-1439254031
504243484,2016-01-21,190,OK_ORIGINAL,MATCH,HIGH,China military reports landing drills days after Taiwan election,"기사는 중국 군대가 대만 선거 직후 대만과 인접한 지역에서 실탄 사격 및 상륙 훈련을 실시했다는 내용을 다루고 있어, CAMEO 코드 190: 재래식 무력 사용 분류와 일치합니다.",http://www.dailymail.co.uk/wires/reuters/article-3409658/China-military-reports-landing-drills-days-Taiwan-election.html,http://www.dailymail.co.uk/wires/reuters/article-3409658/China-military-reports-landing-drills-days-Taiwan-election.html
413540400,2015-03-02,191,OK_ORIGINAL,MISMATCH,LOW,Taiwan orders Alibaba withdrawal after rules violation: official,"이 기사는 대만 당국이 중국 기업인 알리바바의 투자 규정 위반을 이유로 철수를 명령한 경제적 사건으로, GDELT의 CAMEO 코드 191(봉쇄·이동제한) 및 양안 군사 사건 분류와 직접적인 관련이 없습니다.",http://news.yahoo.com/taiwan-orders-alibaba-withdraw-violating-rules-official-115617470--finance.html,http://news.yahoo.com/taiwan-orders-alibaba-withdraw-violating-rules-official-115617470--finance.html
295271541,2014-04-28,150,NOTFOUND,-,UNVERIFIED,,본문 확보 실패,,http://www.defensenews.com/article/20140428/DEFREG03/304280021/1001/DEFSECT
311290910,2014-08-27,150,NOTFOUND,-,UNVERIFIED,,본문 확보 실패,,http://www.aysor.am/en/news/2014/08/27/china-taiwan-airspace/
866549322,2019-08-18,190,OK_ORIGINAL,MISMATCH,LOW,A bad year for Xi clouds Communist China’s 70th birthday celebrations,"이 기사는 중국 공산당의 70주년 기념일을 앞둔 시진핑 주석의 국내외적 어려움에 대해 논하며, 양안 군사 사건이나 재래식 무력 사용과는 관련이 없습니다.",https://newsinfo.inquirer.net/1154889/a-bad-year-for-xi-clouds-communist-chinas-70th-birthday-celebrations,https://newsinfo.inquirer.net/1154889/a-bad-year-for-xi-clouds-communist-chinas-70th-birthday-celebrations
297472101,2014-05-15,190,OK_WAYBACK,MISMATCH,LOW,Vietnam mob attacks Formosa Plastics' steel plant,"이 기사는 베트남에서 발생한 시위와 폭력 사태에 관한 내용으로, 중국과 대만 간의 군사 사건이 아닙니다.",http://web.archive.org/web/20150910142121/http://articles.chicagotribune.com/2014-05-15/news/sns-rt-us-vietnam-china-formosa-20140514_1_steel-plant-vietnam-ha-tinh,http://articles.chicagotribune.com/2014-05-15/news/sns-rt-us-vietnam-china-formosa-20140514_1_steel-plant-vietnam-ha-tinh
306545944,2014-07-23,190,OK_ORIGINAL,MISMATCH,LOW,Taiwan authorities search plane wreckage for clues on crash - National | Globalnews.ca,"기사는 대만에서 발생한 항공기 추락 사고를 다루고 있으며, 양안 군사 사건이나 재래식 무력 사용과는 관련이 없습니다.",http://globalnews.ca/news/1472083/taiwan-authorities-search-plane-wreckage-for-clues-on-crash/,http://globalnews.ca/news/1472083/taiwan-authorities-search-plane-wreckage-for-clues-on-crash/
687495286,2017-09-07,190,OK_ORIGINAL,MISMATCH,LOW,TNL The News Lens 關鍵評論網,"기사는 주로 대만 외교 관계, 노동 조건, 사회 혁신, 그리고 형사 소송법 개정안에 대한 내용이며, 양안 군사 사건과는 관련이 없습니다.",https://international.thenewslens.com/article/78173,https://international.thenewslens.com/article/78173
687493944,2017-09-07,190,OK_ORIGINAL,MISMATCH,LOW,TNL The News Lens 關鍵評論網,"이 기사는 주로 대만의 임금, 교육, 사회적 기업, 그리고 사법 제도 개혁 등 국내 문제에 대한 논의이며, 중국과 대만 간의 군사적 충돌이나 무력 사용과는 관련이 없습니다.",https://international.thenewslens.com/article/78173,https://international.thenewslens.com/article/78173
1114839294,2023-07-14,191,OK_WAYBACK,AMBIGUOUS,MEDIUM,China Flexes Military Muscles Ahead of Taiwan's War Games,"기사는 중국의 군사 활동을 묘사하지만, '봉쇄·이동제한'을 직접적으로 명시하기보다는 대만 인근에서의 '군사력 과시'와 '연습'을 강조하고 있습니다.",http://web.archive.org/web/20230715174155/https://www.usnews.com/news/world/articles/2023-07-14/china-flexes-military-muscles-ahead-of-taiwans-war-games,https://www.usnews.com/news/world/articles/2023-07-14/china-flexes-military-muscles-ahead-of-taiwans-war-games
1114839296,2023-07-14,191,OK_WAYBACK,AMBIGUOUS,MEDIUM,China Flexes Military Muscles Ahead of Taiwan's War Games,"기사는 중국이 대만 주변에서 군사력을 과시하는 것을 다루고 있지만, '봉쇄·이동제한'이라는 특정 CAMEO 코드와 직접적으로 일치하기보다는 전반적인 군사적 압박과 훈련에 초점을 맞추고 있어 명확한 일치 여부가 애매합니다.",http://web.archive.org/web/20230715174155/https://www.usnews.com/news/world/articles/2023-07-14/china-flexes-military-muscles-ahead-of-taiwans-war-games,https://www.usnews.com/news/world/articles/2023-07-14/china-flexes-military-muscles-ahead-of-taiwans-war-games
1114842102,2023-07-14,191,OK_ORIGINAL,AMBIGUOUS,MEDIUM,China flexes military muscles ahead of Taiwan's war games,"기사는 중국의 군사 활동이 대만을 압박하려는 의도임을 시사하지만, 직접적으로 봉쇄나 이동 제한을 언급하지는 않아 CAMEO 코드 191과 명확하게 일치한다고 보기 어렵습니다.",https://economictimes.indiatimes.com/news/defence/china-flexes-military-muscles-ahead-of-taiwans-war-games/articleshow/101747537.cms,https://economictimes.indiatimes.com/news/defence/china-flexes-military-muscles-ahead-of-taiwans-war-games/articleshow/101747537.cms
1114936079,2023-07-14,151,OK_WAYBACK,MATCH,MEDIUM,US Navy Aircraft Flies Through Strategic Taiwan Strait Following Chinese Drills,"기사는 미 해군 항공기가 중국의 대만해협 훈련 중 대만 해협을 통과한 사건을 다루고 있으며, 이는 양안 간의 군사적 긴장을 고조시키는 '경계 수준 강화' 사건으로 분류하는 것이 적절합니다.",http://web.archive.org/web/20230716194500/https://www.marineinsight.com/shipping-news/us-navy-aircraft-flies-through-strategic-taiwan-strait-following-chinese-drills/,https://www.marineinsight.com/shipping-news/us-navy-aircraft-flies-through-strategic-taiwan-strait-following-chinese-drills/
466133924,2015-09-12,150,OK_WAYBACK,MATCH,MEDIUM,PLA military drill to serve as warning against Taiwan independence｜WCT,"기사에서 중국이 대만 독립에 대한 경고로 군사 훈련을 실시한다고 명시하고 있으며, 이는 CAMEO 코드 150인 군사 태세와 일치합니다.",http://web.archive.org/web/20150912073919/http://www.wantchinatimes.com/news-subclass-cnt.aspx?cid=1101&MainCatID=11&id=20150912000080,http://www.wantchinatimes.com/news-subclass-cnt.aspx?cid=1101&MainCatID=11&id=20150912000080
306675450,2014-07-24,190,NOTFOUND,-,UNVERIFIED,,본문 확보 실패,,http://www.independent.com.mt/articles/2014-07-24/news/taiwan-airline-suspects-bad-weather-caused-crash-5952241664/?___c=___c
480598945,2015-10-31,192,OK_WAYBACK,MISMATCH,LOW,Taiwan reaction to ruling on South China Sea case muted - Taiwan News Online,"이 기사는 대만과 중국 간의 영토 점령(occupy territory) 사건에 대한 것이 아니라, 남중국해 영유권 분쟁에 대한 필리핀의 소송과 대만의 반응을 다루고 있어 분류 유형과 일치하지 않습니다.",http://web.archive.org/web/20151213014923/http://www.taiwannews.com.tw/etn/news_content.php?id=2828569,http://www.taiwannews.com.tw/etn/news_content.php?id=2828569
759026972,2018-05-25,195,NOTFOUND,-,UNVERIFIED,,본문 확보 실패,,https://chinapost.nownews.com/20180525-331167
758945258,2018-05-25,195,OK_ORIGINAL,MATCH,HIGH,Taiwan scrambles fighter jets to track China bomber drill,"기사는 중국 폭격기 훈련에 대응하여 대만 전투기가 출격한 양안 군사 사건을 다루고 있으며, 이는 GDELT의 CAMEO 코드 195: 공중무기 사용과 일치합니다.",http://www.sinodaily.com/afp/180525045806.g06590o0.html,http://www.sinodaily.com/afp/180525045806.g06590o0.html
758945259,2018-05-25,195,OK_ORIGINAL,MATCH,HIGH,Taiwan scrambles fighter jets to track China bomber drill,"기사는 중국 폭격기 훈련을 추적하기 위해 대만이 전투기를 출격시킨 사건을 다루고 있으며, 이는 CAMEO 코드 195(공중무기 사용)에 해당합니다.",http://www.sinodaily.com/afp/180525045806.g06590o0.html,http://www.sinodaily.com/afp/180525045806.g06590o0.html
297612190,2014-05-16,190,NOTFOUND,-,UNVERIFIED,,본문 확보 실패,,http://www.vancouversun.com/news/Text+message+from+Vietnamese+urges+patriotic+fervour+violence/9845876/story.html
276879541,2013-11-22,190,NOTFOUND,-,UNVERIFIED,,본문 확보 실패,,http://www.japantimes.co.jp/news/2013/11/22/national/gsdf-to-lose-some-tanks-get-fast-attack-vehicles-for-isles/
330462792,2015-01-04,154,OK_WAYBACK,MATCH,MEDIUM,PLA doubles size of Amphibious Mechanized Infantry Division｜Politics｜News｜WantChinaTimes.com,"기사는 중국 인민해방군(PLA)이 대만과의 분쟁 가능성에 대비하여 상륙 기동 보병 사단(AMID)의 규모를 두 배로 늘려 전투 역량을 강화했다는 내용을 다루고 있어, 군사 동원·증강(mobilization/buildup) 사건 유형과 일치합니다.",http://web.archive.org/web/20150105170756/http://www.wantchinatimes.com/news-subclass-cnt.aspx?cid=1101&MainCatID=11&id=20150104000117,http://wantchinatimes.com/news-subclass-cnt.aspx?cid=1101&MainCatID=11&id=20150104000117
307571537,2014-07-31,190,OK_WAYBACK,MISMATCH,LOW,"(Gallery)20 killed, 270 Injured In Taiwan Gas Leak Explosions","해당 기사는 대만 가스 폭발 사고에 관한 내용으로, 군사적 사건이 아니며 재래식 무력 사용과는 관련이 없습니다.",http://web.archive.org/web/20140803215322/http://www.malaysiandigest.com:80/world/511243-gallery-20-killed-270-injured-in-taiwan-gas-leak-explosions.html,http://www.malaysiandigest.com/world/511243-gallery-20-killed-270-injured-in-taiwan-gas-leak-explosions.html
497463356,2015-12-27,190,OK_WAYBACK,MISMATCH,LOW,Taiwan presidential front-runner: Can't 'be bound' to China,"이 기사는 대만 총통 선거에 관한 내용으로, 직접적인 재래식 무력 사용과 관련된 사건을 다루고 있지 않습니다.",http://web.archive.org/web/20151227174201/http://www.sfgate.com/news/world/article/Taiwan-presidential-candidates-clash-over-China-6722284.php,http://www.sfgate.com/news/world/article/Taiwan-presidential-candidates-clash-over-China-6722284.php
468489940,2015-09-20,190,NOTFOUND,-,UNVERIFIED,,본문 확보 실패,,http://www.wantchinatimes.com/news-subclass-cnt.aspx?cid=1101&MainCatID=11&id=20150920000050
308783581,2014-08-08,192,NOTFOUND,-,UNVERIFIED,,본문 확보 실패,,http://www.fx-mm.com/36217/news/banking-news/corporations-in-taiwan-to-increasingly-utilize-rmb-for-payments-according-to-bank-of-america-merrill-lynch/
497483527,2015-12-27,150,OK_ORIGINAL,MISMATCH,LOW,Associated Press News: Breaking News | Latest News Today,"해당 기사는 미국-이란 간 군사적 긴장, 미국 상원 선거, 북아일랜드 시위, 축구 심판 관련 소식, 교황 방문 등 다양한 국제 뉴스를 다루고 있으며, 양안(중국-대만) 군사 사건과 직접적인 관련이 없습니다.",http://hosted2.ap.org/CAANR/0260ea4c3e85456b80715585ba3c7b5b/Article_2015-12-27-AS--Taiwan-Presidential%20Debate/id-d51e36ae5bb24738b81eb0555ab1657a,http://hosted2.ap.org/CAANR/0260ea4c3e85456b80715585ba3c7b5b/Article_2015-12-27-AS--Taiwan-Presidential%20Debate/id-d51e36ae5bb24738b81eb0555ab1657a
457455684,2015-08-13,190,NOTFOUND,-,UNVERIFIED,,본문 확보 실패,,http://www.couriermail.com.au/technology/a-replica-eiffel-tower-is-among-mock-ups-of-chinas-key-military-targets/story-fnjwpv3a-1227478398016
497583452,2015-12-28,190,OK_ORIGINAL,MISMATCH,LOW,Taiwan presidential candidates clash over policy,"기사는 양안의 군사적 충돌이 아닌, 대만 대통령 후보들의 중국 정책에 대한 정치적 토론을 다루고 있어 CAMEO 코드 190 '재래식 무력 사용'과는 관련이 없습니다.",http://www.thestar.com.my/news/regional/2015/12/28/taiwan-presidential-candidates-clash-over-policy/,http://www.thestar.com.my/news/regional/2015/12/28/taiwan-presidential-candidates-clash-over-policy/
330183158,2015-01-01,190,OK_ORIGINAL,MISMATCH,LOW,Taiwan woman confirmed killed in Shanghai stampede - Focus Taiwan,"이 기사는 대만 여성이 상하이에서 발생한 압사 사고로 사망했다는 내용으로, 양안 간의 군사적 충돌과는 관련이 없습니다.",http://focustaiwan.tw/news/asoc/201501010018.aspx,http://focustaiwan.tw/news/asoc/201501010018.aspx
451228760,2015-07-22,150,OK_WAYBACK,MATCH,MEDIUM,PLA simulates siege on Taiwan's Presidential Office｜WCT,"기사는 중국 인민해방군이 대만 총통부 건물을 포위하는 훈련을 시뮬레이션한 군사 훈련에 대해 보도하고 있으며, 이는 CAMEO 코드 150 '군사 태세'에 해당하는 명백한 양안 군사 사건입니다.",http://web.archive.org/web/20151018010602/http://www.wantchinatimes.com/news-subclass-cnt.aspx?id=20150722000118&cid=1101,http://www.wantchinatimes.com/news-subclass-cnt.aspx?id=20150722000118&cid=1101
297612182,2014-05-16,190,NOTFOUND,-,UNVERIFIED,,본문 확보 실패,,http://www.seattlepi.com/news/world/article/Riots-in-Vietnam-leave-1-Chinese-dead-141-injured-5479446.php
457769267,2015-08-14,192,NOTFOUND,-,UNVERIFIED,,본문 확보 실패,,http://www.couriermail.com.au/technology/a-replica-eiffel-tower-is-among-mock-ups-of-chinas-key-military-targets/story-fnjwpv3a-1227478398016?nk=7c62abf1aae861f11fa4e710d708e184-1439549318
288496355,2014-03-06,190,OK_ORIGINAL,MISMATCH,LOW,Suicidal Taiwanese man charged with attempted murder after ramming truck into presidential office,"기사는 대만 내에서 발생한 단독 범죄 사건으로, 양안 간의 군사적 충돌이나 무력 사용과는 관련이 없습니다.",http://www.scmp.com/news/china/article/1441853/suicidal-taiwanese-man-charged-attempted-murder-after-ramming-truck,http://www.scmp.com/news/china/article/1441853/suicidal-taiwanese-man-charged-attempted-murder-after-ramming-truck
450609552,2015-07-20,190,OK_WAYBACK,MISMATCH,LOW,"Taiwan, China sign landmark water agreement amid warming ties","기사는 양안 간의 물 공급 협정에 관한 내용으로, 재래식 무력 사용과는 전혀 관련이 없습니다.",http://web.archive.org/web/20150925200820/http://www.straitstimes.com/asia/east-asia/taiwan-china-sign-landmark-water-agreement-amid-warming-ties,http://www.straitstimes.com/asia/east-asia/taiwan-china-sign-landmark-water-agreement-amid-warming-ties
311382287,2014-08-27,192,OK_ORIGINAL,MISMATCH,LOW,China rejects Taiwan breach of airspace claim - Worldnews.com,"기사는 대만 영공 침입 주장에 대한 중국의 부인이며, 영토 점령과는 거리가 멉니다.",http://article.wn.com/view/2014/08/27/China_rejects_Taiwan_breach_of_airspace_claim/,http://article.wn.com/view/2014/08/27/China_rejects_Taiwan_breach_of_airspace_claim/
307804093,2014-08-01,190,OK_WAYBACK,MISMATCH,LOW,Taiwan gas explosion death toll rises to 20,"기사는 대만 가스 폭발 사고에 대한 내용으로, 양안 군사 사건과는 관련이 없으며 재래식 무력 사용과는 무관합니다.",http://web.archive.org/web/20180701175906/http://www.mysinchew.com/node/100422,http://www.mysinchew.com/node/100422
720583528,2018-01-08,152,OK_ORIGINAL,AMBIGUOUS,MEDIUM,Taiwan calls China’s new aviation routes in Taiwan Strait “irresponsible act”,"기사는 중국이 대만 해협에서 민간 항공 노선을 일방적으로 확장한 사건을 다루고 있으며, 이는 대만 정부에 의해 '지역 안보를 위협하는 무책임한 행위'로 간주되어 양안 간 긴장을 고조시키는 사안이지만, GDELT의 '군사력 증강(military exercise/buildup)'이라는 분류 유형과는 직접적으로 일치하지 않고 항공 노선 변경이라는 민간 분야의 조치에 가깝습니다.",https://www.pmnewsnigeria.com/2018/01/08/taiwan-calls-chinas-new-aviation-routes-taiwan-strait-irresponsible-act/,https://www.pmnewsnigeria.com/2018/01/08/taiwan-calls-chinas-new-aviation-routes-taiwan-strait-irresponsible-act/
720525152,2018-01-08,192,OK_ORIGINAL,MISMATCH,LOW,Taiwan calls for talks with China on aviation issues,"해당 기사는 중국의 일방적인 항공로 개설에 대한 대만의 우려와 대화 제안을 다루고 있으며, 영토 점령과는 관련이 없습니다.",https://www.globalsecurity.org/wmd/library/news/taiwan/2018/taiwan-180107-cna01.htm,https://www.globalsecurity.org/wmd/library/news/taiwan/2018/taiwan-180107-cna01.htm
720817862,2018-01-09,152,OK_WAYBACK,AMBIGUOUS,MEDIUM,Taiwan Govt. Calls China’s New Aviation Routes In Taiwan Strait “Irresponsible Act”,"기사는 양안 군사 사건에 대한 내용을 다루고 있지만, '군사력 증강(military exercise/buildup)'보다는 항공로 개설로 인한 긴장 고조와 관련된 내용에 더 중점을 두고 있어 분류 유형과의 직접적인 부합성이 애매합니다.",http://web.archive.org/web/20180109070726/https://www.msn.com/en-za/news/other/taiwan-govt-calls-china-e2-80-99s-new-aviation-routes-in-taiwan-strait-e2-80-9cirresponsible-act-e2-80-9d/ar-BBI8Gp7,https://www.msn.com/en-za/news/other/taiwan-govt-calls-china-e2-80-99s-new-aviation-routes-in-taiwan-strait-e2-80-9cirresponsible-act-e2-80-9d/ar-BBI8Gp7
720851283,2018-01-09,192,OK_ORIGINAL,AMBIGUOUS,MEDIUM,ICAO has yet to respond on new Chinese flight routes: source - Focus Taiwan,기사는 중국과 대만 간의 영토 점령 사건이 아니라 항공 경로 문제에 대한 우려를 다루고 있습니다.,http://focustaiwan.tw/news/aipl/201801090013.aspx,http://focustaiwan.tw/news/aipl/201801090013.aspx
720851284,2018-01-09,192,NOTFOUND,-,UNVERIFIED,,본문 확보 실패,,http://focustaiwan.tw/news/afav/201801070010.aspx
722107080,2018-01-13,152,OK_WAYBACK,MISMATCH,LOW,"Taiwan calls China's new aviation routes in Taiwan Strait ""irresponsible act"" | TODAY.NG","기사는 중국의 민간 항공 노선 확장으로 인한 양안 간 긴장 고조에 관한 내용으로, 군사력 증강(military exercise/buildup)보다는 외교적 갈등 및 비군사적 조치에 가깝습니다.",http://web.archive.org/web/20180113171332/https://www.today.ng/news/world/55289/taiwan-calls-chinas-aviation-routes-taiwan-strait-irresponsible,https://www.today.ng/news/world/55289/taiwan-calls-chinas-aviation-routes-taiwan-strait-irresponsible
934651294,2020-07-12,150,EMPTY,-,UNVERIFIED,,본문 확보 실패,,http://www.globaltimes.cn/content/1194283.shtml
934379646,2020-07-10,190,OK_ORIGINAL,MISMATCH,LOW,"Taiwan warship that fought PLA invaders designated historic antiquity
 | Taiwan News | Jul. 10, 2020 18:57","기사는 과거에 공산주의 중국군과 전투를 벌였던 대만 군함의 역사적 유물 지정에 관한 내용으로, 현재 시점의 재래식 무력 사용 사건과는 관련이 없습니다.",https://www.taiwannews.com.tw/en/news/3964167,https://www.taiwannews.com.tw/en/news/3964167
938214890,2020-07-31,194,OK_ORIGINAL,MISMATCH,LOW,Former Taiwan President Lee Teng-hui dies at 97 - The Korea Times,"이 기사는 전 대만 총통의 사망에 관한 내용으로, 중화기 무력 충돌과 같은 군사 사건을 다루고 있지 않습니다.",http://www.koreatimes.co.kr/www/world/2020/07/683_293693.html,http://www.koreatimes.co.kr/www/world/2020/07/683_293693.html
773060381,2018-07-19,150,OK_ORIGINAL,MATCH,HIGH,China launches MILITARY drills to showcase ability to INVADE Taiwan,"기사는 중국의 대만 침공 능력을 보여주는 군사 훈련 발표를 다루고 있으며, 이는 CAMEO 코드 150 '군사 태세'에 정확히 부합합니다.",https://www.express.co.uk/news/world/991019/china-military-drills-taiwan-world-war-3-president-xi-Tsai-Ing-wen,https://www.express.co.uk/news/world/991019/china-military-drills-taiwan-world-war-3-president-xi-Tsai-Ing-wen
772816150,2018-07-18,150,OK_WAYBACK,MATCH,MEDIUM,China to begin large-scale military exercise 'tailored for Taiwan separatists' in East China Sea | The Japan Times,"기사는 대만을 겨냥한 중국의 대규모 군사 훈련에 대해 보도하고 있으며, 이는 '군사 태세'라는 CAMEO 코드 150 분류와 일치합니다.",http://web.archive.org/web/20180718075949/https://www.japantimes.co.jp/?post_type=news&p=1450362,https://www.japantimes.co.jp/?post_type=news&p=1450362
772906011,2018-07-18,150,NOTFOUND,-,UNVERIFIED,,본문 확보 실패,,http://idrw.org/china-to-begin-large-scale-military-exercise-tailored-for-taiwan-separatists-in-east-china-sea/
772871677,2018-07-18,190,OK_ORIGINAL,MATCH,HIGH,Beijing launches live-fire drill to ‘test combat strength against Taiwan’,기사는 중국이 대만을 대상으로 실탄 사격 훈련을 실시하며 재래식 무력을 사용하고 있음을 명시적으로 언급하여 CAMEO 코드 190 (재래식 무력 사용)과 일치합니다.,https://www.scmp.com/news/china/diplomacy-defence/article/2155868/beijing-launches-live-fire-drill-test-combat-strength,https://www.scmp.com/news/china/diplomacy-defence/article/2155868/beijing-launches-live-fire-drill-test-combat-strength
773171779,2018-07-19,190,OK_WAYBACK,MATCH,MEDIUM,China flexes its muscles – Maritime Security Review,"기사는 중국이 대만을 겨냥한 실탄 훈련을 실시하며 군사력을 과시하고 있음을 명확히 보여주므로, '재래식 무력 사용'이라는 GDELT 분류와 일치합니다.",http://web.archive.org/web/20201125143351/http://www.marsecreview.com/2018/07/china-flexes-its-muscles/,http://www.marsecreview.com/2018/07/china-flexes-its-muscles/
773123854,2018-07-19,190,NOTFOUND,-,UNVERIFIED,,본문 확보 실패,,https://www.channelnewsasia.com/news/asia/taiwan-steps-in-after-china-turns-off-tourist-taps-to-palau--10544322
482773950,2015-11-07,190,NOTFOUND,-,UNVERIFIED,,본문 확보 실패,,http://www.king5.com/story/news/world/2015/11/07/chinese-taiwan-presidents-meet/75357588/
494950272,2015-12-17,150,OK_ORIGINAL,MATCH,HIGH,US $1.83 billion arms sales for Taiwan draws China's ire,"이 기사는 미국이 대만에 무기 판매를 발표한 것에 대해 중국이 비난하고 보복 조치를 취하겠다고 위협하는 내용을 다루고 있으며, 이는 CAMEO 코드 150인 군사 태세에 해당합니다.",http://www.dailymail.co.uk/wires/ap/article-3363603/US-1-83-billion-arms-sales-Taiwan-draws-Chinas-ire.html,http://www.dailymail.co.uk/wires/ap/article-3363603/US-1-83-billion-arms-sales-Taiwan-draws-Chinas-ire.html
447236608,2015-07-08,193,OK_ORIGINAL,MISMATCH,LOW,The Advanced Post-graduate Education | The Vivos Institute,"기사는 의학 교육 기관에 대한 홍보 글이며, 양안 군사 사건과는 전혀 관련이 없습니다.",http://airwaysnews.com/blog/2015/07/08/analysis-the-battle-for-seattle-alaska-vs-delta-part-three/,http://airwaysnews.com/blog/2015/07/08/analysis-the-battle-for-seattle-alaska-vs-delta-part-three/
422468940,2015-04-03,154,OK_WAYBACK,MATCH,MEDIUM,H-6 bombers to be deployed to China's Nanjing military region｜WCT,"기사는 중국이 대만을 이웃한 남동부 해안의 난징 군사 지역에 H-6K 전략 폭격기를 배치하기로 결정했다는 내용을 다루고 있으며, 이는 군사 동원 및 증강에 해당합니다.",http://web.archive.org/web/20150715011552/http://www.wantchinatimes.com/news-subclass-cnt.aspx?cid=1101&MainCatID=11&id=20150403000098,http://www.wantchinatimes.com/news-subclass-cnt.aspx?cid=1101&MainCatID=11&id=20150403000098
280975840,2013-12-26,194,OK_ORIGINAL,AMBIGUOUS,MEDIUM,Military acquires submarine-launched Harpoon missiles,"기사는 대만이 하푼 미사일을 획득하는 내용을 다루지만, 이는 무력 충돌이나 군사적 충돌을 직접적으로 묘사하는 것이 아니라 방어력 증강에 관한 내용이므로 '중화기 무력충돌'이라는 분류와 직접적으로 부합하지 않습니다.",http://www.globalsecurity.org/wmd/library/news/taiwan/2013/taiwan-131226-cna03.htm,http://www.globalsecurity.org/wmd/library/news/taiwan/2013/taiwan-131226-cna03.htm
494964312,2015-12-17,194,NOTFOUND,-,UNVERIFIED,,본문 확보 실패,,http://www.morganton.com/news/world/ap/us-billion-arms-sales-for-taiwan-draws-china-s-ire/article_26caf78b-dc63-5d86-a923-8895d2cfe06a.html
503875216,2016-01-20,193,OK_ORIGINAL,MISMATCH,LOW,Bonham Journal – Amazing Stories You Never Heard,"기사는 차량 대여 사업, 기술 발전, 패션, 건축, 우주 발견 등 다양한 주제를 다루고 있으며, 양안 군사 사건이나 소형화기 충돌과는 전혀 관련이 없습니다.",http://bonhamjournal.com/2016/01/20/taiwan-elects-first-female-president-china-threatens-after.html,http://bonhamjournal.com/2016/01/20/taiwan-elects-first-female-president-china-threatens-after.html
297795502,2014-05-18,190,NOTFOUND,-,UNVERIFIED,,본문 확보 실패,,http://www.onlinenews.com.pk/details.php?newsid=261354&catname=World
497469542,2015-12-27,190,NOTFOUND,-,UNVERIFIED,,본문 확보 실패,,http://www.salon.com/2015/12/27/taiwan_presidential_candidates_clash_over_china_in_debate/
457978057,2015-08-15,192,NOTFOUND,-,UNVERIFIED,,본문 확보 실패,,http://www.couriermail.com.au/technology/a-replica-eiffel-tower-is-among-mock-ups-of-chinas-key-military-targets/story-fnjwpv3a-1227478398016?nk=9b0b6e832f40c86f76e8252c8326e4f9-1439610409
465490609,2015-09-10,193,OK_ORIGINAL,MISMATCH,LOW,Associated Press News: Breaking News | Latest News Today,"제시된 기사 본문에는 미국과 이란 간의 군사적 충돌, 미국 상원의원 선거, 시위, 월드컵 심판 관련 내용만 언급될 뿐, 중국과 대만 간의 군사 사건에 대한 내용은 전혀 포함되어 있지 않습니다.",http://hosted2.ap.org/CAANR/0260ea4c3e85456b80715585ba3c7b5b/Article_2015-09-10-AS--Taiwan-Military%20Exercises/id-e40c0b90c152416e8bbfded8c7c7cc68,http://hosted2.ap.org/CAANR/0260ea4c3e85456b80715585ba3c7b5b/Article_2015-09-10-AS--Taiwan-Military%20Exercises/id-e40c0b90c152416e8bbfded8c7c7cc68
950709163,2020-10-07,154,OK_WAYBACK,AMBIGUOUS,MEDIUM,China Threatens War If Taiwan Resumes Diplomatic Ties With US,"기사는 중국과 대만의 잠재적 전쟁 위협에 대해 논하고 있으나, GDELT의 '군사 동원·증강' 유형보다는 정치적 수사 및 위협에 더 가깝습니다.",http://web.archive.org/web/20201010120952/https://www.newsmax.com/world/globaltalk/taiwan-diplomacy-mike-pompeo-war/2020/10/07/id/990838/,https://www.newsmax.com/world/globaltalk/taiwan-diplomacy-mike-pompeo-war/2020/10/07/id/990838/
950878004,2020-10-08,154,OK_ORIGINAL,MATCH,HIGH,"China tells Taiwan to prepare for war, censors Pence out of the debate",기사는 중국이 대만에 전쟁 준비를 촉구하며 군사적 행동 가능성을 시사하는 내용을 담고 있어 CAMEO 코드 154: 군사 동원·증강 분류와 일치합니다.,https://www.independentsentinel.com/china-tells-taiwan-to-prepare-for-war-censors-pence-out-of-the-debate/,https://www.independentsentinel.com/china-tells-taiwan-to-prepare-for-war-censors-pence-out-of-the-debate/
951216701,2020-10-11,192,OK_ORIGINAL,MISMATCH,LOW,State security agency uncovers hundreds of Taiwan espionage activities against mainland,"기사는 대만의 중국 본토에 대한 간첩 활동을 다루고 있으며, 이는 영토 점령과는 관련이 없습니다.",https://www.globaltimes.cn/content/1203119.shtml,https://www.globaltimes.cn/content/1203119.shtml
951380681,2020-10-12,150,OK_ORIGINAL,AMBIGUOUS,MEDIUM,Taiwan dismisses China’s spy claims - Taipei Times,"이 기사는 중국이 대만 간첩 혐의를 제기하고 대만이 이를 부인하는 내용으로 양안 관련 이슈를 다루고 있지만, 직접적인 군사 행동이나 군사 태세보다는 정치적 공방과 관련된 내용이므로 CAMEO 코드 150(군사 태세)으로 분류하기에는 애매한 측면이 있습니다.",https://www.taipeitimes.com/News/front/archives/2020/10/13/2003745071,https://www.taipeitimes.com/News/front/archives/2020/10/13/2003745071
952156136,2020-10-18,154,OK_ORIGINAL,MATCH,HIGH,China 'deploys powerful hypersonic missiles as it prepares for war with Taiwan',기사는 중국이 대만에 대한 잠재적 침공을 준비하며 동해안에 첨단 극초음속 미사일을 배치하는 등 군사력을 강화하고 있다는 내용을 다루고 있어 CAMEO 코드 154: 군사 동원·증강 유형과 일치합니다.,https://www.dailystar.co.uk/news/world-news/china-deploys-powerful-hypersonic-missiles-22865336,https://www.dailystar.co.uk/news/world-news/china-deploys-powerful-hypersonic-missiles-22865336
952097371,2020-10-18,154,OK_WAYBACK,MATCH,MEDIUM,"China forces prepare for possible military invasion of Taiwan, deploy hypersonic missile","기사에서 중국이 대만 침공 가능성을 대비하여 군사 훈련 강화, 병력 증강, 최신 미사일 배치 등의 움직임을 보이고 있다는 내용이 명시되어 있어 CAMEO 코드 154: 군사 동원·증강(mobilization/buildup)과 일치합니다.",http://web.archive.org/web/20201020135619/https://www.wionews.com/world/china-forces-prepare-for-possible-military-invasion-of-taiwan-deploy-hypersonic-missile-336157,https://www.wionews.com/world/china-forces-prepare-for-possible-military-invasion-of-taiwan-deploy-hypersonic-missile-336157
951268423,2020-10-11,150,OK_ORIGINAL,MATCH,HIGH,China Holds Military Invasion Drill Amid Tensions With Taiwan,"기사는 중국이 대만을 대상으로 실시한 대규모 상륙 훈련을 상세히 묘사하고 있으며, 이는 CAMEO 코드 150 ""군사 태세""에 해당합니다.",https://www.japanherald.com/news/266661056/china-holds-military-invasion-drill-amid-tensions-with-taiwan,https://www.japanherald.com/news/266661056/china-holds-military-invasion-drill-amid-tensions-with-taiwan
951758559,2020-10-15,151,NOTFOUND,-,UNVERIFIED,,본문 확보 실패,,https://www.channelnewsasia.com/news/asia/china-us-taiwan-strait-military-13285172
951299141,2020-10-12,150,OK_ORIGINAL,MATCH,HIGH,China Media Says Risk of War With Taiwan Rising,"기사는 중국과 대만 간의 군사적 긴장 고조와 대만의 방어 강화 노력을 다루고 있으며, 이는 '군사 태세'라는 분류 유형과 일치합니다.",https://www.newsweek.com/china-media-risk-war-taiwan-rising-despite-president-tsai-ing-wen-conciliatory-speech-1538220,https://www.newsweek.com/china-media-risk-war-taiwan-rising-despite-president-tsai-ing-wen-conciliatory-speech-1538220
951263414,2020-10-11,150,OK_WAYBACK,MATCH,MEDIUM,China Holds Military Invasion Drill Amid Tensions With Taiwan,"기사는 중국이 대만과의 긴장 속에 대규모 상륙 훈련을 실시했다는 내용을 다루고 있으며, 이는 CAMEO 코드 150의 '군사 태세' 분류와 일치합니다.",http://web.archive.org/web/20201012000339/https://www.voanews.com/east-asia-pacific/china-holds-military-invasion-drill-amid-tensions-taiwan,https://www.voanews.com/east-asia-pacific/china-holds-military-invasion-drill-amid-tensions-taiwan
306857820,2014-07-25,190,NOTFOUND,-,UNVERIFIED,,본문 확보 실패,,http://www.wdam.com/story/26091460/relatives-fly-to-taiwan-plane-crash-site-48-dead
975652827,2021-03-21,190,NOTFOUND,-,UNVERIFIED,,본문 확보 실패,,https://www.aninews.in/news/world/asia/taiwan-facing-tough-battle-to-curb-talent-poaching-by-china-for-manufacturing-computer-chips20210321104938/
481846412,2015-10-28,194,OK_ORIGINAL,MISMATCH,LOW,Tensions kill ASEAN statement - Taipei Times,"기사는 남중국해에서의 미국과 중국 간의 긴장과 관련된 외교적 마찰을 다루고 있으며, CAMEO 코드 194 (중화기 무력충돌)와는 직접적인 관련이 없습니다.",http://www.taipeitimes.com/News/world/archives/2015/11/05/2003631750,http://www.taipeitimes.com/News/world/archives/2015/11/05/2003631750
497482295,2015-12-27,190,NOTFOUND,-,UNVERIFIED,,본문 확보 실패,,http://www.dailyastorian.com/taiwan-presidential-candidates-clash-over-china-in-debate-da-ap-webfeeds-news-nation-worldcff1f0a8f4a14d42ac806f4c310a3d4e
269408353,2013-09-26,194,OK_ORIGINAL,MATCH,HIGH,Taiwan’s navy launches first surface-to-air missile in six years,"기사는 대만 해군의 함대에서 중국의 모의 공중 공격을 격추하기 위한 대공 미사일 발사 훈련에 대한 내용으로, 이는 양안 군사 사건이며 중화기(함대함 미사일)를 동원한 무력 충돌 시뮬레이션으로 GDELT의 '중화기 무력충돌' 분류와 일치합니다.",http://www.scmp.com/news/china/article/1318338/taiwans-navy-launches-first-surface-air-missile-six-years,http://www.scmp.com/news/china/article/1318338/taiwans-navy-launches-first-surface-air-missile-six-years
465970467,2015-09-11,150,OK_WAYBACK,MATCH,MEDIUM,Taiwan concludes Han Kuang exercises that simulated China attack - Taiwan News Online,"기사는 대만에서 중국의 공격을 시뮬레이션하는 군사 훈련인 '한광 훈련'을 다루고 있으며, 이는 CAMEO 코드 150 '군사 태세'에 부합하는 양안 군사 사건입니다.",http://web.archive.org/web/20160104142503/http://www.taiwannews.com.tw/etn/news_content.php?id=2803057,http://www.taiwannews.com.tw/etn/news_content.php?id=2803057
307804094,2014-08-01,190,NOTFOUND,-,UNVERIFIED,,본문 확보 실패,,http://english.cntv.cn/2014/08/01/VIDE1406847966883650.shtml
309279359,2014-08-12,192,NOTFOUND,-,UNVERIFIED,,본문 확보 실패,,http://www.chinapost.com.tw/taiwan-business/2014/08/13/414713/Local-firms.htm
747216843,2018-04-13,150,OK_ORIGINAL,MATCH,HIGH,Military review not attempt to upstage Xi: President Tsai - Focus Taiwan,"기사 제목과 본문 모두 차이잉원 총리가 군사 훈련을 언급하며 시진핑 주석과의 관계를 부정하는 내용을 다루고 있어, 양안 간 군사적 긴장 상황을 나타내는 군사 태세(military posturing) 유형에 부합합니다.",http://focustaiwan.tw/news/aipl/201804130015.aspx,http://focustaiwan.tw/news/aipl/201804130015.aspx
747582312,2018-04-14,190,OK_WAYBACK,MISMATCH,LOW,Taiwan battles a brain drain as China aims to woo young talent away,"이 기사는 대만 젊은 인재들의 중국 이주로 인한 두뇌 유출 현상을 다루고 있으며, 재래식 무력 사용과는 관련이 없는 경제 및 사회적 현상에 관한 것입니다.",http://web.archive.org/web/20180414210801/https://www.sfgate.com/news/article/Taiwan-battles-a-brain-drain-as-China-aims-to-woo-12834304.php,https://www.sfgate.com/news/article/Taiwan-battles-a-brain-drain-as-China-aims-to-woo-12834304.php
747512518,2018-04-14,190,OK_WAYBACK,MISMATCH,LOW,Taiwan battles a brain drain as China aims to woo young talent,"이 기사는 대만에서 중국으로의 인재 유출과 중국의 경제적 유인책에 관한 것으로, CAMEO 코드 190인 재래식 무력 사용과는 관련이 없습니다.",http://web.archive.org/web/20180415040150/https://www.washingtonpost.com/world/asia_pacific/taiwan-battles-a-brain-drain-as-china-aims-to-woo-young-talent-away/2018/04/13/338d096e-3940-11e8-af3c-2123715f78df_story.html,https://www.washingtonpost.com/world/asia_pacific/taiwan-battles-a-brain-drain-as-china-aims-to-woo-young-talent-away/2018/04/13/338d096e-3940-11e8-af3c-2123715f78df_story.html
747330371,2018-04-13,150,OK_ORIGINAL,MATCH,HIGH,《TAIPEI TIMES》 Tsai lauds military after joint exercise - 焦點 - 自由時報電子報,"기사는 차이잉원 대만 총통이 해상 군사 훈련을 참관하고 군을 칭찬하는 내용을 담고 있으며, 이는 양안 관계에서의 군사 태세를 보여주는 대표적인 사례로 CAMEO 코드 150에 부합합니다.",http://news.ltn.com.tw/news/focus/breakingnews/2395020,http://news.ltn.com.tw/news/focus/breakingnews/2395020
747513371,2018-04-14,190,OK_WAYBACK,MISMATCH,LOW,Taiwan battles a brain drain as China aims to woo young talent,"해당 기사는 대만 인재 유출 및 중국의 인재 유치 정책에 관한 내용으로, 재래식 무력 사용과 관련된 군사 사건이 아닙니다.",http://web.archive.org/web/20180415040150/https://www.washingtonpost.com/world/asia_pacific/taiwan-battles-a-brain-drain-as-china-aims-to-woo-young-talent-away/2018/04/13/338d096e-3940-11e8-af3c-2123715f78df_story.html,https://www.washingtonpost.com/world/asia_pacific/taiwan-battles-a-brain-drain-as-china-aims-to-woo-young-talent-away/2018/04/13/338d096e-3940-11e8-af3c-2123715f78df_story.html
940489842,2020-08-13,190,NOTFOUND,-,UNVERIFIED,,본문 확보 실패,,https://uk.reuters.com/article/uk-taiwan-defence/taiwan-to-raise-defence-spending-as-china-details-combat-drills-idUKKCN2590BR
940489843,2020-08-13,190,NOTFOUND,-,UNVERIFIED,,본문 확보 실패,,https://uk.reuters.com/article/uk-taiwan-defence/taiwan-to-raise-defence-spending-as-china-details-combat-drills-idUKKCN2590BR
940758860,2020-08-14,190,OK_ORIGINAL,MATCH,HIGH,PLA drills send warning to Taiwan's secessionists - China Military,"기사는 PLA가 대만 해협에서 실시하는 '실전 훈련'을 언급하며, 이는 재래식 무력 사용에 해당될 수 있는 군사적 압박 및 행동을 묘사하고 있습니다.",http://english.chinamil.com.cn/view/2020-08/14/content_9882144.htm,http://english.chinamil.com.cn/view/2020-08/14/content_9882144.htm
940757930,2020-08-14,190,OK_ORIGINAL,AMBIGUOUS,MEDIUM,PLA drills send warning to Taiwan's secessionists - China Military,"기사는 중국의 군사 훈련을 언급하며 대만에 대한 군사적 압력을 시사하지만, 실제 재래식 무력 사용(CAMEO 코드 190)을 묘사하지는 않고 잠재적인 군사 행동에 대한 경고를 다루고 있습니다.",http://english.chinamil.com.cn/view/2020-08/14/content_9882144.htm,http://english.chinamil.com.cn/view/2020-08/14/content_9882144.htm
940355066,2020-08-12,190,OK_ORIGINAL,MISMATCH,LOW,U.S. Health Secretary Alex Azar visits Lee Teng-hui memorial in Taiwan - UPI.com,"해당 기사는 미국 보건부 장관의 대만 방문과 관련된 외교 및 정치적 사안을 다루고 있으며, 중국과 대만 간의 재래식 무력 사용을 포함하는 군사 사건과는 거리가 멉니다.",https://www.upi.com/Top_News/World-News/2020/08/12/US-health-secretary-visits-Lee-Teng-hui-memorial-in-Taiwan/9271597241659/,https://www.upi.com/Top_News/World-News/2020/08/12/US-health-secretary-visits-Lee-Teng-hui-memorial-in-Taiwan/9271597241659/
940591601,2020-08-13,150,OK_ORIGINAL,MATCH,HIGH,Taipei boosts military spending by 10 per cent,"기사는 대만이 중국의 위협에 대응하여 군사비를 증액하고 무기 구매를 협상하는 내용을 담고 있어, 이는 군사적 긴장 상태에서의 군사 태세 강화에 해당합니다.",http://www.asianews.it/news-en/Taipei-boosts-military-spending-by-10-per-cent-50786.html,http://www.asianews.it/news-en/Taipei-boosts-military-spending-by-10-per-cent-50786.html
939878032,2020-08-10,192,OK_ORIGINAL,MISMATCH,LOW,US cabinet member lauds Taiwan's democracy during historic visit,"기사는 미국 보건장관의 대만 방문과 대만의 민주주의를 칭찬하는 내용을 다루고 있으며, 중국-대만 간의 영토 점령 사건과는 관련이 없습니다.",https://www.indiatoday.in/world/story/us-cabinet-member-lauds-taiwan-s-democracy-historic-visit-1709680-2020-08-10,https://www.indiatoday.in/world/story/us-cabinet-member-lauds-taiwan-s-democracy-historic-visit-1709680-2020-08-10
940304196,2020-08-12,190,OK_ORIGINAL,MISMATCH,LOW,China warns US 'serious harm' will come to relations over Taiwan,"기사는 중국과 대만의 관계 악화를 경고하는 정치적 외교적 발언을 다루고 있으며, 재래식 무력의 실제 사용에 대한 내용은 포함하고 있지 않습니다.",https://www.express.co.uk/news/world/1321850/China-news-US-warning-Taiwan-WW3-Beijing-world-war-3-Alex-Azer-latest-visit,https://www.express.co.uk/news/world/1321850/China-news-US-warning-Taiwan-WW3-Beijing-world-war-3-Alex-Azer-latest-visit
940489841,2020-08-13,190,NOTFOUND,-,UNVERIFIED,,본문 확보 실패,,https://uk.reuters.com/article/uk-taiwan-defence/taiwan-to-raise-defence-spending-as-china-details-combat-drills-idUKKCN2590BR
939245245,2020-08-06,190,OK_WAYBACK,MISMATCH,LOW,Presstv,"기사는 중국과 미국 간의 외교적 긴장 관계에 대해 논하고 있으며, 양안 군사 사건이나 재래식 무력 사용을 직접적으로 다루고 있지 않습니다.",http://web.archive.org/web/20200806222544/http://www.presstv.com:80/Detail/2020/08/06/631205/China-US-diplomatic-war,https://www.presstv.com/Detail/2020/08/06/631205/China-US-diplomatic-war
939297591,2020-08-06,150,OK_WAYBACK,MATCH,MEDIUM,Beijing flexes its military muscle in off-shore exercises near Taiwan,"기사는 베이징이 대만 해협에서 군사 훈련을 실시하여 군사력을 과시하는 내용을 담고 있으며, 이는 '군사 태세(military posturing)'로 분류되는 CAMEO 코드 150에 부합합니다.",http://web.archive.org/web/20200807083403/https://www.thetimes.co.uk/article/beijing-flexes-its-military-muscle-in-off-shore-exercises-near-taiwan-9v9rpbvw3,https://www.thetimes.co.uk/article/beijing-flexes-its-military-muscle-in-off-shore-exercises-near-taiwan-9v9rpbvw3
311290908,2014-08-27,150,OK_ORIGINAL,MATCH,HIGH,China planes 'violated Taiwanese airspace',"기사는 대만 영공 침입이라는 중국 군용기의 구체적인 군사적 행동을 다루고 있으며, 이는 CAMEO 코드 150(군사 태세)에 명확하게 부합하는 양안 군사 사건입니다.",http://www.bbc.com/news/world-asia-28935996,http://www.bbc.com/news/world-asia-28935996
300460410,2014-06-08,193,NOTFOUND,-,UNVERIFIED,,본문 확보 실패,,http://www.chinapost.com.tw/taiwan/national/presidential-election/2014/06/09/409706/Taichung-mayor.htm/RK=0
311217571,2014-08-26,192,OK_WAYBACK,MISMATCH,LOW,Taiwan Says Chinese Jets Breached its Airspace - Dallas Sun,"이 기사는 중국 군용기가 대만 영공을 침범한 사건을 다루고 있으나, 이는 영토 점령(occupy territory)이 아닌 영공 침범에 해당하므로 분류 유형과 일치하지 않습니다.",http://web.archive.org/web/20140828051913/http://www.dallassun.com/index.php/sid/225105843,http://www.dallassun.com/index.php/sid/225105843
932812290,2020-07-02,192,NOTFOUND,-,UNVERIFIED,,본문 확보 실패,,https://uk.reuters.com/article/uk-taiwan-defence/taiwan-practices-enemy-annihilation-after-china-steps-up-activity-idUKKBN24311T
932812292,2020-07-02,150,NOTFOUND,-,UNVERIFIED,,본문 확보 실패,,https://uk.reuters.com/article/uk-taiwan-defence/taiwan-practices-enemy-annihilation-after-china-steps-up-activity-idUKKBN24311T
938053194,2020-07-30,150,OK_ORIGINAL,MATCH,HIGH,China slams US sending military personnel to Taiwan for exercises and exchanges - China Military,"기사는 미국이 대만에 군사 인력을 파견하여 훈련 및 교류를 진행하는 것에 대한 중국 국방부의 반대 입장을 명확히 밝히고 있어, 군사적 긴장을 고조시키는 '군사 태세'에 해당합니다.",http://english.chinamil.com.cn/view/2020-07/30/content_9870590.htm,http://english.chinamil.com.cn/view/2020-07/30/content_9870590.htm
938068092,2020-07-30,194,OK_WAYBACK,MISMATCH,LOW,Former Taiwan president dubbed 'Mr Democracy' dies aged 97,"해당 기사는 대만 전 총통의 사망 소식을 다루고 있으며, 분류된 CAMEO 코드 194(중화기 무력충돌)와는 관련이 없습니다.",http://web.archive.org/web/20200731171832/http://www.digitaljournal.com/news/world/former-taiwan-president-dubbed-mr-democracy-dies-aged-97/article/575620,http://www.digitaljournal.com/news/world/former-taiwan-president-dubbed-mr-democracy-dies-aged-97/article/575620
497463357,2015-12-27,190,NOTFOUND,-,UNVERIFIED,,본문 확보 실패,,http://www.sfgate.com/news/world/article/Taiwan-presidential-candidates-clash-over-China-6722284.php
482844957,2015-11-08,192,OK_ORIGINAL,MISMATCH,LOW,"A China-Taiwan handshake, 66 years in the making","기사는 중국과 대만 지도자 간의 역사적인 악수와 그 배경을 다루고 있으며, 영토 점령(occupy territory)과는 관련이 없습니다.",http://wpde.com/news/nation-world/a-china-taiwan-handshake-66-years-in-the-making,http://wpde.com/news/nation-world/a-china-taiwan-handshake-66-years-in-the-making
503951448,2016-01-20,190,OK_WAYBACK,MISMATCH,LOW,All change in Taiwanese politics,"이 기사는 대만 정치 및 경제 상황에 대한 논평으로, 재래식 무력 사용과 같은 군사 사건을 직접적으로 다루지 않습니다.",http://web.archive.org/web/20160120140032/http://www.economist.com/node/21688672/comments,http://www.economist.com/node/21688672/comments
270786108,2013-10-08,154,OK_WAYBACK,MATCH,MEDIUM,China remains top threat: Taiwan Defense Ministry,"기사는 중국이 대만을 군사적으로 위협하고 군사력을 증강하고 있다는 내용을 다루고 있으며, 이는 GDELT의 '군사 동원·증강' 분류와 일치합니다.",http://web.archive.org/web/20131008130721/http://www.globalpost.com/dispatch/news/kyodo-news-international/131008/china-remains-top-threat-taiwan-defense-ministry,http://www.globalpost.com/dispatch/news/kyodo-news-international/131008/china-remains-top-threat-taiwan-defense-ministry
498389630,2015-12-31,192,OK_WAYBACK,MISMATCH,LOW,"As Taiwan polls loom, China warns of new challenges ahead","기사는 대만 총통 선거를 앞두고 중국이 대만과의 관계에 대한 경고를 담고 있을 뿐, 영토 점령과 같은 군사적 사건을 직접적으로 다루고 있지 않습니다.",http://web.archive.org/web/20151231121613/https://www.washingtonpost.com/world/asia_pacific/as-taiwan-polls-loom-china-warns-of-new-challenges-ahead/2015/12/31/991fc332-af7e-11e5-b281-43c0b56f61fa_story.html,https://www.washingtonpost.com/world/asia_pacific/as-taiwan-polls-loom-china-warns-of-new-challenges-ahead/2015/12/31/991fc332-af7e-11e5-b281-43c0b56f61fa_story.html
325394174,2014-11-27,190,NOTFOUND,-,UNVERIFIED,,본문 확보 실패,,http://www.todayonline.com/world/asia/taiwan-vote-test-pro-china-govt-ahead-presidential-battle
923117437,2020-05-12,150,NOTFOUND,-,UNVERIFIED,,본문 확보 실패,,https://www.chron.com/news/article/Poll-Taiwanese-distance-themselves-from-Chinese-15264066.php
1016571251,2021-11-29,190,OK_WAYBACK,MISMATCH,LOW,Taiwan says China is retaliating against nations seeking ties with it,"기사는 중국의 외교적 압박에 대한 대만의 반응을 다루고 있으며, 재래식 무력 사용에 대한 내용은 전혀 포함하고 있지 않습니다.",http://web.archive.org/web/20211129032006/https://www.business-standard.com/article/international/taiwan-says-china-is-retaliating-against-nations-seeking-ties-with-it-121112900081_1.html,https://www.business-standard.com/article/international/taiwan-says-china-is-retaliating-against-nations-seeking-ties-with-it-121112900081_1.html
1016575512,2021-11-29,195,EMPTY,-,UNVERIFIED,,본문 확보 실패,,https://www.msn.com/en-us/news/world/taiwan-scrambles-fighters-to-see-off-chinese-warplanes-as-xi-meets-top-brass/ar-AAReQvP
1016938671,2021-12-01,192,NOTFOUND,-,UNVERIFIED,,본문 확보 실패,,https://www.ndtv.com/world-news/chinas-taiwan-jet-incursions-at-second-highest-level-in-november-2631443
1017300519,2021-12-03,192,OK_ORIGINAL,MISMATCH,LOW,Taiwanese Rejecting China's Attempts Woo Them Into Reunification,"기사는 중국의 대만 통일 시도와 이에 대한 대만 내 거부감을 다루고 있으나, 영토 점령과 같은 직접적인 군사적 행동에 대한 내용은 포함하고 있지 않습니다.",https://www.voanews.com/a/taiwanese-rejecting-china-s-attempts-woo-them-into-reunification/6337742.html,https://www.voanews.com/a/taiwanese-rejecting-china-s-attempts-woo-them-into-reunification/6337742.html
1016592955,2021-11-29,195,OK_ORIGINAL,AMBIGUOUS,MEDIUM,"Taiwan says China military trying to wear it out, but it can respond","기사는 중국의 빈번한 군사 활동과 대만의 대응을 언급하지만, '공중무기 사용'이라는 분류 유형과 명확하게 일치하는 구체적인 무기 사용 사례보다는 ADIZ 진입 등 간접적인 군사적 압박에 초점을 맞추고 있습니다.",https://wtvbam.com/2021/11/29/taiwan-says-china-military-trying-to-wear-it-out-but-it-can-respond/,https://wtvbam.com/2021/11/29/taiwan-says-china-military-trying-to-wear-it-out-but-it-can-respond/
1016592956,2021-11-29,195,OK_ORIGINAL,MATCH,HIGH,"Taiwan says China military trying to wear it out, but it can respond","기사는 중국 공군이 대만 방공식별구역에 전투기 및 폭격기를 투입한 사건을 다루고 있으며, 이는 CAMEO 코드 195 '공중무기 사용' 분류와 일치합니다.",https://wtvbam.com/2021/11/29/taiwan-says-china-military-trying-to-wear-it-out-but-it-can-respond/,https://wtvbam.com/2021/11/29/taiwan-says-china-military-trying-to-wear-it-out-but-it-can-respond/
1016939296,2021-12-01,195,OK_WAYBACK,MATCH,MEDIUM,China's Taiwan jet incursions at second-highest level in November,"기사는 중국 전투기의 대만 방공식별구역 침입을 상세히 다루고 있으며, 이는 '공중무기 사용'이라는 CAMEO 코드 195의 정의와 부합합니다.",http://web.archive.org/web/20211202014940/http://www.msn.com/en-za/news/world/china-s-taiwan-jet-incursions-at-second-highest-level-in-november/ar-AARk3SH,https://www.msn.com/en-za/news/world/china-s-taiwan-jet-incursions-at-second-highest-level-in-november/ar-AARk3SH
1016939297,2021-12-01,195,OK_WAYBACK,MATCH,MEDIUM,China's Taiwan jet incursions at second-highest level in November,"기사는 중국 전투기의 대만 방공 식별 구역 침입이라는 양안 군사 사건을 다루고 있으며, 이는 공중 무기 사용과 직접적으로 연관됩니다.",http://web.archive.org/web/20211202014940/http://www.msn.com/en-za/news/world/china-s-taiwan-jet-incursions-at-second-highest-level-in-november/ar-AARk3SH,https://www.msn.com/en-za/news/world/china-s-taiwan-jet-incursions-at-second-highest-level-in-november/ar-AARk3SH
1016566045,2021-11-29,194,NOTFOUND,-,UNVERIFIED,,본문 확보 실패,,http://www.arirang.com/news/News_View.asp?nseq=288389
1016592954,2021-11-29,195,OK_ORIGINAL,AMBIGUOUS,MEDIUM,"Taiwan says China military trying to wear it out, but it can respond","기사는 중국 군용기들이 대만의 방공식별구역에 진입하는 사건을 다루고 있으나, '공중무기 사용'보다는 '군사적 압박' 또는 '영공 침범'에 더 가까운 것으로 보이며, 직접적인 무기 사용에 대한 묘사가 부족합니다.",https://wtvbam.com/2021/11/29/taiwan-says-china-military-trying-to-wear-it-out-but-it-can-respond/,https://wtvbam.com/2021/11/29/taiwan-says-china-military-trying-to-wear-it-out-but-it-can-respond/
1017544864,2021-11-04,192,OK_ORIGINAL,AMBIGUOUS,MEDIUM,Chinese jet incursions reach 159 - Taipei Times,"기사는 중국의 대만 방공식별구역 침범에 대한 내용으로 양안 군사 사건을 다루고 있으나, CAMEO 코드 192 '영토 점령'과는 직접적으로 일치하지 않고 군사적 압박 및 위협의 일환으로 볼 수 있습니다.",https://www.taipeitimes.com/News/taiwan/archives/2021/12/05/2003769041,https://www.taipeitimes.com/News/taiwan/archives/2021/12/05/2003769041
886220812,2019-11-13,192,OK_ORIGINAL,MISMATCH,LOW,China holding 3rd Taiwanese man on security grounds,"기사는 중국이 대만인을 안보상의 이유로 구금하고 있다는 내용으로, 영토 점령과 직접적인 관련이 없습니다.",https://www.freemalaysiatoday.com/category/world/2019/11/13/china-holding-3rd-taiwanese-man-on-security-grounds/,https://www.freemalaysiatoday.com/category/world/2019/11/13/china-holding-3rd-taiwanese-man-on-security-grounds/
886221511,2019-11-13,192,OK_ORIGINAL,MISMATCH,LOW,China holding 3rd Taiwanese man on security grounds,"본 기사는 중국이 대만 국적자 3명을 국가 안보상의 이유로 구금하고 있다는 내용으로, 영토 점령과는 거리가 먼 사건입니다.",https://www.freemalaysiatoday.com/category/world/2019/11/13/china-holding-3rd-taiwanese-man-on-security-grounds/,https://www.freemalaysiatoday.com/category/world/2019/11/13/china-holding-3rd-taiwanese-man-on-security-grounds/
429161563,2015-04-28,190,OK_WAYBACK,AMBIGUOUS,MEDIUM,"Taiwan Seeking a Better F-CK, With Possible Longer-Term Aspirations","기사는 대만의 무기 개발 및 업그레이드에 관한 내용으로, 이는 잠재적인 군사적 역량 강화에 해당하지만 직접적인 재래식 무력 사용 사건을 묘사하고 있지는 않습니다.",http://web.archive.org/web/20150513033053/http://www.defenseindustrydaily.com:80/taiwan-seeking-a-better-fck-with-possible-longerterm-aspirations-02492/,http://www.defenseindustrydaily.com/taiwan-seeking-a-better-fck-with-possible-longerterm-aspirations-02492/
514051682,2016-02-21,150,OK_WAYBACK,MISMATCH,LOW,bobbi brown brush price The Lowest Price Online Store LiWoDHmjAo | ICCT Colleges,"이 기사는 경제 및 비즈니스 관련 내용을 다루고 있으며, 양안 군사 사건이나 군사 태세와는 전혀 관련이 없습니다.",http://web.archive.org/web/20160222093040/http://icct.edu.ph/bobbi-brown-brush-price-the-lowest-price-online-store-liwodhmjao/,http://icct.edu.ph/bobbi-brown-brush-price-the-lowest-price-online-store-liwodhmjao/
465490608,2015-09-10,193,OK_ORIGINAL,MISMATCH,LOW,Associated Press News: Breaking News | Latest News Today,"제공된 기사 본문은 미국과 이란 간의 군사적 충돌, 미국 정치, 시위, 교황 방문 등 다양한 사건을 다루고 있으며, 양안(중국-대만) 군사 사건이나 소형화기 충돌과는 전혀 관련이 없습니다.",http://hosted2.ap.org/CAANR/0260ea4c3e85456b80715585ba3c7b5b/Article_2015-09-10-AS--Taiwan-Military%20Exercises/id-e40c0b90c152416e8bbfded8c7c7cc68,http://hosted2.ap.org/CAANR/0260ea4c3e85456b80715585ba3c7b5b/Article_2015-09-10-AS--Taiwan-Military%20Exercises/id-e40c0b90c152416e8bbfded8c7c7cc68
535047848,2016-04-28,190,NOTFOUND,-,UNVERIFIED,,본문 확보 실패,,http://www.shanghaidaily.com/metro/Clear-start-with-rainy-end-for-Labor-Day-holiday/shdaily.shtml
466133230,2015-09-12,150,NOTFOUND,-,UNVERIFIED,,본문 확보 실패,,http://www.wantchinatimes.com/news-subclass-cnt.aspx?id=20150912000102&cid=1101
497464015,2015-12-27,190,NOTFOUND,-,UNVERIFIED,,본문 확보 실패,,http://www.sfgate.com/news/world/article/Taiwan-presidential-candidates-clash-over-China-6722284.php
497587554,2015-12-28,150,OK_ORIGINAL,MISMATCH,LOW,"Taiwan presidential front runner says she wants stable ties with mainland China, but issue of future independence remains open","이 기사는 대만 대선 후보의 중국과의 관계에 대한 발언을 다루고 있으며, 군사적 행동이나 태세를 묘사하지 않습니다.",http://www.scmp.com/news/china/policies-politics/article/1895453/taiwan-presidential-front-runner-says-she-wants-stable,http://www.scmp.com/news/china/policies-politics/article/1895453/taiwan-presidential-front-runner-says-she-wants-stable
755090833,2018-05-11,151,OK_ORIGINAL,MATCH,HIGH,China sends fighter jets near Taiwan in latest show of force,"기사 내용에서 중국이 대만 인근에 전투기를 보내는 등 군사적 위협을 가하는 사건이 묘사되어 있으며, 이는 '경계 수준 강화'라는 GDELT 분류와 일치합니다.",http://www.manilatimes.net/china-sends-fighter-jets-near-taiwan-in-latest-show-of-force/398175/,http://www.manilatimes.net/china-sends-fighter-jets-near-taiwan-in-latest-show-of-force/398175/
755102053,2018-05-11,151,OK_ORIGINAL,MATCH,HIGH,China sends fighter jets near Taiwan in latest show of force,"기사는 중국이 대만 인근에 전투기를 보내 군사력을 과시하는 사건을 다루고 있으며, 이는 경계 수준 강화와 직접적으로 연관됩니다.",https://www.geo.tv/latest/195014-china-sends-fighter-jets-near-taiwan-in-latest-show-of-force,https://www.geo.tv/latest/195014-china-sends-fighter-jets-near-taiwan-in-latest-show-of-force
755102052,2018-05-11,151,OK_WAYBACK,MATCH,MEDIUM,"China sends fighter jets, military aircraft near Taiwan in latest show of force",기사는 중국이 대만 인근에 전투기 등 군용기를 보내는 등 무력 시위를 강화하는 내용을 담고 있어 '경계 수준 강화'라는 GDELT 분류와 부합합니다.,http://web.archive.org/web/20180511143905/https://www.financialexpress.com/defence/china-sends-fighter-jets-military-aircraft-near-taiwan-in-latest-show-of-force/1163863/,https://www.financialexpress.com/defence/china-sends-fighter-jets-military-aircraft-near-taiwan-in-latest-show-of-force/1163863/
755098282,2018-05-11,151,OK_WAYBACK,MATCH,MEDIUM,China sends fighter jets near Taiwan in latest show of force,"기사는 중국이 대만 인근에서 전투기를 보내 무력을 과시하는 양안 군사 사건을 다루고 있으며, 이는 경계 수준 강화(increase alert status)라는 GDELT 분류 유형과 일치합니다.",http://web.archive.org/web/20180511144208/https://www.msn.com/en-us/news/world/china-sends-fighter-jets-near-taiwan-in-latest-show-of-force/ar-AAx7gr1,https://www.msn.com/en-us/news/world/china-sends-fighter-jets-near-taiwan-in-latest-show-of-force/ar-AAx7gr1
755090832,2018-05-11,151,OK_ORIGINAL,MATCH,HIGH,China sends fighter jets near Taiwan in latest show of force,"기사는 중국이 대만 인근에 전투기를 보내는 군사적 행동을 묘사하고 있으며, 이는 경계 수준 강화와 일치합니다.",http://www.manilatimes.net/china-sends-fighter-jets-near-taiwan-in-latest-show-of-force/398175/,http://www.manilatimes.net/china-sends-fighter-jets-near-taiwan-in-latest-show-of-force/398175/
755236942,2018-05-11,151,NOTFOUND,-,UNVERIFIED,,본문 확보 실패,,https://japantoday.com/category/world/china-sends-fighter-jets-near-taiwan-in-latest-show-of-force
297922007,2014-05-19,195,NOTFOUND,-,UNVERIFIED,,본문 확보 실패,,http://www.defensenews.com/article/20140519/DEFREG03/305190014/Taiwan-Holds-Computer-War-Games-Against-China-Attack?odyssey=mod%7Cnewswell%7Ctext%7CFRONTPAGE%7Cp
674352523,2017-07-19,190,NOTFOUND,-,UNVERIFIED,,본문 확보 실패,,http://english.sina.com/news/2017-07-20/detail-ifyihrwk1393183.shtml
285841435,2014-02-13,190,OK_ORIGINAL,MISMATCH,LOW,Taiwan Edging Back Into the Chinese Fold,"본 기사는 양안 간의 외교적 관계 개선에 대해 다루고 있으며, 재래식 무력 사용과 관련된 내용은 전혀 포함하고 있지 않습니다.",http://www.thetrumpet.com/article/11367.19.0.0/asia/taiwan-edging-back-into-the-chinese-fold,http://www.thetrumpet.com/article/11367.19.0.0/asia/taiwan-edging-back-into-the-chinese-fold
332834564,2015-01-20,190,OK_ORIGINAL,MISMATCH,LOW,Ma nods to China at commemoration of 1955 isle battle - Taipei Times,"이 기사는 1955년 양안 간의 역사적 군사 사건을 기념하는 내용이며, 현재 진행 중인 재래식 무력 사용 사건과는 관련이 없습니다.",http://www.taipeitimes.com/News/taiwan/archives/2015/01/21/2003609753,http://www.taipeitimes.com/News/taiwan/archives/2015/01/21/2003609753
848047958,2019-05-27,191,OK_ORIGINAL,MISMATCH,LOW,Same-sex couples start registering marriages in Taiwan,"본 기사는 대만 내 동성 결혼 합법화에 대한 내용으로, 양안 군사 사건과는 전혀 관련이 없습니다.",https://www.dailymail.co.uk/wires/ap/article-7065899/Same-sex-couples-start-registering-marriages-Taiwan.html,https://www.dailymail.co.uk/wires/ap/article-7065899/Same-sex-couples-start-registering-marriages-Taiwan.html
848264796,2019-05-28,195,OK_WAYBACK,MATCH,MEDIUM,Taiwan lands aircraft on highway as part of military drills,"기사는 대만군이 군사 훈련의 일환으로 고속도로에 항공기를 착륙시킨 사건을 설명하고 있으며, 이는 CAMEO 코드 195 '공중무기 사용'과 일치하는 군사 훈련입니다.",http://web.archive.org/web/20190529015437/https://abcnews.go.com/International/wireStory/taiwan-lands-aircraft-highway-part-military-drills-63312868,https://abcnews.go.com/International/wireStory/taiwan-lands-aircraft-highway-part-military-drills-63312868
848280601,2019-05-28,195,OK_WAYBACK,MATCH,MEDIUM,Taiwan lands fighter jets on highway to counter China,"기사는 대만을 대상으로 하는 중국의 잠재적 공격에 대응하기 위한 대만의 군사 훈련을 묘사하며, 전투기들이 고속도로에 착륙하는 것은 공중 무기의 사용과 관련된 군사적 행동에 해당합니다.",http://web.archive.org/web/20190528062121/https://m.inquirer.net/newsinfo/1124045,https://m.inquirer.net/newsinfo/1124045
681057696,2017-08-14,193,OK_WAYBACK,MISMATCH,LOW,"To pacify Kim Jong Un, how about, for a start, ending the Korean War?","이 기사는 북한의 핵 능력 개발과 한국 전쟁 종식을 다루며, 양안 군사 사건이나 소형화기 충돌과는 관련이 없습니다.",http://web.archive.org/web/20170814231900/http://www.newsweek.com/pacify-kim-jong-un-how-about-ending-korean-war-649982,http://www.newsweek.com/pacify-kim-jong-un-how-about-ending-korean-war-649982
681256587,2017-08-15,193,NOTFOUND,-,UNVERIFIED,,본문 확보 실패,,https://www.rand.org/blog/2017/08/the-north-korea-standoff-have-we-been-here-before.html
482733855,2015-11-07,192,NOTFOUND,-,UNVERIFIED,,본문 확보 실패,,http://www.statesville.com/news/world/ap/a-china-taiwan-handshake-years-in-the-making/article_f97a70c4-3e2f-5c0c-bec1-a48cdb420fa7.html
320311108,2014-10-25,190,EMPTY,-,UNVERIFIED,,본문 확보 실패,,http://www.deccanherald.com/content/437827/serena-halep-final-clash.html
930994628,2020-06-23,190,OK_WAYBACK,MISMATCH,LOW,Kiribati's pro-Beijing leader re-elected: state media,"이 기사는 키리바시의 친중국 지도자 재선에 관한 내용으로, 양안 간의 재래식 무력 사용과는 전혀 관련이 없습니다.",http://web.archive.org/web/20200624002922/https://news.abs-cbn.com/overseas/06/23/20/kiribatis-pro-beijing-leader-re-elected-state-media,https://news.abs-cbn.com/overseas/06/23/20/kiribatis-pro-beijing-leader-re-elected-state-media
931144750,2020-06-23,154,OK_ORIGINAL,MATCH,HIGH,"Taiwan mulls deploying airships to outlying islands
 | Taiwan News | Jun. 23, 2020 17:28","대만 국방부가 중국의 군사적 압박에 대응하여 외곽 섬에 군사 비행선(dirigibles)을 배치하는 방안을 고려하고 있다는 내용으로, 이는 군사력 증강 및 동원 활동에 해당합니다.",https://www.taiwannews.com.tw/en/news/3952542,https://www.taiwannews.com.tw/en/news/3952542
931081812,2020-06-23,154,OK_ORIGINAL,MATCH,HIGH,Taiwan conducts mine drill amid increasing Chinese military activity - Focus Taiwan,기사는 대만 해군이 중국의 군사 활동 증가에 맞서 군사 훈련을 실시하는 내용을 다루고 있어 CAMEO 코드 154: 군사 동원·증강(mobilization/buildup) 유형과 일치합니다.,https://focustaiwan.tw/politics/202006230029,https://focustaiwan.tw/politics/202006230029
931081814,2020-06-23,154,OK_ORIGINAL,MATCH,HIGH,Taiwan conducts mine drill amid increasing Chinese military activity - Focus Taiwan,"기사 제목과 본문 내용 모두 대만 해군의 군사 훈련이 증가하는 중국의 군사 활동 속에서 이루어졌음을 명시하며, 이는 CAMEO 코드 154의 '군사 동원·증강' 유형과 일치합니다.",https://focustaiwan.tw/politics/202006230029,https://focustaiwan.tw/politics/202006230029
930994082,2020-06-23,190,OK_WAYBACK,MISMATCH,LOW,Kiribati's pro-Beijing leader re-elected: state media,"기사는 키리바시의 정치적 선거 결과에 대한 내용으로, 중국과 대만 간의 재래식 무력 사용과는 관련이 없습니다.",http://web.archive.org/web/20200624002922/https://news.abs-cbn.com/overseas/06/23/20/kiribatis-pro-beijing-leader-re-elected-state-media,https://news.abs-cbn.com/overseas/06/23/20/kiribatis-pro-beijing-leader-re-elected-state-media
930799380,2020-06-22,190,NOTFOUND,-,UNVERIFIED,,본문 확보 실패,,http://idrw.org/its-time-india-provides-taiwan-weapons-it-needs-against-china/
444911816,2015-06-30,193,OK_ORIGINAL,MISMATCH,LOW,Woman injured in Taiwan blaze transferred to Shanghai - China.org.cn,"본 기사는 대만에서 발생한 콘서트 폭발 사고로 인한 부상자를 중국 상하이로 이송한 내용으로, 양안 군사 사건과는 관련이 없습니다.",http://www.china.org.cn/china/Off_the_Wire/2015-06/30/content_35944363.htm,http://www.china.org.cn/china/Off_the_Wire/2015-06/30/content_35944363.htm
480599741,2015-10-31,192,NOTFOUND,-,UNVERIFIED,,본문 확보 실패,,http://www.taiwannews.com.tw/etn/news_content.php?id=2828569
906433814,2020-02-17,190,NOTFOUND,-,UNVERIFIED,,본문 확보 실패,,https://www.france24.com/en/20200217-taiwan-embraces-cute-mascots-for-virus-prevention-campaign
906438599,2020-02-17,190,EMPTY,-,UNVERIFIED,,본문 확보 실패,,https://www.msn.com/en-us/news/world/taiwan-embraces-cute-mascots-for-virus-prevention-campaign/ar-BB104cVJ
906433225,2020-02-17,190,NOTFOUND,-,UNVERIFIED,,본문 확보 실패,,https://www.france24.com/en/20200217-taiwan-embraces-cute-mascots-for-virus-prevention-campaign
906436902,2020-02-17,190,OK_ORIGINAL,MISMATCH,LOW,Taiwan embraces cute mascots for virus prevention campaign,"기사는 대만에서 바이러스 예방 캠페인에 귀여운 마스코트를 활용하는 내용으로, CAMEO 코드 190: 재래식 무력 사용과는 전혀 관련이 없습니다.",https://www.rappler.com/world/regions/asia-pacific/251997-taiwan-embraces-mascots-coronavirus-prevention-campaign,https://www.rappler.com/world/regions/asia-pacific/251997-taiwan-embraces-mascots-coronavirus-prevention-campaign
906436319,2020-02-17,190,OK_ORIGINAL,MISMATCH,LOW,Taiwan embraces cute mascots for virus prevention campaign,"기사는 대만에서 바이러스 예방 캠페인을 위해 귀여운 마스코트를 활용하는 내용으로, 재래식 무력 사용과는 관련이 없습니다.",https://www.rappler.com/world/regions/asia-pacific/251997-taiwan-embraces-mascots-coronavirus-prevention-campaign,https://www.rappler.com/world/regions/asia-pacific/251997-taiwan-embraces-mascots-coronavirus-prevention-campaign
960309591,2020-12-18,191,NOTFOUND,-,UNVERIFIED,,본문 확보 실패,,https://www.nytimes.com/2020/12/18/world/asia/chinese-journalist-du-bin-detained.html
961358880,2020-12-25,193,OK_ORIGINAL,MISMATCH,LOW,"Chinese COVID-19 vaccines are poised to fill gap, but will they work? Read here - OrissaPOST","이 기사는 중국의 COVID-19 백신 개발 및 보급에 관한 내용으로, 양안 군사 사건이나 소형 무기 충돌과는 전혀 관련이 없습니다.",https://www.orissapost.com/chinese-covid-19-vaccines-are-poised-to-fill-gap-but-will-they-work-read-here/,https://www.orissapost.com/chinese-covid-19-vaccines-are-poised-to-fill-gap-but-will-they-work-read-here/
961355673,2020-12-25,193,OK_ORIGINAL,MISMATCH,LOW,"Chinese vaccines are poised to fill gap, but will they work?","이 기사는 중국과 대만 간의 군사 충돌이 아닌 COVID-19 백신에 관한 내용으로, GDELT 분류 유형인 '소형화기 충돌'과는 전혀 관련이 없습니다.",https://www.wsls.com/news/world/2020/12/25/chinese-vaccines-are-poised-to-fill-gap-but-will-they-work/,https://www.wsls.com/news/world/2020/12/25/chinese-vaccines-are-poised-to-fill-gap-but-will-they-work/
962121863,2020-12-31,152,NOTFOUND,-,UNVERIFIED,,본문 확보 실패,,https://www.aninews.in/news/world/asia/taiwan-tightens-noose-on-chinese-investments-over-security-concerns20201231123602/
962106020,2020-12-31,151,OK_WAYBACK,MATCH,MEDIUM,China accuses US of show of force with Taiwan Strait passage,"미국 군함이 대만 해협을 통과한 것에 대해 중국이 '무력 시위'이자 '도발'이라고 비난하며 경계 태세를 강화하고 있음을 명시하고 있어, GDELT의 '경계 수준 강화' 분류와 일치합니다.",http://web.archive.org/web/20201231093922/https://www.sfgate.com/news/article/China-accuses-US-of-show-of-force-with-Taiwan-15837534.php,https://www.sfgate.com/news/article/China-accuses-US-of-show-of-force-with-Taiwan-15837534.php
960340972,2020-12-18,150,OK_ORIGINAL,MATCH,HIGH,China flaunts its tanks destroying 'Taiwanese troops' in mock combat,"기사에서 중국이 대만을 겨냥한 모의 전투 훈련 영상을 공개하며 군사력을 과시하고 있으며, 이는 CAMEO 코드 150 '군사 태세'에 해당합니다.",https://www.dailymail.co.uk/news/article-9067689/amp/China-flaunts-footage-battle-tanks-engaging-simulated-street-combat-against-Taiwan.html,https://www.dailymail.co.uk/news/article-9067689/amp/China-flaunts-footage-battle-tanks-engaging-simulated-street-combat-against-Taiwan.html
962106938,2020-12-31,151,OK_WAYBACK,MATCH,MEDIUM,China accuses US of show of force with Taiwan Strait passage,"기사는 중국이 대만 해협에서의 미군 항해를 '무력 시위'로 비난하며 긴장 고조를 시사하고 있어, 경계 수준 강화(increase alert status)라는 GDELT 분류와 일치합니다.",http://web.archive.org/web/20210102065912/https://www.decaturdaily.com/news/other_news/national/china-accuses-us-of-show-of-force-with-taiwan-strait-passage/article_2a9de986-2b8b-511c-b272-f118c25e7eb3.html,https://www.decaturdaily.com/news/other_news/national/china-accuses-us-of-show-of-force-with-taiwan-strait-passage/article_2a9de986-2b8b-511c-b272-f118c25e7eb3.html
497587555,2015-12-28,151,OK_ORIGINAL,MISMATCH,LOW,"Taiwan presidential front runner says she wants stable ties with mainland China, but issue of future independence remains open","기사는 대만 총통 선거의 정치적 입장과 양안 관계에 대한 논의를 다루고 있으며, 경계 수준 강화라는 군사적 사건과는 직접적인 관련이 없습니다.",http://www.scmp.com/news/china/policies-politics/article/1895453/taiwan-presidential-front-runner-says-she-wants-stable,http://www.scmp.com/news/china/policies-politics/article/1895453/taiwan-presidential-front-runner-says-she-wants-stable
494343367,2015-12-15,192,OK_ORIGINAL,MISMATCH,LOW,"Taiwan opposition leader calls China's Unigroup investment plans ""a...","이 기사는 중국 기업의 대만 반도체 산업 투자에 대한 대만 야당 지도자의 발언을 다루고 있으며, 영토 점령과 같은 군사 사건과는 관련이 없습니다.",http://www.dailymail.co.uk/wires/reuters/article-3360556/Taiwan-opposition-leader-calls-Chinas-Unigroup-investment-plans-huge-threat.html,http://www.dailymail.co.uk/wires/reuters/article-3360556/Taiwan-opposition-leader-calls-Chinas-Unigroup-investment-plans-huge-threat.html
986528983,2021-05-24,190,EMPTY,-,UNVERIFIED,,본문 확보 실패,,https://www.msn.com/en-gb/news/world/pressure-to-accept-china-vaccines-intensifies-as-taiwan-battles-covid-surge/ar-AAKjqZc
986539880,2021-05-24,190,OK_ORIGINAL,MISMATCH,LOW,Pressure to accept China vaccines intensifies as Taiwan battles COVID surge,"기사는 대만 내 코로나19 백신 확보 문제와 관련된 정치적 논쟁을 다루고 있으며, 중국과 대만 간의 군사적 충돌이나 무력 사용과는 관련이 없습니다.",https://www.zawya.com/mena/en/economy/story/Pressure_to_accept_China_vaccines_intensifies_as_Taiwan_battles_COVID_surge-TR20210524nL3N2NB0MYX1/,https://www.zawya.com/mena/en/economy/story/Pressure_to_accept_China_vaccines_intensifies_as_Taiwan_battles_COVID_surge-TR20210524nL3N2NB0MYX1/
986685413,2021-05-25,190,OK_ORIGINAL,MISMATCH,LOW,Pressure to accept China vaccines intensifies as Taiwan battles COVID surge,"이 기사는 중국과 대만 간의 백신 공급에 대한 정치적 논쟁을 다루고 있으며, 재래식 무력 사용과 같은 군사 사건을 다루고 있지 않습니다.",https://sg.news.yahoo.com/pressure-accept-china-vaccines-intensifies-062854155.html,https://sg.news.yahoo.com/pressure-accept-china-vaccines-intensifies-062854155.html
986763592,2021-05-25,193,OK_ORIGINAL,MISMATCH,LOW,Taipei claims millions of Covid-19 shots are on the way as government extends virus-related restrictions,"이 기사는 COVID-19 백신과 관련된 내용이며, 소형화기 충돌이라는 군사 사건과는 전혀 관련이 없습니다.",https://www.rt.com/news/524748-taiwan-vaccine-covid19-wave-virus/,https://www.rt.com/news/524748-taiwan-vaccine-covid19-wave-virus/
986545336,2021-05-24,190,OK_WAYBACK,MISMATCH,LOW,Pressure to accept China vaccines intensifies as Taiwan battles COVID surge - Netscape News,"이 기사는 COVID-19 백신 및 대만과 중국 간의 정치적 긴장에 관한 내용으로, GDELT의 CAMEO 코드 190인 재래식 무력 사용과는 관련이 없습니다.",http://web.archive.org/web/20210524093547/https://isp.netscape.com/news/world/story/0002/20210524/KCN2D50EF_2,https://isp.netscape.com/news/world/story/0002/20210524/KCN2D50EF_2
482751264,2015-11-07,192,NOTFOUND,-,UNVERIFIED,,본문 확보 실패,,http://newsok.com/a-china-taiwan-handshake-66-years-in-the-making/article/feed/916483
502698811,2016-01-16,194,NOTFOUND,-,UNVERIFIED,,본문 확보 실패,,https://au.news.yahoo.com/world/a/30587995/drama-and-democracy-taiwans-political-evolution/
311217569,2014-08-26,192,NOTFOUND,-,UNVERIFIED,,본문 확보 실패,,http://pakistan.onepakistan.com.pk/news/world/middle-east/322218-taiwan-says-chinese-jets-breached-its-airspace.html
497777273,2015-12-28,191,OK_ORIGINAL,MISMATCH,LOW,"Zacks Investment Research: Stock Research, Analysis, & Recommendations","해당 기사는 금융 및 투자 관련 정보만 다루고 있으며, 양안 군사 사건이나 봉쇄/이동 제한과 전혀 관련이 없습니다.",http://www.zacks.com/stock/news/202245/starwood-brings-aloft-to-taiwan-continues-brand-expansion,http://www.zacks.com/stock/news/202245/starwood-brings-aloft-to-taiwan-continues-brand-expansion
504243485,2016-01-21,190,OK_ORIGINAL,MATCH,HIGH,China military reports landing drills days after Taiwan election,"기사는 중국이 대만을 상대로 실시한 실탄 사격 및 상륙 훈련을 자세히 묘사하고 있으며, 이는 CAMEO 코드 190 '재래식 무력 사용'에 해당합니다.",http://www.dailymail.co.uk/wires/reuters/article-3409658/China-military-reports-landing-drills-days-Taiwan-election.html,http://www.dailymail.co.uk/wires/reuters/article-3409658/China-military-reports-landing-drills-days-Taiwan-election.html
290444301,2014-03-21,190,OK_ORIGINAL,MISMATCH,LOW,國際關注台灣抗暴人民行動----Taiwan Parliament Occupied by protesters 1st time in History - 流落美國爸爸是美國人貴族俱樂部 - udn城市,"기사는 대만 의회 점거 시위에 관한 내용으로, 양안 간의 군사적 충돌이나 무력 사용과는 관련이 없습니다.",http://city.udn.com/65859/5066167?raid=5066928,http://city.udn.com/65859/5066167?raid=5066928
835219658,2019-04-01,195,OK_ORIGINAL,MATCH,HIGH,Taiwan will forcefully expel PLA warplanes next time: Tsai Ing-wen | Eye On Taiwan,기사에서 PLA 전투기 및 폭격기의 대만 영공 침범과 이에 대한 대만 대통령의 '강력한 퇴거' 명령이 언급되어 GDELT 분류 유형인 '공중무기 사용'과 부합합니다.,https://www.eyeontaiwan.com/taiwan-will-forcefully-expel-pla-warplanes-next-time-tsai-ing-wen,https://www.eyeontaiwan.com/taiwan-will-forcefully-expel-pla-warplanes-next-time-tsai-ing-wen
834967890,2019-03-31,151,OK_ORIGINAL,MATCH,HIGH,Taiwan condemns China after jets fly past maritime line | Eye On Taiwan,"기사는 중국 전투기가 대만 해협의 해상 경계선을 넘어 비행한 사건을 보도하고 있으며, 이는 경계 수준 강화와 직접적으로 관련된 양안 군사 사건에 해당합니다.",https://www.eyeontaiwan.com/taiwan-condemns-china-after-jets-fly-past-maritime-line,https://www.eyeontaiwan.com/taiwan-condemns-china-after-jets-fly-past-maritime-line
834935233,2019-03-31,151,OK_WAYBACK,MATCH,MEDIUM,Taiwan condemns Beijing after Chinese jets cross maritime line,"중국 전투기가 대만 해협을 넘어온 사건으로, 대만은 이에 대해 군사 준비 태세 강화와 지역 안보 위협을 언급하며 강력히 비난하고 있어 경계 수준 강화(increase alert status)와 부합합니다.",http://web.archive.org/web/20190401000214/https://www.reuters.com/article/us-taiwan-china-idUSKCN1RC0ID,https://www.reuters.com/article/us-taiwan-china-idUSKCN1RC0ID
870664161,2019-09-05,192,NOTFOUND,-,UNVERIFIED,,본문 확보 실패,,https://freepressonline.com/Content/Columnists-Top/Free-Press-Columnists/Article/Michael-G-Roskin-Three-Crises-at-Once/125/723/66224
870575624,2019-09-05,190,NOTFOUND,-,UNVERIFIED,,본문 확보 실패,,http://news.trust.org/item/20190905040534-ktuet
870576400,2019-09-05,190,NOTFOUND,-,UNVERIFIED,,본문 확보 실패,,http://news.trust.org/item/20190905040534-ktuet
870664160,2019-09-05,192,NOTFOUND,-,UNVERIFIED,,본문 확보 실패,,https://freepressonline.com/Content/Columnists-Top/Free-Press-Columnists/Article/Michael-G-Roskin-Three-Crises-at-Once/125/723/66224
870575625,2019-09-05,190,NOTFOUND,-,UNVERIFIED,,본문 확보 실패,,http://news.trust.org/item/20190905040534-ktuet
870576401,2019-09-05,190,NOTFOUND,-,UNVERIFIED,,본문 확보 실패,,http://news.trust.org/item/20190905040534-ktuet
870599986,2019-09-05,190,NOTFOUND,-,UNVERIFIED,,본문 확보 실패,,http://news.trust.org/item/20190905063914-3isek
870599987,2019-09-05,190,NOTFOUND,-,UNVERIFIED,,본문 확보 실패,,http://news.trust.org/item/20190905063914-3isek
870601038,2019-09-05,190,NOTFOUND,-,UNVERIFIED,,본문 확보 실패,,http://news.trust.org/item/20190905063914-3isek
692979799,2017-09-26,190,OK_ORIGINAL,MISMATCH,LOW,Chinatown Gang War - Fair Observer,"이 기사는 미국 내 중국계 갱단 간의 폭력 사건을 다루고 있으며, 양안(중국-대만) 간의 군사 사건과는 전혀 관련이 없습니다.",https://www.fairobserver.com/region/north_america/chinatown-gang-war-99631/,https://www.fairobserver.com/region/north_america/chinatown-gang-war-99631/
692977997,2017-09-26,190,OK_ORIGINAL,MISMATCH,LOW,Chinatown Gang War - Fair Observer,"본 기사는 중국계 갱단 간의 전쟁을 다루고 있으며, 양안(중국-대만) 군사 사건이나 재래식 무력 사용과 관련이 없습니다.",https://www.fairobserver.com/region/north_america/chinatown-gang-war-99631/,https://www.fairobserver.com/region/north_america/chinatown-gang-war-99631/
805615871,2018-11-27,190,OK_ORIGINAL,MISMATCH,LOW,Taiwan elections may give economy short-term boost,"이 기사는 대만의 지방 선거 결과와 경제적 영향에 관한 것이지, 재래식 무력 사용과 관련된 군사 사건을 다루고 있지 않습니다.",https://www.scmp.com/economy/china-economy/article/2175189/taiwan-elections-may-give-economy-brief-boost-us-china-trade,https://www.scmp.com/economy/china-economy/article/2175189/taiwan-elections-may-give-economy-brief-boost-us-china-trade
805953669,2018-11-28,190,OK_ORIGINAL,MISMATCH,LOW,"Beijing likely meddled in Taiwan elections, US cybersecurity firm says","해당 기사는 사이버 공격을 통한 선거 개입을 다루고 있으며, GDELT의 '재래식 무력 사용' 분류와 직접적으로 일치하지 않습니다.",https://asia.nikkei.com/Politics/Beijing-likely-meddled-in-Taiwan-elections-US-cybersecurity-firm-says,https://asia.nikkei.com/Politics/Beijing-likely-meddled-in-Taiwan-elections-US-cybersecurity-firm-says
805616913,2018-11-27,190,OK_ORIGINAL,MISMATCH,LOW,Taiwan elections may give economy short-term boost,"이 기사는 대만 총선 결과와 경제적 영향에 대해 다루고 있으며, 재래식 무력 사용과 관련된 군사 사건이 아닙니다.",https://www.scmp.com/economy/china-economy/article/2175189/taiwan-elections-may-give-economy-brief-boost-us-china-trade,https://www.scmp.com/economy/china-economy/article/2175189/taiwan-elections-may-give-economy-brief-boost-us-china-trade
805955019,2018-11-28,190,OK_ORIGINAL,MISMATCH,LOW,"Beijing likely meddled in Taiwan elections, US cybersecurity firm says","기사는 대만 선거에 대한 중국의 사이버 개입 가능성을 다루고 있으며, 이는 CAMEO 코드 190의 '재래식 무력 사용'과는 직접적으로 일치하지 않습니다.",https://asia.nikkei.com/Politics/Beijing-likely-meddled-in-Taiwan-elections-US-cybersecurity-firm-says,https://asia.nikkei.com/Politics/Beijing-likely-meddled-in-Taiwan-elections-US-cybersecurity-firm-says
311696709,2014-08-29,192,NOTFOUND,-,UNVERIFIED,,본문 확보 실패,,http://www.taiwansun.com/index.php/sid/225220347/scat/0dd057261bcc461b
290299291,2014-03-20,190,NOTFOUND,-,UNVERIFIED,,본문 확보 실패,,http://www.windsorstar.com/travel/Photos+Taiwanese+martial+arts+festival+marks+Buddha+birthday/9641682/story.html
697391079,2017-10-12,190,OK_ORIGINAL,MISMATCH,LOW,Taiwan and the UN: A castle in air - Taipei Times,"해당 기사는 대만의 UN 재진입 노력에 대한 정치적, 외교적 논쟁을 다루고 있으며, 재래식 무력의 사용이나 군사적 충돌과는 관련이 없습니다.",http://www.taipeitimes.com/News/editorials/archives/2017/10/13/2003680234,http://www.taipeitimes.com/News/editorials/archives/2017/10/13/2003680234
778358417,2018-08-10,194,NOTFOUND,-,UNVERIFIED,,본문 확보 실패,,https://www.aninews.in/news/world/asia/how-will-china-conquer-taiwan201808100621330001/
777744050,2018-08-07,190,OK_ORIGINAL,MISMATCH,LOW,Taiwan raid targets White Wolf for funding from China | Eye On Taiwan,"기사는 대만 내 정치인의 중국 정부로부터의 불법 자금 수수 혐의에 대한 수사에 관한 것으로, 재래식 무력 사용과 관련된 군사 사건이 아닙니다.",https://www.eyeontaiwan.com/taiwan-raid-targets-white-wolf-for-funding-from-china,https://www.eyeontaiwan.com/taiwan-raid-targets-white-wolf-for-funding-from-china
270708182,2013-10-08,190,OK_ORIGINAL,AMBIGUOUS,MEDIUM,Taiwan releases report on Chinese military capacity - UPI.com,"기사는 중국의 대만 공격 능력에 대한 보고서를 다루지만, 실제 재래식 무력 사용은 발생하지 않았습니다.",http://www.upi.com/Top_News/World-News/2013/10/08/Taiwan-report-China-developing-capacity-for-all-out-attack/UPI-60891381251503/,http://www.upi.com/Top_News/World-News/2013/10/08/Taiwan-report-China-developing-capacity-for-all-out-attack/UPI-60891381251503/
494950273,2015-12-17,194,OK_ORIGINAL,MISMATCH,LOW,US $1.83 billion arms sales for Taiwan draws China's ire,"기사는 미국의 대만 무기 판매와 이에 대한 중국의 반발을 다루고 있지만, 중화기를 이용한 실제 무력 충돌은 발생하지 않았습니다.",http://www.dailymail.co.uk/wires/ap/article-3363603/US-1-83-billion-arms-sales-Taiwan-draws-Chinas-ire.html,http://www.dailymail.co.uk/wires/ap/article-3363603/US-1-83-billion-arms-sales-Taiwan-draws-Chinas-ire.html
480821805,2015-11-01,192,OK_WAYBACK,MISMATCH,LOW,Taiwan reaction to ruling on South China Sea case muted | Most Viewed | FOCUS TAIWAN - CNA ENGLISH NEWS,"기사는 남중국해 영유권 분쟁에 대한 대만 정부의 입장을 다루고 있으며, 영토 점령(occupy territory) 사건 유형과는 직접적인 관련이 없습니다.",http://web.archive.org/web/20151104032910/http://focustaiwan.tw:80/news/afav/201510300030.aspx,http://focustaiwan.tw/news/afav/201510300030.aspx
281079656,2013-12-27,194,NOTFOUND,-,UNVERIFIED,,본문 확보 실패,,http://www.wantchinatimes.com/news-subclass-cnt.aspx?id=20131228000006&cid=1101
307571538,2014-07-31,190,NOTFOUND,-,UNVERIFIED,,본문 확보 실패,,http://www.globalpost.com/dispatch/news/xinhua-news-agency/140731/2nd-ld-writethru-15-killed-233-injured-taiwan-gas-leak-explo
305115043,2014-07-14,150,NOTFOUND,-,UNVERIFIED,,본문 확보 실패,,http://www.dallasblog.com/201407141010498/dallas-blog/taiwan-spies-on-china-with-obama-drones.html
444322808,2015-06-27,192,OK_WAYBACK,MISMATCH,LOW,The Dignified Rant: Gentlemen of Taiwan: Prepare to Defend Yourselves,기사 제목과 본문은 양안 군사 사건에 대한 직접적인 언급 없이 자기 방어에 대한 일반적인 논평을 다루고 있어 영토 점령이라는 분류와 부합하지 않습니다.,http://web.archive.org/web/20150805161322/http://thedignifiedrant.blogspot.com/2015/06/gentlemen-of-taiwan-prepare-to-defend.html,http://thedignifiedrant.blogspot.com/2015/06/gentlemen-of-taiwan-prepare-to-defend.html
306578373,2014-07-24,190,EMPTY,-,UNVERIFIED,,본문 확보 실패,,http://newsok.com/taiwan-airline-suspects-bad-weather-caused-crash/article/feed/714210?custom_click=rss&utm_source=feedburner&utm_medium=feed&utm_campaign=Feed%3A+Newsok%2FNews+%28NewsOK.com+RSS+-+news%29
741596890,2018-03-24,154,OK_WAYBACK,MATCH,MEDIUM,“china should prepare for war in the taiwan straits” (global times),"기사는 대만을 방문하는 미국 고위 관료에 대한 중국의 대응을 논하며, 이는 잠재적인 군사적 긴장과 관련된 '군사 동원/증강'으로 분류될 수 있습니다.",http://web.archive.org/web/20180324150838/https://niqnaq.wordpress.com/2018/03/24/china-should-prepare-for-war-in-the-taiwan-straits-global-times/,https://niqnaq.wordpress.com/2018/03/24/china-should-prepare-for-war-in-the-taiwan-straits-global-times/
740266944,2018-03-20,190,OK_WAYBACK,AMBIGUOUS,MEDIUM,Xi Jinping declares China will 'fight the bloody battle' in hardline speech on Taiwan and Hong Kong,"기사는 양안 군사 사건에 대한 발언을 다루고 있으나, 실제 재래식 무력 사용이 발생했음을 명시적으로 보여주지 않아 분류 유형과 명확하게 일치한다고 보기 어렵습니다.",http://web.archive.org/web/20180320073009/https://www.businessinsider.com.au/xi-jinping-national-peoples-congress-closing-speech-2018-3,https://www.businessinsider.com.au/xi-jinping-national-peoples-congress-closing-speech-2018-3
741523769,2018-03-24,190,OK_WAYBACK,AMBIGUOUS,MEDIUM,"China should 'prepare for military clash' with Taiwan, state-run newspaper warns | American Military News","기사는 중국과 대만 간의 군사적 긴장에 대한 경고를 다루고 있지만, 실제로 재래식 무력이 사용되었다는 내용보다는 '준비'와 '가능성'에 대한 논의에 초점을 맞추고 있어 CAMEO 코드 190 '재래식 무력 사용'에 직접적으로 부합하는지는 불확실합니다.",http://web.archive.org/web/20180324065628/https://americanmilitarynews.com/2018/03/china-should-prepare-for-military-clash-with-taiwan-state-run-newspaper-warns/,https://americanmilitarynews.com/2018/03/china-should-prepare-for-military-clash-with-taiwan-state-run-newspaper-warns/
741731791,2018-03-25,190,OK_ORIGINAL,MISMATCH,LOW,Sino File | Taiwan: a pawn in Trump’s plan to take on China in everything,"기사는 양안 관계에 대한 미국의 정책 변화와 트럼프 행정부의 의도를 다루고 있으나, 실제 군사력 사용이나 무력 충돌 사건에 대한 내용은 포함하고 있지 않습니다.",http://www.scmp.com/week-asia/opinion/article/2138591/taiwan-pawn-donald-trumps-plan-us-china-battles-anything-and,http://www.scmp.com/week-asia/opinion/article/2138591/taiwan-pawn-donald-trumps-plan-us-china-battles-anything-and
742000838,2018-03-26,195,OK_ORIGINAL,MATCH,HIGH,Taiwan's Aircraft Follows Chinese Aircraft Holding Drill Near Island | Al Bawaba,"기사는 대만 항공기가 중국 전투기를 감시한 양안 군사 사건을 다루고 있으며, 이는 GDELT의 '공중무기 사용(air weapons)' 분류 유형과 일치합니다.",https://www.albawaba.com/news/taiwans-aircraft-follows-chinese-aircraft-holding-drill-near-island-1108110,https://www.albawaba.com/news/taiwans-aircraft-follows-chinese-aircraft-holding-drill-near-island-1108110
740267848,2018-03-20,190,OK_WAYBACK,AMBIGUOUS,MEDIUM,Xi Jinping declares China will 'fight the bloody battle' in hardline speech on Taiwan and Hong Kong,"기사는 시진핑 주석의 대만 관련 강경 발언을 다루고 있으나, '재래식 무력 사용'이라는 구체적인 군사적 행동을 묘사하는 것이 아니라 무력 사용을 시사하는 정치적 발언에 해당하여 분류 유형과의 정확한 일치 여부가 불분명합니다.",http://web.archive.org/web/20180320073009/https://www.businessinsider.com.au/xi-jinping-national-peoples-congress-closing-speech-2018-3,https://www.businessinsider.com.au/xi-jinping-national-peoples-congress-closing-speech-2018-3
741524461,2018-03-24,190,OK_WAYBACK,MATCH,MEDIUM,"China should 'prepare for military clash' with Taiwan, state-run newspaper warns | American Military News","기사에서 중국 국영 신문이 대만과의 군사 충돌 준비를 경고하며 군사 행동 가능성을 언급하고 있어, 재래식 무력 사용 가능성을 시사하는 GDELT 분류 유형과 일치합니다.",http://web.archive.org/web/20180324065628/https://americanmilitarynews.com/2018/03/china-should-prepare-for-military-clash-with-taiwan-state-run-newspaper-warns/,https://americanmilitarynews.com/2018/03/china-should-prepare-for-military-clash-with-taiwan-state-run-newspaper-warns/
457978065,2015-08-15,190,NOTFOUND,-,UNVERIFIED,,본문 확보 실패,,http://www.couriermail.com.au/technology/a-replica-eiffel-tower-is-among-mock-ups-of-chinas-key-military-targets/story-fnjwpv3a-1227478398016?nk=9b0b6e832f40c86f76e8252c8326e4f9-1439610409
761429054,2018-06-04,190,NOTFOUND,-,UNVERIFIED,,본문 확보 실패,,https://www.business-standard.com/article/pti-stories/taiwan-searches-for-missing-f-16-fighter-jet-118060400422_1.html
294599707,2014-04-23,193,OK_ORIGINAL,MISMATCH,LOW,Taiwan confirms 3rd imported H7N9 case,"이 기사는 조류독감 H7N9의 수입 사례에 대한 내용으로, GDELT가 분류한 소형화기 충돌과 같은 군사 사건과는 전혀 관련이 없습니다.",http://www.globalsecurity.org/security/library/news/2014/04/sec-140422-cna01.htm,http://www.globalsecurity.org/security/library/news/2014/04/sec-140422-cna01.htm
470984949,2015-09-28,190,NOTFOUND,-,UNVERIFIED,,본문 확보 실패,,http://business-news.thestreet.com/thestreet/story/china-expands-abroad-to-spur-economic-growth-at-home/13302481
311696704,2014-08-29,192,NOTFOUND,-,UNVERIFIED,,본문 확보 실패,,http://www.taiwansun.com/index.php/sid/225209215/scat/0dd057261bcc461b
456722645,2015-08-11,192,NOTFOUND,-,UNVERIFIED,,본문 확보 실패,,http://www.perthnow.com.au/news/world/why-is-the-eiffel-tower-among-mock-ups-of-chinas-key-military-targets/story-fnhrvhol-1227478398016?nk=c204f43812d6f268d85d3dd8fe56faa8-1439254031
965059065,2021-01-19,190,OK_ORIGINAL,MATCH,HIGH,Taiwan military stages drill aimed at repelling China attack,"기사는 대만이 중국의 공격을 격퇴하기 위한 군사 훈련을 실시하는 내용을 담고 있어, 재래식 무력 사용(use conventional force)이라는 GDELT 분류와 일치합니다.",https://infotel.ca/newsitem/as-taiwan-china-military/cp1546221171,https://infotel.ca/newsitem/as-taiwan-china-military/cp1546221171
965063394,2021-01-19,190,OK_ORIGINAL,AMBIGUOUS,MEDIUM,Taiwan stages defence drill against potential attack from China,"기사는 대만과 중국 간의 군사 훈련을 다루지만, 재래식 무력 사용(use conventional force)이 실제로 발생한 것이 아니라 잠재적 공격에 대한 대비 훈련이므로 GDELT 분류 유형과 정확히 일치하는지는 불분명합니다.",https://www.9news.com.au/world/taiwan-stages-military-defence-drill-against-potential-china-attack/2dbe3bab-0ba6-4509-b03b-78b419a4523c,https://www.9news.com.au/world/taiwan-stages-military-defence-drill-against-potential-china-attack/2dbe3bab-0ba6-4509-b03b-78b419a4523c
964900819,2021-01-18,154,EMPTY,-,UNVERIFIED,,본문 확보 실패,,https://www.msn.com/en-us/news/world/china-to-sanction-us-officials-for-nasty-behaviour-over-taiwan/ar-BB1cQzSX
966849708,2021-01-29,150,OK_ORIGINAL,MATCH,HIGH,These three Pacific military flashpoints could shape Biden's entire China strategy,"기사는 중국이 대만 인근에 전투기를 비행시키고, 미국이 항공모함 타격 전단을 남중국해에 파견하는 등 양안 군사 사건을 다루고 있으며, 이는 군사 태세를 나타내는 CAMEO 코드 150과 일치합니다.",https://ktvz.com/news/national-world/2021/01/28/these-three-pacific-military-flashpoints-could-shape-bidens-entire-china-strategy/,https://ktvz.com/news/national-world/2021/01/28/these-three-pacific-military-flashpoints-could-shape-bidens-entire-china-strategy/
966849709,2021-01-29,150,OK_ORIGINAL,MATCH,HIGH,These three Pacific military flashpoints could shape Biden's entire China strategy,"기사는 중국의 대만 인근 군사 활동 및 미군의 대응을 다루며, 이는 GDELT가 분류한 '군사 태세' 사건 유형과 직접적으로 일치합니다.",https://ktvz.com/news/national-world/2021/01/28/these-three-pacific-military-flashpoints-could-shape-bidens-entire-china-strategy/,https://ktvz.com/news/national-world/2021/01/28/these-three-pacific-military-flashpoints-could-shape-bidens-entire-china-strategy/
917086523,2020-04-08,150,NOTFOUND,-,UNVERIFIED,,본문 확보 실패,,https://www.sfgate.com/news/world/article/Philippines-backs-Vietnam-after-China-sinks-15186288.php
917090324,2020-04-08,150,NOTFOUND,-,UNVERIFIED,,본문 확보 실패,,https://www.wiscnews.com/news/world/philippines-backs-vietnam-after-china-sinks-fishing-boat/article_e9224cc1-e23c-5f13-bdb5-9ec735664626.html
917107844,2020-04-08,150,NOTFOUND,-,UNVERIFIED,,본문 확보 실패,,https://mynorthwest.com/1807342/philippines-backs-vietnam-after-china-sinks-fishing-boat/
918320857,2020-04-15,190,EMPTY,-,UNVERIFIED,,본문 확보 실패,,https://www.msn.com/en-us/news/world/medical-goods-from-taiwan-are-arriving-stamped-china-airlines/ar-BB12FFar
917645660,2020-04-11,190,NOTFOUND,-,UNVERIFIED,,본문 확보 실패,,https://www.japantimes.co.jp/?post_type=opinion&p=2576030
918321953,2020-04-15,190,EMPTY,-,UNVERIFIED,,본문 확보 실패,,https://www.msn.com/en-us/news/world/medical-goods-from-taiwan-are-arriving-stamped-china-airlines/ar-BB12FFar
421293127,2015-03-30,154,NOTFOUND,-,UNVERIFIED,,본문 확보 실패,,http://news.xinhuanet.com/english/2015-03/30/c_134110068.htm
468489939,2015-09-20,190,NOTFOUND,-,UNVERIFIED,,본문 확보 실패,,http://www.wantchinatimes.com/news-subclass-cnt.aspx?cid=1101&MainCatID=11&id=20150920000050
482847526,2015-11-08,192,NOTFOUND,-,UNVERIFIED,,본문 확보 실패,,http://www.abc2news.com/homenews/a-china-taiwan-handshake-66-years-in-the-making
482896217,2015-11-08,190,OK_ORIGINAL,MISMATCH,LOW,Neurope.eu - News aus Europa - Neurope.eu - News aus Europa,"이 기사는 유럽 축구 경기 티켓 구매, 이사 서비스, 독일 물류 회사, 코르시카 섬의 지리적 설명 등 군사 사건과는 전혀 관련 없는 내용을 다루고 있습니다.",http://neurope.eu/wires/analysis-historic-meeting-realizes-long-cherished-hopes-for-taiwan-china/,http://neurope.eu/wires/analysis-historic-meeting-realizes-long-cherished-hopes-for-taiwan-china/
814104150,2019-01-04,154,OK_ORIGINAL,MATCH,HIGH,Taiwan is preparing for war with China by building own DIY cruise missiles,"대만은 중국과의 전쟁 가능성에 대비하여 자체 순항 미사일을 개발 중이며, 이는 군사 동원 및 증강 활동으로 분류될 수 있습니다.",https://www.thesun.co.uk/news/8121468/taiwan-war-china-budding-diy-cruise-missiles/,https://www.thesun.co.uk/news/8121468/taiwan-war-china-budding-diy-cruise-missiles/
852571464,2019-06-15,192,OK_ORIGINAL,MISMATCH,LOW,"Military police unit to move closer to Taiwan Presidential Office amid China threats
 | Taiwan News | Jun. 15, 2019 15:00","기사는 중국의 위협에 대한 대응으로 군사 경찰 부대 이동을 다루고 있으며, 영토 점령과는 관련이 없습니다.",https://www.taiwannews.com.tw/en/news/3724881,https://www.taiwannews.com.tw/en/news/3724881
862994896,2019-08-01,150,NOTFOUND,-,UNVERIFIED,,본문 확보 실패,,https://www.expressnews.com/news/world/article/Taiwan-ends-live-fire-drills-coinciding-with-14268916.php
863056549,2019-08-01,150,OK_ORIGINAL,MISMATCH,LOW,China bans individual Taiwan visits,"기사는 중국의 대만 관광 금지에 대한 내용으로, 직접적인 군사적 행동이나 군사 태세에 해당하지 않아 CAMEO 코드 150과 일치하지 않습니다.",https://www.yenisafak.com/en/world/china-bans-individual-taiwan-visits-3497006,https://www.yenisafak.com/en/world/china-bans-individual-taiwan-visits-3497006
465474202,2015-09-10,190,NOTFOUND,-,UNVERIFIED,,본문 확보 실패,,http://www.tribtown.com/view/story/5a1863947256411e9156026b13f05885/AS--Taiwan-Military-Exercises
538885901,2016-05-10,190,OK_ORIGINAL,MISMATCH,LOW,"Taiwan, China find common cause – in battling organized crime","본 기사는 양안 간의 군사적 충돌이 아닌, 조직 범죄 단속에 대한 협력을 다루고 있어 GDELT의 '재래식 무력 사용' 분류와 일치하지 않습니다.",http://www.csmonitor.com/World/Asia-Pacific/2016/0510/Taiwan-and-China-find-common-cause-in-battling-organized-crime,http://www.csmonitor.com/World/Asia-Pacific/2016/0510/Taiwan-and-China-find-common-cause-in-battling-organized-crime
330183157,2015-01-01,190,NOTFOUND,-,UNVERIFIED,,본문 확보 실패,,http://www.wantchinatimes.com/news-subclass-cnt.aspx?id=20150101000173&cid=1103
465626324,2015-09-10,150,OK_ORIGINAL,MATCH,HIGH,China to Begin Live-Fire Military Drill in Sensitive Taiwanese Strait,"기사는 대만 해협에서의 중국의 실탄 군사 훈련을 명시적으로 보도하고 있으며, 이는 CAMEO 코드 150의 '군사 태세'와 정확히 일치합니다.",http://www.chinatopix.com/articles/65047/20150910/china-begin-live-fire-military-drill-sensitive-taiwanese-strait.htm,http://www.chinatopix.com/articles/65047/20150910/china-begin-live-fire-military-drill-sensitive-taiwanese-strait.htm
456710372,2015-08-11,192,NOTFOUND,-,UNVERIFIED,,본문 확보 실패,,http://www.couriermail.com.au/news/world/why-is-the-eiffel-tower-among-mock-ups-of-chinas-key-military-targets/story-fnihsmjt-1227478398016?nk=6e5fc71aaae463977aa6caf32ea97bde-1439251307
297748765,2014-05-18,190,NOTFOUND,-,UNVERIFIED,,본문 확보 실패,,http://www.onlinenews.com.pk/details.php?newsid=261354&catname=World
530604898,2016-04-14,190,OK_ORIGINAL,MISMATCH,LOW,"The bizarre diplomatic fight between China and Taiwan playing out in Kenya, explained","기사는 케냐에서의 중국과 대만 간의 외교적 갈등을 다루고 있으며, 재래식 무력 사용(use conventional force)과는 관련이 없습니다.",http://www.vox.com/2016/4/14/11415680/kenya-taiwan-china,http://www.vox.com/2016/4/14/11415680/kenya-taiwan-china
504275674,2016-01-21,150,OK_ORIGINAL,MATCH,HIGH,"China military carries out military exercises in city just opposite Taiwan, days after elections",기사에서 중국 인민해방군이 대만 맞은편 도시에서 실탄 사격 및 상륙 훈련을 실시했다는 내용이 명확히 언급되어 GDELT의 '군사 태세' 분류와 일치합니다.,http://www.straitstimes.com/asia/east-asia/china-military-carries-out-live-firing-exercises-in-city-just-opposite-taiwan-days,http://www.straitstimes.com/asia/east-asia/china-military-carries-out-live-firing-exercises-in-city-just-opposite-taiwan-days
332732450,2015-01-20,190,OK_ORIGINAL,MISMATCH,LOW,Ma nods to China at commemoration of 1955 isle battle - Taipei Times,"이 기사는 1955년 양안 간의 역사적 전투를 기념하는 내용으로, 현재 시점에서 재래식 무력 사용(use conventional force)이라는 GDELT 분류 유형과 직접적으로 일치하지 않습니다.",http://www.taipeitimes.com/News/taiwan/archives/2015/01/21/2003609753,http://www.taipeitimes.com/News/taiwan/archives/2015/01/21/2003609753
297710359,2014-05-17,190,EMPTY,-,UNVERIFIED,,본문 확보 실패,,http://www.rep-am.com/articles/2014/05/17/news/national/804439.txt
480431888,2015-10-30,192,OK_ORIGINAL,AMBIGUOUS,MEDIUM,Taiwan reaction to ruling on South China Sea case muted - Focus Taiwan,"기사는 남중국해 영토 분쟁에 대한 대만의 입장을 다루고 있지만, 이는 직접적인 중국-대만 간의 군사적 충돌이나 영토 점령 사건으로 분류하기에는 맥락이 불명확합니다.",http://focustaiwan.tw/news/aipl/201510300030.aspx,http://focustaiwan.tw/news/aipl/201510300030.aspx
895711907,2019-12-30,190,EMPTY,-,UNVERIFIED,,본문 확보 실패,,https://www.msn.com/en-gb/news/world/taiwans-citizens-battle-pro-china-fake-news-campaigns-as-election-nears/ar-BBYs77U
895926369,2019-12-31,190,EMPTY,-,UNVERIFIED,,본문 확보 실패,,https://www.msn.com/en-us/news/world/taiwan-passes-anti-infiltration-law-aimed-at-combating-chinese-influence/ar-BBYuivM
268184805,2013-09-18,190,NOTFOUND,-,UNVERIFIED,,본문 확보 실패,,http://www.indianexpress.com/news/21-held-for-coercing-women-into-prostitution-in-china-taiwan/1170772/
451698422,2015-07-23,150,NOTFOUND,-,UNVERIFIED,,본문 확보 실패,,http://focustaiwan.tw/news/afav/201507220031.aspx
979019178,2021-04-09,150,OK_ORIGINAL,MATCH,HIGH,China resumes military exercises near Taiwan,"기사는 중국이 대만 근처에서 군사 훈련을 재개한다는 내용으로, 이는 GDELT 분류 유형인 '군사 태세'와 일치합니다.",https://www.manilatimes.net/2021/04/10/news/world/china-resumes-military-exercises-near-taiwan/862026/,https://www.manilatimes.net/2021/04/10/news/world/china-resumes-military-exercises-near-taiwan/862026/
979557316,2021-04-13,195,NOTFOUND,-,UNVERIFIED,,본문 확보 실패,,https://www.aninews.in/news/world/asia/25-chinese-warplanes-enter-taiwanese-air-defence-zone-in-biggest-incursion-so-far20210413184541/
979682983,2021-04-14,190,NOTFOUND,-,UNVERIFIED,,본문 확보 실패,,https://www.reuters.com/article/us-usa-taiwan-china-idUSKBN2C109Y
979692948,2021-04-14,190,OK_ORIGINAL,MATCH,HIGH,"As Biden's emissaries go to Taiwan, China terms exercises 'combat drills'","기사에서 중국이 대만 인근에서 '실제 전투 훈련'을 실시하고 있다고 언급하며, 이는 GDELT 분류 사건 유형인 '재래식 무력 사용'과 일치합니다.",https://nationalpost.com/pmn/news-pmn/as-bidens-emissaries-go-to-taiwan-china-terms-exercises-combat-drills,https://nationalpost.com/pmn/news-pmn/as-bidens-emissaries-go-to-taiwan-china-terms-exercises-combat-drills
979853017,2021-04-14,150,NOTFOUND,-,UNVERIFIED,,본문 확보 실패,,https://www.tnp.sg/news/world/china-calls-military-exercises-near-taiwan-combat-drills
979887845,2021-04-15,150,OK_ORIGINAL,MATCH,HIGH,China calls military exercises near Taiwan 'combat drills',"기사는 중국이 대만 인근에서 실시한 군사 훈련을 '실제 전투 훈련'으로 묘사하며, 이는 GDELT의 '군사 태세' 분류와 일치하는 양안 군사 사건을 설명합니다.",https://www.asiaone.com/china/china-calls-military-exercises-near-taiwan-combat-drills,https://www.asiaone.com/china/china-calls-military-exercises-near-taiwan-combat-drills
979974663,2021-04-15,195,OK_ORIGINAL,MATCH,HIGH,"China Emboldened To Showcase Military Might As Biden Admin Focuses On LGBT, Racism","기사는 중국의 대만 상공 비행 및 공중에서의 군사력 과시를 다루고 있으며, 이는 CAMEO 코드 195 '공중무기 사용(air weapons)' 분류와 일치합니다.",http://www.christianitydaily.com/articles/11490/20210415/china-emboldened-to-showcase-military-might-as-biden-admin-focuses-on-lgbt-racism.htm,http://www.christianitydaily.com/articles/11490/20210415/china-emboldened-to-showcase-military-might-as-biden-admin-focuses-on-lgbt-racism.htm
979776112,2021-04-14,194,OK_ORIGINAL,AMBIGUOUS,MEDIUM,China wants US to ‘stop playing with fire’ over Taiwan amid war games,"기사는 중국과 대만 간의 긴장을 다루고 있지만, '중화기 무력충돌'과 같은 구체적인 군사적 충돌이 아닌 외교적 경고와 군사 훈련에 대한 언급에 초점을 맞추고 있어 분류 유형과 명확하게 일치하지 않습니다.",https://www.thesun.co.uk/news/worldnews/14648129/china-us-stop-playing-fire-taiwan-beijing-war-games/,https://www.thesun.co.uk/news/worldnews/14648129/china-us-stop-playing-fire-taiwan-beijing-war-games/
979727242,2021-04-14,190,EMPTY,-,UNVERIFIED,,본문 확보 실패,,http://www.msn.com/en-us/news/world/china-condemns-us-officials-visit-to-taiwan/vi-BB1fDeBs
979682982,2021-04-14,190,NOTFOUND,-,UNVERIFIED,,본문 확보 실패,,https://www.reuters.com/article/us-usa-taiwan-china/ahead-of-u-s-visit-china-terms-taiwan-exercises-combat-drills-idUSKBN2C109Y
979682977,2021-04-14,150,NOTFOUND,-,UNVERIFIED,,본문 확보 실패,,https://www.reuters.com/article/us-usa-taiwan-china-idUSKBN2C109Y
979682978,2021-04-14,150,NOTFOUND,-,UNVERIFIED,,본문 확보 실패,,https://www.reuters.com/article/us-usa-taiwan-china-idUSKBN2C109Y
979682981,2021-04-14,190,NOTFOUND,-,UNVERIFIED,,본문 확보 실패,,https://www.reuters.com/article/us-usa-taiwan-china-idUSKBN2C109Y
979909996,2021-04-15,150,NOTFOUND,-,UNVERIFIED,,본문 확보 실패,,https://www.laprensalatina.com/china-begins-military-exercises-near-taiwan-during-us-visit/
979877094,2021-04-15,190,OK_ORIGINAL,AMBIGUOUS,MEDIUM,Is China really about to invade Taiwan?,"기사는 중국의 대만 침공 가능성에 대한 우려를 다루고 있지만, 실제 재래식 무력 사용이 발생했음을 보여주는 구체적인 사건보다는 잠재적 위협과 군사적 긴장감에 초점을 맞추고 있어 CAMEO 코드 190과 직접적으로 일치한다고 보기 어렵습니다.",https://www.aljazeera.com/news/2021/4/14/is-there-really-a-risk-that-china-will-go-to-war-with-taiwan,https://www.aljazeera.com/news/2021/4/14/is-there-really-a-risk-that-china-will-go-to-war-with-taiwan
979887844,2021-04-15,150,OK_ORIGINAL,MATCH,HIGH,China calls military exercises near Taiwan 'combat drills',"기사는 중국이 대만 인근에서 실시하는 군사 훈련을 '실전 훈련'이라고 칭하며, 이는 GDELT 분류 유형인 '군사 태세(military posturing)'와 일치하는 활동입니다.",https://www.asiaone.com/china/china-calls-military-exercises-near-taiwan-combat-drills,https://www.asiaone.com/china/china-calls-military-exercises-near-taiwan-combat-drills
978753195,2021-04-08,193,EMPTY,-,UNVERIFIED,,본문 확보 실패,,https://www.msn.com/en-us/news/world/china-drills-deep-in-disputed-south-china-sea/ar-BB1fr84A
978884693,2021-04-09,193,NOTFOUND,-,UNVERIFIED,,본문 확보 실패,,https://www.wionews.com/world/china-drills-in-the-disputed-south-china-sea-as-us-naval-patrol-grows-376235
978648722,2021-04-08,192,EMPTY,-,UNVERIFIED,,본문 확보 실패,,https://www.straitstimes.com/asia/east-asia/taiwan-blasts-self-defeating-china-fighter-jet-incursions
978691404,2021-04-08,193,OK_ORIGINAL,AMBIGUOUS,MEDIUM,Taiwan threatens to shoot down Chinese drones amid mounting US-China conflict,"기사는 대만과 중국 간의 긴장 고조 및 잠재적 충돌 가능성을 다루고 있지만, ""소형화기 충돌""이라는 구체적인 사건 유형에 대한 직접적인 묘사는 포함하고 있지 않습니다.",https://www.wsws.org/en/articles/2021/04/08/usch-a08.html,https://www.wsws.org/en/articles/2021/04/08/usch-a08.html
979220117,2021-04-11,150,OK_ORIGINAL,MATCH,HIGH,"China again violates Taiwan airspace, 380 incursions since 2016","기사는 중국이 대만 영공을 침범한 사건을 다루고 있으며, 이는 GDELT의 '군사 태세(military posturing)' 분류와 일치합니다.",https://www.bruneinews.net/news/268619741/china-again-violates-taiwan-airspace-380-incursions-since-2016,https://www.bruneinews.net/news/268619741/china-again-violates-taiwan-airspace-380-incursions-since-2016
877461372,2019-10-05,190,OK_ORIGINAL,MISMATCH,LOW,China and Taiwan clash over Wikipedia edits,"기사는 위키백과 편집권 분쟁에 관한 내용으로, 양안 간의 재래식 무력 사용과는 무관합니다.",https://www.bbc.co.uk/news/technology-49921173,https://www.bbc.co.uk/news/technology-49921173
877462812,2019-10-05,190,OK_ORIGINAL,MISMATCH,LOW,China and Taiwan clash over Wikipedia edits,"이 기사는 위키백과 편집 분쟁에 관한 내용으로, 재래식 무력의 사용을 포함하는 군사 사건과는 관련이 없습니다.",https://www.bbc.co.uk/news/technology-49921173,https://www.bbc.co.uk/news/technology-49921173
947333823,2020-09-18,190,NOTFOUND,-,UNVERIFIED,,본문 확보 실패,,https://www.dnaindia.com/world/report-military-tensions-soar-as-taiwan-scrambles-fighter-jets-after-chinese-planes-buzz-island-2843794
947297094,2020-09-18,150,NOTFOUND,-,UNVERIFIED,,본문 확보 실패,,http://www.xinhuanet.com/english/2020-09/18/c_139378649.htm
947297107,2020-09-18,150,NOTFOUND,-,UNVERIFIED,,본문 확보 실패,,http://www.xinhuanet.com/english/2020-09/18/c_139378649.htm
947280456,2020-09-18,150,EMPTY,-,UNVERIFIED,,본문 확보 실패,,http://www.msn.com/en-us/news/world/beijing-holds-military-exercises-near-taiwan-as-us-diplomat-visits/ar-BB19a38H
947308267,2020-09-18,190,NOTFOUND,-,UNVERIFIED,,본문 확보 실패,,https://www.washingtonpost.com/world/asia_pacific/china-launches-combat-drills-in-taiwan-strait-warns-us-not-to-play-with-fire/2020/09/18/6ff46a7e-f977-11ea-85f7-5941188a98cd_story.html
947446384,2020-09-19,151,NOTFOUND,-,UNVERIFIED,,본문 확보 실패,,https://www.voanews.com/east-asia-pacific/voa-news-china/china-sends-warplanes-over-taiwan-us-envoy-visits
947486597,2020-09-19,190,NOTFOUND,-,UNVERIFIED,,본문 확보 실패,,https://www.saltwire.com/news/world/taiwan-scrambles-fighters-as-chinese-jets-again-menace-island-499128/
947944422,2020-09-22,154,NOTFOUND,-,UNVERIFIED,,본문 확보 실패,,https://abcnews.go.com/International/wireStory/taiwans-tsai-visits-base-chinese-show-force-73161251
949261788,2020-09-29,154,OK_ORIGINAL,MISMATCH,LOW,Taiwan defence chief says no signs China is preparing for war,기사는 중국의 전쟁 준비 징후가 없다고 보도하며 군사적 동원이나 증강과는 반대되는 내용을 담고 있습니다.,https://www.freemalaysiatoday.com/category/world/2020/09/29/taiwan-defence-chief-says-no-signs-china-is-preparing-for-war/,https://www.freemalaysiatoday.com/category/world/2020/09/29/taiwan-defence-chief-says-no-signs-china-is-preparing-for-war/
949238409,2020-09-29,195,OK_ORIGINAL,AMBIGUOUS,MEDIUM,China Says Killing Americans Over Taiwan Is 'Morally Justified',"기사는 중국이 대만 근처에 항공기를 보내고 있다는 점을 언급하지만, '공중무기 사용'이라는 구체적인 사건이 발생했다는 내용이 아니라 경고와 위협에 초점을 맞추고 있습니다.",https://www.gatestoneinstitute.org/16554/china-taiwan-killing-americans,https://www.gatestoneinstitute.org/16554/china-taiwan-killing-americans
947272570,2020-09-18,150,OK_ORIGINAL,MATCH,HIGH,China conducting military exercises near Taiwan Strait to protect its 'sovereignty',"기사는 중국이 대만 해협 근처에서 군사 훈련을 실시한다고 보도하고 있으며, 이는 GDELT의 '군사 태세' 분류와 일치합니다.",https://www.livemint.com/news/world/china-conducting-military-exercises-near-taiwan-strait-to-protect-its-sovereignty-11600398386344.html,https://www.livemint.com/news/world/china-conducting-military-exercises-near-taiwan-strait-to-protect-its-sovereignty-11600398386344.html
947267181,2020-09-18,150,NOTFOUND,-,UNVERIFIED,,본문 확보 실패,,https://www.reuters.com/article/us-taiwan-usa-china/china-says-its-conducting-military-exercises-near-taiwan-strait-idUSKBN2690AS
947333822,2020-09-18,190,NOTFOUND,-,UNVERIFIED,,본문 확보 실패,,http://quickworldnews.com/china-launches-combat-drills-in-taiwan-strait-warns-u-s-not-to-play-with-fire/
947272572,2020-09-18,190,NOTFOUND,-,UNVERIFIED,,본문 확보 실패,,https://www.channelnewsasia.com/news/asia/china-begins-military-drills-as-senior-us-official-visits-taiwan-13122852
947278885,2020-09-18,150,NOTFOUND,-,UNVERIFIED,,본문 확보 실패,,https://www.stripes.com/news/pacific/us-envoy-begins-visit-to-taiwan-as-china-kicks-off-military-drills-1.645575
947278886,2020-09-18,150,NOTFOUND,-,UNVERIFIED,,본문 확보 실패,,https://www.stripes.com/news/pacific/us-envoy-begins-visit-to-taiwan-as-china-kicks-off-military-drills-1.645575
947302156,2020-09-18,190,NOTFOUND,-,UNVERIFIED,,본문 확보 실패,,https://in.reuters.com/article/taiwan-usa/taiwan-scrambles-air-force-as-multiple-chinese-jets-buzz-island-idINKBN2690F2
947310339,2020-09-18,190,NOTFOUND,-,UNVERIFIED,,본문 확보 실패,,https://uk.reuters.com/article/uk-taiwan-usa-china/taiwan-scrambles-jets-as-18-chinese-planes-buzz-island-idUKKBN2690B9
947483770,2020-09-19,190,NOTFOUND,-,UNVERIFIED,,본문 확보 실패,,https://www.swissinfo.ch/eng/taiwan-scrambles-fighters-as-chinese-jets-again-menace-island/46044370
947483771,2020-09-19,190,NOTFOUND,-,UNVERIFIED,,본문 확보 실패,,https://www.swissinfo.ch/eng/taiwan-scrambles-fighters-as-chinese-jets-again-menace-island/46044370
947486596,2020-09-19,190,EMPTY,-,UNVERIFIED,,본문 확보 실패,,https://news.rthk.hk/rthk/en/component/k2/1550525-20200919.htm
947483768,2020-09-19,190,NOTFOUND,-,UNVERIFIED,,본문 확보 실패,,https://www.swissinfo.ch/eng/taiwan-scrambles-fighters-as-chinese-jets-again-menace-island/46044370
947485056,2020-09-19,195,NOTFOUND,-,UNVERIFIED,,본문 확보 실패,,https://www.startribune.com/taiwan-us-pay-tribute-to-island-s-leader-mr-democracy/572460511/
947462878,2020-09-19,151,OK_ORIGINAL,MATCH,HIGH,China Sends Warplanes Over Taiwan as US Envoy Visits,"기사는 중국의 대만 상공 군용기 비행을 언급하며, 이는 경계 수준 강화와 관련된 군사적 행동으로 분류될 수 있습니다.",https://www.australiannews.net/news/266439130/china-sends-warplanes-over-taiwan-as-us-envoy-visits,https://www.australiannews.net/news/266439130/china-sends-warplanes-over-taiwan-as-us-envoy-visits
947483769,2020-09-19,190,NOTFOUND,-,UNVERIFIED,,본문 확보 실패,,https://www.swissinfo.ch/eng/taiwan-scrambles-fighters-as-chinese-jets-again-menace-island/46044370
947483775,2020-09-19,195,NOTFOUND,-,UNVERIFIED,,본문 확보 실패,,https://www.washingtonpost.com/world/national-security/taiwan-us-pay-tribute-to-islands-leader-mr-democracy/2020/09/19/9cbbf4fe-fa36-11ea-85f7-5941188a98cd_story.html
948016125,2020-09-22,194,EMPTY,-,UNVERIFIED,,본문 확보 실패,,https://www.msn.com/en-us/news/politics/the-coming-us-election-presents-a-balancing-act-for-beijing/ar-BB19j1ur
947976306,2020-09-22,154,NOTFOUND,-,UNVERIFIED,,본문 확보 실패,,https://www.middletownpress.com/news/article/Taiwan-s-Tsai-visits-base-following-Chinese-show-15585675.php
947944421,2020-09-22,154,NOTFOUND,-,UNVERIFIED,,본문 확보 실패,,https://abcnews.go.com/International/wireStory/taiwans-tsai-visits-base-chinese-show-force-73161251
947956115,2020-09-22,151,OK_ORIGINAL,MATCH,HIGH,Taiwan President Tsai visits military base amid Chinese show of force,"대만 총통이 중국의 군사적 압박에 대응하여 군사 기지를 방문하고, 군인들을 격려하며 영토 수호 의지를 밝힌 내용은 경계 수준 강화라는 GDELT 분류 유형과 부합합니다.",https://www.thehindu.com/news/international/taiwan-president-tsai-visits-military-base-amid-chinese-show-of-force/article32666756.ece,https://www.thehindu.com/news/international/taiwan-president-tsai-visits-military-base-amid-chinese-show-of-force/article32666756.ece
948110693,2020-09-16,150,OK_ORIGINAL,MATCH,HIGH,Taiwan slams China over military incursions,"기사는 중국의 대만 영공 침범에 대한 대만의 비난을 다루고 있으며, 이는 군사적 긴장 고조를 의미하는 군사 태세(military posturing)에 해당합니다.",https://www.dw.com/en/taiwan-slams-china-over-military-incursions/a-55020855,https://www.dw.com/en/taiwan-slams-china-over-military-incursions/a-55020855
949231819,2020-09-29,195,OK_ORIGINAL,MISMATCH,LOW,China Says Killing Americans over Taiwan is ‘Morally Justified’  by Gordon G. Chang |  RUTHFULLY YOURS,"기사 본문에는 중국의 대만 영공 침범에 대한 언급이 있으나, 이는 공중무기 사용(air weapons) 자체를 묘사하는 것이 아니라 대만을 위협하기 위한 항공기 비행 및 잠재적 군사 작전에 대한 맥락을 설명하고 있어 GDELT 분류 유형과 직접적으로 일치하지 않습니다.",http://www.ruthfullyyours.com/2020/09/29/china-says-killing-americans-over-taiwan-is-morally-justified-by-gordon-g-chang/,http://www.ruthfullyyours.com/2020/09/29/china-says-killing-americans-over-taiwan-is-morally-justified-by-gordon-g-chang/
947506840,2020-09-19,190,OK_ORIGINAL,AMBIGUOUS,MEDIUM,Opinion: U.S. hardliners on China are repeating historical mistakes,"기사는 미국과 대만의 정치적 행동을 비판하며 중국의 군사 훈련을 언급하지만, '재래식 무력 사용'이라는 구체적인 사건 발생을 직접적으로 묘사하고 있지는 않습니다.",https://www.taiwansun.com/news/266443832/opinion-us-hardliners-on-china-are-repeating-historical-mistakes,https://www.taiwansun.com/news/266443832/opinion-us-hardliners-on-china-are-repeating-historical-mistakes
947506839,2020-09-19,190,OK_ORIGINAL,AMBIGUOUS,MEDIUM,Opinion: U.S. hardliners on China are repeating historical mistakes,"기사는 중국과 대만 간의 긴장 상황에 대해 언급하지만, 훈련이나 실제 무력 사용과 같은 구체적인 재래식 무력 사용 사건을 묘사하고 있지 않습니다.",https://www.taiwansun.com/news/266443832/opinion-us-hardliners-on-china-are-repeating-historical-mistakes,https://www.taiwansun.com/news/266443832/opinion-us-hardliners-on-china-are-repeating-historical-mistakes
947483776,2020-09-19,195,NOTFOUND,-,UNVERIFIED,,본문 확보 실패,,https://www.washingtonpost.com/world/national-security/taiwan-us-pay-tribute-to-islands-leader-mr-democracy/2020/09/19/9cbbf4fe-fa36-11ea-85f7-5941188a98cd_story.html
947278884,2020-09-18,150,NOTFOUND,-,UNVERIFIED,,본문 확보 실패,,https://www.stripes.com/news/pacific/us-envoy-begins-visit-to-taiwan-as-china-kicks-off-military-drills-1.645575
947483767,2020-09-19,190,NOTFOUND,-,UNVERIFIED,,본문 확보 실패,,https://www.swissinfo.ch/eng/taiwan-scrambles-fighters-as-chinese-jets-again-menace-island/46044370
335504529,2015-02-06,190,NOTFOUND,-,UNVERIFIED,,본문 확보 실패,,http://www.dallassun.com/index.php/sid/230038081
925865602,2020-05-27,195,OK_ORIGINAL,AMBIGUOUS,MEDIUM,"China to dispatch 2 aircraft carriers near Taiwan for war games
 | Taiwan News | May. 27, 2020 12:55","기사는 중국이 대만을 대상으로 군사 훈련을 실시하는 내용을 다루고 있으나, CAMEO 코드 195 '공중무기 사용'에 해당되는 직접적인 사건 발생보다는 잠재적인 군사 작전 및 훈련에 대한 내용이 주를 이루고 있습니다.",https://www.taiwannews.com.tw/en/news/3940772,https://www.taiwannews.com.tw/en/news/3940772
927387414,2020-06-04,190,OK_ORIGINAL,MISMATCH,LOW,"Taiwan Coast Guard clashes with illegal Chinese sand dredgers
 | Taiwan News | Jun. 4, 2020 17:37","기사는 중국 어선과 대만 해경 간의 사건을 다루고 있으며, 재래식 무력 사용에 해당하는 군사적 충돌이 아닌 해양 법규 위반에 대한 대응입니다.",https://www.taiwannews.com.tw/en/news/3944868,https://www.taiwannews.com.tw/en/news/3944868
927386382,2020-06-04,190,OK_ORIGINAL,MISMATCH,LOW,"Taiwan Coast Guard clashes with illegal Chinese sand dredgers
 | Taiwan News | Jun. 4, 2020 17:37","기사는 중국 어선 단속에 대한 대만 해안경비대의 활동을 다루고 있으며, 이는 재래식 무력 사용으로 분류되는 군사적 충돌보다는 해상 법 집행에 해당합니다.",https://www.taiwannews.com.tw/en/news/3944868,https://www.taiwannews.com.tw/en/news/3944868
927513008,2020-06-05,190,OK_ORIGINAL,MISMATCH,LOW,Taiwan Coast Guard clashes with illegal Chinese sand dredgers | Eye On Taiwan,"기사는 대만 해안경비대가 중국 어선과 충돌한 사건을 다루고 있으며, 이는 재래식 무력 사용보다는 불법 조업 단속과 관련된 사건입니다.",https://www.eyeontaiwan.com/taiwan-coast-guard-clashes-with-illegal-chinese-sand-dredgers,https://www.eyeontaiwan.com/taiwan-coast-guard-clashes-with-illegal-chinese-sand-dredgers
927511475,2020-06-05,190,OK_ORIGINAL,MISMATCH,LOW,Taiwan Coast Guard clashes with illegal Chinese sand dredgers | Eye On Taiwan,"기사는 중국 어선과 대만 해안경비대의 충돌을 다루고 있으며, 이는 재래식 무력 사용으로 분류되는 군사 사건이 아닙니다.",https://www.eyeontaiwan.com/taiwan-coast-guard-clashes-with-illegal-chinese-sand-dredgers,https://www.eyeontaiwan.com/taiwan-coast-guard-clashes-with-illegal-chinese-sand-dredgers
925861809,2020-05-27,190,NOTFOUND,-,UNVERIFIED,,본문 확보 실패,,https://www.zimeye.net/2020/05/27/diplomatic-row-erupts-between-zambia-and-china-as-there-chinese-are-killed-in-zambia/
925795811,2020-05-27,190,NOTFOUND,-,UNVERIFIED,,본문 확보 실패,,https://www.arabnews.com/node/1680671
423347354,2015-04-07,190,OK_ORIGINAL,MISMATCH,LOW,China design houses raiding Taiwan driver IC makers for talent,"해당 기사는 인력 유치를 위한 경제적 경쟁에 관한 내용으로, 재래식 무력 사용을 포함하는 군사 사건과는 관련이 없습니다.",http://www.digitimes.com/news/a20150402PD216.html,http://www.digitimes.com/news/a20150402PD216.html
290367150,2014-03-21,190,OK_ORIGINAL,MISMATCH,LOW,國際關注台灣抗暴人民行動----Taiwan Parliament Occupied by protesters 1st time in History - 流落美國爸爸是美國人貴族俱樂部 - udn城市,"기사는 대만 의회 점거 시위를 다루고 있으며, 이는 재래식 무력 사용에 해당하는 군사 사건이 아닙니다.",http://city.udn.com/65859/5066167?raid=5066928,http://city.udn.com/65859/5066167?raid=5066928
319652913,2014-10-21,193,OK_ORIGINAL,MISMATCH,LOW,Taiwan Air Force pilot killed in training accident- China.org.cn,"기사는 훈련 중 발생한 항공기 충돌 사고에 관한 것으로, 소형 화기 충돌과는 관련이 없습니다.",http://china.org.cn/china/2014-10/21/content_33828343.htm,http://china.org.cn/china/2014-10/21/content_33828343.htm
297921996,2014-05-19,195,NOTFOUND,-,UNVERIFIED,,본문 확보 실패,,http://www.defensenews.com/article/20140519/DEFREG03/305190014/Taiwan-Holds-Computer-War-Games-Against-China-Attack?odyssey=mod%7Cnewswell%7Ctext%7CFRONTPAGE%7Cp
282421661,2014-01-09,190,NOTFOUND,-,UNVERIFIED,,본문 확보 실패,,http://www.scmp.com/comment/insight-opinion/article/1401384/taiwan-set-year-leadership-battles-its-two-major-parties&c=4rYjI-xu1vGeaoW0mAJyimc9wJCelKHpTXv0pFEAjBw&mkt=en-us
970498498,2021-02-19,151,OK_ORIGINAL,MATCH,HIGH,Taiwan reports eight Chinese fighters in its defense zone,"기사는 대만 방공식별구역에 진입한 중국 전투기 사건을 보도하며, 이는 양안 간의 군사적 긴장 고조를 의미하므로 경계 수준 강화와 일치합니다.",https://www.gmanetwork.com/news/news/world/776672/taiwan-reports-eight-chinese-fighters-in-its-defense-zone/story/,https://www.gmanetwork.com/news/news/world/776672/taiwan-reports-eight-chinese-fighters-in-its-defense-zone/story/
970458218,2021-02-19,190,OK_ORIGINAL,MISMATCH,LOW,"China says it lost 4 troops in 2020 India border clash
 | Taiwan News | Feb. 19, 2021 19:00","기사는 중국-인도 국경 충돌에 관한 내용으로, 양안(중국-대만) 군사 사건이 아니므로 GDELT 분류 유형과 일치하지 않습니다.",https://www.taiwannews.com.tw/en/news/4131106,https://www.taiwannews.com.tw/en/news/4131106
970493013,2021-02-19,151,NOTFOUND,-,UNVERIFIED,,본문 확보 실패,,https://news.trust.org/item/20210219093820-qy5jd
970651434,2021-02-20,151,NOTFOUND,-,UNVERIFIED,,본문 확보 실패,,https://www.aninews.in/news/world/asia/8-chinese-fighter-aircraft-enter-taipeis-air-defense-zone-as-taiwan-appoints-us-trained-defence-minister20210220130250/
972072344,2021-02-28,154,NOTFOUND,-,UNVERIFIED,,본문 확보 실패,,https://www.aninews.in/news/world/asia/chinas-gray-zone-warfare-against-taiwan-at-highest-level-experts20210301021008/
972091691,2021-03-01,154,OK_ORIGINAL,AMBIGUOUS,MEDIUM,China's 'gray zone' warfare against Taiwan at highest level,"기사는 중국의 대만에 대한 '회색 지대(gray zone)' 전술을 설명하고 있으나, 이는 직접적인 군사 동원이나 증강보다는 비정규적이고 모호한 압박에 초점을 맞추고 있어 CAMEO 코드 154와는 명확히 일치하지 않습니다.",https://www.shanghaisun.com/news/267968894/china-gray-zone-warfare-against-taiwan-at-highest-level,https://www.shanghaisun.com/news/267968894/china-gray-zone-warfare-against-taiwan-at-highest-level
972376819,2021-03-02,190,OK_ORIGINAL,AMBIGUOUS,MEDIUM,China and Taiwan clash risk rocket as Beijing baiting neighbour,"기사는 중국과 대만 간의 긴장 고조와 잠재적인 군사적 충돌 가능성을 언급하지만, GDELT의 '재래식 무력 사용' 분류 유형에 해당하는 구체적인 무력 사용 사건이 발생했다는 내용은 기사 본문에서 명확하게 확인되지 않습니다.",https://www.express.co.uk/news/world/1404530/China-news-Taiwan-clash-world-war-3-risk-Beijing-Matsu-Islands-conflict-latest-vn,https://www.express.co.uk/news/world/1404530/China-news-Taiwan-clash-world-war-3-risk-Beijing-Matsu-Islands-conflict-latest-vn
972375713,2021-03-02,190,OK_ORIGINAL,AMBIGUOUS,MEDIUM,China and Taiwan clash risk rocket as Beijing baiting neighbour,"기사는 중국과 대만 간의 긴장 고조를 다루고 있으나, 현재까지는 재래식 무력 사용이 아닌 외교적, 영토적 갈등에 대한 경고에 초점을 맞추고 있습니다.",https://www.express.co.uk/news/world/1404530/China-news-Taiwan-clash-world-war-3-risk-Beijing-Matsu-Islands-conflict-latest-vn,https://www.express.co.uk/news/world/1404530/China-news-Taiwan-clash-world-war-3-risk-Beijing-Matsu-Islands-conflict-latest-vn
891742689,2019-12-09,193,OK_ORIGINAL,MISMATCH,LOW,"China could assassinate Taiwan presidential candidate: Japanese scholar
 | Taiwan News | Dec. 9, 2019 12:59","이 기사는 중국이나 대만 간의 실제 소형 무기 충돌에 대한 것이 아니라, 일본 학자의 발언을 인용하여 중국 공산당이 대만 대통령 후보를 암살할 수 있다는 정치적 예측을 다루고 있습니다.",https://www.taiwannews.com.tw/en/news/3833295,https://www.taiwannews.com.tw/en/news/3833295
892124544,2019-12-10,150,OK_ORIGINAL,MATCH,HIGH,China’s interference in Taiwan’s elections: Responses from Taiwan and the US | Eye On Taiwan,"기사는 중국이 대만 선거에 개입하려는 의도를 설명하며, 이를 위해 '군사적 위협', '대만 인근에서의 군사 훈련', '해군 및 공군 함대를 섬 주변에 주기적으로 배치'하는 등의 군사적 수단을 사용한다고 명시하고 있어 CAMEO 코드 150 (군사 태세)에 해당합니다.",https://www.eyeontaiwan.com/chinas-interference-in-taiwans-elections-responses-from-taiwan-and-the-us,https://www.eyeontaiwan.com/chinas-interference-in-taiwans-elections-responses-from-taiwan-and-the-us
892371095,2019-12-11,150,OK_ORIGINAL,AMBIGUOUS,MEDIUM,How Did Taiwan and the US Respond to China’s Meddling in Taiwan’s Elections? | Eye On Taiwan,"기사는 중국의 대만 선거 개입 시도를 언급하며 군사적 위협을 포함한 중국의 영향력 행사를 논하고 있지만, GDELT 분류인 '군사 태세(military posturing)'에 직접적으로 부합하는 구체적인 군사 행동보다는 선거 개입이라는 정치적 맥락에 더 초점을 맞추고 있어 판단이 애매합니다.",https://www.eyeontaiwan.com/how-did-taiwan-and-the-us-respond-to-chinas-meddling-in-taiwans-elections,https://www.eyeontaiwan.com/how-did-taiwan-and-the-us-respond-to-chinas-meddling-in-taiwans-elections
955083136,2020-11-18,190,OK_ORIGINAL,MISMATCH,LOW,Taiwan shuts pro-China TV channel in battle over press freedom,"해당 기사는 대만 내 언론의 자유 및 규제와 관련된 사건으로, CAMEO 코드 190인 재래식 무력 사용과는 관련이 없습니다.",https://www.hindustantimes.com/world-news/taiwan-shuts-pro-china-tv-channel-in-battle-over-press-freedom/story-3zeOn8hv49N6Kjp6ZQidWJ.html,https://www.hindustantimes.com/world-news/taiwan-shuts-pro-china-tv-channel-in-battle-over-press-freedom/story-3zeOn8hv49N6Kjp6ZQidWJ.html
955214777,2020-11-19,190,OK_ORIGINAL,MATCH,HIGH,China launches fearsome beach assault drills in chilling warning to Taiwan | World | News | Express.co.uk,"기사는 중국이 대만을 향해 '해변 상륙 훈련'을 실시하며 군사적 위협을 가하고 있음을 명시하고 있으며, 이는 CAMEO 코드 190 (재래식 무력 사용)에 부합하는 양안 군사 사건으로 판단됩니다.",https://www.express.co.uk/news/world/1361792/china-news-taiwan-usa-military-drills-beach-assault-world-war-3/amp,https://www.express.co.uk/news/world/1361792/china-news-taiwan-usa-military-drills-beach-assault-world-war-3/amp
955638759,2020-11-21,195,NOTFOUND,-,UNVERIFIED,,본문 확보 실패,,https://www.channel3000.com/i/us-taiwan-step-up-economic-cooperation-in-new-dialogue/
956083434,2020-11-24,150,NOTFOUND,-,UNVERIFIED,,본문 확보 실패,,https://siouxcityjournal.com/news/world/taiwans-leader-launches-production-of-domestically-made-sub/article_aa845cc0-d7a8-5db3-980a-107c787c9369.html
956083433,2020-11-24,150,NOTFOUND,-,UNVERIFIED,,본문 확보 실패,,https://siouxcityjournal.com/news/world/taiwans-leader-launches-production-of-domestically-made-sub/article_aa845cc0-d7a8-5db3-980a-107c787c9369.html
335138561,2015-02-04,190,OK_ORIGINAL,MISMATCH,LOW,"TransAsia plane crashes into Taipei river, 31 confirmed dead","이 기사는 민간 항공기 추락 사고를 다루고 있으며, GDELT가 분류한 재래식 무력 사용과 같은 군사적 사건과는 관련이 없습니다.",http://www.chinaeconomicreview.com/transasia-plane-crashes-taipei-river-31-confirmed-dead,http://www.chinaeconomicreview.com/transasia-plane-crashes-taipei-river-31-confirmed-dead
451304030,2015-07-22,150,OK_ORIGINAL,MATCH,HIGH,China's simulated attack on Taiwan hurts feelings on both sides: MND - Focus Taiwan,"기사는 중국의 대만 공격 시뮬레이션 군사 훈련에 대한 내용을 다루고 있으며, 이는 '군사 태세'로 분류된 CAMEO 코드 150과 일치합니다.",http://focustaiwan.tw/news/aipl/201507220031.aspx,http://focustaiwan.tw/news/aipl/201507220031.aspx
993928170,2021-07-08,150,OK_ORIGINAL,MATCH,HIGH,Angry China responds to Japanese warning not to invade Taiwan,"기사는 일본의 대만 방어 의사를 밝히는 발언과 이에 대한 중국의 반발을 다루고 있으며, 이는 양안 군사 사건에 대한 군사 태세를 보여주는 내용입니다.",https://www.torontotelegraph.com/news/270214426/angry-china-responds-to-japanese-warning-not-to-invade-taiwan,https://www.torontotelegraph.com/news/270214426/angry-china-responds-to-japanese-warning-not-to-invade-taiwan
993307433,2021-07-04,190,OK_ORIGINAL,MISMATCH,LOW,"Chinese Foreign Minister crticises US, its allies","기사는 중국 외교부 장관의 미국 및 동맹국 비판을 다루고 있으며, 재래식 무력 사용에 대한 내용은 포함되지 않았습니다.",https://www.bignewsnetwork.com/news/270157873/chinese-foreign-minister-crticises-us-its-allies,https://www.bignewsnetwork.com/news/270157873/chinese-foreign-minister-crticises-us-its-allies
993307922,2021-07-04,190,OK_ORIGINAL,MISMATCH,LOW,"Chinese Foreign Minister crticises US, its allies","기사는 중국 외교부 장관의 미국과 동맹국에 대한 비판을 다루고 있으며, 재래식 무력 사용과 같은 군사 사건을 직접적으로 묘사하지 않습니다.",https://www.bignewsnetwork.com/news/270157873/chinese-foreign-minister-crticises-us-its-allies,https://www.bignewsnetwork.com/news/270157873/chinese-foreign-minister-crticises-us-its-allies
514032514,2016-02-21,192,OK_ORIGINAL,MISMATCH,LOW,US needs to recalibrate its policies on Taiwan - Taipei Times,"이 기사는 미국의 대만 정책에 대한 분석과 향후 관계 개선 방안을 논하고 있으며, 영토 점령과 같은 군사적 사건과는 관련이 없습니다.",http://www.taipeitimes.com/News/editorials/archives/2016/02/22/2003639919,http://www.taipeitimes.com/News/editorials/archives/2016/02/22/2003639919
534670095,2016-04-27,190,NOTFOUND,-,UNVERIFIED,,본문 확보 실패,,http://www.travelmole.com/news_feature.php?news_id=2021867&region=2
967301254,2021-02-01,195,NOTFOUND,-,UNVERIFIED,,본문 확보 실패,,https://www.aninews.in/news/world/asia/amid-high-tenisons-7-chinese-warplanes-us-aircraft-entered-taiwan-air-defence-zone20210201130004/
968558915,2021-02-08,190,NOTFOUND,-,UNVERIFIED,,본문 확보 실패,,https://www.news.com.au/technology/innovation/military/how-china-will-break-taiwan-with-assassinations-and-cyberattacks-but-no-invasion/news-story/da13d2257eb0d7f36739d222ecef6ce5
968558917,2021-02-08,190,NOTFOUND,-,UNVERIFIED,,본문 확보 실패,,https://www.news.com.au/technology/innovation/military/how-china-will-break-taiwan-with-assassinations-and-cyberattacks-but-no-invasion/news-story/da13d2257eb0d7f36739d222ecef6ce5
876211045,2018-09-30,193,NOTFOUND,-,UNVERIFIED,,본문 확보 실패,,https://sg.news.yahoo.com/taiwan-shrugs-communist-china-hails-70th-anniversary-015537230.html
876211046,2018-09-30,193,NOTFOUND,-,UNVERIFIED,,본문 확보 실패,,https://sg.news.yahoo.com/taiwan-shrugs-communist-china-hails-70th-anniversary-015537230.html
876211047,2018-09-30,193,NOTFOUND,-,UNVERIFIED,,본문 확보 실패,,https://sg.news.yahoo.com/taiwan-shrugs-communist-china-hails-70th-anniversary-015537230.html
290215944,2014-03-20,190,OK_ORIGINAL,MISMATCH,LOW,國際關注台灣抗暴人民行動----Taiwan Parliament Occupied by protesters 1st time in History - 流落美國爸爸是美國人貴族俱樂部 - udn城市,"이 기사는 대만 의회 점거 시위에 관한 것으로, 양안 간의 재래식 무력 사용 군사 사건이 아닙니다.",http://city.udn.com/65859/5066167?raid=5066513,http://city.udn.com/65859/5066167?raid=5066513
998837887,2021-08-11,190,OK_ORIGINAL,MATCH,HIGH,Taiwan Prepares for Mega Live-Fire War Games as Tensions Soar,"기사는 대만이 중국의 공격을 시뮬레이션하는 대규모 실탄 군사 훈련을 준비하고 있다는 내용을 담고 있어, 재래식 무력 사용(use conventional force)으로 분류된 GDELT 사건 유형과 일치합니다.",https://news.antiwar.com/2021/08/10/taiwan-prepares-for-mega-live-fire-war-games-as-tensions-soar/,https://news.antiwar.com/2021/08/10/taiwan-prepares-for-mega-live-fire-war-games-as-tensions-soar/
999566465,2021-08-17,192,OK_ORIGINAL,AMBIGUOUS,MEDIUM,Marines: Chinese RoRo Marines,"기사는 중국의 해상 수송 능력을 설명하고 있지만, 실제로 영토를 점령하는 사건을 묘사하고 있지는 않습니다.",https://www.strategypage.com/htmw/htamph/articles/20210817.aspx,https://www.strategypage.com/htmw/htamph/articles/20210817.aspx
1000180234,2021-08-21,195,OK_ORIGINAL,MATCH,HIGH,"11 Chinese warplanesencroach on Taiwans ADIZ
 | Taiwan News | Aug. 17, 2021 21:20","기사는 중국 군용기가 대만 방공식별구역에 진입한 사건을 다루며, 이는 공중 무기를 사용한 군사적 행동으로 분류될 수 있습니다.",https://www.taiwannews.com.tw/en/news/4271873,https://www.taiwannews.com.tw/en/news/4271873
1000858873,2021-08-25,193,OK_ORIGINAL,MISMATCH,LOW,Taiwan to get BioNTech shots early as China delays approval-source,"해당 기사는 대만과 중국 간의 백신 공급 및 규제 승인 지연에 관한 내용으로, 소형 화기 충돌과 같은 군사 사건과는 관련이 없습니다.",https://leaderpost.com/pmn/business-pmn/taiwan-to-get-biontech-shots-early-as-china-delays-approval-source,https://leaderpost.com/pmn/business-pmn/taiwan-to-get-biontech-shots-early-as-china-delays-approval-source
1000840892,2021-08-25,193,NOTFOUND,-,UNVERIFIED,,본문 확보 실패,,https://chinapost.nownews.com/20210825-2732818
1001442395,2021-08-21,150,OK_ORIGINAL,MATCH,HIGH,"US warship, cutter transit Taiwan Strait - Taipei Times","기사는 미국 군함과 해안경비대 함정이 대만 해협을 통과한 사건을 다루고 있으며, 이는 중국의 군사 활동 증가 속에서 이루어져 CAMEO 코드 150 '군사 태세'에 해당합니다.",https://www.taipeitimes.com/News/front/archives/2021/08/29/2003763404,https://www.taipeitimes.com/News/front/archives/2021/08/29/2003763404
999584362,2021-08-17,154,OK_ORIGINAL,MATCH,HIGH,China holds live-fire exercises near Taiwan in response to ‘provocations’,기사는 중국이 대만 인근에서 실탄 사격 훈련을 실시하고 군함을 동원하는 등 군사적 행동을 묘사하고 있어 CAMEO 코드 154 '군사 동원·증강'과 일치합니다.,https://www.theguardian.com/world/2021/aug/17/china-holds-live-fire-exercises-near-taiwan-response-provocations,https://www.theguardian.com/world/2021/aug/17/china-holds-live-fire-exercises-near-taiwan-response-provocations
999555191,2021-08-17,150,OK_ORIGINAL,MATCH,HIGH,China's military conducts assault drills in seas near Taiwan,"기사는 중국이 대만 인근에서 군사 훈련을 실시하고 있다고 보도하며, 이는 GDELT의 '군사 태세(military posturing)' 분류와 일치합니다.",https://infotel.ca/newsitem/as-china-taiwan-military-exercises/cp885452668,https://infotel.ca/newsitem/as-china-taiwan-military-exercises/cp885452668
999555192,2021-08-17,150,OK_ORIGINAL,MATCH,HIGH,China's military conducts assault drills in seas near Taiwan,"기사는 중국의 군사 훈련을 묘사하며, 이는 GDELT의 '군사 태세(military posturing)' 분류에 직접적으로 해당합니다.",https://infotel.ca/newsitem/as-china-taiwan-military-exercises/cp885452668,https://infotel.ca/newsitem/as-china-taiwan-military-exercises/cp885452668
1001359572,2021-08-28,154,NOTFOUND,-,UNVERIFIED,,본문 확보 실패,,https://www.reuters.com/world/exclusive-pentagon-holds-talks-with-chinese-military-first-time-under-biden-2021-08-28/
999541319,2021-08-17,150,EMPTY,-,UNVERIFIED,,본문 확보 실패,,https://www.msn.com/en-sg/news/world/chinas-state-affiliated-global-times-warns-taiwan-that-afghan-chaos-is-an-omen-for-the-island/ar-AANp7f1
780928687,2018-08-21,190,OK_ORIGINAL,MISMATCH,LOW,China retaliates against Tsai's U.S. stopover by snatching ally - Focus Taiwan,"기사는 대만이 동맹국을 잃은 것을 다루고 있으며, 이는 GDELT의 CAMEO 코드 190인 재래식 무력 사용과는 직접적인 관련이 없습니다.",http://focustaiwan.tw/news/aipl/201808210031.aspx,http://focustaiwan.tw/news/aipl/201808210031.aspx
781454410,2018-08-23,190,OK_ORIGINAL,MISMATCH,LOW,Article on UNPO and the Uyghurs in Checks & Balances -,"기사는 위구르족 문제 및 기후 변화와 관련된 학술적 논의를 다루고 있으며, 양안 군사 사건과는 전혀 관련이 없습니다.",http://unpo.org/article/21036,http://unpo.org/article/21036
781383134,2018-08-23,193,NOTFOUND,-,UNVERIFIED,,본문 확보 실패,,https://www.business-standard.com/article/pti-stories/taiwan-marks-60-years-since-china-attack-as-tensions-rise-118082300413_1.html
781380832,2018-08-23,193,NOTFOUND,-,UNVERIFIED,,본문 확보 실패,,https://www.yahoo.com/news/taiwan-marks-60-years-since-china-attack-tensions-062911174.html
781422380,2018-08-23,194,OK_ORIGINAL,MISMATCH,LOW,Taiwan marks 60th anniversary of deadly Chinese artillery attack,"기사는 60년 전 발생한 역사적 사건을 기념하는 내용이며, GDELT 분류에서 요구하는 현재 진행 중인 '중화기 무력충돌'과는 시기적으로 일치하지 않습니다.",http://www.newindianexpress.com/world/2018/aug/23/taiwan-marks-60th-anniversary-of-deadly-chinese-artillery-attack-1861700.html,http://www.newindianexpress.com/world/2018/aug/23/taiwan-marks-60th-anniversary-of-deadly-chinese-artillery-attack-1861700.html
482731787,2015-11-07,192,NOTFOUND,-,UNVERIFIED,,본문 확보 실패,,http://www.WLOX.com/story/30460867/a-china-taiwan-handshake-66-years-in-the-making
919703390,2020-04-23,150,OK_ORIGINAL,MATCH,HIGH,"In shadow of coronavirus, China steps up manoeuvres near Taiwan","기사는 중국이 대만 주변에서 군사 훈련을 강화하고 있으며, 이는 CAMEO 코드 150 '군사 태세'에 해당합니다.",https://www.aljazeera.com/news/2020/04/shadow-coronavirus-china-steps-manoeuvres-taiwan-200422011542456.html,https://www.aljazeera.com/news/2020/04/shadow-coronavirus-china-steps-manoeuvres-taiwan-200422011542456.html
920557191,2020-04-28,150,NOTFOUND,-,UNVERIFIED,,본문 확보 실패,,https://defence.pk/pdf/threads/taiwan-test-fires-new-missile-capable-of-reaching-central-china.663450/
920557192,2020-04-28,150,NOTFOUND,-,UNVERIFIED,,본문 확보 실패,,https://defence.pk/pdf/threads/taiwan-test-fires-new-missile-capable-of-reaching-central-china.663450/
919674923,2020-04-23,150,OK_ORIGINAL,AMBIGUOUS,MEDIUM,Is it time for a ‘new way of war?’ What China’s army reforms mean for the rest of the world,"기사는 중국 군대의 개혁과 잠재적 위협에 대해 논하고 있지만, 구체적인 양안 군사 사건이나 군사 태세보다는 중국 군사력의 전반적인 역량 강화에 초점을 맞추고 있어 분류 유형과 정확히 일치한다고 보기 어렵습니다.",https://theconversation.com/is-it-time-for-a-new-way-of-war-what-chinas-army-reforms-mean-for-the-rest-of-the-world-134660,https://theconversation.com/is-it-time-for-a-new-way-of-war-what-chinas-army-reforms-mean-for-the-rest-of-the-world-134660
919995200,2020-04-24,190,OK_ORIGINAL,MISMATCH,LOW,Tsai discusses lessons learned from 2003 SARS hospital lockdown - Focus Taiwan,"기사는 COVID-19 팬데믹과 SARS 발생 당시의 병원 봉쇄 조치에 대한 내용을 다루고 있으며, 양안 군사 사건이나 재래식 무력 사용과는 전혀 관련이 없습니다.",https://focustaiwan.tw/politics/202004240016,https://focustaiwan.tw/politics/202004240016
297612195,2014-05-16,190,NOTFOUND,-,UNVERIFIED,,본문 확보 실패,,http://abcnews.go.com/International/wireStory/vietnam-pm-texts-nation-amid-anti-china-riots-23744304
297612176,2014-05-16,190,NOTFOUND,-,UNVERIFIED,,본문 확보 실패,,http://tvnz.co.nz/world-news/vietnam-pm-text-messages-nation-5973752
481838597,2015-11-04,194,OK_ORIGINAL,MISMATCH,LOW,New | No surprises - Singapore's neutrality makes it venue of choice for landmark meeting between mainland China and Taiwan's top leaders,"기사는 싱가포르에서 개최된 중국과 대만 최고 지도자 간의 회담에 관한 것으로, 중화기 무력충돌과는 관련이 없습니다.",http://www.scmp.com/news/china/policies-politics/article/1875802/no-surprises-singapores-neutrality-makes-it-venue,http://www.scmp.com/news/china/policies-politics/article/1875802/no-surprises-singapores-neutrality-makes-it-venue
480433653,2015-10-30,192,OK_ORIGINAL,AMBIGUOUS,MEDIUM,Taiwan reaction to ruling on South China Sea case muted - Focus Taiwan,"기사는 남중국해 영유권 분쟁을 다루지만, 직접적인 양안 군사 충돌 사건이 아니라 대만의 영토 방어 의지를 재확인하는 내용으로, '영토 점령'이라는 CAMEO 코드 192와는 직접적으로 부합하지 않습니다.",http://focustaiwan.tw/news/aipl/201510300030.aspx,http://focustaiwan.tw/news/aipl/201510300030.aspx
470983586,2015-09-28,190,NOTFOUND,-,UNVERIFIED,,본문 확보 실패,,http://business-news.thestreet.com/thestreet/story/china-expands-abroad-to-spur-economic-growth-at-home/13302481
1013474962,2021-11-09,190,EMPTY,-,UNVERIFIED,,본문 확보 실패,,https://www.msn.com/en-us/news/politics/china-conducts-combat-readiness-drill-after-us-congressional-delegation-arrives-in-taiwan/ar-AAQvGlF
1013548920,2021-11-10,190,EMPTY,-,UNVERIFIED,,본문 확보 실패,,https://www.msn.com/en-us/news/world/beijing-responds-to-us-lawmakers-taiwan-visit-with-joint-forces-patrol/ar-AAQwa6j
1013581151,2021-11-10,150,NOTFOUND,-,UNVERIFIED,,본문 확보 실패,,https://kdhnews.com/news/nation/chinese-forces-exercise-near-taiwan-in-response-to-us-visit/article_8fb91dfb-4048-57f0-bc86-c549a4a75585.html
1015475088,2021-10-22,192,NOTFOUND,-,UNVERIFIED,,본문 확보 실패,,https://www.dailytelegraph.com.au/business/work?nk=62db79d6e4c4f833ec52a6732d9fbd9c-1637535705
1015426251,2021-11-21,195,OK_ORIGINAL,MATCH,HIGH,"9 Chinese planes, including 2 H-6 bombers detected in Taiwan's air defence zone","기사는 중국 군용기가 대만 방공식별구역에 진입한 사실을 보도하며, 이는 공중 무기의 사용 또는 위협으로 볼 수 있어 CAMEO 코드 195와 부합합니다.",https://www.japanherald.com/news/271774424/9-chinese-planes-including-2-h-6-bombers-detected-in-taiwan-air-defence-zone,https://www.japanherald.com/news/271774424/9-chinese-planes-including-2-h-6-bombers-detected-in-taiwan-air-defence-zone
1013356551,2021-11-09,192,OK_ORIGINAL,AMBIGUOUS,MEDIUM,Satellite images expose China’s mock US warships in desert region,"기사는 중국이 미국 항공모함과 구축함 모형을 군사 훈련용으로 건설했다는 내용을 다루고 있으며, 이는 대만해협 긴장 고조와 관련될 수 있으나 직접적인 영토 점령 사건을 묘사하지는 않습니다.",https://www.skynews.com.au/world-news/china/beijing-denies-knowledge-of-mock-us-warships-in-chinas-remote-desert-region/news-story/03ecc39ada5258faeee7a98903cc2448,https://www.skynews.com.au/world-news/china/beijing-denies-knowledge-of-mock-us-warships-in-chinas-remote-desert-region/news-story/03ecc39ada5258faeee7a98903cc2448
1013474960,2021-11-09,190,EMPTY,-,UNVERIFIED,,본문 확보 실패,,https://www.msn.com/en-us/news/politics/china-conducts-combat-readiness-drill-after-us-congressional-delegation-arrives-in-taiwan/ar-AAQvGlF
1013356552,2021-11-09,192,OK_ORIGINAL,AMBIGUOUS,MEDIUM,Satellite images expose China’s mock US warships in desert region,"기사는 중국의 모의 군함 건설에 대해 다루고 있으나, 이는 양안 군사 사건으로 직접적으로 분류되기에는 모호하며 GDELT의 '영토 점령' 유형과는 일치하지 않습니다.",https://www.skynews.com.au/world-news/china/beijing-denies-knowledge-of-mock-us-warships-in-chinas-remote-desert-region/news-story/03ecc39ada5258faeee7a98903cc2448,https://www.skynews.com.au/world-news/china/beijing-denies-knowledge-of-mock-us-warships-in-chinas-remote-desert-region/news-story/03ecc39ada5258faeee7a98903cc2448
1013551713,2021-11-10,150,NOTFOUND,-,UNVERIFIED,,본문 확보 실패,,https://fredericksburg.com/news/national/chinese-forces-exercise-near-taiwan-in-response-to-us-visit/article_0b6cf20b-cbf5-5b0c-a474-e44031a0c529.html
1013551726,2021-11-10,150,NOTFOUND,-,UNVERIFIED,,본문 확보 실패,,https://fredericksburg.com/news/national/chinese-forces-exercise-near-taiwan-in-response-to-us-visit/article_0b6cf20b-cbf5-5b0c-a474-e44031a0c529.html
1013575522,2021-11-10,150,OK_ORIGINAL,MISMATCH,LOW,Dhaka ready to trade low cost anti-Covid pill,"이 기사는 방글라데시의 저가 항코로나19 알약 판매에 관한 내용으로, 양안 군사 사건과 전혀 관련이 없습니다.",http://www.asianews.it/news-en/Dhaka-ready-to-trade-low-cost-anti-Covid-pill--54464.html,http://www.asianews.it/news-en/Dhaka-ready-to-trade-low-cost-anti-Covid-pill--54464.html
1014982585,2021-11-18,190,OK_ORIGINAL,AMBIGUOUS,MEDIUM,Taiwan shows off new combat tool against Beijing,"기사는 대만의 새로운 전투기 공개를 다루고 있지만, 재래식 무력 '사용'을 직접적으로 묘사하지 않고 무력 '증강' 및 '방어' 의지를 보여주고 있습니다.",https://www.bignewsnetwork.com/news/271754227/taiwan-shows-off-new-combat-tool-against-beijing,https://www.bignewsnetwork.com/news/271754227/taiwan-shows-off-new-combat-tool-against-beijing
1014957330,2021-11-18,192,OK_ORIGINAL,MISMATCH,LOW,Taiwan deploys first advanced F-16V fighter squadron - Times of India,"기사 제목과 본문 내용은 대만 공군의 F-16V 전투기 배치에 대한 것이지만, GDELT가 분류한 '영토 점령' 사건과는 전혀 관련이 없습니다.",https://timesofindia.indiatimes.com/world/rest-of-world/taiwan-deploys-first-advanced-f-16v-fighter-squadron/articleshow/87777732.cms,https://timesofindia.indiatimes.com/world/rest-of-world/taiwan-deploys-first-advanced-f-16v-fighter-squadron/articleshow/87777732.cms
1014982586,2021-11-18,190,OK_ORIGINAL,AMBIGUOUS,MEDIUM,Taiwan shows off new combat tool against Beijing,"기사는 대만과 중국 간의 군사적 긴장과 대만의 무기 현대화를 다루고 있지만, '재래식 무력 사용'으로 직접적으로 분류될 만한 무력 충돌이나 군사적 행동의 구체적인 사례를 묘사하고 있지는 않습니다.",https://www.bignewsnetwork.com/news/271754227/taiwan-shows-off-new-combat-tool-against-beijing,https://www.bignewsnetwork.com/news/271754227/taiwan-shows-off-new-combat-tool-against-beijing
1015426248,2021-11-21,195,OK_ORIGINAL,MATCH,HIGH,"9 Chinese planes, including 2 H-6 bombers detected in Taiwan's air defence zone","기사는 중국 항공기 9대가 대만 방공식별구역에 진입한 사건을 보도하고 있으며, 이는 '공중무기 사용'이라는 CAMEO 코드 195와 직접적으로 관련됩니다.",https://www.japanherald.com/news/271774424/9-chinese-planes-including-2-h-6-bombers-detected-in-taiwan-air-defence-zone,https://www.japanherald.com/news/271774424/9-chinese-planes-including-2-h-6-bombers-detected-in-taiwan-air-defence-zone
1015396333,2021-11-21,154,OK_ORIGINAL,MISMATCH,LOW,What to expect from US-China nuke talks,"이 기사는 미국과 중국 간의 핵 담판 가능성에 대한 내용으로, 양안 간의 군사적 동원이나 증강에 대한 직접적인 내용을 다루고 있지 않습니다.",https://menafn.com/1103212237/What-to-expect-from-US-China-nuke-talks,https://menafn.com/1103212237/What-to-expect-from-US-China-nuke-talks
1015426249,2021-11-21,195,OK_ORIGINAL,MATCH,HIGH,"9 Chinese planes, including 2 H-6 bombers detected in Taiwan's air defence zone",기사에서 중국 군용기 9대가 대만 방공식별구역에 진입한 사실을 보도하고 있어 CAMEO 코드 195 '공중무기 사용'에 해당합니다.,https://www.japanherald.com/news/271774424/9-chinese-planes-including-2-h-6-bombers-detected-in-taiwan-air-defence-zone,https://www.japanherald.com/news/271774424/9-chinese-planes-including-2-h-6-bombers-detected-in-taiwan-air-defence-zone
1013635043,2021-11-10,150,OK_ORIGINAL,MATCH,HIGH,"China holds military drill, slams US legislators’ Taiwan visit",기사는 중국이 대만 방문을 규탄하며 대만 해협에서 군사 훈련을 실시한 것을 설명하고 있어 CAMEO 코드 150 '군사 태세'에 명백히 부합합니다.,https://www.aljazeera.com/news/2021/11/10/china-holds-military-exercises-slams-us-legislators-taiwan-visit,https://www.aljazeera.com/news/2021/11/10/china-holds-military-exercises-slams-us-legislators-taiwan-visit
1015426250,2021-11-21,195,OK_ORIGINAL,MATCH,HIGH,"9 Chinese planes, including 2 H-6 bombers detected in Taiwan's air defence zone","기사는 중국 전투기가 대만 방공 식별 구역에 진입한 사건을 다루고 있으며, 이는 '공중무기 사용'으로 분류된 CAMEO 코드 195 유형과 일치합니다.",https://www.japanherald.com/news/271774424/9-chinese-planes-including-2-h-6-bombers-detected-in-taiwan-air-defence-zone,https://www.japanherald.com/news/271774424/9-chinese-planes-including-2-h-6-bombers-detected-in-taiwan-air-defence-zone
1013439912,2021-11-09,192,OK_ORIGINAL,MISMATCH,LOW,Taiwan calls on Beijing to cooperate on eradication of illegal sand dredging by Chinese ships,"이 기사는 중국 선박의 불법 모래 채취 문제에 대한 대만의 대응을 다루고 있으며, 영토 점령(occupy territory)과 같은 군사적 사건과는 관련이 없습니다.",https://www.bignewsnetwork.com/news/271691448/taiwan-calls-on-beijing-to-cooperate-on-eradication-of-illegal-sand-dredging-by-chinese-ships,https://www.bignewsnetwork.com/news/271691448/taiwan-calls-on-beijing-to-cooperate-on-eradication-of-illegal-sand-dredging-by-chinese-ships
1013523033,2021-11-10,190,NOTFOUND,-,UNVERIFIED,,본문 확보 실패,,https://thehill.com/policy/defense/overnights/580851-defense-national-security
1013547626,2021-11-10,150,NOTFOUND,-,UNVERIFIED,,본문 확보 실패,,https://abcnews.go.com/US/wireStory/chinese-forces-exercise-taiwan-response-us-visit-81074877
1013550225,2021-11-10,150,OK_ORIGINAL,MATCH,HIGH,Chinese forces exercise near Taiwan in response to US visit,"기사는 중국의 미국 대표단 방문에 대한 대응으로 대만 인근에서 군사 훈련을 실시했다는 내용을 담고 있으며, 이는 CAMEO 코드 150 '군사 태세'와 일치합니다.",https://economictimes.indiatimes.com/news/defence/chinese-forces-exercise-near-taiwan-in-response-to-us-visit/articleshow/87619624.cms,https://economictimes.indiatimes.com/news/defence/chinese-forces-exercise-near-taiwan-in-response-to-us-visit/articleshow/87619624.cms
1014982584,2021-11-18,190,OK_ORIGINAL,AMBIGUOUS,MEDIUM,Taiwan shows off new combat tool against Beijing,"기사는 대만이 새로운 전투기 도입을 통해 방어 능력을 강화하고 있음을 보여주지만, 이는 직접적인 무력 사용보다는 군사력 증강에 관한 내용으로 CAMEO 코드 190 '재래식 무력 사용'과 직접적으로 일치한다고 보기는 어렵습니다.",https://www.bignewsnetwork.com/news/271754227/taiwan-shows-off-new-combat-tool-against-beijing,https://www.bignewsnetwork.com/news/271754227/taiwan-shows-off-new-combat-tool-against-beijing
1015426247,2021-11-21,195,OK_ORIGINAL,MATCH,HIGH,"9 Chinese planes, including 2 H-6 bombers detected in Taiwan's air defence zone","기사에서 중국 군용기, 특히 폭격기가 대만 방공식별구역에 진입한 사실을 명시하고 있어 CAMEO 코드 195 '공중무기 사용'으로 분류된 사건 유형과 부합합니다.",https://www.japanherald.com/news/271774424/9-chinese-planes-including-2-h-6-bombers-detected-in-taiwan-air-defence-zone,https://www.japanherald.com/news/271774424/9-chinese-planes-including-2-h-6-bombers-detected-in-taiwan-air-defence-zone
307656872,2014-07-31,190,OK_ORIGINAL,MISMATCH,LOW,"20 killed, 270 injured in Taiwan gas leak explosions - People's Daily Online","본 기사는 대만에서 발생한 가스 누출 폭발 사고에 대한 내용으로, 양안 군사 사건이나 재래식 무력 사용과는 관련이 없습니다.",http://english.peopledaily.com.cn/n/2014/0801/c90882-8763758.html,http://english.peopledaily.com.cn/n/2014/0801/c90882-8763758.html
494964311,2015-12-17,150,NOTFOUND,-,UNVERIFIED,,본문 확보 실패,,http://www.morganton.com/news/world/ap/us-billion-arms-sales-for-taiwan-draws-china-s-ire/article_26caf78b-dc63-5d86-a923-8895d2cfe06a.html
297472106,2014-05-15,190,NOTFOUND,-,UNVERIFIED,,본문 확보 실패,,http://www.channelnewsasia.com/news/asiapacific/21-people-reported-dead/1107398.html
941250724,2020-08-17,193,OK_ORIGINAL,MISMATCH,LOW,Taiwan reportedly told military pilots again 'not to fire the first shot' amid rising tensions with China,"기사는 양안 간의 군사적 긴장 상황 속에서 대만군이 '먼저 사격하지 말라'는 지시를 내렸다는 내용으로, 실제 무력 충돌이나 소형화기 충돌이 발생했다는 내용은 포함하고 있지 않습니다.",https://www.businessinsider.com/taiwan-tells-pilots-not-to-fire-first-shot-with-china-2020-8,https://www.businessinsider.com/taiwan-tells-pilots-not-to-fire-first-shot-with-china-2020-8
942355061,2020-08-23,190,NOTFOUND,-,UNVERIFIED,,본문 확보 실패,,https://www.chron.com/news/article/US-envoy-joins-Taiwan-president-at-military-15508184.php
942474400,2020-08-24,190,EMPTY,-,UNVERIFIED,,본문 확보 실패,,https://www.msn.com/en-in/news/world/us-joins-taiwan-as-island-nation-observes-battle-anniversary-with-china-a-timeline-of-roller-coaster-relations-between-beijing-and-taipei/ar-BB18ibhy
942498350,2020-08-24,193,NOTFOUND,-,UNVERIFIED,,본문 확보 실패,,https://uk.reuters.com/article/us-alibaba-taiwan/taiwan-tells-alibaba-to-re-register-taobao-local-site-or-leave-island-idUKKBN25K0X2
942522973,2020-08-24,193,NOTFOUND,-,UNVERIFIED,,본문 확보 실패,,https://uk.reuters.com/article/uk-alibaba-taiwan/taiwan-tells-alibabas-taobao-to-re-register-or-leave-idUKKBN25K0X6
942495390,2020-08-24,150,OK_ORIGINAL,MATCH,HIGH,Ex-CIA veteran says China can take Taiwan in just 3 days,"기사는 중국의 대만 침공 시나리오를 다루고 있으며, 이는 군사적 위협이나 준비태세를 묘사하는 CAMEO 코드 150(군사 태세)에 부합합니다.",https://mothership.sg/2020/08/china-taiwan-3-days/,https://mothership.sg/2020/08/china-taiwan-3-days/
942373514,2020-08-23,190,OK_ORIGINAL,MISMATCH,LOW,Top U.S. envoy attends Second Taiwan Strait Crisis memorial for 1st time - Focus Taiwan,"기사는 62년 전 대만이 중국의 침공 시도를 막아낸 사건을 기념하는 행사에 대한 내용으로, 현재 진행 중인 군사적 충돌이나 무력 사용을 다루고 있지 않아 GDELT의 '재래식 무력 사용' 분류와 일치하지 않습니다.",https://focustaiwan.tw/politics/202008230009,https://focustaiwan.tw/politics/202008230009
942520868,2020-08-24,193,OK_ORIGINAL,MISMATCH,LOW,Tech Talk: Taiwan tells Alibaba's local Taobao site to re-register or leave island,"이 기사는 중국 기업의 대만 내 사업 운영에 대한 규제 문제에 관한 것으로, 소형화기 충돌과 같은 군사적 사건과는 관련이 없습니다.",http://www.gdnonline.com/Details/850620/Taiwan-tells-Alibabas-local-Taobao-site-to-re-register-or-leave-island,http://www.gdnonline.com/Details/850620/Taiwan-tells-Alibabas-local-Taobao-site-to-re-register-or-leave-island
943125471,2020-08-27,150,NOTFOUND,-,UNVERIFIED,,본문 확보 실패,,https://www.reuters.com/article/us-taiwan-diplomacy-idUSKBN25N0QD
943125472,2020-08-27,150,NOTFOUND,-,UNVERIFIED,,본문 확보 실패,,https://www.reuters.com/article/us-taiwan-diplomacy-idUSKBN25N0QD
942341398,2020-08-23,190,NOTFOUND,-,UNVERIFIED,,본문 확보 실패,,https://www.reuters.com/article/us-taiwan-defence/with-china-tensions-rising-u-s-joins-taiwan-to-mark-battle-anniversary-idUSKBN25J051
942355059,2020-08-23,190,NOTFOUND,-,UNVERIFIED,,본문 확보 실패,,https://www.startribune.com/us-envoy-joins-taiwan-president-at-military-memorial/572197802/
942411026,2020-08-23,190,OK_ORIGINAL,AMBIGUOUS,MEDIUM,US joins Taiwan to mark anniversary of battle with China,"기사는 과거 양안 간의 군사 충돌 기념일을 다루고 있으며, 현재의 긴장 고조 상황을 언급하지만, 직접적인 재래식 무력 사용 사건을 보도하는 것이 아니라 과거 사건의 기념 및 미국의 지지 표명을 중심으로 다루고 있어 GDELT의 '재래식 무력 사용' 분류와 직접적으로 일치한다고 보기 어렵습니다.",https://www.businesslive.co.za/bd/world/asia/2020-08-23-us-joins-taiwan-to-mark-anniversary-of-battle-with-china/,https://www.businesslive.co.za/bd/world/asia/2020-08-23-us-joins-taiwan-to-mark-anniversary-of-battle-with-china/
942473730,2020-08-24,190,EMPTY,-,UNVERIFIED,,본문 확보 실패,,https://www.msn.com/en-in/news/world/us-joins-taiwan-as-island-nation-observes-battle-anniversary-with-china-a-timeline-of-roller-coaster-relations-between-beijing-and-taipei/ar-BB18ibhy
943125468,2020-08-27,150,NOTFOUND,-,UNVERIFIED,,본문 확보 실패,,https://www.reuters.com/article/us-taiwan-diplomacy-idUSKBN25N0QD
942374032,2020-08-23,190,OK_ORIGINAL,MISMATCH,LOW,Top U.S. envoy attends Second Taiwan Strait Crisis memorial for 1st time - Focus Taiwan,"기사는 62년 전의 역사적 사건을 기념하는 행사 참석에 관한 내용으로, 현재 발생했거나 임박한 재래식 무력 사용 사건을 다루지 않습니다.",https://focustaiwan.tw/politics/202008230009,https://focustaiwan.tw/politics/202008230009
941196770,2020-08-17,150,OK_ORIGINAL,AMBIGUOUS,MEDIUM,Chinese Spies from Hong Kong Trying to Infiltrate Taiwan? Taipei Beefs up Security Measures,"기사는 중국-대만 간의 긴장과 관련된 내용을 다루지만, 직접적인 군사적 행동이나 태세보다는 정보 활동 및 안보 강화 조치에 초점을 맞추고 있어 CAMEO 코드 150 '군사 태세'와는 다소 거리가 있습니다.",https://www.ibtimes.sg/chinese-spies-hong-kong-trying-infiltrate-taiwan-taipei-beefs-security-measures-50197,https://www.ibtimes.sg/chinese-spies-hong-kong-trying-infiltrate-taiwan-taipei-beefs-security-measures-50197
941322640,2020-08-17,193,OK_ORIGINAL,MISMATCH,LOW,Taiwan reportedly told military pilots again ‘not to fire the first shot’ amid rising tensions with China | Eye On Taiwan,기사는 대만 조종사에게 '첫 발을 쏘지 말라'는 지시가 내려졌다는 내용을 다루고 있어 실제 소형 무기 충돌 사건을 설명하는 것이 아닙니다.,https://www.eyeontaiwan.com/taiwan-reportedly-told-military-pilots-again-not-to-fire-the-first-shot-amid-rising-tensions-with-china,https://www.eyeontaiwan.com/taiwan-reportedly-told-military-pilots-again-not-to-fire-the-first-shot-amid-rising-tensions-with-china
942341923,2020-08-23,190,NOTFOUND,-,UNVERIFIED,,본문 확보 실패,,https://www.reuters.com/article/us-taiwan-defence/with-china-tensions-rising-u-s-joins-taiwan-to-mark-battle-anniversary-idUSKBN25J051
942355060,2020-08-23,190,NOTFOUND,-,UNVERIFIED,,본문 확보 실패,,https://www.chron.com/news/article/US-envoy-joins-Taiwan-president-at-military-15508184.php
943210348,2020-08-27,190,NOTFOUND,-,UNVERIFIED,,본문 확보 실패,,https://www.mykxlg.com/news/national/the-scary-war-game-over-taiwan-that-the-u-s-loses-again-and-again/article_4fa9110e-b0bf-510d-a720-5d3314723128.html
942358312,2020-08-23,190,NOTFOUND,-,UNVERIFIED,,본문 확보 실패,,https://www.washingtonpost.com/world/national-security/us-envoy-joins-taiwan-president-at-military-memorial/2020/08/23/d036b894-e511-11ea-82d8-5e55d47e90ca_story.html
943141007,2020-08-27,190,OK_ORIGINAL,MISMATCH,LOW,"DPP criticizes former Taiwan president, KMT chairman for not resisting China
 | Taiwan News | Aug. 27, 2020 15:50","이 기사는 중국의 대만 위협에 대한 정치적 논쟁과 비판을 다루고 있으며, 재래식 무력 사용과 같은 군사적 사건을 직접적으로 묘사하고 있지 않습니다.",https://www.taiwannews.com.tw/en/news/3996179,https://www.taiwannews.com.tw/en/news/3996179
530603402,2016-04-14,190,OK_ORIGINAL,MISMATCH,LOW,"The bizarre diplomatic fight between China and Taiwan playing out in Kenya, explained","기사는 케냐에서의 외교적 분쟁에 관한 것으로, 중국과 대만 간의 재래식 무력 사용이라는 GDELT 분류 유형과 일치하지 않습니다.",http://www.vox.com/2016/4/14/11415680/kenya-taiwan-china,http://www.vox.com/2016/4/14/11415680/kenya-taiwan-china
315025759,2014-09-21,193,NOTFOUND,-,UNVERIFIED,,본문 확보 실패,,http://www.chinapost.com.tw/taiwan/national/national-news/2014/09/22/417752/Fung-Wong-leaves.htm/RK=0
835609703,2019-04-03,192,OK_ORIGINAL,MISMATCH,LOW,China’s Jets that Crossed into Taiwan Airspace: Not a First; Maybe not the Last,"기사는 중국 전투기가 대만 영공을 침범한 사건을 다루고 있지만, '영토 점령(occupy territory)'이라는 분류 유형과는 달리 영토를 점령하려는 시도가 아닌 영공 침범에 대한 내용입니다.",https://www.voanews.com/a/china-taiwan-airspace/4859810.html,https://www.voanews.com/a/china-taiwan-airspace/4859810.html
835629947,2019-04-03,193,OK_ORIGINAL,MISMATCH,LOW,Taiwan threatens to shoot down next Chinese warplane that violates its airspace just days after scrambling fighter jets over ‘reckless’ incursions,"기사는 중국 전투기의 대만 영공 침범 및 대만의 대응에 관한 것으로, GDELT 분류인 '소형화기 충돌(small-arms clash)'과는 직접적으로 일치하지 않습니다.",https://www.thesun.co.uk/news/8779944/tawaian-fighter-chinese-warplane-incursion-2/,https://www.thesun.co.uk/news/8779944/tawaian-fighter-chinese-warplane-incursion-2/
914394061,2020-03-25,191,OK_ORIGINAL,MISMATCH,LOW,"Macau restricts entry of visitors from China, Hong Kong, Taiwan - CalvinAyre.com","이 기사는 COVID-19 확산 방지를 위한 마카오의 방문객 입국 제한에 관한 내용으로, 양안 군사 사건과는 관련이 없습니다.",https://calvinayre.com/2020/03/25/casino/macau-restricts-entry-visitors-china-hong-kong-taiwan/,https://calvinayre.com/2020/03/25/casino/macau-restricts-entry-visitors-china-hong-kong-taiwan/
914429477,2020-03-25,150,EMPTY,-,UNVERIFIED,,본문 확보 실패,,https://www.msn.com/en-us/news/world/taiwan-anger-over-china-military-drills-during-virus-outbreak/ar-BB11G85q
856199005,2019-07-01,150,OK_ORIGINAL,AMBIGUOUS,MEDIUM,Taiwan leader plans US stopover on diplomatic tour,"기사는 대만 지도자의 미국 경유 계획을 다루고 있으며, 이는 중국과의 외교적 긴장과 관련될 수 있으나 직접적인 군사적 행동이나 태세를 묘사하고 있지 않아 '군사 태세'로 분류하기에는 모호합니다.",https://guardian.ng/news/taiwan-leader-plans-us-stopover-on-diplomatic-tour/,https://guardian.ng/news/taiwan-leader-plans-us-stopover-on-diplomatic-tour/
285763873,2014-02-13,194,NOTFOUND,-,UNVERIFIED,,본문 확보 실패,,http://www.telegraphindia.com/1140214/jsp/opinion/story_17933446.jsp
904262509,2020-02-06,190,NOTFOUND,-,UNVERIFIED,,본문 확보 실패,,https://www.cnbc.com/2020/02/06/reuters-america-update-1-who-says-too-early-to-say-coronavirus-peaking-in-china.html
904221490,2020-02-06,190,EMPTY,-,UNVERIFIED,,본문 확보 실패,,https://www.msn.com/en-my/news/other/us-clashes-with-china-over-taiwan-e2-80-99s-place-at-the-who-table/ar-BBZINO0
904206686,2020-02-06,190,NOTFOUND,-,UNVERIFIED,,본문 확보 실패,,http://news.trust.org/item/20200206131125-u1v42
904407431,2020-02-07,190,OK_ORIGINAL,MISMATCH,LOW,World News: WHO says too early to say coronavirus peaking in China,"이 기사는 코로나19 팬데믹에 관한 내용으로, 양안 군사 사건과는 전혀 관련이 없습니다.",http://www.gdnonline.com/Details/760754/WHO-says-too-early-to-say-coronavirus-peaking-in-China,http://www.gdnonline.com/Details/760754/WHO-says-too-early-to-say-coronavirus-peaking-in-China
904376300,2020-02-07,190,NOTFOUND,-,UNVERIFIED,,본문 확보 실패,,https://www.japantimes.co.jp/?post_type=news&p=2471305
904221489,2020-02-06,190,EMPTY,-,UNVERIFIED,,본문 확보 실패,,https://www.msn.com/en-my/news/other/us-clashes-with-china-over-taiwan-e2-80-99s-place-at-the-who-table/ar-BBZINO0
904379225,2020-02-07,190,OK_ORIGINAL,MISMATCH,LOW,Coronavirus: WHO says it's too early to say outbreak peaking in China,"이 기사는 코로나19 팬데믹에 관한 내용으로, 중국과 대만 간의 군사 사건과 전혀 관련이 없습니다.",https://www.asiaone.com/world/coronavirus-who-says-its-too-early-say-outbreak-peaking-china,https://www.asiaone.com/world/coronavirus-who-says-its-too-early-say-outbreak-peaking-china
905103788,2020-02-11,190,NOTFOUND,-,UNVERIFIED,,본문 확보 실패,,https://isp.netscape.com/news/world/story/0002/20200211/KBN20503L_1
904261273,2020-02-06,190,NOTFOUND,-,UNVERIFIED,,본문 확보 실패,,https://www.cnbc.com/2020/02/06/reuters-america-update-1-who-says-too-early-to-say-coronavirus-peaking-in-china.html
904406595,2020-02-07,190,OK_ORIGINAL,MISMATCH,LOW,World News: WHO says too early to say coronavirus peaking in China,"이 기사는 코로나19 팬데믹과 WHO 회의에서의 대만 배제 문제에 관한 내용으로, 양안 군사 사건이나 재래식 무력 사용과는 관련이 없습니다.",http://www.gdnonline.com/Details/760754/WHO-says-too-early-to-say-coronavirus-peaking-in-China,http://www.gdnonline.com/Details/760754/WHO-says-too-early-to-say-coronavirus-peaking-in-China
904379228,2020-02-07,190,OK_ORIGINAL,MISMATCH,LOW,Coronavirus: WHO says it's too early to say outbreak peaking in China,"기사는 코로나19 발생 상황에 대한 WHO의 발표를 다루고 있으며, 양안 군사 사건이나 재래식 무력 사용과는 전혀 관련이 없습니다.",https://www.asiaone.com/world/coronavirus-who-says-its-too-early-say-outbreak-peaking-china,https://www.asiaone.com/world/coronavirus-who-says-its-too-early-say-outbreak-peaking-china
904222711,2020-02-06,190,EMPTY,-,UNVERIFIED,,본문 확보 실패,,https://www.msn.com/en-my/news/other/us-clashes-with-china-over-taiwan-e2-80-99s-place-at-the-who-table/ar-BBZINO0
905155476,2020-02-11,190,OK_ORIGINAL,MATCH,HIGH,China says Taiwan drills are meant to hone combat capabilities,"기사는 중국군이 대만 영공 근처에서 수행한 훈련에 대해 설명하고 있으며, 이는 CAMEO 코드 190 '재래식 무력 사용'으로 분류될 수 있는 군사 행동에 해당합니다.",https://www.aljazeera.com/news/2020/02/china-taiwan-drills-meant-hone-combat-capabilities-200211041844107.html,https://www.aljazeera.com/news/2020/02/china-taiwan-drills-meant-hone-combat-capabilities-200211041844107.html
904207935,2020-02-06,190,NOTFOUND,-,UNVERIFIED,,본문 확보 실패,,http://news.trust.org/item/20200206131125-u1v42
904380030,2020-02-07,190,OK_ORIGINAL,MISMATCH,LOW,Coronavirus: WHO says it's too early to say outbreak peaking in China,"이 기사는 신종 코로나바이러스 감염증(COVID-19)에 관한 보도로, 양안 군사 사건과는 관련이 없으므로 GDELT의 '재래식 무력 사용' 분류와 일치하지 않습니다.",https://www.asiaone.com/world/coronavirus-who-says-its-too-early-say-outbreak-peaking-china,https://www.asiaone.com/world/coronavirus-who-says-its-too-early-say-outbreak-peaking-china
904377112,2020-02-07,190,NOTFOUND,-,UNVERIFIED,,본문 확보 실패,,https://www.japantimes.co.jp/?post_type=news&p=2471305
904974666,2020-02-10,195,OK_ORIGINAL,MATCH,HIGH,Chinese Military Aircraft Cross Into Taiwan Airspace: Taipei,"기사에서 중국 군용기가 대만 영공을 침범했다는 내용이 명확히 언급되어 있으며, 이는 CAMEO 코드 195 '공중무기 사용'에 부합하는 사건입니다.",https://www.ibtimes.com/chinese-military-aircraft-cross-taiwan-airspace-taipei-2919141,https://www.ibtimes.com/chinese-military-aircraft-cross-taiwan-airspace-taipei-2919141
904207934,2020-02-06,190,NOTFOUND,-,UNVERIFIED,,본문 확보 실패,,http://news.trust.org/item/20200206131125-u1v42
904930113,2020-02-10,192,OK_ORIGINAL,AMBIGUOUS,MEDIUM,Chinese military aircraft cross into Taiwan airspace – Taipei,"기사는 중국 군용기가 대만 영공을 침범한 사건을 다루고 있으나, 이는 영토 점령(occupy territory)보다는 영공 침범이나 위협적인 행동으로 해석될 여지가 있어 CAMEO 코드 192와 명확히 일치한다고 보기 어렵습니다.",https://www.rappler.com/world/regions/asia-pacific/251455-chinese-military-aircraft-cross-into-taiwan-airspace,https://www.rappler.com/world/regions/asia-pacific/251455-chinese-military-aircraft-cross-into-taiwan-airspace
904930140,2020-02-10,192,OK_ORIGINAL,MISMATCH,LOW,Chinese military aircraft cross into Taiwan airspace – Taipei,"기사는 중국 군용기가 대만 영공을 침범한 사건을 다루고 있으며, 이는 영토 점령(occupy territory)보다는 '영토 침범(territorial violation)' 또는 '항공기 침입(aircraft incursion)'에 더 가깝습니다.",https://www.rappler.com/world/regions/asia-pacific/251455-chinese-military-aircraft-cross-into-taiwan-airspace,https://www.rappler.com/world/regions/asia-pacific/251455-chinese-military-aircraft-cross-into-taiwan-airspace
905103786,2020-02-11,190,NOTFOUND,-,UNVERIFIED,,본문 확보 실패,,https://isp.netscape.com/news/world/story/0002/20200211/KBN20503L_1
904380032,2020-02-07,190,OK_ORIGINAL,MISMATCH,LOW,Coronavirus: WHO says it's too early to say outbreak peaking in China,"기사는 코로나19 팬데믹에 관한 내용이며, 양안 군사 사건이나 재래식 무력 사용과는 전혀 관련이 없습니다.",https://www.asiaone.com/world/coronavirus-who-says-its-too-early-say-outbreak-peaking-china,https://www.asiaone.com/world/coronavirus-who-says-its-too-early-say-outbreak-peaking-china
320253412,2014-10-25,190,NOTFOUND,-,UNVERIFIED,,본문 확보 실패,,http://ibnlive.in.com/news/sania-mirzacara-black-record-nervy-win-enter-wta-yearend-finals/508524-5-22.html
311217570,2014-08-26,192,OK_ORIGINAL,MISMATCH,LOW,Taiwan Says Chinese Jets Breached its Airspace,"기사는 중국 군용기가 대만 영공을 침범한 사건을 다루고 있으며, 이는 영토 점령과는 직접적인 관련이 없습니다.",http://www.globalsecurity.org/military/library/news/2014/08/mil-140826-voa05.htm,http://www.globalsecurity.org/military/library/news/2014/08/mil-140826-voa05.htm
297472085,2014-05-15,193,OK_ORIGINAL,MISMATCH,LOW,Up to 21 dead as anti-China riots spread in Vietnam,"본 기사는 베트남 내 반중 시위로 인한 사망 및 재산 피해에 관한 내용으로, 중국과 대만 간의 군사적 충돌을 다루지 않으므로 GDELT 분류 유형과 일치하지 않습니다.",http://www.nation.com.pk/international/16-May-2014/up-to-21-dead-as-anti-china-riots-spread-in-vietnam,http://www.nation.com.pk/international/16-May-2014/up-to-21-dead-as-anti-china-riots-spread-in-vietnam
311696702,2014-08-29,192,NOTFOUND,-,UNVERIFIED,,본문 확보 실패,,http://www.taiwansun.com/index.php/sid/225222471/scat/0dd057261bcc461b
862343051,2019-07-29,150,OK_ORIGINAL,MATCH,HIGH,China launches big military drills near Taiwan,"기사는 중국이 대만 근처에서 대규모 군사 훈련을 시작했다고 보도하고 있으며, 이는 CAMEO 코드 150 '군사 태세'에 해당합니다.",https://www.malaysiakini.com/news/485875,https://www.malaysiakini.com/news/485875
862328854,2019-07-29,150,NOTFOUND,-,UNVERIFIED,,본문 확보 실패,,https://www.aa.com.tr/en/asia-pacific/china-launches-big-military-drills-near-taiwan/1543994
862635018,2019-07-30,150,OK_ORIGINAL,MATCH,HIGH,Taiwan is firing off more than 100 missiles as the Chinese military holds drills nearby,"기사는 대만과 중국 양측이 군사 훈련과 미사일 발사를 포함한 군사 활동을 벌이고 있음을 명확히 보여주며, 이는 GDELT의 '군사 태세' 분류와 일치합니다.",https://www.businessinsider.com/taiwan-holds-missile-exercise-as-chinese-military-drills-nearby-2019-7,https://www.businessinsider.com/taiwan-holds-missile-exercise-as-chinese-military-drills-nearby-2019-7
862569109,2019-07-30,190,OK_ORIGINAL,MATCH,HIGH,Taiwan engaged in missile drill as China holds military exercises - Focus Taiwan,"기사는 대만이 미사일 훈련을 하고 중국이 군사 훈련을 하고 있다는 내용을 포함하며, 이는 GDELT 분류 코드 190(재래식 무력 사용)에 해당하는 군사적 행위를 묘사하고 있습니다.",http://focustaiwan.tw/news/aipl/201907300009.aspx,http://focustaiwan.tw/news/aipl/201907300009.aspx
862489154,2019-07-30,150,OK_ORIGINAL,MATCH,HIGH,"China military starts exercises in Taiwan Strait
 | Taiwan News | Jul. 29, 2019 12:07","기사는 중국군이 대만 해협에서 군사 훈련을 실시하고 대만 국방부가 이를 감시하고 있다는 내용을 다루고 있어, 이는 양안 군사 사건이며 GDELT의 '군사 태세' 분류와 일치합니다.",https://www.taiwannews.com.tw/en/news/3754142,https://www.taiwannews.com.tw/en/news/3754142
862792705,2019-07-31,150,NOTFOUND,-,UNVERIFIED,,본문 확보 실패,,http://www.startribune.com/taiwan-ends-live-fire-drills-coinciding-with-china-exercises/513425652/
862792704,2019-07-31,150,NOTFOUND,-,UNVERIFIED,,본문 확보 실패,,https://www.sfgate.com/news/world/article/Taiwan-ends-live-fire-drills-coinciding-with-14268916.php
862817902,2019-07-31,150,NOTFOUND,-,UNVERIFIED,,본문 확보 실패,,https://www.washingtonpost.com/world/asia_pacific/taiwan-ends-live-fire-drills-coinciding-with-china-exercises/2019/07/31/43af62bc-b354-11e9-acc8-1d847bacca73_story.html
862910984,2019-07-31,150,OK_ORIGINAL,MATCH,HIGH,"Taiwan fires over 100 missiles during China war drills
 | Taiwan News | Jul. 31, 2019 12:43","대만은 중국의 군사 훈련에 대응하여 미사일 발사 훈련을 실시했으며, 이는 양안 간의 군사적 긴장 상황에서 군사적 대응 능력을 과시하는 군사 태세에 해당합니다.",https://www.taiwannews.com.tw/en/news/3755607,https://www.taiwannews.com.tw/en/news/3755607
862949830,2019-07-31,190,NOTFOUND,-,UNVERIFIED,,본문 확보 실패,,http://focustaiwan.tw/news/afav/201907300009.aspx
862910985,2019-07-31,194,OK_ORIGINAL,AMBIGUOUS,MEDIUM,"Taiwan fires over 100 missiles during China war drills
 | Taiwan News | Jul. 31, 2019 12:43","기사에는 대만이 중국의 군사 훈련에 대응하여 미사일 발사 훈련을 실시했다는 내용이 있지만, 이는 직접적인 무력 충돌보다는 훈련의 일환으로 분류될 가능성이 높아 CAMEO 코드 194(중화기 무력충돌)와 정확히 일치한다고 보기 어렵습니다.",https://www.taiwannews.com.tw/en/news/3755607,https://www.taiwannews.com.tw/en/news/3755607
862149320,2019-07-28,190,NOTFOUND,-,UNVERIFIED,,본문 확보 실패,,https://news.yahoo.com/beijing-friendly-candidate-says-elections-battle-taiwan-052634274.html
862150609,2019-07-28,190,OK_ORIGINAL,MISMATCH,LOW,Beijing-friendly candidate says elections a 'battle' for Taiwan,"해당 기사는 대만 총통 선거와 관련된 정치적 발언을 다루고 있으며, 실제 재래식 무력 사용에 대한 내용은 포함하고 있지 않습니다.",https://www.rappler.com/world/regions/asia-pacific/236477-beijing-friendly-candidate-han-kuo-yu-elections-battle-for-taiwan,https://www.rappler.com/world/regions/asia-pacific/236477-beijing-friendly-candidate-han-kuo-yu-elections-battle-for-taiwan
862307396,2019-07-29,150,OK_ORIGINAL,MATCH,HIGH,China to conduct military drills in waters near Taiwan,"기사는 중국이 대만 인근 해역에서 군사 훈련을 실시할 예정이라고 보도하며, 이는 CAMEO 코드 150 ""군사 태세""에 해당합니다.",https://www.freemalaysiatoday.com/category/world/2019/07/29/china-to-conduct-military-drills-in-waters-near-taiwan/,https://www.freemalaysiatoday.com/category/world/2019/07/29/china-to-conduct-military-drills-in-waters-near-taiwan/
862572753,2019-07-30,150,NOTFOUND,-,UNVERIFIED,,본문 확보 실패,,https://www.nytimes.com/2019/07/30/world/asia/trump-taiwan-arms-china-trade-.html
861875709,2019-07-26,190,EMPTY,-,UNVERIFIED,,본문 확보 실패,,http://www.defencenews.in/article/China%e2%80%99s-defence-vision-paper-takes-potshots-at-%e2%80%98Quad%e2%80%99-but-wants-stability-on-India-border-586094
862407700,2019-07-29,150,OK_ORIGINAL,MISMATCH,LOW,Latest news and current events updates | Yahoo News Singapore,"제시된 기사 내용은 AI의 일자리 영향, 미국 정치인의 발언, 이란의 미국 기지 공격, 빌 게이츠 관련 증언, 인도 은행의 예금 금리 인상, 우크라이나 드론 공격 등 다양한 주제를 다루고 있으며, 양안(중국-대만) 군사 사건과는 전혀 관련이 없습니다.",https://ph.news.yahoo.com/chinese-military-starts-taiwan-strait-141028515.html,https://ph.news.yahoo.com/chinese-military-starts-taiwan-strait-141028515.html
862635016,2019-07-30,150,OK_ORIGINAL,MATCH,HIGH,Taiwan is firing off more than 100 missiles as the Chinese military holds drills nearby,"기사는 대만과 중국 양측이 군사 훈련 및 미사일 발사를 통해 군사적 긴장을 고조시키는 상황을 묘사하고 있어, GDELT의 '군사 태세(military posturing)' 분류와 일치합니다.",https://www.businessinsider.com/taiwan-holds-missile-exercise-as-chinese-military-drills-nearby-2019-7,https://www.businessinsider.com/taiwan-holds-missile-exercise-as-chinese-military-drills-nearby-2019-7
862644807,2019-07-30,150,NOTFOUND,-,UNVERIFIED,,본문 확보 실패,,https://www.businessinsider.com.au/taiwan-holds-missile-exercise-as-chinese-military-drills-nearby-2019-7
862788957,2019-07-31,150,OK_ORIGINAL,MATCH,HIGH,Taiwan is firing off more than 100 missiles as the Chinese military holds drills nearby,"기사는 대만이 중국군의 인근 훈련에 대응하여 자체적으로 미사일 발사 훈련을 실시하고 있으며, 이는 GDELT의 CAMEO 코드 150 '군사 태세' 분류에 부합하는 군사 활동입니다.",https://news.yahoo.com/taiwan-firing-off-more-100-143310944.html,https://news.yahoo.com/taiwan-firing-off-more-100-143310944.html
862809245,2019-07-31,190,OK_ORIGINAL,MATCH,HIGH,Taiwan engaged in missile drill as China holds military exercises,"기사는 대만의 미사일 훈련과 중국의 군사 훈련을 언급하며 양안 간의 군사적 긴장 상황을 다루고 있으며, 이는 재래식 무력 사용(use conventional force)과 관련된 사건으로 분류될 수 있습니다.",https://www.globalsecurity.org/wmd/library/news/taiwan/2019/taiwan-190730-cna01.htm,https://www.globalsecurity.org/wmd/library/news/taiwan/2019/taiwan-190730-cna01.htm
862949845,2019-07-31,150,OK_ORIGINAL,MATCH,HIGH,Taiwan is firing off more than 100 missiles as the Chinese military holds drills nearby | Eye On Taiwan,"기사는 대만이 중국의 군사 훈련 인근에서 미사일 발사 훈련을 실시하고 있다는 내용을 다루고 있으며, 이는 군사적 긴장 상황에서 양측이 군사력을 과시하고 대비하는 '군사 태세'로 볼 수 있어 GDELT 분류 유형과 일치합니다.",https://www.eyeontaiwan.com/taiwan-is-firing-off-more-than-100-missiles-as-the-chinese-military-holds-drills-nearby,https://www.eyeontaiwan.com/taiwan-is-firing-off-more-than-100-missiles-as-the-chinese-military-holds-drills-nearby
862149799,2019-07-28,190,NOTFOUND,-,UNVERIFIED,,본문 확보 실패,,https://news.yahoo.com/beijing-friendly-candidate-says-elections-battle-taiwan-052634274.html
297710349,2014-05-17,190,OK_ORIGINAL,MISMATCH,LOW,China moves citizens from Vietnam,"기사는 중국 정부가 베트남에서 자국민을 대피시키는 사건을 다루고 있으며, 이는 재래식 무력 사용이라는 GDELT 분류와 직접적으로 관련이 없습니다.",http://www.radionz.co.nz/news/world/244670/china-moves-citizens-from-vietnam,http://www.radionz.co.nz/news/world/244670/china-moves-citizens-from-vietnam
306332901,2014-07-22,190,NOTFOUND,-,UNVERIFIED,,본문 확보 실패,,https://www.defenseindustrydaily.com/taiwan-seeking-a-better-fck-with-possible-longerterm-aspirations-02492/
959057087,2020-12-11,150,NOTFOUND,-,UNVERIFIED,,본문 확보 실패,,https://www.chron.com/news/article/Taiwan-president-launches-new-domestically-made-15793758.php
962233831,2021-01-01,154,NOTFOUND,-,UNVERIFIED,,본문 확보 실패,,https://www.theedgemarkets.com/article/new-years-speech-taiwans-president-again-reaches-out-china
959057088,2020-12-11,150,NOTFOUND,-,UNVERIFIED,,본문 확보 실패,,https://www.chron.com/news/article/Taiwan-president-launches-new-domestically-made-15793758.php
957411539,2020-12-02,192,OK_ORIGINAL,AMBIGUOUS,MEDIUM,Taipei could be used as scapegoat by China: Joseph Wu,"기사는 중국과 대만 간의 긴장을 다루지만, '영토 점령'이라는 구체적인 사건 유형을 직접적으로 묘사하기보다는 정치적 발언과 군사적 위협에 초점을 맞추고 있습니다.",https://www.beijingbulletin.com/news/267139883/taipei-could-be-used-as-scapegoat-by-china-joseph-wu,https://www.beijingbulletin.com/news/267139883/taipei-could-be-used-as-scapegoat-by-china-joseph-wu
957411553,2020-12-02,192,OK_ORIGINAL,AMBIGUOUS,MEDIUM,Taipei could be used as scapegoat by China: Joseph Wu,"기사는 양안 군사적 긴장을 언급하지만, 직접적인 영토 점령 행위에 대한 내용은 담고 있지 않아 CAMEO 코드 192와 명확하게 일치한다고 보기 어렵습니다.",https://www.beijingbulletin.com/news/267139883/taipei-could-be-used-as-scapegoat-by-china-joseph-wu,https://www.beijingbulletin.com/news/267139883/taipei-could-be-used-as-scapegoat-by-china-joseph-wu
958395306,2020-12-08,190,EMPTY,-,UNVERIFIED,,본문 확보 실패,,https://www.msn.com/en-us/news/world/taiwan-warns-e2-80-98massive-e2-80-99-attack-by-china-may-be-just-a-few-years-away/ar-BB1bIupw
958395326,2020-12-08,190,EMPTY,-,UNVERIFIED,,본문 확보 실패,,https://www.msn.com/en-us/news/world/taiwan-warns-e2-80-98massive-e2-80-99-attack-by-china-may-be-just-a-few-years-away/ar-BB1bIupw
962233830,2021-01-01,154,NOTFOUND,-,UNVERIFIED,,본문 확보 실패,,https://www.theedgemarkets.com/article/new-years-speech-taiwans-president-again-reaches-out-china
990816614,2021-06-18,151,OK_ORIGINAL,MATCH,HIGH,Chinese warplanes enters Taiwan air defence zone,"기사는 중국 전투기가 대만 방공식별구역에 진입한 사건을 다루고 있으며, 이는 경계 수준 강화라는 GDELT 분류와 일치합니다.",https://www.bignewsnetwork.com/news/269944706/chinese-warplanes-enters-taiwan-air-defence-zone,https://www.bignewsnetwork.com/news/269944706/chinese-warplanes-enters-taiwan-air-defence-zone
991006672,2021-06-19,193,OK_ORIGINAL,MISMATCH,LOW,Exclusive-U.S. triples vaccines for Taiwan with 2.5 million-dose shipment,"기사는 미국이 대만에 백신을 지원하는 내용으로, 소형화기 충돌과 같은 군사 사건과는 관련이 없습니다.",https://news.yahoo.com/exclusive-u-triples-vaccines-taiwan-120929322.html,https://news.yahoo.com/exclusive-u-triples-vaccines-taiwan-120929322.html
990843662,2021-06-18,151,OK_ORIGINAL,MATCH,HIGH,China sends 28 military aircraft across Taiwan in show of force,"기사는 중국의 대규모 군용기 대만 영공 침범을 보도하고 있으며, 이는 경계 수준 강화로 해석될 수 있습니다.",https://www.asiabulletin.com/news/269944662/china-sends-28-military-aircraft-across-taiwan-in-show-of-force,https://www.asiabulletin.com/news/269944662/china-sends-28-military-aircraft-across-taiwan-in-show-of-force
990562753,2021-06-16,151,EMPTY,-,UNVERIFIED,,본문 확보 실패,,https://www.msn.com/en-ca/news/world/why-natos-tentative-pivot-to-the-asia-pacific-may-be-a-hard-sell/ar-AAL7BA0
991053165,2021-06-19,190,OK_ORIGINAL,MISMATCH,LOW,US donates 2.5 million COVID-19 vaccine doses to Taiwan,"본 기사는 COVID-19 백신 지원에 대한 내용으로, 재래식 무력 사용과는 관련이 없습니다.",https://www.birminghamstar.com/news/269967882/us-donates-25-million-covid-19-vaccine-doses-to-taiwan,https://www.birminghamstar.com/news/269967882/us-donates-25-million-covid-19-vaccine-doses-to-taiwan
991058574,2021-06-20,190,OK_ORIGINAL,MISMATCH,LOW,US donates 2.5 million COVID-19 vaccine doses to Taiwan,"해당 기사는 미국이 대만에 코로나19 백신을 기부하는 내용을 다루고 있으며, 이는 재래식 무력 사용(CAMEO 코드 190)과는 관련이 없는 사건입니다.",https://www.shanghainews.net/news/269967882/us-donates-25-million-covid-19-vaccine-doses-to-taiwan,https://www.shanghainews.net/news/269967882/us-donates-25-million-covid-19-vaccine-doses-to-taiwan
990405827,2021-06-16,154,OK_ORIGINAL,MATCH,HIGH,Taiwan reports largest daily incursion by Chinese air force,"기사는 중국 군용기 28대가 대만 방공식별구역에 진입한 사건을 보도하며, 이는 중국의 군사적 행동이며 GDELT 분류 코드 154(군사 동원·증강)에 해당합니다.",https://www.bignewsnetwork.com/news/269914353/taiwan-reports-largest-daily-incursion-by-chinese-air-force,https://www.bignewsnetwork.com/news/269914353/taiwan-reports-largest-daily-incursion-by-chinese-air-force
990405821,2021-06-16,154,OK_ORIGINAL,MATCH,HIGH,Taiwan reports largest daily incursion by Chinese air force,"기사는 중국 공군이 대만 방공식별구역에 대규모로 진입한 사건을 보도하고 있으며, 이는 '군사 동원·증강'에 해당하는 GDELT CAMEO 코드 154의 분류와 일치합니다.",https://www.bignewsnetwork.com/news/269914353/taiwan-reports-largest-daily-incursion-by-chinese-air-force,https://www.bignewsnetwork.com/news/269914353/taiwan-reports-largest-daily-incursion-by-chinese-air-force
990405828,2021-06-16,154,OK_ORIGINAL,MATCH,HIGH,Taiwan reports largest daily incursion by Chinese air force,"기사는 중국의 대만 방공식별구역 침범을 보도하며, 이는 군사 동원 및 증강과 관련된 양안 군사 사건으로 볼 수 있습니다.",https://www.bignewsnetwork.com/news/269914353/taiwan-reports-largest-daily-incursion-by-chinese-air-force,https://www.bignewsnetwork.com/news/269914353/taiwan-reports-largest-daily-incursion-by-chinese-air-force
990728703,2021-06-17,154,OK_ORIGINAL,AMBIGUOUS,MEDIUM,US congressmen reintroduce Taiwan Defense Act,"기사는 대만 방어법 재도입에 관한 것으로, 군사적 긴장을 시사하지만 직접적인 군사 동원이나 증강 행위를 묘사하지는 않습니다.",https://www.singaporestar.com/news/269936644/us-congressmen-reintroduce-taiwan-defense-act,https://www.singaporestar.com/news/269936644/us-congressmen-reintroduce-taiwan-defense-act
990728708,2021-06-17,154,OK_ORIGINAL,AMBIGUOUS,MEDIUM,US congressmen reintroduce Taiwan Defense Act,"기사는 대만 방어법 재도입에 관한 것으로, 군사 동원 및 증강보다는 외교 및 입법 활동에 초점을 맞추고 있어 CAMEO 코드 154와 직접적으로 일치하지는 않습니다.",https://www.singaporestar.com/news/269936644/us-congressmen-reintroduce-taiwan-defense-act,https://www.singaporestar.com/news/269936644/us-congressmen-reintroduce-taiwan-defense-act
990728709,2021-06-17,154,OK_ORIGINAL,AMBIGUOUS,MEDIUM,US congressmen reintroduce Taiwan Defense Act,"기사는 양안 군사 사건과 관련이 있지만, 중국의 실제 군사 동원이나 증강보다는 미국의 대응 법안 재발의에 초점을 맞추고 있어 GDELT의 '군사 동원·증강' 분류와는 직접적으로 일치하지 않습니다.",https://www.singaporestar.com/news/269936644/us-congressmen-reintroduce-taiwan-defense-act,https://www.singaporestar.com/news/269936644/us-congressmen-reintroduce-taiwan-defense-act
991104743,2021-06-20,190,NOTFOUND,-,UNVERIFIED,,본문 확보 실패,,https://www.aninews.in/news/world/asia/taiwan-receives-25-million-covid-19-vaccine-from-us20210620164358/
992417793,2021-06-28,190,NOTFOUND,-,UNVERIFIED,,본문 확보 실패,,https://www.aninews.in/news/world/asia/taiwan-to-receive-more-moderna-covid-19-vaccine-doses-on-june-3020210628203500/
990816612,2021-06-18,151,OK_ORIGINAL,MATCH,HIGH,Chinese warplanes enters Taiwan air defence zone,"기사는 중국 전투기가 대만 방공 식별 구역에 진입한 사건을 보도하며, 이는 '경계 수준 강화'라는 CAMEO 코드 151 분류와 일치합니다.",https://www.bignewsnetwork.com/news/269944706/chinese-warplanes-enters-taiwan-air-defence-zone,https://www.bignewsnetwork.com/news/269944706/chinese-warplanes-enters-taiwan-air-defence-zone
990816613,2021-06-18,151,OK_ORIGINAL,MATCH,HIGH,Chinese warplanes enters Taiwan air defence zone,"기사는 중국 전투기가 대만 방공식별구역에 진입한 사건을 다루고 있으며, 이는 '경계 수준 강화'라는 GDELT 분류와 일치합니다.",https://www.bignewsnetwork.com/news/269944706/chinese-warplanes-enters-taiwan-air-defence-zone,https://www.bignewsnetwork.com/news/269944706/chinese-warplanes-enters-taiwan-air-defence-zone
991006671,2021-06-19,193,OK_ORIGINAL,MISMATCH,LOW,Exclusive-U.S. triples vaccines for Taiwan with 2.5 million-dose shipment,"해당 기사는 미국이 대만에 코로나19 백신을 지원하는 내용으로, 소형화기 충돌과 같은 군사 사건과는 관련이 없습니다.",https://news.yahoo.com/exclusive-u-triples-vaccines-taiwan-120929322.html,https://news.yahoo.com/exclusive-u-triples-vaccines-taiwan-120929322.html
991053318,2021-06-19,190,OK_ORIGINAL,MISMATCH,LOW,US donates 2.5 million COVID-19 vaccine doses to Taiwan,"이 기사는 COVID-19 백신 지원에 관한 내용이며, 재래식 무력 사용에 관한 GDELT 분류와는 관련이 없습니다.",https://www.birminghamstar.com/news/269967882/us-donates-25-million-covid-19-vaccine-doses-to-taiwan,https://www.birminghamstar.com/news/269967882/us-donates-25-million-covid-19-vaccine-doses-to-taiwan
991066932,2021-06-20,193,OK_ORIGINAL,MISMATCH,LOW,The US triples its vaccine donations to Taiwan as the island battles an outbreak,"기사는 백신 지원에 대한 내용이며, GDELT가 분류한 소형화기 충돌이라는 군사 사건과는 관련이 없습니다.",https://kesq.com/news/national-world/cnn-asia-pacific/2021/06/19/the-us-triples-its-vaccine-donations-to-taiwan-as-the-island-battles-an-outbreak/,https://kesq.com/news/national-world/cnn-asia-pacific/2021/06/19/the-us-triples-its-vaccine-donations-to-taiwan-as-the-island-battles-an-outbreak/
991105113,2021-06-20,190,NOTFOUND,-,UNVERIFIED,,본문 확보 실패,,https://www.aninews.in/news/world/asia/taiwan-receives-25-million-covid-19-vaccine-from-us20210620164358/
991058914,2021-06-20,190,OK_ORIGINAL,MISMATCH,LOW,US donates 2.5 million COVID-19 vaccine doses to Taiwan,"기사는 COVID-19 백신 기부에 관한 내용으로, 재래식 무력 사용과는 관련이 없습니다.",https://www.shanghainews.net/news/269967882/us-donates-25-million-covid-19-vaccine-doses-to-taiwan,https://www.shanghainews.net/news/269967882/us-donates-25-million-covid-19-vaccine-doses-to-taiwan
992418665,2021-06-28,190,NOTFOUND,-,UNVERIFIED,,본문 확보 실패,,https://www.aninews.in/news/world/asia/taiwan-to-receive-more-moderna-covid-19-vaccine-doses-on-june-3020210628203500/
991109502,2021-06-20,190,OK_ORIGINAL,MISMATCH,LOW,Taiwan receives 2.5 million COVID-19 vaccine from US,"기사는 미국이 대만에 코로나19 백신을 지원했다는 내용으로, 재래식 무력 사용과는 관련이 없습니다.",https://www.bignewsnetwork.com/news/269975082/taiwan-receives-25-million-covid-19-vaccine-from-us,https://www.bignewsnetwork.com/news/269975082/taiwan-receives-25-million-covid-19-vaccine-from-us
991109958,2021-06-20,190,OK_ORIGINAL,MISMATCH,LOW,Taiwan receives 2.5 million COVID-19 vaccine from US,"기사는 미국이 대만에 코로나19 백신을 지원했다는 내용을 다루고 있으며, 이는 양안 간의 군사적 충돌과는 관련이 없습니다.",https://www.bignewsnetwork.com/news/269975082/taiwan-receives-25-million-covid-19-vaccine-from-us,https://www.bignewsnetwork.com/news/269975082/taiwan-receives-25-million-covid-19-vaccine-from-us
991104742,2021-06-20,190,NOTFOUND,-,UNVERIFIED,,본문 확보 실패,,https://www.aninews.in/news/world/asia/taiwan-receives-25-million-covid-19-vaccine-from-us20210620164358/
991105112,2021-06-20,190,NOTFOUND,-,UNVERIFIED,,본문 확보 실패,,https://www.aninews.in/news/world/asia/taiwan-receives-25-million-covid-19-vaccine-from-us20210620164358/
991058573,2021-06-20,190,OK_ORIGINAL,MISMATCH,LOW,US donates 2.5 million COVID-19 vaccine doses to Taiwan,"기사는 COVID-19 백신 기부에 관한 것으로, CAMEO 코드 190(재래식 무력 사용)과는 관련이 없습니다.",https://www.shanghainews.net/news/269967882/us-donates-25-million-covid-19-vaccine-doses-to-taiwan,https://www.shanghainews.net/news/269967882/us-donates-25-million-covid-19-vaccine-doses-to-taiwan
991058913,2021-06-20,190,OK_ORIGINAL,MISMATCH,LOW,US donates 2.5 million COVID-19 vaccine doses to Taiwan,"기사는 COVID-19 백신 기부에 관한 내용이며, 분류된 '재래식 무력 사용'과 관련이 없습니다.",https://www.shanghainews.net/news/269967882/us-donates-25-million-covid-19-vaccine-doses-to-taiwan,https://www.shanghainews.net/news/269967882/us-donates-25-million-covid-19-vaccine-doses-to-taiwan
992417791,2021-06-28,190,NOTFOUND,-,UNVERIFIED,,본문 확보 실패,,https://www.aninews.in/news/world/asia/taiwan-to-receive-more-moderna-covid-19-vaccine-doses-on-june-3020210628203500/
992418663,2021-06-28,190,NOTFOUND,-,UNVERIFIED,,본문 확보 실패,,https://www.aninews.in/news/world/asia/taiwan-to-receive-more-moderna-covid-19-vaccine-doses-on-june-3020210628203500/
992417792,2021-06-28,190,NOTFOUND,-,UNVERIFIED,,본문 확보 실패,,https://www.aninews.in/news/world/asia/taiwan-to-receive-more-moderna-covid-19-vaccine-doses-on-june-3020210628203500/
992418664,2021-06-28,190,NOTFOUND,-,UNVERIFIED,,본문 확보 실패,,https://www.aninews.in/news/world/asia/taiwan-to-receive-more-moderna-covid-19-vaccine-doses-on-june-3020210628203500/
424964600,2015-04-13,190,NOTFOUND,-,UNVERIFIED,,본문 확보 실패,,http://www.salon.com/2015/04/13/china_says_taiwan_wont_be_among_charter_members_of_new_bank/
306675445,2014-07-24,190,NOTFOUND,-,UNVERIFIED,,본문 확보 실패,,http://www.independent.com.mt/articles/2014-07-24/news/taiwan-airline-suspects-bad-weather-caused-crash-5952241664/?___c=___c
297612189,2014-05-16,190,NOTFOUND,-,UNVERIFIED,,본문 확보 실패,,http://www.miamiherald.com/2014/05/16/4120551/vietnam-pm-texts-nation-amid-anti.html
762313028,2018-06-07,190,NOTFOUND,-,UNVERIFIED,,본문 확보 실패,,http://www.startribune.com/taiwan-drills-simulate-repulsing-chinese-assault-on-air-base/484810881/
762315698,2018-06-07,150,NOTFOUND,-,UNVERIFIED,,본문 확보 실패,,http://www.theprogressnews.com/news/world/taiwan-drills-simulate-repulsing-chinese-assault-on-air-base/article_8b30374d-8a7a-5f16-837c-76aba6ad9fdc.html
762313959,2018-06-07,150,NOTFOUND,-,UNVERIFIED,,본문 확보 실패,,http://www.startribune.com/taiwan-drills-simulate-repulsing-chinese-assault-on-air-base/484810881/
762313029,2018-06-07,190,NOTFOUND,-,UNVERIFIED,,본문 확보 실패,,http://www.startribune.com/taiwan-drills-simulate-repulsing-chinese-assault-on-air-base/484810881/
762328893,2018-06-07,150,NOTFOUND,-,UNVERIFIED,,본문 확보 실패,,https://www.telegraph.co.uk/news/2018/06/07/taiwan-conducting-war-games-simulating-repelling-chinese-attack/
762315696,2018-06-07,150,NOTFOUND,-,UNVERIFIED,,본문 확보 실패,,http://www.theprogressnews.com/news/world/taiwan-drills-simulate-repulsing-chinese-assault-on-air-base/article_8b30374d-8a7a-5f16-837c-76aba6ad9fdc.html
762321437,2018-06-07,150,NOTFOUND,-,UNVERIFIED,,본문 확보 실패,,https://www.kpvi.com/news/national_news/taiwan-drills-simulate-repulsing-chinese-assault-on-air-base/article_9317bde5-61f4-5967-bbe5-ec0cc280a15a.html
762313964,2018-06-07,195,NOTFOUND,-,UNVERIFIED,,본문 확보 실패,,http://www.startribune.com/taiwan-drills-simulate-repulsing-chinese-assault-on-air-base/484810881/
762313960,2018-06-07,150,NOTFOUND,-,UNVERIFIED,,본문 확보 실패,,http://www.startribune.com/taiwan-drills-simulate-repulsing-chinese-assault-on-air-base/484810881/
762319772,2018-06-07,150,NOTFOUND,-,UNVERIFIED,,본문 확보 실패,,http://www.heraldonline.com/news/nation-world/world/article212723774.html
297472107,2014-05-15,190,EMPTY,-,UNVERIFIED,,본문 확보 실패,,http://www.geo.tv/article-147747-China-issues-Vietnam-tourist-warning-after-riots
306578372,2014-07-24,190,NOTFOUND,-,UNVERIFIED,,본문 확보 실패,,http://www.buffalonews.com/associated-press/2014-14-07/Taiwan-airline-suspects-bad-weather-caused-crash
307723092,2014-08-01,190,NOTFOUND,-,UNVERIFIED,,본문 확보 실패,,http://english.cntv.cn/2014/08/01/VIDE1406847966883650.shtml
981556774,2021-04-24,154,NOTFOUND,-,UNVERIFIED,,본문 확보 실패,,https://www.telegraph.co.uk/news/2021/04/24/taiwan-mobilises-virtual-army-thwart-chinese-invasion/
982546329,2021-04-30,190,EMPTY,-,UNVERIFIED,,본문 확보 실패,,https://www.msn.com/en-in/news/world/economic-warfare-against-tech-sector-taiwan-bans-recruitment-for-jobs-in-china-to-combat-brain-drain/ar-BB1gcB2M
982667147,2021-04-30,154,OK_ORIGINAL,AMBIGUOUS,MEDIUM,The politics of standing up to Xi’s China,"기사는 대만과 중국 간의 긴장에 대한 정치적 담론을 다루지만, GDELT가 분류한 '군사 동원·증강'이라는 구체적인 사건 유형을 직접적으로 묘사하거나 증거를 제시하지는 않습니다.",https://www.brisbanetimes.com.au/politics/federal/the-politics-of-standing-up-to-xi-s-china-20210430-p57nxa.html,https://www.brisbanetimes.com.au/politics/federal/the-politics-of-standing-up-to-xi-s-china-20210430-p57nxa.html
297710363,2014-05-17,190,OK_ORIGINAL,MISMATCH,LOW,"China trying to build an ISLAND in our waters, claim the Philippines","기사는 중국과 필리핀 간의 남중국해 영토 분쟁에 관한 것으로, 재래식 무력 사용(CAMEO 코드 190)과는 직접적으로 관련이 없습니다.",http://www.dailymail.co.uk/news/article-2631156/China-trying-build-ISLAND-waters-claim-Philippines-tensions-rise-Vietnam-territory-dispute-sparked-riots-Hanoi.html?ITO=1490&ns_mchannel=rss&ns_campaign=1490,http://www.dailymail.co.uk/news/article-2631156/China-trying-build-ISLAND-waters-claim-Philippines-tensions-rise-Vietnam-territory-dispute-sparked-riots-Hanoi.html?ITO=1490&ns_mchannel=rss&ns_campaign=1490
317396715,2014-10-07,190,NOTFOUND,-,UNVERIFIED,,본문 확보 실패,,"Central News Agency website, Taipei/BBC Monitoring/(c) BBC"
797328095,2018-10-25,192,NOTFOUND,-,UNVERIFIED,,본문 확보 실패,,http://www.travelextra.ie/destination-taiwan-2013/
796406701,2018-10-22,192,NOTFOUND,-,UNVERIFIED,,본문 확보 실패,,https://www.ntd.tv/2018/10/05/changing-relations-between-china-taiwan-and-the-u-s/
796795854,2018-10-23,151,OK_ORIGINAL,MATCH,HIGH,U.S. Sails Warships Through Taiwan Strait in Show of Force to China,"미 해군이 대만을 통과하는 군함을 운항하여 중국에 대한 무력 시위를 벌이는 사건으로, 경계 수준 강화(increase alert status)라는 CAMEO 코드 151과 일치합니다.",https://www.yahoo.com/news/u-navy-sails-warships-taiwan-014054687.html,https://www.yahoo.com/news/u-navy-sails-warships-taiwan-014054687.html
796712980,2018-10-23,150,OK_ORIGINAL,MATCH,HIGH,US warships sail through Taiwan Strait,"미국 군함이 대만 해협을 통과하는 기사는 양안 군사 사건이며, 이는 군사적 존재감을 과시하고 의지를 드러내는 '군사 태세(military posturing)'에 해당합니다.",http://www.spacewar.com/afp/181023041811.a8nl8elu.html,http://www.spacewar.com/afp/181023041811.a8nl8elu.html
797482513,2018-10-25,154,NOTFOUND,-,UNVERIFIED,,본문 확보 실패,,http://revolutionradio.org/2018/10/25/ww3-taiwan-hold-drills-in-preparation-for-chinese-invasion/
796656162,2018-10-23,150,NOTFOUND,-,UNVERIFIED,,본문 확보 실패,,https://www.channelnewsasia.com/news/world/us-warships-sail-through-taiwan-strait-10854036
988273304,2021-05-04,193,NOTFOUND,-,UNVERIFIED,,본문 확보 실패,,https://auburnpub.com/news/world/slow-to-start-china-mobilizes-to-vaccinate-at-headlong-pace/article_86d1dd1a-ba49-5fc0-9cae-b322598ef07c.html
988273991,2021-06-03,193,NOTFOUND,-,UNVERIFIED,,본문 확보 실패,,https://auburnpub.com/news/world/slow-to-start-china-mobilizes-to-vaccinate-at-headlong-pace/article_86d1dd1a-ba49-5fc0-9cae-b322598ef07c.html
988271438,2021-05-04,193,NOTFOUND,-,UNVERIFIED,,본문 확보 실패,,https://abcnews.go.com/Health/wireStory/slow-start-china-mobilizes-vaccinate-headlong-pace-78055959
988272111,2021-06-03,193,NOTFOUND,-,UNVERIFIED,,본문 확보 실패,,https://abcnews.go.com/Health/wireStory/slow-start-china-mobilizes-vaccinate-headlong-pace-78055959
988338022,2021-06-03,193,NOTFOUND,-,UNVERIFIED,,본문 확보 실패,,https://napavalleyregister.com/news/world/the-latest-china-gives-shots-at-staggering-pace-in-areas/article_fc6c8145-880f-527b-b643-dc76bc324652.html
988271437,2021-05-04,193,OK_ORIGINAL,MISMATCH,LOW,"Jun 2021: Slow to start, China now vaccinating at a staggering pace","이 기사는 중국의 백신 접종 속도에 대한 내용으로, 소형화기 충돌과 같은 군사 사건과는 전혀 관련이 없습니다.",https://www.winnipegfreepress.com/business/slow-to-start-china-mobilizes-to-vaccinate-at-headlong-pace-574551542.html,https://www.winnipegfreepress.com/business/slow-to-start-china-mobilizes-to-vaccinate-at-headlong-pace-574551542.html
988272110,2021-06-03,193,OK_ORIGINAL,MISMATCH,LOW,"Jun 2021: Slow to start, China now vaccinating at a staggering pace","기사는 중국의 코로나19 백신 접종률에 관한 내용으로, 소형화기 충돌이라는 군사 사건과는 관련이 없습니다.",https://www.winnipegfreepress.com/business/slow-to-start-china-mobilizes-to-vaccinate-at-headlong-pace-574551542.html,https://www.winnipegfreepress.com/business/slow-to-start-china-mobilizes-to-vaccinate-at-headlong-pace-574551542.html
988798231,2021-06-06,190,NOTFOUND,-,UNVERIFIED,,본문 확보 실패,,https://www.kagstv.com/article/news/health/coronavirus/vaccine/us-senators-promise-vaccines-taiwan-china-tension/507-46973a1c-fc8d-4e3c-8b3e-555e86a88219
988798872,2021-06-06,190,NOTFOUND,-,UNVERIFIED,,본문 확보 실패,,https://www.kagstv.com/article/news/health/coronavirus/vaccine/us-senators-promise-vaccines-taiwan-china-tension/507-46973a1c-fc8d-4e3c-8b3e-555e86a88219
928992041,2020-06-12,190,OK_ORIGINAL,MATCH,HIGH,Taiwan fires missiles as it prepares for possible Chinese invasion of its island,"기사는 대만이 중국의 침공에 대비하여 미사일 발사 훈련을 실시하는 내용을 다루고 있으며, 이는 재래식 무력 사용(use conventional force)에 해당합니다.",https://www.dailystar.co.uk/news/world-news/taiwan-fires-missiles-prepares-possible-22180393,https://www.dailystar.co.uk/news/world-news/taiwan-fires-missiles-prepares-possible-22180393
928960508,2020-06-12,150,NOTFOUND,-,UNVERIFIED,,본문 확보 실패,,https://turkishpress.com/taiwan-tests-unidentified-missiles-amid-china-row/
927898131,2020-06-07,202,EMPTY,-,UNVERIFIED,,본문 확보 실패,,https://www.msn.com/en-us/news/world/pompeo-says-china-exploiting-george-floyd-death-laughable-propaganda/ar-BB1587kJ
445201555,2015-07-01,190,OK_ORIGINAL,MISMATCH,LOW,"TransAsia Flight 235 Crash: Crew Shut Off Working Engine After Other Lost Power, Report Says","해당 기사는 항공기 사고에 대한 내용이며, 양안 군사 사건이나 재래식 무력 사용과는 관련이 없습니다.",http://www.ibtimes.com/transasia-flight-235-crash-crew-shut-working-engine-after-other-lost-power-report-1991292,http://www.ibtimes.com/transasia-flight-235-crash-crew-shut-working-engine-after-other-lost-power-report-1991292
793182612,2018-10-09,150,OK_ORIGINAL,MATCH,HIGH,Taiwan and Paraguay perform military exercise amid rising Chinese threat | Headlines,"기사는 대만과 파라과이가 중국의 위협에 맞서 군사 훈련을 실시하는 내용을 다루고 있으며, 이는 GDELT 분류 유형인 '군사 태세(military posturing)'에 해당합니다.",https://www.devdiscourse.com/Article/headlines/211605-taiwan-and-paraguay-perform-military-exercise-amid-rising-chinese-threat,https://www.devdiscourse.com/Article/headlines/211605-taiwan-and-paraguay-perform-military-exercise-amid-rising-chinese-threat
793695939,2018-10-11,150,NOTFOUND,-,UNVERIFIED,,본문 확보 실패,,https://www.heraldscotland.com/news/16975731.taiwan-president-accuses-china-of-challenging-cross-strait-peace-and-stability/
793682924,2018-10-11,150,NOTFOUND,-,UNVERIFIED,,본문 확보 실패,,http://news.trust.org/item/20181011021441-q9n72/
793157366,2018-10-09,150,NOTFOUND,-,UNVERIFIED,,본문 확보 실패,,https://tucson.com/news/world/taiwan-holds-military-drill-with-paraguay-amid-china-tension/article_c5f5647a-c820-5cac-92bc-96ab94c1c104.html
793168063,2018-10-09,150,OK_ORIGINAL,MATCH,HIGH,Taiwan holds military drill with Paraguay amid China tension,"기사는 대만과 파라과이의 합동 군사 훈련을 묘사하고 있으며, 이는 중국과의 긴장 고조 속에서 대만의 군사적 태세를 보여주는 사례로 CAMEO 코드 150(군사 태세)에 부합합니다.",https://www.yahoo.com/news/taiwan-holds-military-drill-paraguay-amid-china-tension-071437954.html,https://www.yahoo.com/news/taiwan-holds-military-drill-paraguay-amid-china-tension-071437954.html
793157364,2018-10-09,150,NOTFOUND,-,UNVERIFIED,,본문 확보 실패,,https://tucson.com/news/world/taiwan-holds-military-drill-with-paraguay-amid-china-tension/article_c5f5647a-c820-5cac-92bc-96ab94c1c104.html
793680188,2018-10-11,150,NOTFOUND,-,UNVERIFIED,,본문 확보 실패,,https://www.reuters.com/article/us-taiwan-anniversary-president/taiwan-pledges-to-boost-national-security-amid-chinese-pressure-idUSKCN1MK09G
944871205,2020-09-05,193,NOTFOUND,-,UNVERIFIED,,본문 확보 실패,,https://www.onenewspage.com/n/Front+Page/1zltph6ez0/Taiwan-Shot-Down-Chinese-Fighter-Jet-China.htm
944844122,2020-09-05,193,EMPTY,-,UNVERIFIED,,본문 확보 실패,,https://www.msn.com/en-in/news/other/completely-untrue-taiwan-dismisses-reports-of-shooting-down-chinese-sukhoi-fighter-jet/ar-BB18Jrb3
944844555,2020-09-05,193,EMPTY,-,UNVERIFIED,,본문 확보 실패,,https://www.msn.com/en-in/news/other/completely-untrue-taiwan-dismisses-reports-of-shooting-down-chinese-sukhoi-fighter-jet/ar-BB18Jrb3
996467849,2021-07-24,154,OK_ORIGINAL,MISMATCH,LOW,How Taiwan is trying to defend against a cyber 'World War III',"기사는 양안 간의 군사적 긴장을 언급하고 있지만, 주요 내용은 사이버 공격 방어 전략에 관한 것으로, GDELT가 분류한 '군사 동원·증강'과는 직접적인 관련이 없습니다.",https://kvia.com/news/business-technology/cnn-social-media-technology/2021/07/23/how-taiwan-is-trying-to-defend-against-a-cyber-world-war-iii/,https://kvia.com/news/business-technology/cnn-social-media-technology/2021/07/23/how-taiwan-is-trying-to-defend-against-a-cyber-world-war-iii/
996476163,2021-07-24,193,OK_ORIGINAL,MISMATCH,LOW,"Olympic archery: Deepika, Jadhav in mixed team quarterfinals","이 기사는 도쿄 올림픽 양궁 경기 결과에 대한 기사로, 양안 간의 군사적 충돌과는 전혀 관련이 없습니다.",https://www.prokerala.com/news/articles/a1181603.html,https://www.prokerala.com/news/articles/a1181603.html
996463875,2021-07-24,154,NOTFOUND,-,UNVERIFIED,,본문 확보 실패,,https://www.kimt.com/content/national/574908422.html
998225818,2021-08-05,150,EMPTY,-,UNVERIFIED,,본문 확보 실패,,http://www.msn.com/en-nz/news/world/beijing-warns-of-countermeasures-as-biden-administration-approves-first-taiwan-arms-sale-valued-at-750-million/ar-AAMYtbJ
998187008,2021-08-05,150,EMPTY,-,UNVERIFIED,,본문 확보 실패,,http://www.msn.com/en-nz/news/world/biden-administration-approves-first-taiwan-arms-sale-valued-at-750-million/ar-AAMYtbJ
998352602,2021-08-06,194,EMPTY,-,UNVERIFIED,,본문 확보 실패,,http://www.msn.com/en-us/news/world/china-threatens-u-s-over-taiwan-arms-sale-war-games-hunting-rifles-ready-against-the-wolves/ar-AAN1m21
482744276,2015-11-07,192,NOTFOUND,-,UNVERIFIED,,본문 확보 실패,,http://www.greenfieldreporter.com/./view/story/1082c0e7b7c84ac686b462fc51e579f1/AS--China-Taiwan-The-Handshake
497584345,2015-12-28,190,OK_ORIGINAL,MISMATCH,LOW,Taiwan presidential candidates clash over policy,"기사는 대만 대통령 후보 간의 정책 논쟁을 다루고 있으며, 재래식 무력 사용과는 거리가 멀기 때문입니다.",http://www.thestar.com.my/news/regional/2015/12/28/taiwan-presidential-candidates-clash-over-policy/,http://www.thestar.com.my/news/regional/2015/12/28/taiwan-presidential-candidates-clash-over-policy/
270384568,2013-10-05,194,NOTFOUND,-,UNVERIFIED,,본문 확보 실패,,http://www.chinapost.com.tw/taiwan/national/national-news/2013/10/06/390593/Govt-pays.htm
494963157,2015-12-17,194,NOTFOUND,-,UNVERIFIED,,본문 확보 실패,,http://www.bdtonline.com/news/us-billion-arms-sales-for-taiwan-draws-china-s-ire/article_d24a0c7c-dd85-56d5-b289-eb6f47c61a40.html
788347002,2018-09-20,150,NOTFOUND,-,UNVERIFIED,,본문 확보 실패,,http://www.msn.com/en-us/news/msn/china-ramps-up-cyberattacks-on-taiwan/ar-BBNzu7L
788347001,2018-09-20,150,NOTFOUND,-,UNVERIFIED,,본문 확보 실패,,http://www.msn.com/en-us/news/msn/china-ramps-up-cyberattacks-on-taiwan/ar-BBNzu7L
788464224,2018-09-20,150,NOTFOUND,-,UNVERIFIED,,본문 확보 실패,,https://www.chron.com/news/article/China-ramps-up-cyberattacks-on-Taiwan-13243610.php
497482280,2015-12-27,190,NOTFOUND,-,UNVERIFIED,,본문 확보 실패,,http://www.thepeninsulaqatar.com/news/asia/363854/taiwan-presidential-candidates-clash-over-china-policy
1004327733,2021-09-16,150,OK_ORIGINAL,MATCH,HIGH,Taiwan holds anti-invasion drill as China threat heightens,"기사는 대만에서 중국의 위협에 대비하여 실시하는 반침투 훈련에 대해 보도하며, 이는 군사적 태세를 보여주는 대표적인 사례에 해당합니다.",https://www.freepressjournal.in/world/taiwan-holds-anti-invasion-drill-as-china-threat-heightens,https://www.freepressjournal.in/world/taiwan-holds-anti-invasion-drill-as-china-threat-heightens
1004469979,2021-09-16,154,NOTFOUND,-,UNVERIFIED,,본문 확보 실패,,https://www.aninews.in/news/world/asia/taiwan-holds-military-drill-amid-chinese-threat20210916222513/
1004596250,2021-09-17,154,OK_ORIGINAL,MATCH,HIGH,China flies 10 fighter jets into Taiwan air space sparking WW3 fears,"기사는 중국이 대만 방공 식별 구역에 전투기를 띄운 사건을 설명하며, 이는 군사 동원 및 증강으로 분류될 수 있습니다.",https://www.the-sun.com/news/3679610/china-fighter-jets-taiwan-ww3/,https://www.the-sun.com/news/3679610/china-fighter-jets-taiwan-ww3/
1004596252,2021-09-17,154,OK_ORIGINAL,MATCH,HIGH,China flies 10 fighter jets into Taiwan air space sparking WW3 fears,"기사는 중국이 대만 방공 식별 구역에 전투기를 띄운 사건을 다루며, 이는 군사 동원 및 증강으로 볼 수 있어 CAMEO 코드 154와 일치합니다.",https://www.the-sun.com/news/3679610/china-fighter-jets-taiwan-ww3/,https://www.the-sun.com/news/3679610/china-fighter-jets-taiwan-ww3/
1004797150,2021-09-18,150,OK_ORIGINAL,MATCH,HIGH,US Navy destroyer sails through Strait - Taipei Times,"기사는 미 해군 구축함이 대만 해협을 통과한 사건을 다루고 있으며, 이는 군사 태세를 보여주는 행위에 해당하여 CAMEO 코드 150과 부합합니다.",https://www.taipeitimes.com/News/front/archives/2021/09/19/2003764602,https://www.taipeitimes.com/News/front/archives/2021/09/19/2003764602
1005017817,2021-09-20,190,OK_ORIGINAL,AMBIGUOUS,MEDIUM,How America and China Narrowly Averted War Over Taiwan,"기사는 양안 군사 사건을 다루고 있으나, '재래식 무력 사용'보다는 군사적 긴장감 고조 및 외교적 갈등에 더 초점을 맞추고 있습니다.",https://nationalinterest.org/blog/reboot/how-america-and-china-narrowly-averted-war-over-taiwan-194072,https://nationalinterest.org/blog/reboot/how-america-and-china-narrowly-averted-war-over-taiwan-194072
1005021736,2021-09-20,151,NOTFOUND,-,UNVERIFIED,,본문 확보 실패,,https://www.aninews.in/news/world/asia/4-chinese-warplanes-enter-taiwan-air-defence-zone20210920184701/
1005577898,2021-09-23,151,NOTFOUND,-,UNVERIFIED,,본문 확보 실패,,https://www.thetelegraph.com/news/article/China-sends-19-fighter-jets-towards-Taiwan-in-16481228.php
1005582224,2021-09-23,151,NOTFOUND,-,UNVERIFIED,,본문 확보 실패,,https://www.stltoday.com/news/national/govt-and-politics/china-sends-19-fighter-jets-towards-taiwan-in-show-of-force/article_bab29300-b02b-5a47-9ea9-1968d8f23454.html
1004392130,2021-09-16,190,NOTFOUND,-,UNVERIFIED,,본문 확보 실패,,https://news.trust.org/item/20210916084722-ta1vg
1004469977,2021-09-16,150,NOTFOUND,-,UNVERIFIED,,본문 확보 실패,,https://www.aninews.in/news/world/asia/taiwan-holds-military-drill-amid-chinese-threat20210916222513/
1004776336,2021-09-18,190,NOTFOUND,-,UNVERIFIED,,본문 확보 실패,,https://www.telegraph.co.uk/world-news/2021/09/18/taiwanese-delegation-heads-eastern-europe-pick-ex-soviet-states/
1004800686,2021-09-18,150,NOTFOUND,-,UNVERIFIED,,본문 확보 실패,,https://www.aninews.in/news/world/asia/taiwan-says-it-had-full-grasp-of-chinas-military-drill20210918222240/
1005021735,2021-09-20,151,NOTFOUND,-,UNVERIFIED,,본문 확보 실패,,https://www.aninews.in/news/world/asia/4-chinese-warplanes-enter-taiwan-air-defence-zone20210920184701/
1005580063,2021-09-23,190,NOTFOUND,-,UNVERIFIED,,본문 확보 실패,,https://www.banburycake.co.uk/news/national/19600248.china-sends-19-fighter-jets-towards-taiwan-show-force/
1005626928,2021-09-23,151,NOTFOUND,-,UNVERIFIED,,본문 확보 실패,,https://thehill.com/policy/defense/573611-china-flies-dozens-fighter-jets-near-taiwan-show-of-force
1005629495,2021-09-23,151,EMPTY,-,UNVERIFIED,,본문 확보 실패,,https://www.msn.com/en-us/news/world/china-flies-dozens-of-fighter-jets-near-taiwan-in-show-of-force/ar-AAOKa9D
1005552900,2021-09-23,190,OK_ORIGINAL,MISMATCH,LOW,"Taiwan asks to join trade group, says China might interfere","기사는 대만의 국제 무역 기구 가입 시도와 중국의 잠재적 방해에 대한 내용을 다루고 있으며, 재래식 무력 사용과 관련된 사건이 아닙니다.",https://www.clickondetroit.com/business/2021/09/23/taiwan-asks-to-join-trade-group-says-china-might-interfere/,https://www.clickondetroit.com/business/2021/09/23/taiwan-asks-to-join-trade-group-says-china-might-interfere/
1005588757,2021-09-23,151,NOTFOUND,-,UNVERIFIED,,본문 확보 실패,,https://wsiltv.com/2021/09/23/china-sends-19-fighter-jets-towards-taiwan-in-show-of-force/
1007125773,2021-10-01,154,EMPTY,-,UNVERIFIED,,본문 확보 실패,,https://www.msn.com/en-gb/news/world/china-flies-25-planes-including-nuclear-bombers-into-taiwan-s-airspace/ar-AAP2IAK
1007135180,2021-10-01,151,EMPTY,-,UNVERIFIED,,본문 확보 실패,,https://www.msn.com/en-us/news/world/taiwan-scrambles-aircraft-after-china-sends-25-jets-into-air-defense-zone/ar-AAP2LR6
1007135181,2021-10-01,151,EMPTY,-,UNVERIFIED,,본문 확보 실패,,https://www.msn.com/en-us/news/world/taiwan-scrambles-aircraft-after-china-sends-25-jets-into-air-defense-zone/ar-AAP2LR6
1004776791,2021-09-18,190,NOTFOUND,-,UNVERIFIED,,본문 확보 실패,,https://www.telegraph.co.uk/world-news/2021/09/18/taiwanese-delegation-heads-eastern-europe-pick-ex-soviet-states/
1005553693,2021-09-23,190,OK_ORIGINAL,MISMATCH,LOW,"Taiwan asks to join trade group, says China might interfere","이 기사는 대만이 무역 그룹 가입을 신청하는 내용으로, GDELT 분류 유형인 '재래식 무력 사용'과는 관련이 없습니다.",https://www.clickondetroit.com/business/2021/09/23/taiwan-asks-to-join-trade-group-says-china-might-interfere/,https://www.clickondetroit.com/business/2021/09/23/taiwan-asks-to-join-trade-group-says-china-might-interfere/
1005580876,2021-09-23,190,NOTFOUND,-,UNVERIFIED,,본문 확보 실패,,https://www.banburycake.co.uk/news/national/19600248.china-sends-19-fighter-jets-towards-taiwan-show-force/
1007100905,2021-10-01,192,NOTFOUND,-,UNVERIFIED,,본문 확보 실패,,https://www.france24.com/en/live-news/20211001-china-sends-25-jets-into-taiwan-s-defence-zone-on-national-day
1007100906,2021-10-01,192,EMPTY,-,UNVERIFIED,,본문 확보 실패,,https://www.msn.com/en-us/news/world/china-sends-25-jets-into-taiwans-defence-zone-on-national-day/ar-AAP2a2v
1005626927,2021-09-23,151,NOTFOUND,-,UNVERIFIED,,본문 확보 실패,,https://thehill.com/policy/defense/573611-china-flies-dozens-fighter-jets-near-taiwan-show-of-force
494963159,2015-12-17,194,NOTFOUND,-,UNVERIFIED,,본문 확보 실패,,http://www.bdtonline.com/news/us-billion-arms-sales-for-taiwan-draws-china-s-ire/article_d24a0c7c-dd85-56d5-b289-eb6f47c61a40.html
724351038,2018-01-22,195,EMPTY,-,UNVERIFIED,,본문 확보 실패,,https://www.taiwannews.com.tw/en/news/3346700
724811225,2018-01-23,192,NOTFOUND,-,UNVERIFIED,,본문 확보 실패,,http://vestnikkavkaza.net/analysis/China-s-push-into-western-Pacific-alarms-Japan-and-Taiwan.html
935375155,2020-07-16,150,OK_ORIGINAL,MATCH,HIGH,Taiwan holds live-fire drill during war games as tensions rise,"기사는 대만에서 열린 실탄 사격 훈련과 해상에서의 긴장 고조를 다루며, 이는 군사 태세를 보여주는 명백한 사례입니다.",https://www.aljazeera.com/news/2020/07/taiwan-holds-live-fire-drill-war-games-tensions-rise-200716011245262.html,https://www.aljazeera.com/news/2020/07/taiwan-holds-live-fire-drill-war-games-tensions-rise-200716011245262.html
936493226,2020-07-22,192,OK_ORIGINAL,AMBIGUOUS,MEDIUM,China is ramping up preparation to take control of self-ruled Taiwan,"기사는 중국의 대만 통제 의지를 강조하지만, '영토 점령'과 같이 구체적인 군사 행동의 시작을 직접적으로 묘사하지는 않습니다.",https://www.dailymail.co.uk/news/article-8547699/Chinese-military-threat-rise-Taiwan-foreign-minister-warns.html,https://www.dailymail.co.uk/news/article-8547699/Chinese-military-threat-rise-Taiwan-foreign-minister-warns.html
935429658,2020-07-16,190,OK_ORIGINAL,MATCH,HIGH,Taiwan military holds live-fire drills against potential Chinese threat of invasion,"기사 제목과 본문에서 대만의 중국 침공 위협에 맞서 실탄 사격 훈련을 실시한다는 내용을 명확히 언급하고 있어, 재래식 무력 사용이라는 CAMEO 코드 190과 일치합니다.",https://economictimes.indiatimes.com/news/defence/taiwan-military-holds-live-fire-drills-against-potential-chinese-threat-of-invasion/articleshow/76997925.cms,https://economictimes.indiatimes.com/news/defence/taiwan-military-holds-live-fire-drills-against-potential-chinese-threat-of-invasion/articleshow/76997925.cms
935176701,2020-07-15,190,NOTFOUND,-,UNVERIFIED,,본문 확보 실패,,https://www.newsx.com/world/taiwan-begins-5-day-long-defence-exercise-as-threats-from-china-aggravate.html
935458531,2020-07-16,150,OK_ORIGINAL,MATCH,HIGH,Taiwan conducts live-fire military exercises amid China tensions,"기사는 대만군이 중국과의 긴장 속에서 실시한 실사격 훈련에 대해 보도하고 있으며, 이는 '군사 태세(military posturing)'라는 GDELT 분류 유형과 일치합니다.",https://www.theglobeandmail.com/world/article-taiwan-conducts-live-fire-military-exercises-amid-china-tensions/,https://www.theglobeandmail.com/world/article-taiwan-conducts-live-fire-military-exercises-amid-china-tensions/
935433288,2020-07-16,150,NOTFOUND,-,UNVERIFIED,,본문 확보 실패,,https://turkishpress.com/2-killed-in-military-chopper-crash-in-taiwan/
935223008,2020-07-15,150,OK_ORIGINAL,MATCH,HIGH,Chinese Military Exercises Threaten to Invade Taiwan  by Lawrence A. Franklin |  RUTHFULLY YOURS,"기사는 중국의 대만 침공 가능성을 시사하는 군사 훈련을 다루고 있으며, 이는 GDELT 분류 유형인 '군사 태세'와 일치합니다.",http://www.ruthfullyyours.com/2020/07/15/chinese-military-exercises-threaten-to-invade-taiwan-by-lawrence-a-franklin/,http://www.ruthfullyyours.com/2020/07/15/chinese-military-exercises-threaten-to-invade-taiwan-by-lawrence-a-franklin/
935494105,2020-07-16,195,NOTFOUND,-,UNVERIFIED,,본문 확보 실패,,https://defence.pk/pdf/threads/two-taiwan-helicopter-crew-members-killed-in-china-invasion-drill.676289/
935148261,2020-07-15,190,OK_ORIGINAL,AMBIGUOUS,MEDIUM,Taiwan tests it defence against China's possible invasion,"기사는 대만과 중국 간의 군사 훈련에 대한 내용을 다루고 있으나, '재래식 무력 사용(use conventional force)'이라는 CAMEO 코드 190은 실제 무력 충돌을 의미하며, 이 기사는 훈련 시나리오를 묘사하고 있어 직접적인 무력 사용과는 거리가 있습니다.",https://www.newzealandstar.com/news/265779516/taiwan-tests-it-defence-against-china-possible-invasion,https://www.newzealandstar.com/news/265779516/taiwan-tests-it-defence-against-china-possible-invasion
936505526,2020-07-22,150,OK_ORIGINAL,MATCH,HIGH,Taiwan says China sending planes near island almost daily,"기사는 중국군이 대만 인근에 군사 항공기를 빈번하게 보내는 것을 '군사 태세'로 묘사하며, 이는 CAMEO 코드 150의 정의와 일치합니다.",https://apnews.com/2126b0fbdf2b7d2e6a5a77c464aeb7b1,https://apnews.com/2126b0fbdf2b7d2e6a5a77c464aeb7b1
935223009,2020-07-15,150,OK_ORIGINAL,MATCH,HIGH,Chinese Military Exercises Threaten to Invade Taiwan  by Lawrence A. Franklin |  RUTHFULLY YOURS,"기사는 중국 인민해방군이 대만을 위협하는 군사 훈련을 진행하고 있음을 명시하며, 이는 CAMEO 코드 150 '군사 태세'와 직접적으로 부합합니다.",http://www.ruthfullyyours.com/2020/07/15/chinese-military-exercises-threaten-to-invade-taiwan-by-lawrence-a-franklin/,http://www.ruthfullyyours.com/2020/07/15/chinese-military-exercises-threaten-to-invade-taiwan-by-lawrence-a-franklin/
935442301,2020-07-16,195,OK_ORIGINAL,MISMATCH,LOW,Two Taiwanese helicopter crew members killed in Chinese 'invasion' drill,"기사는 대만 군사 훈련 중 헬리콥터 추락 사고를 다루고 있으며, 이는 중국의 공중 무기 사용과 직접적인 관련이 없습니다.",https://www.sbs.com.au/news/two-taiwanese-helicopter-crew-members-killed-in-chinese-invasion-drill,https://www.sbs.com.au/news/two-taiwanese-helicopter-crew-members-killed-in-chinese-invasion-drill
935479479,2020-07-16,195,NOTFOUND,-,UNVERIFIED,,본문 확보 실패,,https://www.gulftoday.ae/news/2020/07/16/two-taiwan-helicopter-crew-members-killed-in-china-invasion-drill
935501143,2020-07-16,150,EMPTY,-,UNVERIFIED,,본문 확보 실패,,https://www.msn.com/en-us/news/world/taiwan-conducts-annual-military-exercise-amid-rising-china-tensions/ar-BB16Pu1t
936513476,2020-07-22,150,OK_ORIGINAL,MATCH,HIGH,Taiwan alleges China sending military planes near island everyday - BusinessToday,"기사는 중국이 대만 인근에 군사기를 일상적으로 보내고 있으며, 이는 무력 사용을 통한 통제 위협을 강화하는 것으로 해석된다는 내용을 다루고 있어 GDELT의 '군사 태세(military posturing)' 분류와 일치합니다.",https://www.businesstoday.in/current/world/taiwan-alleges-china-sending-military-planes-near-island-everyday/story/410702.html,https://www.businesstoday.in/current/world/taiwan-alleges-china-sending-military-planes-near-island-everyday/story/410702.html
936513515,2020-07-22,150,OK_ORIGINAL,MATCH,HIGH,Taiwan alleges China sending military planes near island everyday - BusinessToday,"기사는 중국의 대만 주변 군용기 비행 및 군사 훈련 빈도 증가를 보도하며, 이는 CAMEO 코드 150 '군사 태세'에 해당하는 명백한 양안 군사 사건을 설명하고 있습니다.",https://www.businesstoday.in/current/world/taiwan-alleges-china-sending-military-planes-near-island-everyday/story/410702.html,https://www.businesstoday.in/current/world/taiwan-alleges-china-sending-military-planes-near-island-everyday/story/410702.html
936505493,2020-07-22,150,OK_ORIGINAL,MATCH,HIGH,Taiwan says China sending planes near island almost daily,"기사는 중국의 군용기 훈련 빈도 증가를 보도하며, 이는 CAMEO 코드 150의 '군사 태세' 정의와 일치합니다.",https://apnews.com/2126b0fbdf2b7d2e6a5a77c464aeb7b1,https://apnews.com/2126b0fbdf2b7d2e6a5a77c464aeb7b1
936505525,2020-07-22,150,NOTFOUND,-,UNVERIFIED,,본문 확보 실패,,http://www.wboc.com/story/42396962/taiwan-says-china-sending-planes-near-island-almost-daily
731270830,2018-02-16,190,NOTFOUND,-,UNVERIFIED,,본문 확보 실패,,https://www.theworldweekly.com/index.php/reader/view/magazine/2018-02-15/taiwan-east-asias-great-dilemma/10502/
1004236705,2021-09-15,150,NOTFOUND,-,UNVERIFIED,,본문 확보 실패,,https://www.bozemandailychronicle.com/ap_news/international/taiwan-drills-military-as-concerns-over-china-grow/article_e870a897-d956-5ef5-a72e-65b8566e6393.html
1004152602,2021-09-15,150,OK_ORIGINAL,MATCH,HIGH,Taiwan drills military as concerns over China grow,"기사는 대만이 중국의 군사적 위협에 대응하여 F-16 훈련을 포함한 군사 훈련을 실시하고 있으며, 이는 CAMEO 코드 150 '군사 태세'에 부합하는 행동입니다.",https://infotel.ca/newsitem/as-taiwan-drills/cp1285696878,https://infotel.ca/newsitem/as-taiwan-drills/cp1285696878
1004182988,2021-09-15,150,OK_ORIGINAL,MATCH,HIGH,Taiwan holds anti-invasion drill as China threat heightens,"기사는 중국의 위협 고조 속에서 대만이 침공 대비 훈련을 실시하는 내용을 다루고 있으며, 이는 군사 태세(military posturing)에 해당합니다.",https://www.9news.com.au/national/taiwan-holds-anti-invasion-drill-as-china-threat-heightens/f0f27e3d-fbd1-46c2-9810-53bbcb77010c,https://www.9news.com.au/national/taiwan-holds-anti-invasion-drill-as-china-threat-heightens/f0f27e3d-fbd1-46c2-9810-53bbcb77010c
1004184584,2021-09-15,150,NOTFOUND,-,UNVERIFIED,,본문 확보 실패,,https://bismarcktribune.com/news/world/taiwan-holds-anti-invasion-drill-as-china-threat-heightens/article_ba23ad93-8912-5e3e-9e5c-fd062c4617de.html
1004255119,2021-09-15,150,EMPTY,-,UNVERIFIED,,본문 확보 실패,,https://www.ctvnews.ca/world/taiwan-drills-military-as-concerns-over-china-grow-1.5585761
1004152603,2021-09-15,150,OK_ORIGINAL,MATCH,HIGH,Taiwan drills military as concerns over China grow,"기사는 대만의 F-16 훈련 등 군사 훈련을 묘사하며 중국의 공격 가능성에 대비하는 내용을 다루고 있어, CAMEO 코드 150 '군사 태세' 분류와 일치합니다.",https://infotel.ca/newsitem/as-taiwan-drills/cp1285696878,https://infotel.ca/newsitem/as-taiwan-drills/cp1285696878
1004152604,2021-09-15,150,OK_ORIGINAL,MATCH,HIGH,Taiwan drills military as concerns over China grow,"기사는 대만이 중국의 공격에 대비하여 F-16 전투기를 동원한 군사 훈련을 실시하고 있음을 보도하며, 이는 CAMEO 코드 150의 '군사 태세' 정의와 일치합니다.",https://infotel.ca/newsitem/as-taiwan-drills/cp1285696878,https://infotel.ca/newsitem/as-taiwan-drills/cp1285696878
1004236703,2021-09-15,150,NOTFOUND,-,UNVERIFIED,,본문 확보 실패,,https://www.bozemandailychronicle.com/ap_news/international/taiwan-drills-military-as-concerns-over-china-grow/article_e870a897-d956-5ef5-a72e-65b8566e6393.html
1004154032,2021-09-15,150,NOTFOUND,-,UNVERIFIED,,본문 확보 실패,,https://mynorthwest.com/3147441/taiwan-holds-anti-invasion-drill-as-china-threat-heightens/
1004152605,2021-09-15,150,OK_ORIGINAL,MATCH,HIGH,Taiwan drills military as concerns over China grow,"기사는 대만이 중국의 군사적 위협에 대응하여 F-16 훈련과 같은 군사 훈련을 실시하고 있음을 상세히 묘사하고 있어, CAMEO 코드 150인 '군사 태세'와 일치합니다.",https://infotel.ca/newsitem/as-taiwan-drills/cp1285696878,https://infotel.ca/newsitem/as-taiwan-drills/cp1285696878
1004157826,2021-09-15,150,OK_ORIGINAL,MATCH,HIGH,Taiwan holds anti-invasion drill as China threat heightens,"기사는 대만이 중국의 위협에 대비하여 공항이 손상되었을 경우를 대비한 침공 방지 훈련을 실시한다는 내용을 다루고 있어, CAMEO 코드 150(군사 태세)에 부합합니다.",https://www.independent.co.uk/news/taiwan-china-french-covid-chinese-b1920328.html,https://www.independent.co.uk/news/taiwan-china-french-covid-chinese-b1920328.html
1004247225,2021-09-15,150,NOTFOUND,-,UNVERIFIED,,본문 확보 실패,,https://theeagle.com/news/world/taiwan-drills-military-as-concerns-over-china-grow/article_f1963da9-b1dc-5f33-b339-2862e730fd2c.html
1002645397,2021-08-06,195,OK_ORIGINAL,MATCH,HIGH,Chinese bombers again pierce Taiwan airspace,"기사는 중국 폭격기가 대만 영공을 침범한 사건을 보도하고 있으며, 이는 GDELT의 '공중무기 사용(air weapons)' 분류와 일치합니다.",https://www.washingtontimes.com/news/2021/sep/5/chinese-bombers-again-pierce-taiwan-airspace/,https://www.washingtontimes.com/news/2021/sep/5/chinese-bombers-again-pierce-taiwan-airspace/
1004225990,2021-09-15,190,EMPTY,-,UNVERIFIED,,본문 확보 실패,,https://www.msn.com/en-us/news/world/slovenias-pm-urges-eu-to-stand-with-lithuania-against-chinese-pressure/ar-AAOsNh8
1004266155,2021-09-15,190,OK_ORIGINAL,MATCH,HIGH,Taiwan stages invasion drills amid fears China will attack at ANY MOMENT,"기사는 대만이 중국의 공격 가능성에 대비하여 침공 훈련을 실시하고 있다는 내용을 담고 있으며, 이는 재래식 무력 사용(use conventional force)이라는 GDELT 분류 유형과 일치합니다.",https://www.the-sun.com/news/3667350/taiwan-stages-invasion-drills-china-attack/,https://www.the-sun.com/news/3667350/taiwan-stages-invasion-drills-china-attack/
1002017622,2020-09-01,190,EMPTY,-,UNVERIFIED,,본문 확보 실패,,https://www.msn.com/en-gb/news/world/taiwan-admits-china-could-paralyse-its-defences/ar-AANYNyq
1004165882,2021-09-15,195,OK_ORIGINAL,AMBIGUOUS,MEDIUM,Taiwan fighter jets practise road landings in drill simulating response to China attack,"기사는 대만 전투기가 도로 착륙 훈련을 실시하는 내용을 다루지만, 이는 실제 무기 사용이 아닌 훈련으로, GDELT 분류 유형인 '공중무기 사용'과는 직접적으로 일치하지 않습니다.",https://www.theguardian.com/world/2021/sep/15/taiwan-fighter-jets-practise-road-landings-in-drill-simulating-response-to-china-attack,https://www.theguardian.com/world/2021/sep/15/taiwan-fighter-jets-practise-road-landings-in-drill-simulating-response-to-china-attack
1004182989,2021-09-15,150,NOTFOUND,-,UNVERIFIED,,본문 확보 실패,,https://www.mrt.com/news/article/Taiwan-holds-anti-invasion-drill-as-China-threat-16459722.php
1004236704,2021-09-15,150,NOTFOUND,-,UNVERIFIED,,본문 확보 실패,,https://www.bozemandailychronicle.com/ap_news/international/taiwan-drills-military-as-concerns-over-china-grow/article_e870a897-d956-5ef5-a72e-65b8566e6393.html
1007329549,2021-10-03,192,OK_ORIGINAL,MISMATCH,LOW,Taiwan rebukes China over repeated fighter jet incursions - The Korea Times,"기사는 중국의 대만 방공식별구역 침범에 대한 내용이지만, 영토를 실제로 점령하는 사건이 아니라 영토 점령(occupy territory)과는 거리가 멉니다.",https://www.koreatimes.co.kr/www/world/2021/10/683_316381.html,https://www.koreatimes.co.kr/www/world/2021/10/683_316381.html
1007505188,2021-10-04,154,OK_ORIGINAL,MATCH,HIGH,"In Three Days, Nearly a Hundred Chinese Warplanes Swarmed Around Taiwan","기사는 중국의 대만 주변 군용기 침투 기록을 상세히 보도하며, 이는 GDELT의 '군사 동원·증강' 분류에 부합하는 명백한 군사적 움직임을 나타냅니다.",https://www.forbes.com/sites/davidaxe/2021/10/04/in-three-days-nearly-a-hundred-chinese-warplanes-swarmed-around-taiwan/,https://www.forbes.com/sites/davidaxe/2021/10/04/in-three-days-nearly-a-hundred-chinese-warplanes-swarmed-around-taiwan/
1007661474,2021-10-05,195,OK_ORIGINAL,MISMATCH,LOW,CNSNews,"제공된 기사는 미국 정치 및 경제 관련 뉴스로, 양안 군사 사건과는 전혀 관련이 없습니다.",https://www.cnsnews.com/article/international/patrick-goodenough/china-flies-more-fighter-planes-near-taiwan-will-crush-all,https://www.cnsnews.com/article/international/patrick-goodenough/china-flies-more-fighter-planes-near-taiwan-will-crush-all
1007651880,2021-10-05,192,OK_ORIGINAL,AMBIGUOUS,MEDIUM,"Chinese Warplanes Enter Taiwan's Defence Zone, 'war is real', warns Global Times editorial","기사는 중국의 대만 ADIZ 침범을 다루고 있으나, '영토 점령'이라는 CAMEO 코드 192의 정의와는 직접적으로 일치하지 않고 침범에 해당합니다.",https://www.organiser.org/world/chinese-warplanes-enter-taiwan-s-defence-zone-war-is-real-warns-global-times-editorial-6075.html,https://www.organiser.org/world/chinese-warplanes-enter-taiwan-s-defence-zone-war-is-real-warns-global-times-editorial-6075.html
1007681747,2021-10-05,195,OK_ORIGINAL,AMBIGUOUS,MEDIUM,"Biden, in weakness, emboldens China to aggress Taiwan","기사에서 중국의 항공기 비행을 언급하고 있지만, 이 비행이 '공중무기 사용'에 해당하는 구체적인 설명이 부족하여 분류 유형과의 일치 여부가 애매합니다.",https://www.washingtontimes.com:443/news/2021/oct/5/joe-biden-in-weakness-emboldens-china-to-aggress-t/,https://www.washingtontimes.com:443/news/2021/oct/5/joe-biden-in-weakness-emboldens-china-to-aggress-t/
1007622731,2021-10-05,190,NOTFOUND,-,UNVERIFIED,,본문 확보 실패,,https://www.swissinfo.ch/eng/taiwan-says-needs-to-be-on-alert-to--over-the-top--china/47002512
1007655000,2021-10-05,151,NOTFOUND,-,UNVERIFIED,,본문 확보 실패,,https://thechronicle.com.gh/index.php/2021/10/04/chinese-planes-fly-over-taiwan-defence-zone-in-show-of-force/
1007909678,2021-10-06,192,OK_ORIGINAL,MISMATCH,LOW,How Close Did Chinese Military Jets Really Get to Taiwan?,"기사는 중국의 대만 영공 침범 가능성에 대해 보도하지만, 실제 영토 점령이 아닌 영공 침입에 대한 논란을 다루고 있어 CAMEO 코드 192와는 부합하지 않습니다.",https://slate.com/news-and-politics/2021/10/chinese-military-taiwan-airspace.html,https://slate.com/news-and-politics/2021/10/chinese-military-taiwan-airspace.html
1008481328,2021-10-09,190,EMPTY,-,UNVERIFIED,,본문 확보 실패,,https://play.stuff.co.nz/details/_6276348989001
1007655001,2021-10-05,151,NOTFOUND,-,UNVERIFIED,,본문 확보 실패,,https://thechronicle.com.gh/index.php/2021/10/04/chinese-planes-fly-over-taiwan-defence-zone-in-show-of-force/
1009658153,2021-10-17,195,OK_ORIGINAL,MISMATCH,LOW,Rebecca Grant: Biden's Taiwan options – 5 crucial steps to deter China,"기사는 중국의 대만 군사적 위협을 다루지만, '공중 무기 사용'이라는 특정 사건 유형에 대한 직접적인 묘사는 포함하고 있지 않습니다.",https://www.foxnews.com/opinion/biden-taiwan-options-china-deter-steps-rebecca-grant,https://www.foxnews.com/opinion/biden-taiwan-options-china-deter-steps-rebecca-grant
1007235784,2021-10-02,192,EMPTY,-,UNVERIFIED,,본문 확보 실패,,https://www.msn.com/en-us/news/world/taiwan-rebukes-china-over-record-fighter-jet-incursion/ar-AAP3Tag
1007243796,2021-10-02,192,EMPTY,-,UNVERIFIED,,본문 확보 실패,,https://www.msn.com/en-us/news/world/china-steps-up-taiwan-flybys-as-38-planes-enter-defense-zone/ar-AAP2QT7
1007235777,2021-10-02,151,EMPTY,-,UNVERIFIED,,본문 확보 실패,,https://www.msn.com/en-us/news/world/taiwan-rebukes-china-over-record-fighter-jet-incursion/ar-AAP3Tag
1007235778,2021-10-02,195,EMPTY,-,UNVERIFIED,,본문 확보 실패,,https://www.msn.com/en-us/news/world/taiwan-rebukes-china-over-record-fighter-jet-incursion/ar-AAP3Tag
1007235785,2021-10-02,192,EMPTY,-,UNVERIFIED,,본문 확보 실패,,https://www.msn.com/en-us/news/world/taiwan-rebukes-china-over-record-fighter-jet-incursion/ar-AAP3Tag
1007324925,2021-10-03,192,NOTFOUND,-,UNVERIFIED,,본문 확보 실패,,https://www.mdjonline.com/tribune/china-continues-taiwan-flybys-on-second-day-with-39-more-jets/article_a44624e9-97e5-50df-9b60-2d44b77f83d4.html
1007339266,2021-10-03,151,OK_ORIGINAL,MATCH,HIGH,Chinese planes fly over Taiwan defence zone in second day of record show of force,"기사는 중국 전투기가 대만 방공식별구역에 진입한 횟수를 구체적으로 언급하며, 이는 '경계 수준 강화'라는 GDELT 분류와 일치하는 군사 사건을 다루고 있습니다.",https://www.theguardian.com/world/2021/oct/03/chinese-planes-fly-over-taiwan-defence-zone-in-second-day-of-record-show-of-force,https://www.theguardian.com/world/2021/oct/03/chinese-planes-fly-over-taiwan-defence-zone-in-second-day-of-record-show-of-force
1007420995,2021-10-03,190,EMPTY,-,UNVERIFIED,,본문 확보 실패,,"https://home.nzcity.co.nz/news/article.aspx?id=340888&fm=psp,tsf"
1007397772,2021-10-03,151,NOTFOUND,-,UNVERIFIED,,본문 확보 실패,,https://www.ndtv.com/world-news/provocative-us-concerned-after-chinas-fighter-jet-incursion-into-taiwan-2562587
1007327239,2021-10-03,192,OK_ORIGINAL,MISMATCH,LOW,Taiwan slams largest-ever incursion by Chinese into air defence zone,"기사는 중국의 대만 방공식별구역 침투를 다루고 있지만, 이는 영토 점령(occupy territory)보다는 군사적 위협이나 무력 시위에 해당합니다.",https://www.chinanationalnews.com/news/271379054/taiwan-slams-largest-ever-incursion-by-chinese-into-air-defence-zone,https://www.chinanationalnews.com/news/271379054/taiwan-slams-largest-ever-incursion-by-chinese-into-air-defence-zone
1007380400,2021-10-03,192,NOTFOUND,-,UNVERIFIED,,본문 확보 실패,,https://www.sfgate.com/news/article/US-raises-concern-as-China-flies-warplanes-south-16505723.php
1007327240,2021-10-03,192,OK_ORIGINAL,MISMATCH,LOW,Taiwan slams largest-ever incursion by Chinese into air defence zone,"기사는 중국의 대만 방공식별구역(ADIZ) 침범에 대한 내용을 다루고 있으나, 이는 영토 점령(occupy territory)이 아닌 방공식별구역 내에서의 군사적 위협 행위에 해당합니다.",https://www.chinanationalnews.com/news/271379054/taiwan-slams-largest-ever-incursion-by-chinese-into-air-defence-zone,https://www.chinanationalnews.com/news/271379054/taiwan-slams-largest-ever-incursion-by-chinese-into-air-defence-zone
1007329192,2021-10-03,151,OK_ORIGINAL,MATCH,HIGH,Taiwan rebukes China over repeated fighter jet incursions - The Korea Times,"기사는 중국 전투기들의 대만 방공식별구역 진입으로 인한 대만 정부의 비난을 보도하며, 이는 경계 수준 강화로 이어질 수 있는 군사적 긴장 상황을 나타냅니다.",https://www.koreatimes.co.kr/www/world/2021/10/683_316381.html,https://www.koreatimes.co.kr/www/world/2021/10/683_316381.html
1007329193,2021-10-03,195,OK_ORIGINAL,MATCH,HIGH,Taiwan rebukes China over repeated fighter jet incursions - The Korea Times,"기사는 중국 전투기 및 폭격기가 대만 방공 식별 구역에 진입한 사건을 다루고 있으며, 이는 CAMEO 코드 195 '공중무기 사용'에 해당한다고 볼 수 있습니다.",https://www.koreatimes.co.kr/www/world/2021/10/683_316381.html,https://www.koreatimes.co.kr/www/world/2021/10/683_316381.html
1007496692,2021-10-04,190,NOTFOUND,-,UNVERIFIED,,본문 확보 실패,,https://southfront.org/taiwan-asks-for-help-in-preparing-for-war-with-china/
1007430108,2021-10-04,192,OK_ORIGINAL,MISMATCH,LOW,US raises concern as China flies warplanes south of Taiwan,"기사는 중국의 대만 인근 군사 활동을 다루지만, 영토 점령(occupy territory)과는 직접적인 관련이 없습니다.",https://www.kxxv.com/news/national/us-raises-concern-as-china-flies-warplanes-south-of-taiwan,https://www.kxxv.com/news/national/us-raises-concern-as-china-flies-warplanes-south-of-taiwan
1007473964,2021-10-04,190,OK_ORIGINAL,AMBIGUOUS,MEDIUM,Is Beijing on Borrowed Time? Is the U.S.?,"기사는 중국의 대만 침공 가능성을 분석하지만, 현재로서는 직접적인 재래식 무력 사용보다는 '회색 지대' 전쟁과 포위 전략을 논하며 실제 무력 사용 사건 자체를 다루고 있지 않습니다.",https://pjmedia.com/richardfernandez/2021/10/04/will-china-invade-taiwan-n1521434,https://pjmedia.com/richardfernandez/2021/10/04/will-china-invade-taiwan-n1521434
1007519445,2021-10-04,190,EMPTY,-,UNVERIFIED,,본문 확보 실패,,https://www.zerohedge.com/geopolitical/taiwan-informs-australia-its-preparing-war-china-sends-record-52-pla-jets-toward
1007600115,2021-10-05,154,OK_ORIGINAL,MISMATCH,LOW,"Biden officials to enforce Trump trade deal with China, work toward 'durable coexistence'","이 기사는 주로 미국과 중국 간의 무역 관계 및 관세 정책에 관한 내용으로, GDELT가 분류한 군사 동원/증강과는 관련이 없습니다.",https://www.pbs.org/newshour/show/biden-officials-to-enforce-trump-trade-deal-with-china-work-toward-durable-coexistence,https://www.pbs.org/newshour/show/biden-officials-to-enforce-trump-trade-deal-with-china-work-toward-durable-coexistence
1007607880,2021-10-05,151,NOTFOUND,-,UNVERIFIED,,본문 확보 실패,,https://mb.com.ph/2021/10/05/china-sends-56-jets-into-taiwan-defence-zone-in-another-record-incursion/
1007684420,2021-10-05,192,OK_ORIGINAL,MISMATCH,LOW,China says war could be ‘triggered any time’ in chilling threat to West,"기사는 대만 상공으로 중국 전쟁기가 침투한 사건을 다루고 있지만, 이는 영토 점령(occupy territory)과는 직접적으로 관련이 없습니다.",https://www.thesun.co.uk/news/16330801/china-warns-of-war-over-taiwan/,https://www.thesun.co.uk/news/16330801/china-warns-of-war-over-taiwan/
1007684421,2021-10-05,192,OK_ORIGINAL,AMBIGUOUS,MEDIUM,China says war could be ‘triggered any time’ in chilling threat to West,"기사는 중국과 대만 간의 군사적 긴장 고조와 관련된 내용을 다루고 있지만, GDELT의 '영토 점령(occupy territory)' 분류와 직접적으로 일치하는 내용보다는 군사력 시위와 위협에 초점을 맞추고 있습니다.",https://www.thesun.co.uk/news/16330801/china-warns-of-war-over-taiwan/,https://www.thesun.co.uk/news/16330801/china-warns-of-war-over-taiwan/
1007797760,2021-10-06,192,NOTFOUND,-,UNVERIFIED,,본문 확보 실패,,https://www.politico.com/newsletters/politico-nightly/2021/10/05/how-the-government-could-unfriend-facebook-494572
1008053098,2021-10-07,192,OK_ORIGINAL,MISMATCH,LOW,South China Sea: China says military conflict may be triggered at any time regarding Taiwan - EconoTimes,"기사 제목은 대만 관련 군사적 긴장을 언급하지만, 본문 내용은 해당 사건에 대한 구체적인 정보를 포함하지 않으며 오히려 다른 지역의 다양한 사건들을 나열하고 있어 '영토 점령'이라는 GDELT 분류 유형과 직접적으로 일치하지 않습니다.",https://www.econotimes.com/South-China-Sea-China-says-military-conflict-may-be-triggered-at-any-time-regarding-Taiwan-1618708,https://www.econotimes.com/South-China-Sea-China-says-military-conflict-may-be-triggered-at-any-time-regarding-Taiwan-1618708
1007861811,2021-10-06,151,NOTFOUND,-,UNVERIFIED,,본문 확보 실패,,https://www.albanyherald.com/news/china-could-be-ready-to-mount-a-full-scale-invasion-of-taiwan-by-2025-islands/article_8f2c4a11-b9cb-5457-8296-f17a30603bf9.html
1008030229,2021-10-07,195,OK_ORIGINAL,MISMATCH,LOW,"Tony Abbott, in Taipei, says it’s time to end Taiwan’s isolation","본 기사는 대만의 국제적 고립 해소와 호주 전 총리의 대만 방문에 대한 정치적 발언을 다루고 있으며, 공중무기 사용과 같은 군사적 사건을 포함하지 않습니다.",https://www.smh.com.au/world/asia/tony-abbott-in-taipei-says-it-s-time-to-end-taiwan-s-isolation-20211007-p58y4m.html,https://www.smh.com.au/world/asia/tony-abbott-in-taipei-says-it-s-time-to-end-taiwan-s-isolation-20211007-p58y4m.html
1008386893,2021-10-09,190,OK_ORIGINAL,AMBIGUOUS,MEDIUM,"After week of tensions, China’s Xi vows ‘reunification’ with Taiwan","기사는 중국과 대만 간의 긴장과 재통합에 대한 시진핑 주석의 발언을 다루고 있지만, 재래식 무력 사용에 대한 직접적인 언급이나 묘사는 없으며, 중국의 에어 디펜스 존 침투는 사건 발생 이후 종료된 것으로 언급되어 CAMEO 코드 190에 명확하게 부합한다고 보기 어렵습니다.",https://kdal610.com/2021/10/08/after-week-of-tensions-chinas-xi-vows-reunification-with-taiwan/,https://kdal610.com/2021/10/08/after-week-of-tensions-chinas-xi-vows-reunification-with-taiwan/
1007831033,2021-10-06,151,OK_ORIGINAL,MISMATCH,LOW,Tsai warns of ‘catastrophic consequences’ if Taiwan falls,"기사는 대만의 안보 위협과 중국의 압박에 대한 경고를 담고 있지만, '경계 수준 강화'라는 구체적인 사건 분류보다는 전반적인 긴장 상황과 위협을 다루고 있어 일치하지 않습니다.",https://www.dawn.com/news/1650375/tsai-warns-of-catastrophic-consequences-if-taiwan-falls,https://www.dawn.com/news/1650375/tsai-warns-of-catastrophic-consequences-if-taiwan-falls
1008042080,2021-10-07,192,NOTFOUND,-,UNVERIFIED,,본문 확보 실패,,https://www.rfi.fr/en/french-senator-calls-taiwan-a-country-in-visit-china-protests
1008042081,2021-10-07,192,NOTFOUND,-,UNVERIFIED,,본문 확보 실패,,https://www.rfi.fr/en/french-senator-calls-taiwan-a-country-in-visit-china-protests
1008165939,2021-10-07,150,OK_ORIGINAL,MATCH,HIGH,Taiwan: how the ‘porcupine doctrine’ might help deter armed conflict with China,"기사는 대만 방어 전략인 '가시복어 독트린'을 설명하며 중국과의 잠재적 군사 충돌에 대비하는 내용을 다루고 있어, 군사 태세(military posturing)라는 GDELT 분류와 일치합니다.",https://theconversation.com/taiwan-how-the-porcupine-doctrine-might-help-deter-armed-conflict-with-china-169488,https://theconversation.com/taiwan-how-the-porcupine-doctrine-might-help-deter-armed-conflict-with-china-169488
1008398740,2021-10-09,190,NOTFOUND,-,UNVERIFIED,,본문 확보 실패,,https://www.wionews.com/world/xi-jinping-vows-peaceful-reunification-with-taiwan-419345
1008409122,2021-10-09,150,OK_ORIGINAL,MATCH,HIGH,Taiwan: how the 'porcupine doctrine' might help deter armed conflict with China - EconoTimes,기사에서 대만이 중국의 침공을 격퇴하는 해안 실탄 훈련을 시뮬레이션했다는 내용과 시진핑 주석의 대만 '재통일' 언급은 양안 간 군사적 긴장 상황을 나타내므로 '군사 태세' 분류와 일치합니다.,https://www.econotimes.com/Taiwan-how-the-porcupine-doctrine-might-help-deter-armed-conflict-with-China-1618799,https://www.econotimes.com/Taiwan-how-the-porcupine-doctrine-might-help-deter-armed-conflict-with-China-1618799
1008456853,2021-10-09,190,OK_ORIGINAL,MISMATCH,LOW,âStarting a fireâ: US and China enter dangerous territory over Taiwan - Times of India,"기사 제목과 본문 내용이 대만과 관련된 내용을 일부 포함하고 있으나, 재래식 무력 사용과 같은 군사적 사건과는 전혀 관련이 없는 일반적인 정보 제공 기사이기 때문입니다.",https://timesofindia.indiatimes.com/world/china/starting-a-fire-us-and-china-enter-dangerous-territory-over-taiwan/articleshow/86895853.cms,https://timesofindia.indiatimes.com/world/china/starting-a-fire-us-and-china-enter-dangerous-territory-over-taiwan/articleshow/86895853.cms
1007946673,2021-10-06,192,OK_ORIGINAL,AMBIGUOUS,MEDIUM,China vows to ‘fight to the death’ against Taiwan’s allies after WW3 warning,"기사는 중국의 대만 영토 주장을 언급하지만, 실제 영토 점령보다는 무력 통일 가능성과 관련된 위협 및 군사적 시위 행위에 초점을 맞추고 있어 CAMEO 코드 192와 직접적으로 일치한다고 보기는 어렵습니다.",https://www.thescottishsun.co.uk/news/7810656/china-fight-death-taiwans-allies-warning-ww3/,https://www.thescottishsun.co.uk/news/7810656/china-fight-death-taiwans-allies-warning-ww3/
1009608497,2021-10-17,192,OK_ORIGINAL,MISMATCH,LOW,Taiwan urges US to speed up delivery of F-16 jets amid growing threat from Beijing,"기사는 대만의 F-16 전투기 인도 지연에 대한 대만의 요청과 중국의 위협에 관한 내용으로, 영토 점령 사건과는 직접적인 관련이 없습니다.",https://www.taiwansun.com/news/271504345/taiwan-urges-us-to-speed-up-delivery-of-f-16-jets-amid-growing-threat-from-beijing,https://www.taiwansun.com/news/271504345/taiwan-urges-us-to-speed-up-delivery-of-f-16-jets-amid-growing-threat-from-beijing
1009816384,2021-10-18,190,NOTFOUND,-,UNVERIFIED,,본문 확보 실패,,https://www.news.com.au/technology/innovation/military/satellite-photos-show-china-and-taiwan-are-digging-in-amid-rising-tensions/news-story/280c1e419ba68aa873d27b8aa791c0ba
1007920847,2021-10-06,154,EMPTY,-,UNVERIFIED,,본문 확보 실패,,http://www.msn.com/en-us/news/world/taiwan-defense-chief-tensions-with-china-worst-in-40-years/ar-AAPczxT
1008150753,2021-10-07,150,NOTFOUND,-,UNVERIFIED,,본문 확보 실패,,https://menafn.com/1102935704/Taiwan-how-the-39-porcupine-doctrine39-might-help-deter-armed-conflict-with-China&source=21
1007339268,2021-10-03,151,OK_ORIGINAL,MATCH,HIGH,Chinese planes fly over Taiwan defence zone in second day of record show of force,"기사에서 중국 군용기가 대만 방공식별구역에 대규모로 진입하는 사건을 상세히 묘사하고 있으며, 이는 경계 수준 강화라는 GDELT 분류와 일치합니다.",https://www.theguardian.com/world/2021/oct/03/chinese-planes-fly-over-taiwan-defence-zone-in-second-day-of-record-show-of-force,https://www.theguardian.com/world/2021/oct/03/chinese-planes-fly-over-taiwan-defence-zone-in-second-day-of-record-show-of-force
1007353053,2021-10-03,195,OK_ORIGINAL,MATCH,HIGH,Chinese planes fly close to Taiwan air space again,"기사에서 중국 전투기가 대만 방공 식별 구역에 진입했으며, 대만은 이를 경고하기 위해 전투기를 출격시키고 미사일 시스템을 배치했다고 명시하고 있어 '공중무기 사용' 분류와 일치합니다.",https://www.rnz.co.nz/news/world/452829/chinese-planes-fly-close-to-taiwan-air-space-again,https://www.rnz.co.nz/news/world/452829/chinese-planes-fly-close-to-taiwan-air-space-again
1007515585,2021-10-04,154,OK_ORIGINAL,MATCH,HIGH,Taiwan ‘preparing for war' as China vows to 'crush' island,기사는 중국의 대규모 군용기 도발과 대만의 전쟁 준비 언급을 통해 군사적 긴장 고조와 군비 증강 상황을 묘사하고 있어 CAMEO 코드 154(군사 동원·증강)와 부합합니다.,https://www.the-sun.com/news/3788808/taiwan-preparing-war-china-crush-island-fighters/,https://www.the-sun.com/news/3788808/taiwan-preparing-war-china-crush-island-fighters/
1007515593,2021-10-04,154,OK_ORIGINAL,MATCH,HIGH,Taiwan ‘preparing for war' as China vows to 'crush' island,기사는 중국의 군용기 대규모 전개와 이에 대한 대만의 전쟁 대비 언급을 포함하고 있어 CAMEO 코드 154(군사 동원·증강)와 일치합니다.,https://www.the-sun.com/news/3788808/taiwan-preparing-war-china-crush-island-fighters/,https://www.the-sun.com/news/3788808/taiwan-preparing-war-china-crush-island-fighters/
1007532071,2021-10-04,192,OK_ORIGINAL,AMBIGUOUS,MEDIUM,China sends 52 jets into Taiwan defence zone in another record incursion,"기사는 중국의 대만 방공식별구역(ADIZ) 침입을 다루고 있으나, 영토 점령(occupy territory)보다는 ADIZ 침범이라는 더 구체적인 사건에 해당하여 분류 유형과 명확히 일치하지 않습니다.",https://www.malaymail.com/news/world/2021/10/04/china-sends-52-jets-into-taiwan-defence-zone-in-another-record-incursion/2010744,https://www.malaymail.com/news/world/2021/10/04/china-sends-52-jets-into-taiwan-defence-zone-in-another-record-incursion/2010744
1007572348,2021-10-04,154,EMPTY,-,UNVERIFIED,,본문 확보 실패,,https://www.msn.com/en-us/news/world/taiwan-preparing-for-possible-war-with-china/ar-AAP8lCY
1007608609,2021-10-05,192,NOTFOUND,-,UNVERIFIED,,본문 확보 실패,,https://mb.com.ph/2021/10/05/china-sends-56-jets-into-taiwan-defence-zone-in-another-record-incursion/
1007848101,2021-10-06,154,EMPTY,-,UNVERIFIED,,본문 확보 실패,,https://www.msn.com/en-xl/news/other/french-senators-visit-taiwan-amid-china-tensions/ar-AAPbDm4
1007853000,2021-10-06,151,EMPTY,-,UNVERIFIED,,본문 확보 실패,,https://www.msn.com/en-us/news/world/taiwans-defense-minister-says-china-could-be-ready-to-mount-a-full-scale-invasion-of-island-by-2025/ar-AAPbUbx
1008127940,2021-10-07,154,NOTFOUND,-,UNVERIFIED,,본문 확보 실패,,https://thehill.com/policy/defense/575759-us-troops-secretly-training-forces-in-taiwan-for-past-year-report
1008390470,2021-10-09,190,NOTFOUND,-,UNVERIFIED,,본문 확보 실패,,https://www.reuters.com/article/us-china-politics-anniversary/chinas-xi-vows-reunification-with-taiwan-but-holds-off-threatening-force-idUSKBN2GZ02M
1008457327,2021-10-09,190,OK_ORIGINAL,MISMATCH,LOW,âStarting a fireâ: US and China enter dangerous territory over Taiwan - Times of India,"기사 제목은 대만과 관련된 미국과 중국의 긴장감을 언급하지만, 본문 내용은 군사 사건과 전혀 관련 없는 레시피, 정원 가꾸기, 자기계발, 인도 명소, 건강 정보, 인명 등 일반적인 생활 정보에 대한 내용을 다루고 있어 CAMEO 코드 190(재래식 무력 사용)과는 부합하지 않습니다.",https://timesofindia.indiatimes.com/world/china/starting-a-fire-us-and-china-enter-dangerous-territory-over-taiwan/articleshow/86895853.cms,https://timesofindia.indiatimes.com/world/china/starting-a-fire-us-and-china-enter-dangerous-territory-over-taiwan/articleshow/86895853.cms
1009608498,2021-10-17,192,OK_ORIGINAL,MISMATCH,LOW,Taiwan urges US to speed up delivery of F-16 jets amid growing threat from Beijing,"이 기사는 대만과 미국 간의 F-16 전투기 인도 가속화 요청에 대한 내용으로, 중국의 영토 점령과는 직접적인 관련이 없습니다.",https://www.taiwansun.com/news/271504345/taiwan-urges-us-to-speed-up-delivery-of-f-16-jets-amid-growing-threat-from-beijing,https://www.taiwansun.com/news/271504345/taiwan-urges-us-to-speed-up-delivery-of-f-16-jets-amid-growing-threat-from-beijing
1009663463,2021-10-17,151,NOTFOUND,-,UNVERIFIED,,본문 확보 실패,,https://www.arabnews.com/node/1949511/world
1009817067,2021-10-18,190,OK_WAYBACK,AMBIGUOUS,MEDIUM,"Satellite photos show China, Taiwan digging in","기사는 중국과 대만의 군사적 긴장 상태를 묘사하지만, 실제 재래식 무력 사용에 대한 직접적인 보도보다는 군사 시설 업그레이드와 훈련에 대한 내용을 다루고 있어 GDELT 분류 유형과 명확히 일치한다고 보기는 어렵습니다.",http://web.archive.org/web/20211018170241/https://www.news.com.au/technology/innovation/military/satellite-photos-show-china-and-taiwan-are-digging-in-amid-rising-tensions/news-story/280c1e419ba68aa873d27b8aa791c0ba,https://www.news.com.au/technology/innovation/military/satellite-photos-show-china-and-taiwan-are-digging-in-amid-rising-tensions/news-story/280c1e419ba68aa873d27b8aa791c0ba
1007217544,2021-10-02,190,OK_WAYBACK,MATCH,MEDIUM,Taiwan scrambles jets after largest ever incursion by China,"기사는 대만의 방공 식별 구역에 대한 중국의 군용기 대규모 진입을 다루고 있으며, 이는 재래식 무력의 위협적인 사용으로 볼 수 있어 CAMEO 코드 190과 일치합니다.",http://web.archive.org/web/20211003031450/http://www.msn.com/en-nz/news/world/taiwan-scrambles-jets-after-largest-ever-incursion-by-china/ar-AAP3z2l,http://www.msn.com/en-nz/news/world/taiwan-scrambles-jets-after-largest-ever-incursion-by-china/ar-AAP3z2l
1007380398,2021-10-03,192,NOTFOUND,-,UNVERIFIED,,본문 확보 실패,,https://www.sfgate.com/news/article/US-raises-concern-as-China-flies-warplanes-south-16505723.php
1007357059,2021-10-03,151,OK_ORIGINAL,MATCH,HIGH,China sends huge fleet of 77 over Taiwan in two days in record show of force,"기사는 중국이 대만 방공식별구역에 대규모 항공기를 보내 무력을 과시한 사건을 보도하고 있으며, 이는 경계 수준 강화와 일치합니다.",https://www.thescottishsun.co.uk/news/7794499/china-sends-aircraft-skies-over-taiwan/,https://www.thescottishsun.co.uk/news/7794499/china-sends-aircraft-skies-over-taiwan/
1007484758,2021-10-04,190,OK_ORIGINAL,MATCH,HIGH,"China shows off joint combat abilities with large-scale ADIZ incursions
 | Taiwan News | Oct. 4, 2021 15:47","기사는 중국이 대만의 방공식별구역(ADIZ)에 대규모 군용기를 투입하여 합동 작전 능력을 과시한 사건을 보도하고 있으며, 이는 재래식 무력 사용의 일종으로 볼 수 있습니다.",https://www.taiwannews.com.tw/en/news/4305484,https://www.taiwannews.com.tw/en/news/4305484
1007515584,2021-10-04,154,OK_ORIGINAL,MATCH,HIGH,Taiwan ‘preparing for war' as China vows to 'crush' island,"기사는 중국의 군사적 위협과 대만의 대비를 다루고 있으며, 이는 군사 동원 및 증강과 일치합니다.",https://www.the-sun.com/news/3788808/taiwan-preparing-war-china-crush-island-fighters/,https://www.the-sun.com/news/3788808/taiwan-preparing-war-china-crush-island-fighters/
1007544217,2021-10-04,151,OK_ORIGINAL,MATCH,HIGH,China flies 52 fighter planes toward Taiwan in its largest recorded show of force,"기사는 중국이 대만 상공으로 52대의 전투기를 출격시킨 사건을 보도하며, 이는 경계 수준 강화에 해당한다고 볼 수 있습니다.",https://www.latimes.com/world-nation/story/2021-10-04/china-flies-52-planes-taiwan,https://www.latimes.com/world-nation/story/2021-10-04/china-flies-52-planes-taiwan
1007555812,2021-10-04,195,EMPTY,-,UNVERIFIED,,본문 확보 실패,,https://home.nzcity.co.nz/news/article.aspx?id=340971
1007852998,2021-10-06,151,OK_ORIGINAL,MATCH,HIGH,"China could be ready to mount a 'full-scale' invasion of Taiwan by 2025, island's defense minister says - Local News 8","기사는 대만 국방부 장관의 발언을 인용하여 중국의 2025년 대만 침공 가능성을 보도하고 있으며, 이는 중국의 경계 수준 강화 및 군사적 대비와 직접적으로 관련이 있습니다.",https://localnews8.com/news/2021/10/06/china-could-be-ready-to-mount-a-full-scale-invasion-of-taiwan-by-2025-islands-defense-minister-says/,https://localnews8.com/news/2021/10/06/china-could-be-ready-to-mount-a-full-scale-invasion-of-taiwan-by-2025-islands-defense-minister-says/
1007898054,2021-10-06,154,OK_WAYBACK,MATCH,MEDIUM,"China could be ready to mount a 'full-scale' invasion of Taiwan by 2025, island's defence minister says","기사는 중국의 대만 침공 가능성과 관련하여 군사적 능력 강화 및 준비 상태에 대한 대만 국방장관의 발언을 다루고 있으며, 이는 GDELT 분류 유형인 '군사 동원·증강'에 부합합니다.",http://web.archive.org/web/20211006222551/https://www.ctvnews.ca/world/china-could-be-ready-to-mount-a-full-scale-invasion-of-taiwan-by-2025-island-s-defence-minister-says-1.5612874,https://www.ctvnews.ca/world/china-could-be-ready-to-mount-a-full-scale-invasion-of-taiwan-by-2025-island-s-defence-minister-says-1.5612874
1008083125,2021-10-07,154,OK_ORIGINAL,MISMATCH,LOW,China preparing for high-tech WAR against US with AI fighter jets,"기사는 중국과 미국 간의 고위험 전쟁 준비에 초점을 맞추고 있으며, 대만을 언급하긴 하지만 양안 간의 직접적인 군사 동원 또는 증강보다는 더 광범위한 미-중 군사 경쟁을 다루고 있습니다.",https://www.the-sun.com/news/3809825/china-preparing-high-tech-war-us-jets-hypersonic-taiwan/,https://www.the-sun.com/news/3809825/china-preparing-high-tech-war-us-jets-hypersonic-taiwan/
1008142941,2021-10-07,151,OK_ORIGINAL,MATCH,HIGH,"China could be ready to mount a ‘full-scale’ invasion of Taiwan by 2025, island’s defense minister says | CNN","기사는 중국의 대만 침공 가능성을 언급하며 군사적 긴장 고조를 시사하고 있으며, 이는 경계 수준 강화와 맥락을 같이 합니다.",https://www.cnn.com/2021/10/06/asia/taiwan-defense-minister-china-attack-intl-hnk/,https://www.cnn.com/2021/10/06/asia/taiwan-defense-minister-china-attack-intl-hnk/
1008391647,2021-10-09,190,OK_ORIGINAL,MISMATCH,LOW,Xi Jinping vows to fulfil Taiwan ‘reunification’ with China by peaceful means,"기사는 중국의 대만 '통일'에 대한 시진핑 주석의 발언을 다루고 있지만, '평화적 수단'을 강조하며 실제적인 재래식 무력 사용이 아닌 정치적, 외교적 수단을 언급하고 있어 CAMEO 코드 190(재래식 무력 사용)과는 부합하지 않습니다.",https://www.theguardian.com/world/2021/oct/09/xi-jinping-vows-taiwans-reunification-with-china-will-be-fulfilled,https://www.theguardian.com/world/2021/oct/09/xi-jinping-vows-taiwans-reunification-with-china-will-be-fulfilled
1008457326,2021-10-09,190,OK_ORIGINAL,MISMATCH,LOW,âStarting a fireâ: US and China enter dangerous territory over Taiwan - Times of India,"기사 제목은 대만과 관련된 미국과 중국의 긴장을 시사하지만, 본문 내용은 군사 사건과 전혀 관련 없는 요리, 정원 가꾸기, 자기 계발, 여행, 건강, 이름, 명언 등에 대한 내용으로, CAMEO 코드 190 '재래식 무력 사용'과는 명백히 다릅니다.",https://timesofindia.indiatimes.com/world/china/starting-a-fire-us-and-china-enter-dangerous-territory-over-taiwan/articleshow/86895853.cms,https://timesofindia.indiatimes.com/world/china/starting-a-fire-us-and-china-enter-dangerous-territory-over-taiwan/articleshow/86895853.cms
1009816383,2021-10-18,190,OK_WAYBACK,AMBIGUOUS,MEDIUM,"Satellite photos show China, Taiwan digging in","기사는 중국과 대만의 군사적 긴장 고조와 군사 시설 강화에 대해 언급하지만, 직접적인 재래식 무력 사용(use conventional force)을 묘사하지는 않고 향후 가능성을 시사하고 있습니다.",http://web.archive.org/web/20211018170241/https://www.news.com.au/technology/innovation/military/satellite-photos-show-china-and-taiwan-are-digging-in-amid-rising-tensions/news-story/280c1e419ba68aa873d27b8aa791c0ba,https://www.news.com.au/technology/innovation/military/satellite-photos-show-china-and-taiwan-are-digging-in-amid-rising-tensions/news-story/280c1e419ba68aa873d27b8aa791c0ba
1009817066,2021-10-18,190,OK_WAYBACK,AMBIGUOUS,MEDIUM,"Satellite photos show China, Taiwan digging in","기사는 중국과 대만의 군사적 긴장을 다루고 있지만, '재래식 무력 사용'이라는 구체적인 사건 유형보다는 군사 시설 업그레이드 및 잠재적 충돌 가능성에 초점을 맞추고 있어 직접적인 무력 사용으로 판단하기에는 모호합니다.",http://web.archive.org/web/20211018170241/https://www.news.com.au/technology/innovation/military/satellite-photos-show-china-and-taiwan-are-digging-in-amid-rising-tensions/news-story/280c1e419ba68aa873d27b8aa791c0ba,https://www.news.com.au/technology/innovation/military/satellite-photos-show-china-and-taiwan-are-digging-in-amid-rising-tensions/news-story/280c1e419ba68aa873d27b8aa791c0ba
1007565490,2021-10-04,195,OK_ORIGINAL,MATCH,HIGH,China sharply escalates warplane provocations near Taiwan,"기사는 중국의 대만 영공 침범에 대한 58대의 군용기, 특히 핵폭격기를 동원한 도발적 항공 작전에 대해 명시적으로 언급하고 있어 CAMEO 코드 195: 공중무기 사용과 일치합니다.",https://www.washingtontimes.com/news/2021/oct/4/china-sharply-escalates-warplane-provocations-near/,https://www.washingtontimes.com/news/2021/oct/4/china-sharply-escalates-warplane-provocations-near/
962730470,2021-01-05,192,NOTFOUND,-,UNVERIFIED,,본문 확보 실패,,https://www.france24.com/en/live-news/20210105-taiwan-says-chinese-jets-made-record-380-incursions-in-2020
962730471,2021-01-05,192,NOTFOUND,-,UNVERIFIED,,본문 확보 실패,,https://www.france24.com/en/live-news/20210105-taiwan-says-chinese-jets-made-record-380-incursions-in-2020
962777439,2021-01-05,192,OK_ORIGINAL,AMBIGUOUS,MEDIUM,"Taiwan claims China made record 380 incursions in 2020, says 'tensions now at highest'","기사는 중국의 대만 ADIZ 침범 횟수 증가를 다루고 있으며 이는 양안 간의 군사적 긴장을 보여주지만, '영토 점령(occupy territory)'이라는 GDELT 분류 유형과는 직접적으로 일치하지 않습니다.",https://www.republicworld.com/world-news/rest-of-the-world-news/taiwan-claims-china-made-record-380-incursions-in-2020-says-tensions-now-at-highest.html,https://www.republicworld.com/world-news/rest-of-the-world-news/taiwan-claims-china-made-record-380-incursions-in-2020-says-tensions-now-at-highest.html
962737744,2021-01-05,192,OK_WAYBACK,MISMATCH,LOW,Chinese jets made record 380 incursions in 2020: Taiwan,"기사는 중국의 대만 방공식별구역 침입 횟수 증가를 다루고 있으며, 이는 영토 점령과는 직접적인 관련이 없습니다.",http://web.archive.org/web/20210106215956/https://www.deccanherald.com/international/world-news-politics/chinese-jets-made-record-380-incursions-in-2020-taiwan-935394.html,https://www.deccanherald.com/international/world-news-politics/chinese-jets-made-record-380-incursions-in-2020-taiwan-935394.html
1012025422,2021-10-31,154,EMPTY,-,UNVERIFIED,,본문 확보 실패,,https://www.i24news.tv/en/news/international/asia-pacific/1635689336-taiwan-scrambles-aircraft-to-ward-off-china-s-fighter-jets
1012039060,2021-10-31,190,OK_ORIGINAL,AMBIGUOUS,MEDIUM,Blinken and Wang clash over US interference in Chinese Taipei,"기사는 중국과 대만 간의 긴장 상황과 미국의 군사 지원에 대해 언급하지만, 재래식 무력 사용이라는 구체적인 사건이 발생했음을 나타내지는 않습니다.",https://www.presstv.ir/Detail/2021/10/31/669651/Blinken-and-Wang-clash-over-US-interference-in-Chinese-Taipei,https://www.presstv.ir/Detail/2021/10/31/669651/Blinken-and-Wang-clash-over-US-interference-in-Chinese-Taipei
1010127694,2021-10-20,190,OK_ORIGINAL,AMBIGUOUS,MEDIUM,"Odds of war with China in next year 'very low', says Taiwan despite heightened tension","기사는 양안의 긴장 고조를 언급하지만, ""재래식 무력 사용""이라는 분류 유형과 직접적으로 일치하는 군사적 충돌 사건을 상세히 묘사하고 있지 않습니다.",https://economictimes.indiatimes.com/news/defence/odds-of-war-with-china-in-next-year-very-low-says-taiwan-despite-heightened-tension/articleshow/87153700.cms,https://economictimes.indiatimes.com/news/defence/odds-of-war-with-china-in-next-year-very-low-says-taiwan-despite-heightened-tension/articleshow/87153700.cms
1010142925,2021-10-20,190,OK_ORIGINAL,AMBIGUOUS,MEDIUM,"Buoyed by international support, Taiwan gets ready to counter Chinese aggression","기사는 중국의 군사적 위협을 언급하며 잠재적인 군사적 충돌 가능성을 시사하지만, 실제 재래식 무력 사용이 발생했음을 직접적으로 보도하고 있지는 않아 GDELT 분류 코드 190(재래식 무력 사용)과 완전히 일치한다고 보기에는 모호합니다.",https://www.sentinelassam.com/international/buoyed-by-international-support-taiwan-gets-ready-to-counter-chinese-aggression-559572,https://www.sentinelassam.com/international/buoyed-by-international-support-taiwan-gets-ready-to-counter-chinese-aggression-559572
1010497034,2021-10-22,192,OK_ORIGINAL,MISMATCH,LOW,China hounds Taiwan with 'greyzone' war plane incursions - Times of India,"기사 제목은 중국의 대만에 대한 '그레이존' 군사 작전을 언급하지만, 본문 내용은 군사 사건과 전혀 관련 없는 실내 식물, 음식, 채소 재배 등에 대한 정보만을 담고 있어 GDELT 분류와 일치하지 않습니다.",https://timesofindia.indiatimes.com/world/rest-of-world/china-hounds-taiwan-with-greyzone-war-plane-incursions/articleshow/87198555.cms,https://timesofindia.indiatimes.com/world/rest-of-world/china-hounds-taiwan-with-greyzone-war-plane-incursions/articleshow/87198555.cms
1010494560,2021-10-22,192,OK_WAYBACK,MISMATCH,LOW,China hounds Taiwan with 'greyzone' war plane incursions,"기사는 대만 방공식별구역(ADIZ)으로의 중국 전투기 침입을 다루고 있으며, 이는 영토 점령(occupy territory)보다는 위협이나 괴롭힘에 가깝습니다.",http://web.archive.org/web/20211022131019/http://www.msn.com/en-us/news/world/china-hounds-taiwan-with-greyzone-war-plane-incursions/ar-AAPOD9l,https://www.msn.com/en-us/news/world/china-hounds-taiwan-with-greyzone-war-plane-incursions/ar-AAPOD9l
1012789572,2021-11-05,190,NOTFOUND,-,UNVERIFIED,,본문 확보 실패,,https://thenationonlineng.net/chinas-taiwan-manoeuvres/
1012805371,2021-11-05,192,OK_WAYBACK,AMBIGUOUS,MEDIUM,China ‘debated’ attacking Taiwan’s Pratas Islands,"기사는 중국의 대만 섬 공격 가능성에 대한 내부 논의를 다루고 있지만, 실제로 영토 점령 행위가 발생했거나 명확하게 묘사되지 않아 CAMEO 코드 192와 직접적으로 일치한다고 보기 어렵습니다.",http://web.archive.org/web/20211105183621/https://www.news.com.au/technology/innovation/military/china-reportedly-debated-attacking-taiwans-pratas-islands/news-story/d12105d9ef57b6c5f448b1e5d7c1297a,https://www.news.com.au/technology/innovation/military/china-reportedly-debated-attacking-taiwans-pratas-islands/news-story/d12105d9ef57b6c5f448b1e5d7c1297a
1010521572,2021-10-22,195,OK_ORIGINAL,MATCH,HIGH,China hounds Taiwan with 'greyzone' war plane incursions,"기사는 중국 전투기가 대만의 방공식별구역에 진입하는 사건을 다루고 있으며, 이는 CAMEO 코드 195 '공중무기 사용'에 해당합니다.",https://www.bangkokpost.com/world/2202527/china-hounds-taiwan-with-greyzone-war-plane-incursions,https://www.bangkokpost.com/world/2202527/china-hounds-taiwan-with-greyzone-war-plane-incursions
1012021376,2021-10-31,190,OK_ORIGINAL,MISMATCH,LOW,Blinken clashes with Chinese counterpart over aggression toward Taiwan,"기사는 미국과 중국의 고위 관료 간의 외교적 대화와 관련된 내용으로, 실제 재래식 무력의 사용을 묘사하고 있지 않습니다.",https://www.dailymail.co.uk/news/article-10150075/Blinken-Wang-warn-against-fuelling-Taiwan-tensions.html,https://www.dailymail.co.uk/news/article-10150075/Blinken-Wang-warn-against-fuelling-Taiwan-tensions.html
1010494559,2021-10-22,192,OK_WAYBACK,MISMATCH,LOW,China hounds Taiwan with 'greyzone' war plane incursions,"기사는 중국의 대만 영공 침범을 다루고 있으나, '영토 점령'이라는 분류 유형은 실제 영토를 점거하는 행위를 의미하므로 기사의 내용과는 일치하지 않습니다.",http://web.archive.org/web/20211022131019/http://www.msn.com/en-us/news/world/china-hounds-taiwan-with-greyzone-war-plane-incursions/ar-AAPOD9l,https://www.msn.com/en-us/news/world/china-hounds-taiwan-with-greyzone-war-plane-incursions/ar-AAPOD9l
1010549071,2021-10-22,193,OK_WAYBACK,MISMATCH,LOW,Alec Baldwin seen in tears after deadly prop gun shooting; China vs. Biden over Taiwan; Netflix walkout,"기사는 할리우드 배우의 촬영장 총기 사고에 대한 내용이며, 양안 군사 사건과는 전혀 관련이 없습니다.",http://web.archive.org/web/20211022120750/https://madison.com/news/national/alec-baldwin-seen-in-tears-after-deadly-prop-gun-shooting-china-vs-biden-over-taiwan/article_eb722496-d6ca-5e19-bbc8-2475d495c564.html,https://madison.com/news/national/alec-baldwin-seen-in-tears-after-deadly-prop-gun-shooting-china-vs-biden-over-taiwan/article_eb722496-d6ca-5e19-bbc8-2475d495c564.html
1012021008,2021-10-31,190,OK_ORIGINAL,MISMATCH,LOW,Blinken clashes with Chinese counterpart over aggression toward Taiwan,"기사는 미국과 중국 외교 장관 간의 외교적 긴장과 대만 문제에 대한 논의를 다루고 있지만, 실제 재래식 무력의 사용이나 군사적 충돌에 대한 내용은 포함하고 있지 않습니다.",https://www.dailymail.co.uk/news/article-10150075/Blinken-Wang-warn-against-fuelling-Taiwan-tensions.html,https://www.dailymail.co.uk/news/article-10150075/Blinken-Wang-warn-against-fuelling-Taiwan-tensions.html
952226539,2020-10-19,193,OK_WAYBACK,MISMATCH,LOW,Taiwan official allegedly injured after altercation with Chinese diplomats in Fiji,"기사는 양안 관련 외교적 충돌에 대한 것이지, 소형화기 충돌과 같은 군사적 사건을 다루고 있지 않습니다.",http://web.archive.org/web/20201021144059/https://www.msn.com/en-us/news/world/taiwan-official-allegedly-injured-after-altercation-with-chinese-diplomats-in-fiji/ar-BB1aatOP,https://www.msn.com/en-us/news/world/taiwan-official-allegedly-injured-after-altercation-with-chinese-diplomats-in-fiji/ar-BB1aatOP
952200921,2020-10-19,190,OK_WAYBACK,MISMATCH,LOW,Taiwanese staffer injured in clash with Chinese side in Fiji,"해당 기사는 외교적 충돌을 다루고 있으며, GDELT의 '재래식 무력 사용' 분류와는 일치하지 않습니다.",http://web.archive.org/web/20201019073206/https://mynorthwest.com/2245036/taiwanese-staffer-injured-in-clash-with-chinese-side-in-fiji/,https://mynorthwest.com/2245036/taiwanese-staffer-injured-in-clash-with-chinese-side-in-fiji/
952201975,2020-10-19,150,OK_ORIGINAL,MATCH,HIGH,Why Taiwan Doubts US Commitment Of Protecting The Island Nation From The Clutches Of China?,"기사는 중국의 군사적 압박에 대한 대만의 우려와 미국과의 군사적 파트너십을 다루고 있으며, 이는 '군사 태세'로 분류될 수 있습니다.",https://eurasiantimes.com/why-taiwan-doubts-us-commitment-of-protecting-the-island-nation-from-chinese-clutches/,https://eurasiantimes.com/why-taiwan-doubts-us-commitment-of-protecting-the-island-nation-from-chinese-clutches/
952355544,2020-10-20,190,OK_WAYBACK,MISMATCH,LOW,Latest clash between China and Taiwan — a fistfight in Fiji,"기사는 피지에서 발생한 중국과 대만 대표단 간의 물리적 충돌에 관한 것으로, 재래식 무력 사용에 해당하는 군사 사건이 아닙니다.",http://web.archive.org/web/20201022124452/https://www.msn.com/en-in/money/topstories/latest-clash-between-china-and-taiwan-e2-80-94-a-fistfight-in-fiji/ar-BB1abZN9,https://www.msn.com/en-in/money/topstories/latest-clash-between-china-and-taiwan-e2-80-94-a-fistfight-in-fiji/ar-BB1abZN9
953502378,2020-10-29,190,OK_WAYBACK,MISMATCH,LOW,Taiwan celebrates record 200 days with no confirmed local coronavirus transmission,"이 기사는 코로나19 팬데믹 대응에 관한 내용이며, 재래식 무력 사용과 같은 군사 사건과는 전혀 관련이 없습니다.",http://web.archive.org/web/20201101015230/http://www.msn.com/en-us/news/world/taiwan-celebrates-record-200-days-with-no-confirmed-local-coronavirus-transmission/ar-BB1avyg8,http://www.msn.com/en-us/news/world/taiwan-celebrates-record-200-days-with-no-confirmed-local-coronavirus-transmission/ar-BB1avyg8
953483478,2020-10-29,192,OK_ORIGINAL,AMBIGUOUS,MEDIUM,"To Invade Taiwan, A Chinese Fleet Might Have To Sail Through 400 Harpoon Anti-Ship Missiles","기사는 중국의 대만 침공 가능성과 이에 대한 대만의 방어 준비를 다루지만, 실제 영토 점령 행위에 대한 내용은 포함하고 있지 않아 분류 유형과 명확히 일치하지 않습니다.",https://www.forbes.com/sites/davidaxe/2020/10/29/to-invade-taiwan-a-chinese-fleet-might-have-to-sail-through-400-harpoon-anti-ship-missiles/,https://www.forbes.com/sites/davidaxe/2020/10/29/to-invade-taiwan-a-chinese-fleet-might-have-to-sail-through-400-harpoon-anti-ship-missiles/
953501508,2020-10-29,190,OK_WAYBACK,MISMATCH,LOW,Taiwan celebrates record 200 days with no confirmed local coronavirus transmission,"이 기사는 대만이 코로나19 확산을 성공적으로 막았다는 내용을 다루고 있으며, 재래식 무력 사용과 관련된 군사 사건이 아닙니다.",http://web.archive.org/web/20201101015230/http://www.msn.com/en-us/news/world/taiwan-celebrates-record-200-days-with-no-confirmed-local-coronavirus-transmission/ar-BB1avyg8,http://www.msn.com/en-us/news/world/taiwan-celebrates-record-200-days-with-no-confirmed-local-coronavirus-transmission/ar-BB1avyg8
952199405,2020-10-19,190,NOTFOUND,-,UNVERIFIED,,본문 확보 실패,,http://www.elpasoinc.com/news/ap_wire/international/taiwanese-staffer-injured-in-clash-with-chinese-side-in-fiji/article_4fa40781-1e0f-5563-86aa-976420a39ffc.html
952216294,2020-10-19,190,OK_WAYBACK,MISMATCH,LOW,"Cake fight: Taiwan, China officials scuffle at Fiji soiree","이 기사는 외교관 간의 물리적 충돌에 관한 것으로, 재래식 무력 사용을 포함하는 군사 사건으로 분류하기에는 부적절합니다.",http://web.archive.org/web/20201019170416/http://www.digitaljournal.com/news/world/taiwan-says-chinese-diplomats-assaulted-official-in-fiji/article/579717,http://www.digitaljournal.com/news/world/taiwan-says-chinese-diplomats-assaulted-official-in-fiji/article/579717
953526571,2020-10-30,192,OK_ORIGINAL,AMBIGUOUS,MEDIUM,'China is angry and acting more brutish': Taiwan anxiety rises as sabre-rattling grows,"기사는 중국의 대만 방공식별구역 침범과 침공 시뮬레이션 등 군사적 긴장을 묘사하고 있으나, GDELT 분류 유형인 '영토 점령'에 직접적으로 해당하는 내용보다는 위협적인 행동과 긴장 고조에 초점을 맞추고 있습니다.",https://economictimes.indiatimes.com/news/defence/china-is-angry-and-acting-more-brutish-taiwan-anxiety-rises-as-sabre-rattling-grows/articleshow/78946432.cms,https://economictimes.indiatimes.com/news/defence/china-is-angry-and-acting-more-brutish-taiwan-anxiety-rises-as-sabre-rattling-grows/articleshow/78946432.cms
953526574,2020-10-30,194,OK_ORIGINAL,AMBIGUOUS,MEDIUM,'China is angry and acting more brutish': Taiwan anxiety rises as sabre-rattling grows,"기사에서 중국의 군사적 행동(전투기 진입, 침공 시뮬레이션)을 언급하지만, '중화기 무력충돌'이라는 구체적인 사건 유형을 직접적으로 묘사하지는 않기 때문입니다.",https://economictimes.indiatimes.com/news/defence/china-is-angry-and-acting-more-brutish-taiwan-anxiety-rises-as-sabre-rattling-grows/articleshow/78946432.cms,https://economictimes.indiatimes.com/news/defence/china-is-angry-and-acting-more-brutish-taiwan-anxiety-rises-as-sabre-rattling-grows/articleshow/78946432.cms
952356822,2020-10-20,190,OK_WAYBACK,MISMATCH,LOW,Latest clash between China and Taiwan — a fistfight in Fiji,"기사는 외교 행사에서의 물리적 충돌을 다루고 있으며, 재래식 무력 사용과 관련된 군사 사건이 아닙니다.",http://web.archive.org/web/20201022124452/https://www.msn.com/en-in/money/topstories/latest-clash-between-china-and-taiwan-e2-80-94-a-fistfight-in-fiji/ar-BB1abZN9,https://www.msn.com/en-in/money/topstories/latest-clash-between-china-and-taiwan-e2-80-94-a-fistfight-in-fiji/ar-BB1abZN9
952217086,2020-10-19,190,OK_WAYBACK,MISMATCH,LOW,"Cake fight: Taiwan, China officials scuffle at Fiji soiree","기사는 양안 외교관 간의 물리적 충돌에 대한 것이며, 재래식 무력 사용과 같은 군사적 사건과는 관련이 없습니다.",http://web.archive.org/web/20201019170416/http://www.digitaljournal.com/news/world/taiwan-says-chinese-diplomats-assaulted-official-in-fiji/article/579717,http://www.digitaljournal.com/news/world/taiwan-says-chinese-diplomats-assaulted-official-in-fiji/article/579717
498130801,2014-12-30,192,NOTFOUND,-,UNVERIFIED,,본문 확보 실패,,http://wjhl.com/ap/china-taiwan-inaugurate-upgraded-hotline-between-sides/
306675439,2014-07-24,190,NOTFOUND,-,UNVERIFIED,,본문 확보 실패,,http://bostonherald.com/news_opinion/international/asia/2014/07/taiwan_airline_suspects_bad_weather_caused_crash
1303863142,2026-05-13,190,OK_ORIGINAL,AMBIGUOUS,MEDIUM,Trump's China summit puts Taiwan in the spotlight amid fears of a potential global crisis,"기사는 양안 관계에 대한 논의를 다루고 있지만, 재래식 무력 사용과 같은 군사적 사건에 대한 구체적인 내용을 포함하고 있지 않습니다.",https://www.kpax.com/world/asia/trumps-china-summit-puts-taiwan-in-the-spotlight-amid-fears-of-a-potential-global-crisis,https://www.kpax.com/world/asia/trumps-china-summit-puts-taiwan-in-the-spotlight-amid-fears-of-a-potential-global-crisis
978527900,2021-04-07,193,OK_ORIGINAL,AMBIGUOUS,MEDIUM,Taiwan says may shoot down Chinese drones in South China Sea,"기사는 중국 드론이 대만 영해 근처를 비행하는 상황을 다루고 있으며, 대만 측은 드론이 제한 구역에 진입할 경우 발포 가능성을 시사했지만, 실제 소형 무기 충돌이 발생했다는 내용은 명시되지 않아 CAMEO 코드 193에 명확히 부합한다고 보기 어렵습니다.",https://news.yahoo.com/taiwan-says-may-shoot-down-102930445.html,https://news.yahoo.com/taiwan-says-may-shoot-down-102930445.html
978525682,2021-04-07,193,OK_WAYBACK,AMBIGUOUS,MEDIUM,Taiwan says may shoot down Chinese drones in South China Sea,"기사는 중국 드론이 대만 영토 근처에서 감시 활동을 하는 것을 언급하고 있으며, 대만 측이 이를 격추할 가능성을 시사하지만, 실제로 소형 무기가 충돌한 사건을 묘사하고 있지는 않아 GDELT 분류 유형과 직접적으로 일치하지는 않습니다.",http://web.archive.org/web/20210408025554/https://www.reuters.com/article/us-southchinasea-taiwan/taiwan-says-may-shoot-down-chinese-drones-in-south-china-sea-idUSKBN2BU1CV,https://www.reuters.com/article/us-southchinasea-taiwan/taiwan-says-may-shoot-down-chinese-drones-in-south-china-sea-idUSKBN2BU1CV
978523637,2021-04-07,193,EMPTY,-,UNVERIFIED,,본문 확보 실패,,https://www.msn.com/en-us/news/world/taiwan-says-may-shoot-down-chinese-drones-in-schina-sea/ar-BB1fo0ie
978163836,2021-04-05,151,NOTFOUND,-,UNVERIFIED,,본문 확보 실패,,https://www.reuters.com/article/us-taiwan-china-defence/taiwan-reports-new-incursion-by-chinese-jets-into-defence-zone-idUSKBN2BS0U8
978289340,2021-04-06,190,OK_ORIGINAL,MATCH,HIGH,China holds aircraft carrier drills in waters near Taiwan,"기사는 중국이 대만 인근 해역에서 항공모함 전단 훈련을 실시하고 있다고 보도하며, 이는 CAMEO 코드 190: 재래식 무력 사용에 해당하는 양안 군사 사건으로 분류될 수 있습니다.",https://www.680news.com/2021/04/06/china-holds-aircraft-carrier-drills-in-waters-near-taiwan/,https://www.680news.com/2021/04/06/china-holds-aircraft-carrier-drills-in-waters-near-taiwan/
978523638,2021-04-07,193,EMPTY,-,UNVERIFIED,,본문 확보 실패,,https://www.msn.com/en-us/news/world/taiwan-says-may-shoot-down-chinese-drones-in-schina-sea/ar-BB1fo0ie
978527903,2021-04-07,193,OK_ORIGINAL,AMBIGUOUS,MEDIUM,Taiwan ready to shoot down Chinese drones straying into Pratas Islands space,"기사는 양안 군사 사건에 해당하지만, 드론이 영공을 침범하기 전 격추 가능성을 언급하고 있을 뿐 실제 소형화기 충돌이 발생한 것은 아니므로 CAMEO 코드 193과 명확히 일치하지 않습니다.",https://www.thestandard.com.hk/breaking-news/section/6/169022/Taiwan-ready-to-shoot-down-Chinese-drones-straying-into-Pratas-Islands-space,https://www.thestandard.com.hk/breaking-news/section/6/169022/Taiwan-ready-to-shoot-down-Chinese-drones-straying-into-Pratas-Islands-space
976950933,2021-03-28,192,OK_ORIGINAL,AMBIGUOUS,MEDIUM,US fears China is flirting with seizing control of Taiwan,"기사는 중국의 대만 통제력 강화 가능성에 대한 미국의 우려를 다루고 있으나, 현재까지 '영토 점령'이라는 GDELT 분류 사건 유형으로 직접 이어지는 구체적인 군사 행동에 대한 묘사는 부족하며, 'flirting with seizing control'이라는 표현은 가능성을 시사하는 수준입니다.",https://www.irishtimes.com/news/world/asia-pacific/us-fears-china-is-flirting-with-seizing-control-of-taiwan-1.4522388,https://www.irishtimes.com/news/world/asia-pacific/us-fears-china-is-flirting-with-seizing-control-of-taiwan-1.4522388
977188089,2021-03-30,154,OK_ORIGINAL,AMBIGUOUS,MEDIUM,Palau president visits Taiwan amid Chinese pressure,"기사는 팔라우 대통령의 대만 방문을 언급하며 중국의 압박 상황을 설명하지만, 직접적인 군사 동원이나 증강에 대한 내용은 포함하고 있지 않습니다.",https://www.570news.com/2021/03/30/palau-president-visits-taiwan-amid-chinese-pressure/,https://www.570news.com/2021/03/30/palau-president-visits-taiwan-amid-chinese-pressure/
716225270,2017-12-18,190,OK_WAYBACK,MATCH,MEDIUM,"China warplanes intrude on Japan, South Korea and Taiwan air defense zones to 'test ocean combat ability' | The Japan Times","기사는 중국 전투기가 대만 근처에서 훈련을 실시하고 대만 역시 이에 대응하는 내용을 다루고 있으며, 이는 CAMEO 코드 190 '재래식 무력 사용'으로 분류되는 군사적 긴장 상황에 해당합니다.",http://web.archive.org/web/20171222084230/https://www.japantimes.co.jp/news/2017/12/19/asia-pacific/china-warplanes-intrude-japan-south-korea-taiwan-air-defense-zones-test-ocean-combat-ability/,https://www.japantimes.co.jp/news/2017/12/19/asia-pacific/china-warplanes-intrude-japan-south-korea-taiwan-air-defense-zones-test-ocean-combat-ability/
716275037,2017-12-19,190,NOTFOUND,-,UNVERIFIED,,본문 확보 실패,,https://www.japantimes.co.jp/?post_type=news&p=1325315
716574864,2017-12-20,151,OK_ORIGINAL,MISMATCH,LOW,China urges the U.S. to accept its ascendancy,"기사는 중국과 미국 간의 정치적, 경제적 긴장 관계를 다루고 있으며, 양안 군사 사건 또는 경계 수준 강화와는 직접적인 관련이 없습니다.",http://www.pressherald.com/2017/12/19/china-urges-the-u-s-to-accept-its-ascendancy/,http://www.pressherald.com/2017/12/19/china-urges-the-u-s-to-accept-its-ascendancy/
497483528,2015-12-27,151,OK_ORIGINAL,MISMATCH,LOW,Associated Press News: Breaking News | Latest News Today,"기사는 이란-미국 군사적 충돌, 미국 상원 선거, 북아일랜드 시위, FIFA 관련 사건, 교황 연설 등 다양한 주제를 다루고 있으며, 양안 군사 사건과는 전혀 관련이 없습니다.",http://hosted2.ap.org/CAANR/0260ea4c3e85456b80715585ba3c7b5b/Article_2015-12-27-AS--Taiwan-Presidential%20Debate/id-d51e36ae5bb24738b81eb0555ab1657a,http://hosted2.ap.org/CAANR/0260ea4c3e85456b80715585ba3c7b5b/Article_2015-12-27-AS--Taiwan-Presidential%20Debate/id-d51e36ae5bb24738b81eb0555ab1657a
480822527,2015-11-01,192,NOTFOUND,-,UNVERIFIED,,본문 확보 실패,,http://focustaiwan.tw/news/afav/201510300030.aspx
430685688,2015-05-05,192,OK_ORIGINAL,MISMATCH,LOW,"First private cars from Taiwan roll into mainland for visit
 - China - Chinadaily.com.cn","해당 기사는 대만 등록 자가용 차량이 중국 본토를 방문하는 내용으로, 영토 점령과는 무관한 민간 여행에 대한 내용입니다.",http://www.chinadaily.com.cn/china/2015-05/05/content_20620315.htm,http://www.chinadaily.com.cn/china/2015-05/05/content_20620315.htm
