SQLDATE,event_lat,event_lon,priority_score,satellite_name,norad_id,min_dist_km,track_lats,track_lons
2021-01-19,24.0,119.0,0.8787379972561875,JILIN-01 GAOFEN 2F,49338,20.5,"[59.9285, 22.6976, -14.9601, -52.1716, -82.3715, -51.8173, -14.7176, 22.7959, 59.9196, 78.6066, 43.2441, 5.6814, -31.8761, -68.4161, -71.3762, -35.1624, 2.2192, 39.6831, 75.6765, 63.4286, 26.3271, -11.331, -48.6249, -81.6557, -55.3413, -18.3312, 19.1748, 56.3951, 80.9685, 46.8363, 9.3197, -28.2711, -65.0166, -74.5827, -38.743, -1.4059, 36.083, 72.5009, 66.885, 29.9524, -7.6991, -45.0642, -79.6635, -58.844, -21.9405, 15.5516, 52.8487, 82.2783, 50.4163, 12.957, -24.66, -61.5654, -77.5754, -42.3146, -5.0294, 32.4769, 69.1774, 70.2759, 33.5723, -4.0649, -41.4918, -76.9669, -62.3187, -25.5447, 11.927, 49.2859, 82.0026, 53.9814, 16.5928, -21.0435, -58.0783, -80.1593, -45.8758, -8.6507, 28.8658, 65.7663, 73.5625, 37.1861, -0.4293, -37.9094, -73.9156, -65.755, -29.1433, 8.3018, 45.7102, 80.2758, 57.5274, 20.2262, -17.4224, -54.5649, -81.933, -49.4248, -12.2693, 25.2506, 62.2995, 76.669, 40.7925, 3.2073, -34.3183, -70.6757, -69.1353, -32.7354, 4.6764, 42.1242, 77.6945, 61.0483, 23.8567, -13.7974, -51.0313, -82.3143, -52.9593, -15.8846, 21.6322, 58.7949, 79.4373, 44.3902, 6.844, -30.7197, -67.327, -72.4291, -36.3203, 1.0516, 38.5299, 74.6847, 64.5349, 27.4834, -10.1691, -47.4816, -81.122, -56.4757, -19.4959, 18.0112, 55.2636, 81.5309, 47.9773, 10.4804, -27.1144, -63.9102, -75.5787, -39.8969, -2.5721, 34.9286, 71.4535, 67.9722]","[35.7045, 23.0279, 15.2501, 4.8537, -79.2671, -160.4501, -170.7544, -178.5129, 168.8308, 41.3125, 4.394, -4.5942, -12.6507, -30.1741, -169.5008, 169.9845, 161.7578, 153.1597, 125.3958, -9.9705, -24.2165, -32.0698, -41.7927, -101.4664, 153.0812, 141.9399, 134.2114, 122.7393, 9.2295, -42.4655, -51.9312, -59.8366, -74.9238, 148.3027, 122.9069, 114.4106, 106.1056, 84.0589, -55.0505, -71.4231, -79.4024, -88.5943, -130.6296, 106.8768, 94.6562, 86.9119, 76.3522, -15.0893, -89.1864, -99.2577, -107.0644, -120.3735, 108.8489, 75.9082, 67.0646, 58.9835, 40.7428, -99.236, -118.5826, -126.7432, -135.5164, -166.5717, 61.0361, 47.4007, 39.5938, 29.7466, -36.1738, -135.7267, -146.5693, -154.3258, -166.3013, 74.1131, 29.0089, 19.7239, 11.8068, -3.782, -142.0082, -165.6837, -174.0883, 177.467, 153.2668, 15.7114, 0.1804, -7.7378, -17.0244, -63.03, 177.9734, 166.139, 158.3861, 147.4315, 46.6061, -17.7637, -27.6075, -35.4139, -49.0849, 177.5737, 147.2883, 138.5662, 130.3751, 110.6559, -28.8513, -46.9961, -55.0787, -63.9229, -97.3484, 132.0016, 118.8731, 111.0771, 100.9163, 25.1243, -64.3723, -74.9254, -82.6699, -94.913, 141.2268, 100.3521, 91.2243, 83.223, 66.5759, -72.2366, -94.1181, -102.4248, -110.9214, -136.5862, 86.4913, 71.6396, 63.7524, 54.2148, 1.0963, -110.7646, -122.2247, -129.954, -141.1098, 111.5531, 53.5326, 43.89, 36.0223, 21.5679, -113.7054, -141.1724, -149.7721, -157.9991, -178.6712, 41.6547]"
2022-08-04,24.0,119.0,0.6122038475464454,FLOCK 4H 23,66726,9.1,"[-6.7654, -44.4512, -79.6476, -58.7568, -21.4022, 16.4458, 53.981, 82.2163, 49.1195, 11.4664, -26.3918, -63.5913, -75.6961, -39.4966, -1.7694, 36.0215, 72.6832, 66.7685, 29.6547, -8.2029, -45.8669, -80.5922, -57.365, -19.9698, 17.8804, 55.383, 81.6534, 47.706, 10.0288, -27.8225, -64.9608, -74.4564, -38.0752, -0.3323, 37.4463, 73.9651, 65.4068, 28.2235, -9.6405, -47.2812, -81.403, -55.9693, -18.5364, 19.3149, 56.7823, 80.8988, 46.2902, 8.5906, -29.2528, -66.3232, -73.1864, -36.6521, 1.1052, 38.8703, 75.2199, 64.0368, 26.7912, -11.0783, -48.694, -82.0389, -54.5699, -17.102, 20.7493, 58.1787, 79.9954, 44.8722, 7.1518, -30.6827, -67.6773, -71.8924, -35.2276, 2.5431, 40.2935, 76.4402, 62.6597, 25.3577, -12.5161, -50.1051, -82.4553, -53.1673, -15.6668, 22.1836, 59.5716, 78.9795, 43.4522, 5.7125, -32.112, -69.0214, -70.579, -33.8016, 3.9813, 41.7158, 77.6156, 61.2763, 23.9232, -13.954, -51.5145, -82.6149, -51.7616, -14.2308, 23.6177, 60.9605, 77.8793, 42.0303, 4.2725, -33.5408, -70.3534, -69.2497, -32.3742, 5.4198, 43.1371, 78.732, 59.8875, 22.4876, -15.3919, -52.9218, -82.5011, -50.3532, -12.794, 25.0516, 62.345, 76.7154, 40.6065, 2.8321, -34.9689, -71.6708, -67.9073, -30.9454, 6.8587, 44.5574, 79.77, 58.4939, 21.0509, -16.8297, -54.3269, -82.1254, -48.9421, -11.3564, 26.4852, 63.7242, 75.5031, 39.181, 1.3913, -36.3964]","[-8.5509, -17.4916, -57.8933, 177.1118, 165.171, 157.5496, 146.9567, 46.1588, -19.2009, -28.8223, -36.5333, -50.4913, 172.6674, 145.7327, 137.3126, 129.1587, 107.4878, -32.8975, -48.756, -56.5753, -65.6988, -111.9985, 128.6177, 117.1237, 109.5109, 98.5686, -11.0844, -67.4562, -76.8503, -84.6027, -99.305, 122.0537, 97.5929, 89.2914, 81.0349, 57.4111, -81.8565, -96.8337, -104.6011, -113.9253, -167.3795, 80.1716, 69.0802, 61.4688, 50.1399, -66.9679, -115.6895, -124.8766, -132.6784, -148.2241, 71.8446, 49.4646, 41.2702, 32.9, 6.9599, -130.7047, -144.9051, -152.6286, -162.1733, 135.8674, 31.7677, 21.04, 13.4231, 1.6653, -121.5234, -163.9029, -172.9016, 179.2391, 162.7328, 21.962, 1.3468, -6.7512, -15.2473, -43.9583, -179.4583, 167.0293, 159.3419, 149.5549, 77.8647, -16.5986, -26.9971, -34.6267, -46.8616, -174.9175, 147.9017, 139.0746, 131.1491, 113.5427, -27.655, -46.7614, -54.7731, -63.4079, -95.462, 131.8694, 118.969, 111.3103, 101.2565, 19.0616, -64.9316, -75.0315, -82.681, -95.4483, 132.6486, 99.7226, 91.0517, 83.0511, 64.1766, -77.0539, -94.8608, -102.7957, -111.5833, -147.7014, 83.2676, 70.9135, 63.2762, 52.9287, -39.8117, -113.2347, -123.0634, -130.7401, -144.1035, 80.9875, 51.5584, 43.0294, 34.9442, 14.5984, -126.272, -142.9521, -150.8192, -159.7749, 159.1413, 34.727, 22.8624, 15.2393, 4.5677, -97.9978, -161.511, -171.0932, -178.8045, 167.1621, 29.9427, 3.4078, -4.9925, -13.1724]"
2022-08-07,39.9289,116.388,0.5512856155648413,QPS-SAR-10 WADATSUMI-I,64055,21.3,"[15.6611, -9.4203, -31.8304, -42.1555, -32.5662, -10.5091, 14.5071, 35.3774, 41.7443, 28.3306, 4.8005, -19.9918, -38.5508, -40.2706, -23.7735, 0.4737, 24.6432, 40.6545, 37.9013, 18.6506, -6.2816, -29.4448, -41.9283, -34.697, -13.5792, 11.4447, 33.3035, 42.1089, 30.8041, 7.9567, -17.0487, -36.9225, -41.2232, -26.468, -2.6895, 21.8566, 39.4954, 39.3821, 21.5582, -3.1174, -26.8989, -41.3604, -36.611, -16.593, 8.3378, 31.0289, 42.1234, 33.1027, 11.0824, -14.0316, -35.0447, -41.8508, -29.0294, -5.8411, 18.9706, 38.0416, 40.5687, 24.3664, 0.0597, -24.215, -40.4639, -38.2817, -19.5359, 5.1997, 28.5795, 41.7881, 35.2008, 14.1639, -10.9554, -32.944, -42.14, -31.4359, -8.9691, 16.0027, 36.3191, 41.4382, 27.056, 3.2375, -21.4136, -39.257, -39.6829, -22.3921, 2.043, 25.9792, 41.1106, 37.0715, 17.1871, -7.8343, -30.6466, -42.0841, -33.664, -12.0609, 12.9689, 34.3553, 41.9725, 29.6059, 6.4037, -18.5132, -37.7622, -40.7897, -25.1444, -1.1201, 23.2501, 40.1062, 38.6874, 20.1365, -4.6815, -28.1773, -41.6842, -35.6885, -15.1033, 9.8837, 32.1777, 42.1602, 31.993, 9.5455, -15.531, -36.0048, -41.5807, -27.7738, -4.2776, 20.4124, 38.7955, 40.0217, 22.9953, -1.5096, -25.5593, -40.9489, -37.4831, -18.0823, 6.7609, 29.8128, 41.9971, 34.1926, 12.65, -12.4825, -34.0115, -42.0392, -30.2595, -7.4176, 17.4845, 37.2032, 41.0498, 25.7452]","[113.9142, 139.9459, 170.1055, -146.7325, -103.1595, -72.6836, -46.8199, -14.3411, 31.2199, 72.3469, 101.0045, 127.4535, 162.8532, -150.6912, -113.0336, -85.9628, -58.6085, -20.0982, 26.5355, 61.3791, 87.6844, 116.7066, 158.2834, -156.8601, -125.0191, -99.1907, -68.1587, -23.7907, 19.0212, 48.7605, 74.8737, 108.6021, 154.5727, -165.9672, -138.1457, -111.4395, -74.7591, -27.8947, 8.7091, 35.4643, 63.5276, 103.3754, 149.1908, -177.447, -151.4814, -121.7267, -78.8371, -34.5384, -3.5385, 22.4135, 54.5974, 99.6895, 140.9037, 169.655, -164.109, -129.1991, -82.5455, -44.1198, -16.7359, 10.5483, 48.6032, 94.9938, 130.0098, 156.2861, -175.0586, -133.8497, -88.3452, -55.9149, -29.9502, 0.8416, 44.7169, 87.5583, 117.4179, 143.3595, 176.6052, -137.3795, -97.1309, -68.9374, -42.2533, -5.9844, 40.5607, 77.3281, 104.09, 131.8273, 171.2381, -142.4056, -108.3913, -82.2397, -52.672, -10.2798, 33.9797, 65.1214, 90.9422, 122.6641, 167.6549, -150.3469, -121.1617, -94.9005, -60.3524, -14.0833, 24.4847, 51.909, 78.9095, 116.4843, 163.2844, -160.991, -134.4771, -105.9572, -65.2328, -19.8442, 12.7436, 38.6163, 68.9763, 112.6202, 156.2123, -173.4302, -147.4166, -114.4798, -68.899, -28.5433, -0.2781, 26.165, 61.934, 108.7408, 146.2624, 173.316, -159.0323, -120.0786, -73.9176, -39.7382, -13.6407, 15.5319, 57.585, 102.5303, 134.235, 160.1752, -168.3582, -123.8341, -81.7775, -52.4924, -26.4302, 7.6181, 53.9939, 93.3452]"
2022-07-30,39.9289,116.388,0.5389711934152956,FLOCK 4G 26,62633,8.5,"[-74.8663, -38.4831, -0.6694, 37.2074, 73.8501, 65.4579, 28.1978, -9.719, -47.3928, -81.4919, -55.8008, -18.2986, 19.64, 57.1999, 80.6019, 45.6927, 7.9202, -29.9604, -67.0259, -72.5053, -35.8413, 2.0011, 39.8538, 76.1629, 62.9073, 25.5384, -12.3854, -50.0104, -82.4624, -53.2013, -15.6346, 22.305, 59.7905, 78.7558, 43.0571, 5.2506, -32.6099, -69.5186, -70.0709, -33.1952, 4.6721, 42.4963, 78.3275, 60.3358, 22.8765, -15.0508, -52.6208, -82.5672, -50.5921, -12.9685, 24.9684, 62.3663, 76.633, 40.4161, 2.5804, -35.2563, -71.9658, -67.5864, -30.5451, 7.3433, 45.1343, 80.245, 57.748, 20.2122, -17.7149, -55.2227, -81.7729, -47.9747, -10.3006, 27.6301, 64.9231, 74.3452, 37.7704, -0.0902, -37.8993, -74.3467, -65.0663, -27.8914, 10.0144, 47.7671, 81.7417, 55.1472, 17.5459, -20.3775, -57.8143, -80.2974, -45.3501, -7.631, 30.2896, 67.4546, 71.9545, 35.1204, -2.7609, -40.5384, -76.626, -62.5197, -25.2343, 12.6852, 50.3938, 82.559, 52.5357, 14.8779, -23.0384, -60.3935, -78.3972, -42.7192, -4.9601, 32.9467, 69.9516, 69.4965, 32.4666, -5.4315, -43.1731, -78.7423, -59.953, -22.5742, 15.3555, 53.0134, 82.4722, 49.9152, 12.2083, -25.6973, -62.9568, -76.2467, -40.0826, -2.2882, 35.6011, 72.3999, 66.9921, 29.8093, -8.1017, -45.8029, -80.5853, -57.3704, -19.9114, 18.025, 55.6245, 81.5085, 47.2871, 9.5375, -28.3538, -65.4999, -73.9455, -37.441]","[-153.4781, -178.6363, 173.0376, 164.8043, 141.4192, 1.8338, -13.1477, -20.9051, -30.2295, -84.3999, 163.7689, 152.7407, 145.1318, 133.6924, 14.0507, -32.1729, -41.2665, -49.0848, -65.0747, 154.3484, 132.9875, 124.8566, 116.4065, 88.4443, -47.8096, -61.4164, -69.0989, -78.851, -150.0307, 114.919, 104.5282, 96.9004, 84.6006, -44.5669, -80.6812, -89.452, -97.3911, -115.4038, 103.1898, 84.6458, 76.6744, 67.9638, 33.5351, -97.1632, -109.6666, -117.2999, -127.5626, 141.6732, 66.1846, 56.3252, 48.6538, 35.2984, -99.9977, -129.1343, -137.6345, -145.7258, -166.3828, 52.7334, 36.3335, 28.4895, 19.4678, -24.3099, -146.2951, -157.901, -165.5101, -176.3846, 75.1442, 17.5442, 8.1298, 0.389, -14.2779, -153.3159, -177.5411, 174.1843, 165.9062, 141.7046, 2.7777, -11.9538, -19.6997, -29.092, -86.3168, 164.746, 153.8779, 146.2686, 134.6561, 13.0634, -31.019, -40.0597, -47.897, -64.2186, 154.7579, 134.0912, 126.0031, 117.4987, 88.4095, -46.8107, -60.2199, -67.8947, -77.7285, -152.8351, 115.9242, 105.6679, 98.0338, 85.5237, -44.8583, -79.5182, -88.245, -96.208, -114.6566, 103.7705, 85.7568, 77.8203, 69.0447, 33.0186, -96.1231, -108.4677, -116.0974, -126.4586, 138.7658, 67.2128, 57.4668, 49.7831, 36.1694, -99.828, -127.9639, -136.4276, -144.5483, -165.792, 53.4363, 37.4507, 29.6345, 20.5353, -25.5314, -145.2233, -156.7002, -164.3095, -175.3038, 72.9853, 18.5913, 9.2729, 1.5136, -13.4749, -152.8478, -176.3644]"
2023-09-03,24.0,119.0,0.4859238530519851,GLOBAL-17,49949,26.9,"[-35.4521, -41.5483, -26.7799, -2.0319, 23.2583, 40.3841, 37.9472, 18.1034, -7.619, -31.1453, -42.1502, -31.7239, -8.3202, 17.5243, 37.6611, 40.5667, 23.7839, -1.3451, -26.1371, -41.3718, -35.9373, -14.482, 11.4852, 33.9058, 41.9571, 29.0146, 4.9457, -20.6094, -39.281, -39.2105, -20.407, 5.2571, 29.3246, 42.0041, 33.6308, 11.1579, -14.7149, -36.0405, -41.3351, -25.967, -1.057, 24.1109, 40.7019, 37.4407, 17.1905, -8.5808, -31.8583, -42.1476, -31.0086, -7.3597, 18.4319, 38.1554, 40.2369, 22.9299, -2.3163, -26.9437, -41.5788, -35.3492, -13.5515, 12.428, 34.5441, 41.8282, 28.2423, 3.98, -21.4835, -39.6791, -38.7814, -19.524, 6.2179, 30.0741, 42.086, 32.9671, 10.2126, -15.6346, -36.5998, -41.0939, -25.152, -0.0935, 24.9425, 40.9864, 36.9161, 16.2818, -9.5279, -32.5455, -42.1129, -30.286, -6.4082, 19.3212, 38.6188, 39.8825, 22.0763, -3.2749, -27.7279, -41.7525, -34.7476, -12.6273, 13.3546, 35.1547, 41.6694, 27.4656, 3.0247, -22.3378, -40.0452, -38.332, -18.644, 7.1648, 30.7992, 42.1351, 32.2934, 9.2752, -16.537, -37.1299, -40.8263, -24.3358, 0.8582, 25.7528, 41.2379, 36.3752, 15.378, -10.4599, -33.207, -42.0475, -29.5572, -5.4662, 20.1919, 39.0513, 39.5052, 21.2239, -4.2205, -28.4894, -41.8938, -34.1338, -11.7099, 14.265, 35.7376, 41.4821, 26.6857, 2.0801, -23.1724, -40.3797, -37.864, -17.7676, 8.0974, 31.5]","[-118.8642, -71.5259, -29.7405, -0.6657, 27.3628, 66.4431, 114.4113, 150.1564, 177.2606, -151.9206, -107.1803, -61.997, -30.7876, -3.6394, 31.8777, 79.7834, 119.1214, 147.1783, 175.9524, -142.7977, -95.199, -61.1395, -34.1548, -1.7459, 44.4491, 87.3989, 117.1354, 144.6035, -177.8777, -129.3962, -91.899, -64.3627, -34.4044, 8.8345, 54.822, 86.9646, 113.8509, 147.9154, -164.4702, -123.2512, -94.4355, -66.2011, -26.5446, 21.2798, 56.4946, 83.5104, 114.7036, 159.9119, -155.3789, -124.5417, -97.3001, -61.2491, -13.2177, 25.5471, 53.4049, 82.4394, 124.249, 171.565, -154.8515, -127.8836, -95.0305, -48.4724, -6.0608, 23.3647, 50.9801, 89.0554, 137.5116, 174.4585, -158.132, -127.8393, -84.0836, -38.5005, -6.7777, 20.1461, 54.6986, 102.5494, 143.2038, 171.781, -159.764, -119.5382, -71.8955, -37.1929, -10.2479, 21.3319, 66.9792, 111.1998, 141.6862, 169.0368, -154.3745, -106.2594, -68.0583, -40.3801, -11.0713, 31.2834, 78.2862, 111.414, 138.3818, 171.689, -141.4258, -99.5569, -70.4216, -42.6439, -4.0139, 44.3767, 80.7884, 108.0893, 138.7294, -177.0214, -131.8639, -100.54, -73.5628, -38.5156, 9.5317, 49.6259, 77.9843, 106.6742, 147.4603, -165.1139, -130.905, -104.0137, -72.0362, -25.9801, 17.7404, 47.897, 75.3718, 112.5003, 160.6581, -161.6935, -134.1763, -104.58, -61.6964, -15.0346, 17.6578, 44.6418, 78.412, 125.5877, 166.9118, -164.2229, -136.2686, -97.0874, -48.8006, -12.9081, 14.3017, 45.3013]"
2016-01-21,24.0,119.0,0.4425240054869393,ICEYE-X60,66753,28.4,"[37.5186, 73.7836, 65.8693, 29.0036, -8.5343, -45.8532, -80.3627, -58.0637, -21.0203, 16.52, 53.7737, 82.3592, 49.8814, 12.549, -24.9816, -61.8991, -77.4553, -41.934, -4.5597, 32.9552, 69.6001, 70.1809, 33.5754, -3.94, -41.3265, -76.9583, -62.4877, -25.5959, 11.9275, 49.2666, 82.1746, 54.3853, 17.1415, -20.4046, -57.4687, -80.742, -46.4581, -9.153, 28.3828, 65.2741, 74.3367, 38.1376, 0.6559, -36.7852, -73.0045, -66.8519, -30.1634, 7.3327, 44.739, 79.7071, 58.8597, 21.7299, -15.8213, -53.0007, -82.5467, -50.9633, -13.7428, 23.8031, 60.8674, 78.1746, 42.6878, 5.2524, -32.2319, -68.8049, -71.1183, -34.7212, 2.7369, 40.1953, 76.1248, 63.292, 26.3128, -11.2331, -48.5055, -81.8226, -55.4443, -18.3279, 19.2176, 56.4104, 81.2687, 47.2232, 9.848, -27.6685, -64.4788, -75.2056, -39.2675, -1.8586, 35.639, 72.0831, 67.6594, 30.8887, -6.6412, -43.9896, -79.0607, -59.8927, -22.9069, 14.6278, 51.9194, 82.6183, 51.74, 14.4416, -23.0965, -60.0791, -78.9179, -43.8002, -6.4527, 31.0724, 67.8307, 71.9177, 35.456, -2.0469, -39.4573, -75.3721, -64.2945, -27.4786, 10.0349, 47.404, 81.364, 56.2322, 19.0318, -18.5176, -55.6323, -81.7378, -48.3163, -11.0439, 26.4976, 63.467, 75.9707, 40.0127, 2.5486, -34.9116, -71.2958, -68.624, -32.0416, 5.4403, 42.87, 78.316, 60.6905, 23.6173, -13.9329, -51.1528, -82.5711, -52.8115, -15.6312, 21.9161]","[-99.7403, -122.9992, 97.7414, 82.5332, 74.7832, 65.7097, 21.1419, -99.6613, -111.3207, -118.8937, -129.3945, 133.206, 64.5982, 54.8894, 47.2591, 34.1612, -98.7121, -130.1513, -138.7599, -146.687, -164.7725, 54.1607, 35.5099, 27.5481, 19.0007, -10.9809, -145.0922, -158.454, -166.0976, -175.6991, 119.9465, 18.336, 7.6892, 0.1195, -11.3544, -129.5243, -176.8374, 174.0064, 166.2791, 151.4366, 12.7731, -11.423, -19.6935, -27.8545, -49.8911, 170.3065, 154.468, 146.6775, 137.7397, 97.0909, -27.5402, -39.479, -47.0599, -57.3731, -148.0119, 136.6836, 126.7882, 119.1791, 106.497, -24.3584, -58.236, -66.9339, -74.819, -92.1676, 127.0874, 107.4631, 99.4401, 90.9934, 63.1297, -72.8381, -86.6034, -94.2682, -103.733, -162.1843, 90.4943, 79.5943, 72.029, 60.8516, -52.9095, -104.888, -114.1654, -121.8663, -136.2332, 86.3659, 60.5543, 52.198, 44.1103, 23.3018, -117.2222, -133.6694, -141.4959, -150.3333, 172.2473, 44.7242, 32.4351, 24.8419, 14.7455, -68.962, -151.3195, -161.3799, -168.9764, 178.6644, 50.5606, 13.7733, 4.9589, -2.8754, -19.4532, -160.0588, 179.3414, 171.2653, 162.892, 136.7371, -0.4118, -14.6774, -22.3719, -31.6758, -84.6263, 162.5596, 151.4316, 143.866, 132.916, 24.4572, -32.8356, -42.2696, -49.9389, -63.7911, 159.9557, 132.4536, 124.0231, 115.9879, 96.1607, -44.5333, -61.7278, -69.603, -78.3205, -112.718, 116.8918, 104.2798, 96.6734, 86.7412, 10.0141, -79.2076, -89.479, -97.0613]"
2016-01-21,24.0,119.0,0.4425240054869393,QPS-SAR-5 TSUKUYOMI-I,58578,27.3,"[-30.926, -42.1631, -31.7246, -8.3468, 17.3823, 37.5158, 40.6957, 24.0527, -1.2374, -26.274, -41.4735, -35.6321, -13.989, 11.8779, 34.0824, 41.9517, 28.8722, 4.5901, -21.1711, -39.653, -38.764, -19.4473, 6.2089, 29.9567, 42.0793, 33.1694, 10.3503, -15.7412, -36.8226, -40.9518, -24.6252, 0.4528, 25.2872, 41.0718, 36.7979, 15.9633, -10.0893, -33.1432, -42.0521, -29.4084, -5.3172, 20.2039, 39.0013, 39.5997, 21.3416, -4.3061, -28.7831, -41.982, -33.6607, -11.0272, 14.8172, 35.9977, 41.4238, 26.3848, 1.5272, -23.8984, -40.7434, -37.2249, -16.5986, 9.2208, 32.2171, 42.1547, 30.9755, 7.3334, -18.6242, -38.4231, -39.931, -21.9419, 3.4968, 27.8151, 41.743, 34.9767, 13.0349, -13.0752, -35.1657, -41.6179, -26.9525, -2.2798, 22.9323, 40.2204, 38.235, 18.549, -7.3488, -31.1395, -42.1667, -31.5058, -8.0358, 17.6893, 37.6897, 40.5925, 23.7825, -1.5309, -26.5092, -41.5331, -35.4547, -13.6953, 12.1884, 34.2972, 41.9108, 28.6275, 4.3, -21.4213, -39.7617, -38.6337, -19.1751, 6.5173, 30.2015, 42.1022, 32.9573, 10.0671, -16.0011, -36.9716, -40.8731, -24.3788, 0.7544, 25.5525, 41.155, 36.6264, 15.6909, -10.3546, -33.3233, -42.0274, -29.1923, -5.0265, 20.4815, 39.1372, 39.4766, 21.0844, -4.5732, -28.9863, -42.0099, -33.48, -10.7514, 15.1002, 36.1763, 41.3557, 26.148, 1.2616, -24.1179, -40.8191, -37.0846, -16.3412, 9.5036, 32.428]","[60.0996, 105.1332, 150.5214, -178.3169, -151.3333, -116.1483, -68.4034, -28.7614, -0.43, 28.6714, 70.4833, 118.2047, 151.9954, 178.8296, -148.8214, -102.7005, -59.7848, -29.9267, -2.0856, 36.26, 85.0296, 121.9716, 149.2554, 179.3179, -137.2314, -91.5194, -59.5194, -32.3143, 2.7497, 51.0656, 91.4681, 119.8116, 148.193, -171.5991, -124.0542, -89.3417, -62.1609, -29.9193, 16.5378, 60.3394, 90.3689, 117.6815, 154.5489, -157.3975, -119.5318, -91.7666, -61.7548, -18.1868, 28.4536, 60.7972, 87.6448, 121.4379, 168.5688, -150.2312, -121.2669, -92.8504, -52.6864, -4.278, 30.9622, 57.9432, 89.147, 134.1104, 178.4227, -150.7937, -123.3405, -86.603, -37.8537, 0.7232, 28.4415, 57.641, 99.603, 146.3158, 179.5207, -153.3715, -119.7246, -72.1322, -30.0658, -0.9911, 26.817, 65.4367, 113.3911, 149.5406, 176.9122, -151.9932, -106.8137, -61.5468, -30.4841, -3.4578, 31.9108, 79.695, 119.1257, 147.372, 176.5359, -141.4899, -93.8362, -60.1695, -33.324, -0.8196, 45.4157, 88.1346, 117.8744, 145.7446, -175.7544, -126.9861, -90.1847, -62.9195, -32.7348, 10.8798, 56.4377, 88.2876, 115.49, 150.687, -160.9333, -120.674, -92.3777, -63.9076, -23.5155, 23.9426, 58.4781, 85.6254, 117.9701, 164.5411, -151.7832, -121.8283, -94.4588, -57.412, -9.3648, 28.3075, 56.0088, 86.0918, 129.8006, 176.3537, -151.402, -124.5272, -90.5757, -43.3738, -2.3658, 26.5043, 54.9608, 95.269, 143.6451, 178.7668, -154.253, -122.9197]"
2018-01-22,24.0,119.0,0.4419475655402747,FLOCK 4H 11,66714,21.6,"[-24.2939, -62.6491, -75.5902, -38.2543, 0.6477, 39.5916, 76.8431, 61.0553, 22.5266, -16.4985, -55.0985, -81.2909, -45.9665, -7.1742, 31.8268, 69.9131, 68.5041, 30.3218, -8.6862, -47.4524, -81.9855, -53.6261, -14.9894, 24.0348, 62.5106, 75.5726, 38.094, -0.8634, -39.7468, -76.8534, -61.2022, -22.7915, 16.2236, 54.9258, 81.2996, 45.8331, 6.9638, -31.9993, -69.9521, -68.6206, -30.5739, 8.4002, 47.2485, 81.9646, 53.5227, 14.7891, -24.2206, -62.578, -75.6541, -38.3293, 0.5711, 39.515, 76.7787, 61.1313, 22.606, -16.4184, -55.0197, -81.3337, -46.0477, -7.2575, 31.7432, 69.8345, 68.5841, 30.4076, -8.5993, -47.3663, -81.9509, -53.7131, -15.0792, 23.9443, 62.4227, 75.6515, 38.1862, -0.7696, -39.6535, -76.7752, -61.2944, -22.8877, 16.1262, 54.8299, 81.3514, 45.9314, 7.0643, -31.899, -69.8581, -68.7162, -30.6766, 8.2961, 47.1452, 81.9224, 53.6267, 14.8962, -24.1132, -62.4741, -75.7469, -38.4381, 0.4602, 39.4044, 76.6857, 61.2404, 22.7195, -16.3041, -54.9075, -81.3934, -46.1624, -7.375, 31.6256, 69.7241, 68.6961, 30.5275, -8.4781, -47.2465, -81.9016, -53.8334, -15.2032, 23.8196, 62.3019, 75.7593, 38.3123, -0.6417, -39.5264, -76.6686, -61.4193, -23.0181, 15.9947, 54.7007, 81.4197, 46.0634, 7.1989, -31.7647, -69.7324, -68.8435, -30.8132, 8.1577, 47.0082, 81.8649, 53.7642, 15.0374, -23.9718, -62.3374, -75.8685, -38.5808, 0.3151, 39.26]","[112.4932, 98.8261, -38.9217, -65.8486, -74.3117, -82.8948, -112.9102, 111.7612, 98.7789, 90.9831, 79.9646, -34.1296, -86.6744, -95.9569, -104.0198, -122.6696, 94.7542, 77.3807, 69.3846, 59.8884, -1.4246, -106.9085, -117.5669, -125.3833, -139.0032, 83.1185, 56.2007, 47.7434, 39.1541, 9.1413, -126.0715, -139.0977, -146.8951, -157.883, 88.0447, 35.3727, 26.0985, 18.0321, -0.6327, -143.0427, -160.4921, -168.4944, -177.9703, 121.0116, 15.1358, 4.4884, -3.3292, -16.9627, -154.5999, 178.3334, 169.8644, 161.2882, 131.4483, -4.0292, -17.0429, -24.8394, -35.8375, -149.5057, 157.5138, 148.2202, 140.1614, 121.5885, -20.9975, -38.4381, -46.4377, -55.9208, -116.6798, 137.2902, 126.6118, 118.7969, 105.2179, -32.5237, -59.6138, -68.0783, -76.6592, -106.4589, 118.1477, 105.0832, 97.2848, 86.3214, -27.2317, -80.4347, -89.7221, -97.7836, -116.3562, 101.2227, 83.6921, 75.6856, 66.2252, 5.8671, -100.6592, -111.3305, -119.1463, -132.7312, 89.7951, 62.5227, 54.0449, 45.4785, 15.8879, -119.8005, -132.8594, -140.6571, -151.6265, 95.3172, 41.7112, 32.4019, 24.3487, 5.8825, -136.7155, -154.251, -162.2554, -171.7205, 128.2804, 21.5018, 10.7952, 2.9824, -10.5408, -148.0915, -175.421, 176.1045, 167.5349, 138.0205, 2.3864, -10.7307, -18.5306, -29.4613, -142.3048, 163.7673, 154.4618, 146.4068, 127.9559, -14.4776, -32.1177, -40.1299, -49.57, -109.0654, 143.5586, 132.8553, 125.0419, 111.5201, -25.7337, -53.2808, -61.7701, -70.3238]"
2024-05-24,24.0,119.0,0.4407903122981092,FLOCK 3P 11,41975,20.9,"[53.7288, 35.2085, 20.5813, 3.0328, -42.5659, 72.2586, 44.5428, 28.7933, 13.7423, -9.0237, 28.476, 56.7623, 37.1602, 22.4582, 5.6004, -32.1895, 77.5541, 46.7645, 30.5667, 15.7033, -5.4961, -24.3535, 59.7821, 38.9943, 24.1688, 7.8279, -25.0787, 82.0629, 48.8877, 32.204, 17.4564, -2.5838, -73.4801, 62.7617, 40.7057, 25.7226, 9.7689, -19.8584, 81.5611, 50.8968, 33.7055, 19.0206, -0.1489, -74.0044, 65.6623, 42.2871, 27.1256, 11.4608, -15.8642, 74.9541, 52.7726, 35.0701, 20.4094, 1.8985, -58.4164, 68.4302, 43.73, 28.3818, 12.9304, -12.736, 65.7009, 54.493, 36.2952, 21.6323, 3.6192, -48.4102, 70.9976, 45.0245, 29.4931, 14.1969, -10.262, 54.9481, 56.0344, 37.3776, 22.6962, 5.0551, -41.7229, 73.286, 46.1608, 30.4606, 15.2742, -8.3111, 43.4181, 57.3726, 38.3137, 23.6059, 6.2355, -37.1328, 75.2152, 47.1295, 31.2845, 16.1722, -6.7995, 32.2384, 58.485, 39.1002, 24.3647, 7.1807, -34.0101, 76.7176, 47.9221, 31.9646, 16.8979, -5.6733, 22.965, 59.3522, 39.7341, 24.9748, 7.9041, -32.019, 77.7529, 48.5323, 32.5008, 17.4558, -4.8996, 17.1388, 59.9603, 40.2135, 25.4375, 8.4141, -30.9861, 78.3129, 48.956, 32.8927, 17.8486, -4.4608, 15.7588, 60.3016, 40.5374, 25.7535, 8.7145, -30.844, 78.41, 49.1917, 33.1406, 18.0771, -4.3527, 19.0242, 60.3757, 40.7058, 25.923, 8.8049, -31.6108, 78.0607]","[-178.0183, 174.8348, 170.0931, 165.4114, 156.0216, -176.3782, 165.1532, 159.6456, 155.0886, 149.822, -35.2903, 157.418, 149.4493, 144.6017, 139.9719, 132.3556, 169.5225, 139.9674, 134.1776, 129.588, 124.5095, -53.8677, 133.0654, 124.0597, 119.0928, 114.4918, 107.7611, 173.8425, 114.8035, 108.697, 104.0639, 99.1141, -57.7557, 108.9799, 98.6635, 93.5668, 88.9777, 82.7698, -155.3501, 89.6575, 83.2022, 78.518, 73.6568, 45.2227, 85.2283, 73.257, 68.0232, 63.4341, 57.5625, -150.7485, 64.522, 57.6915, 52.9513, 48.1507, 33.7186, 61.8831, 47.8357, 42.4616, 37.8638, 32.2189, -164.725, 39.3855, 32.1625, 27.3642, 22.604, 11.6221, 39.0043, 22.394, 16.8809, 12.2687, 6.7801, 175.3863, 14.2317, 6.6126, 1.7568, -2.9778, -12.4292, 16.6004, -3.0744, -8.72, -13.35, -18.731, 153.1299, -10.9603, -18.9609, -23.8712, -28.5913, -37.2157, -5.4429, -28.5763, -34.3423, -38.9914, -44.3006, 129.6602, -36.2148, -44.5607, -49.52, -54.2341, -62.381, -27.4477, -54.1182, -59.9871, -64.6553, -69.9203, 105.3956, -61.5576, -70.1893, -75.1901, -79.9046, -87.7858, -49.9725, -79.7061, -85.6556, -90.3415, -95.5851, 80.4666, -87.0125, -95.8489, -100.8819, -105.6022, -113.3692, -73.6827, -105.3449, -111.3487, -116.05, -121.2925, 54.8927, -112.5973, -121.5411, -126.5958, -131.3264, -139.1078, -99.0633, -131.0377, -137.0669, -141.781, -147.0417, 28.677, -138.3208, -147.2668, -152.3321, -157.0776, -165.0034, -126.1623]"
2023-06-11,24.0,119.0,0.430864197530843,ICEYE-X40,60549,24.2,"[37.6157, 0.1392, -37.2789, -73.349, -66.3166, -29.7076, 7.7181, 45.0519, 79.7449, 58.4771, 21.3648, -16.1779, -53.3144, -82.2353, -50.6168, -13.4728, 24.0035, 60.9854, 77.8751, 42.4705, 5.0444, -32.4237, -68.9096, -70.8547, -34.5634, 2.821, 40.2116, 76.0078, 63.1993, 26.2555, -11.2824, -48.5254, -81.6057, -55.3877, -18.358, 19.1172, 56.2412, 81.1162, 47.3079, 9.9488, -27.5562, -64.3128, -75.1831, -39.4059, -2.0757, 35.3562, 71.7215, 67.8431, 31.138, -6.3824, -43.7112, -78.6941, -60.1198, -23.2362, 14.2258, 51.4566, 82.3512, 52.1226, 14.8509, -22.6783, -59.6275, -79.0543, -44.2323, -6.9707, 30.489, 67.192, 72.3499, 36.0103, -1.4793, -38.8772, -74.7548, -64.7943, -28.1058, 9.3311, 46.6434, 80.7408, 56.9068, 19.7491, -17.792, -54.8869, -81.7981, -49.0386, -11.8623, 25.6124, 62.5378, 76.5854, 40.8696, 3.4252, -34.0272, -70.3959, -69.3759, -32.9651, 4.4347, 41.8092, 77.3266, 61.6474, 24.6416, -12.8989, -50.1084, -82.1324, -53.8193, -16.749, 20.7284, 57.8112, 80.1957, 45.7129, 8.3296, -29.164, -65.8411, -73.7898, -37.8118, -0.462, 36.9587, 73.1719, 66.3212, 29.5266, -8.0007, -45.3023, -79.8171, -58.5652, -21.6293, 15.8389, 53.0386, 82.2556, 50.5354, 13.2322, -24.2898, -61.1807, -77.856, -42.6434, -5.3574, 32.0954, 68.7045, 70.8826, 34.4021, -3.099, -40.4749, -76.1189, -63.2611, -26.5016, 10.9454, 48.2341, 81.5457, 55.3304]","[-11.1241, -19.5562, -27.9537, -51.261, 170.6822, 154.745, 146.7958, 137.5963, 94.9428, -27.081, -39.2243, -46.9805, -57.6418, -150.0892, 137.1029, 127.0217, 119.2375, 106.1477, -23.7312, -57.8364, -66.7292, -74.8136, -92.7983, 127.7724, 107.8251, 99.626, 90.975, 62.3966, -72.147, -86.2712, -94.1165, -103.8299, -163.0024, 91.0731, 79.8986, 72.1643, 60.7336, -51.0824, -104.3614, -113.8922, -121.7722, -136.4709, 87.6813, 61.0174, 52.4505, 44.1925, 23.1734, -116.1458, -133.2494, -141.2755, -150.3017, 172.4031, 45.5344, 32.8162, 25.0477, 14.7849, -65.4073, -150.6245, -161.0348, -168.8044, 178.6585, 53.2966, 14.3613, 5.2789, -2.7088, -19.2993, -158.2761, 179.8645, 171.553, 163.0247, 137.2284, 0.7591, -14.2099, -22.0992, -31.5218, -81.2472, 163.4903, 151.8545, 144.1089, 133.0599, 30.0948, -32.0862, -41.879, -49.6986, -63.4875, 163.1813, 133.1023, 124.3787, 116.2041, 96.7562, -42.7508, -61.1601, -69.265, -78.0777, -110.3292, 118.1734, 104.7891, 96.983, 86.9903, 17.5773, -78.2395, -89.0127, -96.7541, -108.6672, 132.0461, 86.5085, 77.2113, 69.2748, 53.6483, -83.9853, -108.0086, -116.4398, -124.8126, -147.8676, 73.7591, 57.7859, 49.8303, 40.6011, -2.4459, -123.9632, -136.1101, -143.8581, -154.4639, 113.8513, 40.1485, 30.0607, 22.2645, 9.1051, -120.7312, -154.7201, -163.6137, -171.6786, 170.4995, 30.8828, 10.8662, 2.6617, -6.0131, -34.8361, -169.0312, 176.8432, 169.0036, 159.3329, 100.9568, -5.8782]"
2025-10-31,24.0,119.0,0.4295622437976722,FLOCK 4Y 19,55026,17.1,"[-7.0328, 3.1059, 20.96, 46.7162, -9.0879, -5.3543, 12.2977, -30.3568, 44.0802, 56.0343, 34.647, 4.0979, 20.2671, -48.7645, -10.3141, -59.0683, 49.9461, -56.1574, -3.4337, -15.5139, -16.2682, -0.6877, 6.5209, 7.5827, 30.7474, -33.9805, 1.0585, -0.7482, 39.9483, -14.8785, -0.0169, 1.2223, -0.6293, 11.1515, -7.1094, 22.2, -7.6237, -26.9353, 10.9872, -8.9403, 23.9886, -0.9107, 14.4017, -18.341, 71.4096, -11.4932, -33.4677, 26.3932, 17.9748, 14.3935, 20.3077, 4.5471, -59.5112, -14.7248, 3.1452, 1.1994, 7.1977, -76.1429, -11.8532, -49.7932, 7.6336, -6.0942, 7.6916, 59.764, 8.4407, -16.4507, -11.1724, 71.999, 5.7576, 57.8154, 52.0108, -44.5721, -6.7618, -57.8914, 7.9156, -16.0843, 10.8775, -16.054, 7.7445, 35.7087, -44.5626, 41.6356, 8.1929, -7.4034, 32.622, 50.9585, 10.3058, -68.6708, 18.9112, -6.8882, -38.9364, -15.8457, 6.7983, -50.8942, 75.1031, -33.247, 19.7495, 16.7483, 55.6391, -7.0882, -1.528, 4.9745, 18.7651, -41.3251, 30.0761, 24.0621, 23.594, 18.8028, 53.2557, -20.5216, -15.8263, -16.0305, -36.8444, 27.1957, 18.2709, 27.7807, 0.3087, -44.8093, -16.0212, -10.867, -17.4323, 30.5836, -43.7158, -29.1714, 31.9955, -8.0936, 52.0644, -7.5791, 58.32, 44.1317, 43.051, -65.0198, -44.9485, 15.7068, 50.0911, -46.1645, -4.8847, -3.2049, -51.4543, 0.4484, 18.4208, -22.2692, -44.3737, 16.3684]","[-84.3866, 38.9235, 12.6572, 13.7655, 39.1324, 11.1143, 102.9975, -56.8932, -43.0874, 118.7827, 82.0987, -176.972, -22.2683, 63.0583, -46.3634, 55.5727, 81.5195, -19.5699, -0.215, -11.5234, 32.3306, 12.6414, 111.1484, 69.0512, -115.3468, 39.0933, 58.7536, -157.0166, 68.6655, -69.9711, 18.6259, 151.2095, -52.0823, 31.995, -76.4539, -88.6329, -94.8053, 56.7422, -45.9242, 114.1717, 118.8324, 155.5197, 86.8809, -111.8034, 121.9678, -154.9169, -167.1812, 27.441, 12.9038, -99.0228, -122.2683, 86.3588, -100.4344, -100.1968, 22.5626, -68.638, -152.8582, -130.731, 52.9946, 20.0303, 72.8104, 95.9895, -85.7571, 53.4822, -65.247, -101.8494, -78.4684, -46.2576, -130.6306, -107.6819, 88.4915, 44.2941, -111.8386, 101.7687, -75.8555, -58.8534, 23.9028, 13.9909, 34.3931, -149.5139, -75.5157, 70.2724, 176.9336, -108.3509, -123.8696, 34.6092, 50.5523, -135.3662, -74.4826, -77.853, 32.6641, -32.3774, -144.591, -138.2912, -102.4462, -106.2339, 179.5366, -158.2762, 11.4958, 109.8914, -156.0177, -156.9889, 166.7126, 136.3652, -170.0674, 56.1044, 167.2545, -171.4088, 174.6162, 1.0873, -127.7375, -48.3245, 120.2967, -140.6821, 136.5469, 22.1984, 43.3809, -123.6189, 103.5853, 176.0912, 127.1873, 101.2702, 57.9073, -120.6753, -144.9342, 133.6667, -148.6479, 150.2911, 146.6218, -126.845, 61.5649, 74.7531, -13.4284, -20.9617, -158.5523, 62.6128, 146.5825, 58.3236, -157.1183, 48.6631, 88.8396, 134.9503, 141.8199, -29.6963]"
2024-05-27,24.0,119.0,0.4282173526702894,JILIN-01-04,43022,29.3,"[12.5466, 50.7025, 82.5516, 51.2832, 13.1383, -25.2349, -62.9433, -75.8107, -39.1587, -0.901, 37.4288, 74.4265, 64.3254, 26.5606, -11.8273, -49.9131, -82.4537, -52.3723, -14.3393, 24.0529, 61.9149, 76.5733, 39.9217, 1.615, -36.6712, -73.6344, -65.336, -27.7366, 10.6237, 48.8131, 82.2366, 53.1671, 15.0602, -23.3208, -61.1014, -77.3942, -41.0573, -2.8239, 35.5209, 72.7202, 66.1535, 28.4756, -9.9068, -48.0292, -81.9176, -54.2462, -16.2579, 22.1356, 60.0615, 78.1186, 41.8238, 3.5374, -34.7684, -71.9159, -67.1479, -29.646, 8.7022, 46.9218, 81.4927, 55.0446, 16.9799, -21.4071, -59.2521, -78.8743, -42.9516, -4.7449, 33.613, 70.9753, 67.9645, 30.3876, -7.9873, -46.1433, -81.003, -56.1132, -18.1737, 20.219, 58.2016, 79.5399, 43.7218, 5.4581, -32.8652, -70.1642, -68.9407, -31.552, 6.7822, 45.0289, 80.42, 56.9151, 18.8971, -19.4939, -57.3967, -80.2054, -44.8415, -6.6638, 31.705, 69.202, 69.7543, 32.2965, -6.069, -44.256, -79.8122, -57.9726, -20.0869, 18.3032, 56.3363, 80.7812, 45.6155, 7.3769, -30.9619, -68.3876, -70.7098, -33.4546, 4.8636, 43.1348, 79.1163, 58.7776, 20.8118, -17.5813, -55.5364, -81.32, -46.7266, -8.5805, 29.7972, 67.4071, 71.5176, 34.2021, -4.152, -42.3673, -78.4309, -59.8234, -21.9973, 16.3883, 54.4668, 81.7618, 47.5044, 9.2938, -29.0585, -66.5921, -72.4487, -35.3537, 2.9466, 41.2398, 77.6551, 60.6313]","[168.7886, 158.7526, 77.6989, -7.719, -17.8677, -25.6621, -39.4681, -176.058, 156.4226, 147.916, 139.5429, 114.813, -23.9858, -38.5269, -46.3561, -56.2345, -130.2611, 137.4159, 127.0557, 119.2821, 105.937, -29.2344, -58.6519, -67.2337, -75.544, -98.8927, 121.5315, 106.4246, 98.5644, 88.8654, 21.5585, -77.5392, -88.0866, -95.8466, -108.825, 118.0896, 86.3633, 77.6815, 69.4443, 47.4472, -93.0502, -108.694, -116.5818, -126.1425, 172.7779, 67.6268, 56.8393, 49.0927, 36.5112, -94.5146, -128.7004, -137.468, -145.6511, -166.5468, 52.5751, 36.2636, 28.3368, 18.9345, -36.3986, -147.2993, -158.3009, -166.0398, -178.3068, 53.4875, 16.3287, 7.4476, -0.6726, -20.4711, -161.8964, -178.8498, 173.1892, 163.9084, 113.6089, -2.097, -13.3721, -21.105, -33.0281, -158.3434, 161.2774, 152.2985, 144.2246, 125.3169, -16.1367, -33.8852, -41.8936, -51.0346, -96.7518, 143.0109, 131.4901, 123.7592, 112.1073, -9.449, -53.6778, -62.7852, -70.8056, -88.8108, 129.5312, 111.0072, 102.9577, 93.9235, 52.0897, -71.7445, -83.5778, -91.3098, -102.6622, 139.7304, 91.2848, 82.0664, 74.0849, 56.8099, -84.5394, -104.0205, -112.1264, -121.037, -159.3214, 73.4039, 61.2872, 53.5515, 42.4342, -70.2739, -123.6526, -133.0163, -140.953, -157.4769, 61.3077, 40.8786, 32.7242, 23.9073, -11.4209, -141.3015, -153.7769, -161.521, -172.3762, 80.104, 21.326, 11.8362, 3.9315, -11.9869, -152.5456, -174.1405, 177.6393, 168.9312, 136.3424, 3.895]"
2021-01-01,24.0,119.0,0.4253772290809154,SENTINEL-2C,60989,24.1,"[-59.7049, -79.2692, -46.9883, -11.4993, 24.2753, 59.5185, 79.2905, 46.8733, 11.2947, -24.4678, -59.6022, -79.3336, -47.0934, -11.6065, 24.1683, 59.4154, 79.355, 46.9787, 11.402, -24.361, -59.4996, -79.3974, -47.1985, -11.7137, 24.0613, 59.3124, 79.4188, 47.0841, 11.5093, -24.2542, -59.3968, -79.4605, -47.3036, -11.8209, 23.9544, 59.2093, 79.4818, 47.1895, 11.6165, -24.1474, -59.2941, -79.5228, -47.4086, -11.9281, 23.8474, 59.1061, 79.5441, 47.2948, 11.7238, -24.0406, -59.1913, -79.5844, -47.5137, -12.0353, 23.7404, 59.003, 79.6058, 47.4002, 11.831, -23.9339, -59.0886, -79.6454, -47.6187, -12.1425, 23.6335, 58.8998, 79.6666, 47.5055, 11.9383, -23.8271, -58.9857, -79.7055, -47.7237, -12.2497, 23.5265, 58.7966, 79.7267, 47.6108, 12.0455, -23.7203, -58.8829, -79.7649, -47.8287, -12.3569, 23.4195, 58.6934, 79.7861, 47.7161, 12.1528, -23.6135, -58.78, -79.8235, -47.9337, -12.464, 23.3125, 58.5901, 79.8446, 47.8213, 12.26, -23.5067, -58.6771, -79.8814, -48.0387, -12.5712, 23.2056, 58.4869, 79.9024, 47.9266, 12.3672, -23.3999, -58.5742, -79.9384, -48.1436, -12.6783, 23.0986, 58.3836, 79.9593, 48.0318, 12.4744, -23.2931, -58.4713, -79.9946, -48.2485, -12.7855, 22.9916, 58.2802, 80.0154, 48.137, 12.5817, -23.1863, -58.3683, -80.05, -48.3534, -12.8926, 22.8847, 58.1769, 80.0707, 48.2422, 12.6889, -23.0796, -58.2653, -80.1046, -48.4583, -12.9998]","[-36.6145, -151.9889, 162.4633, 152.447, 144.3058, 130.9112, 15.5742, -30.1617, -40.1724, -48.3165, -61.727, -176.7032, 137.3228, 127.2889, 119.1502, 105.7982, -9.1367, -55.3023, -65.3305, -73.4721, -86.8399, 158.588, 112.1824, 102.1308, 93.9946, 80.6848, -33.842, -80.4427, -90.4886, -98.6276, -111.9532, 133.8847, 87.0422, 76.9727, 68.839, 55.5711, -58.5417, -105.583, -115.6468, -123.7832, -137.0668, 109.1869, 61.9021, 51.8146, 43.6834, 30.457, -83.2358, -130.7231, -140.8049, -148.9388, -162.1808, 84.4948, 36.7621, 26.6565, 18.5277, 5.3425, -107.9243, -155.8632, -165.963, -174.0945, 172.7048, 59.8082, 11.6223, 1.4984, -6.628, -19.7724, -132.6071, 178.997, 168.879, 160.7498, 147.5901, 35.1274, -13.5174, -23.6596, -31.7838, -44.8876, -157.2842, 153.8572, 143.7209, 135.5941, 122.475, 10.4522, -38.6569, -48.8177, -56.9395, -70.0031, 178.0445, 128.7176, 118.5628, 110.4383, 97.3595, -14.2172, -63.7963, -73.9757, -82.0954, -95.119, 153.3789, 103.5781, 93.4048, 85.2826, 72.2437, -38.881, -88.9356, -99.1337, -107.2512, -120.2353, 128.7191, 78.4388, 68.2468, 60.1267, 47.1275, -63.5389, -114.0747, -124.2917, -132.4071, -145.3519, 104.0651, 53.2996, 43.0888, 34.9709, 22.011, -88.1911, -139.2137, -149.4497, -157.563, -170.4689, 79.417, 28.1606, 17.9308, 9.815, -3.1058, -112.8376, -164.3525, -174.6077, 177.2811, 164.4139, 54.7746, 3.0217, -7.2272, -15.3409, -28.223, -137.4782, 170.5088, 160.2344]"
2024-08-19,24.0,119.0,0.4229885057455939,UMBRA-10,60547,24.5,"[-33.9533, -70.5202, -69.0195, -32.3342, 5.3272, 42.9311, 78.3673, 60.145, 22.9033, -14.8257, -52.1905, -82.33, -51.2755, -13.89, 23.838, 61.0481, 77.6493, 42.0049, 4.3896, -33.2638, -69.8834, -69.6609, -33.0238, 4.6316, 42.244, 77.8374, 60.8152, 23.5967, -14.1318, -51.5121, -82.3408, -51.954, -14.5838, 23.145, 60.3787, 78.1845, 42.6915, 5.0844, -32.5751, -69.244, -70.298, -33.7122, 3.9371, 41.5575, 77.2925, 61.4833, 24.2889, -13.4387, -50.834, -82.2899, -52.631, -15.2765, 22.4528, 59.7091, 78.702, 43.3768, 5.7783, -31.8871, -68.6024, -70.9305, -34.3994, 3.2435, 40.8716, 76.7348, 62.1492, 24.98, -12.7466, -50.1564, -82.1787, -53.3063, -15.968, 21.7615, 59.0393, 79.1993, 44.0608, 6.4711, -31.1999, -67.9587, -71.558, -35.0853, 2.5508, 40.1864, 76.1659, 62.8127, 25.67, -12.0553, -49.4792, -82.0101, -53.98, -16.6585, 21.071, 58.3695, 79.6737, 44.7434, 7.1629, -30.5134, -67.3134, -72.1802, -35.7699, 1.8592, 39.5019, 75.5872, 63.4738, 26.3589, -11.3649, -48.8024, -81.7878, -54.6521, -17.3478, 20.3815, 57.6997, 80.1222, 45.4247, 7.8537, -29.8277, -66.6665, -72.7965, -36.4533, 1.1686, 38.8181, 75.0001, 64.1324, 27.0465, -10.6754, -48.1261, -81.5162, -55.3225, -18.036, 19.6928, 57.0299, 80.5413, 46.1045, 8.5434, -29.1428, -66.0183, -73.4065, -37.1354, 0.479, 38.135, 74.4055, 64.7884, 27.7331, -9.9869, -47.4503]","[-27.7073, -47.3669, 172.9708, 154.8144, 146.6976, 137.7149, 101.6162, -26.5927, -39.3984, -47.2104, -57.6648, -143.7008, 136.9268, 126.6638, 118.8365, 105.6614, -24.9218, -58.358, -67.2371, -75.4044, -94.3936, 125.8811, 107.1144, 98.9606, 90.0554, 55.9637, -74.0419, -87.1191, -94.9421, -105.2535, 173.6514, 89.3356, 78.9318, 71.1161, 58.2175, -70.6413, -106.019, -114.9743, -123.1038, -141.4688, 78.8361, 59.4163, 51.2232, 42.3919, 10.1267, -121.4755, -134.8388, -142.6746, -152.8496, 130.9694, 41.7513, 31.2003, 23.3945, 10.7575, -116.1704, -153.6765, -162.7115, -170.8054, 171.4117, 31.8401, 11.7202, 3.4855, -5.2754, -35.876, -168.8922, 177.4426, 169.5922, 159.5473, 88.1738, -5.8256, -16.5307, -24.3284, -36.7175, -161.4896, 158.6696, 149.5514, 141.4909, 124.2517, -15.1024, -35.974, -44.2525, -52.9462, -82.0275, 143.709, 129.725, 121.8584, 111.9375, 45.1956, -53.3948, -64.2612, -72.0524, -84.2066, 153.4208, 111.0197, 101.8144, 93.7852, 77.0546, -61.9862, -83.666, -91.9907, -100.6204, -128.3124, 96.3294, 82.0086, 74.1239, 64.3214, 1.9807, -100.9558, -111.9911, -119.7776, -131.7089, 108.5802, 63.3738, 54.0776, 46.0776, 29.8233, -108.8057, -131.3559, -139.7291, -148.2979, -174.7171, 48.9704, 34.2934, 26.3889, 16.6993, -41.5079, -148.5081, -159.7203, -167.5039, -179.2236, 64.0065, 15.7321, 6.341, -1.6318, -17.4393, -155.5543, -179.0435, 172.5323, 164.0215, 138.7707, 1.6336, -13.4205, -21.3468, -30.9285]"
2022-08-05,24.0,119.0,0.4218579234958106,LEGION 2,59626,27.1,"[43.8433, 6.04, -31.8738, -68.8575, -70.6374, -33.8757, 3.8796, 41.5774, 77.4544, 61.3768, 23.9801, -13.9797, -51.6205, -82.5386, -51.5302, -14.0112, 23.8018, 61.101, 77.7003, 41.8122, 3.9809, -33.9168, -70.756, -68.74, -31.841, 5.9287, 43.6018, 79.0277, 59.3941, 21.928, -16.0357, -53.6305, -82.2466, -49.5209, -11.964, 25.8437, 63.0703, 76.0211, 39.7777, 1.9214, -35.9578, -72.6213, -66.8177, -29.8042, 7.9778, 45.6234, 80.4231, 57.402, 19.8742, -18.0911, -55.6349, -81.4632, -47.5072, -9.9159, 27.8845, 65.0275, 74.255, 37.7401, -0.1385, -37.9967, -74.4415, -64.876, -27.7655, 10.0268, 47.642, 81.5519, 55.4018, 17.8189, -20.1457, -57.6329, -80.3066, -45.4896, -7.8671, 29.9241, 66.9694, 72.4278, 35.6996, -2.1987, -40.0332, -76.1989, -62.9189, -25.725, 12.0756, 49.6571, 82.2956, 53.3948, 15.7623, -22.1993, -59.6232, -78.8928, -43.4683, -5.8175, 31.9623, 68.8921, 70.5563, 33.6565, -4.259, -42.0672, -77.8665, -60.9493, -23.6828, 14.124, 51.6682, 82.538, 51.3817, 13.7045, -24.2519, -61.6046, -77.3071, -41.4437, -3.7674, 33.999, 70.7899, 68.6519, 31.6109, -6.3194, -44.0982, -79.4021, -58.9694, -21.6391, 16.172, 53.6749, 82.2316, 49.3633, 11.6456, -26.3032, -63.5751, -75.6062, -39.4161, -1.7168, 36.034, 72.6545, 66.7224, 29.563, -8.3796, -46.1262, -80.7399, -56.9809, -19.594, 18.2194, 55.6762, 81.4348, 47.34, 9.5858]","[-10.3387, -19.2878, -27.2701, -44.911, 174.2453, 154.8921, 146.8218, 138.1414, 106.2446, -26.3375, -39.4, -47.1253, -57.2922, -140.8293, 136.677, 126.5455, 118.8438, 105.9139, -25.9633, -58.6702, -67.3926, -75.4841, -94.9828, 124.2018, 106.68, 98.7183, 89.8155, 51.9715, -75.2645, -87.5506, -95.2473, -105.8509, 155.999, 88.1841, 78.4299, 70.6854, 56.8648, -78.9721, -106.9713, -115.4962, -123.7167, -145.5191, 74.5067, 58.484, 50.6128, 41.4553, -4.2834, -124.0709, -135.6923, -143.3751, -154.4818, 94.7855, 39.743, 30.3185, 22.5157, 7.64, -130.8679, -155.2458, -163.5991, -171.9704, 163.3262, 25.0828, 10.3024, 2.5046, -6.9442, -63.0561, -172.7773, 176.1737, 168.49, 156.8017, 36.2658, -8.6533, -17.7896, -25.6669, -41.8042, 178.0479, 156.5031, 148.2978, 139.7521, 111.3336, -24.1263, -37.8666, -45.6072, -55.389, -124.5133, 138.6002, 128.0465, 120.3472, 107.9829, -19.7834, -57.011, -65.895, -73.8641, -91.5259, 127.5638, 108.2726, 100.194, 91.4474, 58.1904, -73.1629, -86.0244, -93.7232, -103.8865, 172.1961, 90.0484, 79.9251, 72.1953, 59.0405, -73.9045, -105.3348, -113.9985, -122.0777, -141.6047, 77.5312, 60.0604, 52.0888, 43.1117, 3.4638, -122.0594, -134.1723, -141.8444, -152.4455, 109.0312, 41.5568, 31.8086, 24.0329, 9.9474, -126.6076, -153.6292, -162.1008, -170.3099, 167.8494, 27.8445, 11.8642, 3.9813, -5.2595, -53.3883, -170.8404, 177.6885, 170.0284, 158.9231, 47.8645, -6.8832, -16.3038]"
2018-07-19,24.0,119.0,0.420883534135154,FLOCK 4G 14,62667,28.6,"[-43.4101, -78.9779, -59.5797, -22.1232, 15.8751, 53.5936, 82.3032, 49.1668, 11.357, -26.6316, -63.9301, -75.3199, -38.9373, -1.0629, 36.8864, 73.631, 65.6114, 28.2694, -9.7368, -47.493, -81.5785, -55.5601, -17.9861, 20.0204, 57.6419, 80.2606, 45.0769, 7.2057, -30.7564, -67.853, -71.6424, -34.8306, 3.0879, 40.9993, 77.1868, 61.6376, 24.1325, -13.8827, -51.559, -82.6375, -51.5149, -13.8451, 24.1609, 61.6587, 77.1699, 40.9745, 3.0544, -34.8724, -71.6854, -67.8091, -30.7156, 7.2378, 45.1006, 80.2737, 57.6205, 19.9914, -18.0239, -55.6039, -81.5557, -47.4503, -9.7013, 28.2957, 65.6307, 73.6136, 36.862, -1.096, -38.9782, -75.3593, -63.8875, -26.5936, 11.386, 49.1876, 82.3084, 53.5736, 15.8474, -22.1596, -59.6213, -78.9451, -43.3707, -5.5556, 32.4235, 69.5338, 69.8359, 32.7414, -5.2446, -43.0723, -78.7224, -59.911, -22.4657, 15.5314, 53.257, 82.396, 49.5052, 11.7012, -26.2887, -63.6011, -75.6152, -39.2789, -1.4088, 36.5431, 73.3225, 65.94, 28.6141, -9.3906, -47.1525, -81.4062, -55.8978, -18.3329, 19.6731, 57.3036, 80.4837, 45.4204, 7.554, -30.4103, -67.5261, -71.9593, -35.177, 2.7381, 40.653, 76.9002, 61.9745, 24.4816, -13.5328, -51.2161, -82.6304, -51.8583, -14.1962, 23.8101, 61.3197, 77.4552, 41.3228, 3.4067, -34.5231, -71.3643, -68.1396, -31.0666, 6.8841, 44.7514, 80.04, 57.9643, 20.3449, -17.6705, -55.2591, -81.7223]","[41.2714, 4.2172, -124.0312, -136.2504, -143.885, -154.3881, 106.1358, 39.266, 29.6365, 21.9166, 7.8001, -129.8518, -155.9296, -164.3026, -172.5221, 164.4274, 24.5648, 9.4729, 1.7004, -7.6512, -62.8441, -173.7219, 175.3035, 167.6831, 156.0969, 34.1781, -9.7281, -18.7539, -26.6176, -43.235, 175.6727, 155.3969, 147.3215, 138.7541, 108.0668, -25.9851, -39.0321, -46.6984, -56.7547, -140.0907, 136.9315, 126.885, 119.2194, 106.1643, -27.9287, -58.5681, -67.1341, -75.2132, -95.5419, 123.3847, 106.8022, 98.9414, 89.9137, 45.9239, -75.915, -87.4956, -95.1172, -106.1044, 142.7563, 87.8307, 78.4866, 70.7144, 55.6117, -84.2671, -107.2911, -115.51, -123.8875, -150.0478, 72.3622, 58.269, 50.5514, 40.9194, -26.0712, -125.4276, -135.9271, -143.5634, -155.7985, 75.8201, 38.9107, 30.1018, 22.1561, 4.0905, -137.5709, -155.924, -163.8872, -172.6634, 151.369, 22.124, 9.7837, 2.1453, -8.2814, -105.3985, -174.6475, 175.6652, 167.9543, 154.0078, 16.8296, -9.8735, -18.2755, -26.4704, -49.0428, 170.8104, 155.513, 147.7288, 138.4279, 85.1589, -27.5994, -38.6644, -46.2838, -57.7664, -178.2482, 136.3446, 127.2743, 119.4253, 103.0563, -37.8884, -58.5538, -66.6508, -75.1849, -105.0603, 120.1983, 107.0046, 99.3318, 89.3429, 8.6127, -76.9691, -87.0844, -94.7438, -107.6554, 118.987, 87.4942, 78.8939, 70.8362, 50.8885, -90.3126, -107.1537, -115.0299, -124.0132, -166.5451, 70.2272, 58.5387, 50.9156, 40.0188, -69.1223]"
2023-04-08,24.0,119.0,0.4202331961591082,ICEYE-X46,63258,15.6,"[16.9985, -20.3949, -57.301, -80.6572, -46.7504, -9.5953, 27.7976, 64.5352, 74.9284, 39.0667, 1.7544, -35.5477, -71.6901, -68.1221, -31.6891, 5.6543, 42.9295, 78.1169, 60.7932, 23.9084, -13.4874, -50.563, -82.2022, -53.5239, -16.5102, 20.8941, 57.8772, 80.2214, 45.9076, 8.679, -28.6796, -65.2743, -74.3768, -38.547, -1.2716, 36.0737, 72.2743, 67.3858, 30.8038, -6.5698, -43.7683, -78.6577, -60.228, -23.4127, 13.9786, 51.1237, 82.3069, 52.7066, 15.5994, -21.7907, -58.6548, -79.7959, -45.3736, -8.195, 29.1924, 65.864, 73.7109, 37.6788, 0.3533, -36.9344, -72.944, -66.8126, -30.298, 7.0559, 44.3129, 79.1471, 59.4416, 22.5112, -14.8862, -51.9321, -82.3481, -52.1574, -15.1113, 22.2925, 59.2342, 79.2967, 44.5261, 7.2777, -30.0717, -66.5949, -73.1498, -37.1608, 0.1305, 37.4638, 73.5228, 66.0662, 29.4094, -7.9708, -45.1476, -79.6418, -58.8778, -22.0162, 15.3796, 52.4965, 82.3262, 51.3345, 14.1988, -23.1871, -60.0057, -78.8266, -43.9939, -6.7933, 30.5876, 67.1856, 72.4655, 36.2887, -1.049, -38.3212, -74.1758, -65.4926, -28.9049, 8.4585, 45.6958, 80.0883, 58.0845, 21.1122, -16.2858, -53.3, -82.2433, -50.7871, -13.7108, 23.6915, 60.5881, 78.2776, 43.1418, 5.875, -31.4642, -67.9074, -71.8978, -35.7722, 1.5338, 38.854, 74.7466, 64.7369, 28.0132, -9.3728, -46.5264, -80.5242, -57.5223, -20.6178, 16.7814, 53.8679, 82.0949, 49.9588]","[165.6568, 157.9229, 146.1893, 30.4877, -18.5569, -27.9833, -35.8631, -50.7042, 173.0866, 146.9052, 138.3634, 130.1019, 109.1415, -29.8803, -47.1855, -55.2222, -64.1561, -99.1672, 131.8911, 118.8837, 111.1058, 101.0345, 29.1163, -64.1317, -74.8361, -82.5751, -94.5076, 146.5388, 100.7819, 91.4691, 83.5625, 68.298, -68.548, -93.6317, -102.1228, -110.4273, -132.1805, 88.9673, 72.2299, 64.2321, 55.2077, 18.039, -108.8526, -121.6171, -129.3855, -139.5782, 143.5285, 55.1371, 44.61, 36.8645, 24.6841, -96.8214, -139.7875, -149.0187, -156.949, -172.608, 49.6885, 25.7575, 17.3325, 8.9715, -13.7175, -151.9902, -168.2833, -176.2554, 174.6437, 135.18, 10.2958, -2.1815, -9.9369, -20.2844, -102.0561, 174.5143, 164.1181, 156.3647, 143.9629, 19.7799, -20.4383, -29.5655, -37.5271, -53.6642, 168.2285, 145.2253, 136.8462, 128.4375, 104.8172, -33.0715, -48.8638, -56.8018, -66.0019, -108.0629, 129.5789, 117.3195, 109.5706, 99.0894, 12.2041, -66.1998, -76.4343, -84.1982, -96.8749, 136.917, 98.9999, 89.9471, 81.9583, 65.3719, -73.3616, -95.3794, -103.6985, -112.1698, -136.8849, 86.0275, 70.6258, 62.71, 53.426, 8.5756, -111.2423, -123.2424, -130.9823, -141.6335, 126.7074, 53.1902, 43.0748, 35.2999, 22.3761, -106.0104, -141.6414, -150.5991, -158.624, -175.7527, 45.3204, 24.0928, 15.815, 7.2911, -18.5266, -154.9931, -169.9509, -177.8372, 172.7701, 124.8031, 8.0642, -3.7399, -11.4761, -22.2748, -118.8466, 172.4916]"
2023-04-11,24.0,119.0,0.4168038408779034,FLOCK 4G 29,62642,9.3,"[3.117, -34.7714, -71.5576, -67.977, -30.9316, 6.9819, 44.8099, 80.0539, 57.9831, 20.4035, -17.5728, -55.1263, -81.8006, -48.008, -10.3072, 27.6534, 64.9801, 74.2538, 37.6186, -0.2937, -38.1465, -74.5989, -64.7615, -27.5447, 10.3913, 48.1708, 81.9349, 54.6609, 16.998, -20.9729, -58.4336, -79.8487, -44.6573, -6.8998, 31.0479, 68.2058, 71.184, 34.2331, -3.7044, -41.5149, -77.4641, -61.5042, -24.1526, 13.8001, 51.5217, 82.6376, 51.3218, 13.5898, -24.3699, -61.7191, -77.2828, -41.2966, -3.4904, 34.4382, 71.3689, 68.016, 30.8416, -7.1147, -44.8758, -80.0013, -58.2171, -20.7558, 17.2078, 54.86, 81.8507, 47.9691, 10.1794, -27.7632, -64.9752, -74.4019, -37.9273, -0.0795, 37.8237, 74.4321, 64.786, 27.445, -10.5241, -48.2277, -81.8971, -54.9075, -17.3548, 20.614, 58.1822, 79.9165, 44.6053, 6.7674, -31.1522, -68.1896, -71.3504, -34.5505, 3.3325, 41.2034, 77.3232, 61.514, 24.0438, -13.9319, -51.5689, -82.6382, -51.5804, -13.9502, 24.0179, 61.4835, 77.3497, 41.2321, 3.3542, -34.5364, -71.3416, -68.1988, -31.167, 6.745, 44.5763, 79.8943, 58.2122, 20.6388, -17.3378, -54.897, -81.9007, -48.2392, -10.5424, 27.4191, 64.7562, 74.4599, 37.8509, -0.0595, -37.9149, -74.3946, -64.9838, -27.7774, 10.1575, 47.941, 81.8373, 54.8883, 17.2304, -20.7411, -58.2086, -80.0061, -44.8861, -7.1321, 30.8169, 67.9883, 71.3959, 34.4627, -3.4734, -41.287]","[-7.321, -15.388, -35.5542, -176.6496, 166.6457, 158.7812, 149.7962, 107.1953, -15.9406, -27.6283, -35.2455, -46.1016, -154.2147, 147.7988, 138.3753, 130.6297, 115.9234, -23.2516, -47.3276, -55.5972, -63.9009, -88.5655, 132.7953, 118.234, 110.495, 101.0352, 41.0659, -65.2019, -75.9545, -83.5743, -95.3925, 140.4145, 99.046, 90.0896, 82.2154, 65.3072, -76.0768, -95.8333, -103.8737, -112.4791, -143.9548, 82.8211, 69.8564, 62.1989, 52.1448, -31.8015, -114.2479, -124.2634, -131.9259, -144.9834, 81.3189, 50.3929, 41.8102, 33.7585, 13.7902, -127.5292, -144.2875, -152.1536, -161.1382, 156.6113, 33.253, 21.5064, 13.8891, 3.0876, -104.3996, -163.1299, -172.559, 179.6942, 165.0096, 26.1268, 1.8193, -6.4662, -14.7507, -39.1404, -178.104, 167.3003, 159.56, 150.1011, 90.7412, -16.0216, -26.8213, -34.4385, -46.1893, -170.0922, 148.1153, 139.155, 131.2796, 114.4057, -26.7683, -46.69, -54.7427, -63.3244, -94.4034, 131.9094, 118.9222, 111.2635, 101.2114, 18.1007, -65.0778, -75.1313, -82.7885, -95.7619, 130.6203, 99.4607, 90.8752, 82.8224, 62.91, -78.2669, -95.1473, -103.0223, -111.9781, -153.6424, 82.3332, 70.5718, 62.9534, 52.1555, -54.5555, -113.968, -123.4278, -131.1663, -145.7443, 75.3266, 50.886, 42.5985, 34.313, 10.0176, -128.8735, -143.5622, -151.3084, -160.7322, 140.7281, 33.0534, 22.2438, 14.6255, 2.8808, -120.4515, -162.7294, -171.7145, -179.5785, 163.6859, 22.3765, 2.3759, -5.6783, -14.2609]"
2021-06-19,24.0,119.0,0.4075445816186505,CAPELLA-7 (WHITNEY),51072,23.0,"[-67.2755, -34.094, -0.7263, 36.8311, 80.9753, 34.9682, -25.2834, -72.8435, -65.7749, -32.714, 0.6253, 38.2754, 81.8147, 33.2655, -26.6425, -73.7266, -65.0577, -32.0973, 1.1668, 38.7544, 81.9777, 33.0277, -26.7186, -73.7157, -65.1268, -32.244, 0.8956, 38.2647, 81.6027, 34.2554, -25.5091, -72.8068, -65.9844, -33.1541, -0.1838, 36.8173, 80.4167, 36.9446, -22.9888, -70.9488, -67.6314, -34.8282, -2.0612, 34.4379, 78.0261, 41.082, -19.1111, -68.0598, -70.0637, -37.2679, -4.721, 31.1645, 74.2729, 46.636, -13.811, -64.0441, -73.2527, -40.4776, -8.1451, 27.0453, 69.2405, 53.5381, -7.0117, -58.7964, -77.0757, -44.4672, -12.316, 22.1345, 63.0974, 61.6524, 1.3621, -52.1953, -80.9794, -49.2537, -17.2196, 16.488, 56.0155, 70.6847, 11.3631, -44.0968, -82.4799, -54.8619, -22.85, 10.1573, 48.1511, 79.6004, 22.9864, -34.3333, -78.2475, -61.3204, -29.214, 3.1843, 39.6402, 81.5846, 36.125, -22.7239, -70.2578, -68.627, -36.3354, -4.4046, 30.594, 72.4436, 50.5186, -9.1113, -59.9715, -76.5399, -44.2593, -12.6044, 21.093, 60.8499, 65.6539, 6.5694, -47.5437, -82.5237, -53.0531, -21.4369, 11.1836, 48.6629, 79.8004, 24.1874, -32.7957, -77.0454, -62.7855, -30.9566, 0.8733, 36.2533, 78.1094, 43.3064, -15.5055, -64.5861, -73.3625, -41.2562, -9.8726, 23.7382, 63.4657, 63.0797, 4.3924, -48.9749, -82.3287, -52.4654, -21.1345, 11.1254, 48.0494, 80.7798]","[-31.714, -22.0966, -20.5456, -18.268, 27.5569, 144.1574, 149.485, 167.4347, -57.5828, -48.9948, -47.5263, -45.1243, 10.0586, 117.3252, 122.5478, 141.8166, -84.1777, -76.0379, -74.6117, -72.1779, -14.505, 90.2139, 95.4047, 114.6412, -111.3857, -103.2198, -101.8021, -99.4373, -47.1673, 62.8281, 68.0547, 85.9084, -139.2189, -130.5419, -129.0969, -126.8923, -85.627, 35.1432, 40.506, 56.0303, -167.8214, -158.0135, -156.4948, -154.5161, -125.286, 7.0936, 12.7732, 25.5967, 162.4419, 174.346, 176.005, 177.7265, -162.7261, -21.4615, -15.1294, -4.8891, 130.7049, 146.5011, 148.4015, 149.8707, 162.6994, -50.8319, -43.196, -35.1324, 94.6609, 118.3884, 120.6894, 121.9451, 130.3449, -81.7879, -71.4399, -65.0272, 47.1139, 89.891, 92.8557, 93.9683, 99.4727, -116.7536, -99.9096, -94.5849, -25.7482, 60.777, 64.8742, 65.9475, 69.5529, -167.1756, -128.7224, -123.8751, -93.7599, 30.5275, 36.6961, 37.8777, 40.2423, 91.987, -158.1529, -152.9957, -138.3053, -2.2662, 8.2295, 9.7406, 11.3203, 27.7431, 171.0678, 177.9308, -173.6805, -42.8855, -20.7087, -18.4998, -17.3612, -10.1689, 136.3146, 148.7318, 154.3492, -118.6674, -50.5294, -46.9075, -45.91, -42.29, 79.6693, 119.097, 123.842, 149.9968, -82.3599, -75.6006, -74.4161, -72.4619, -43.2667, 88.2634, 93.9595, 104.3541, -120.6318, -104.8212, -102.9723, -101.7999, -93.4005, 53.333, 64.1766, 69.9326, 163.4874, -135.1579, -131.7019, -130.7573, -127.3116, -12.089]"
2022-08-08,24.0,119.0,0.4041152263374457,UMBRA-07,58297,20.1,"[51.8484, 82.6597, 51.9943, 14.7691, -22.7059, -59.6429, -79.3353, -44.4108, -7.1576, 30.2803, 67.0019, 72.8219, 36.5113, -0.9168, -38.2782, -74.2944, -65.5794, -28.899, 8.5171, 45.8188, 80.4042, 57.9815, 20.895, -16.591, -53.693, -82.4747, -50.4297, -13.2812, 24.174, 61.1428, 78.0538, 42.5869, 5.2179, -32.203, -68.7249, -71.2937, -34.9808, 2.3873, 39.7595, 75.6901, 63.8983, 27.0112, -10.4672, -47.6924, -81.4337, -56.4069, -19.3966, 18.0575, 55.1914, 81.943, 48.6361, 11.3508, -26.1101, -62.928, -76.6711, -41.042, -3.7417, 33.6784, 70.1999, 69.6902, 33.1143, -4.3375, -41.6568, -77.1938, -62.3218, -25.5008, 11.934, 49.1852, 82.152, 54.6489, 17.4791, -20.0032, -57.0195, -81.0911, -47.0772, -9.867, 27.5809, 64.4259, 75.2182, 39.2002, 1.7952, -35.5951, -71.8734, -68.1313, -31.5905, 5.8067, 43.1428, 78.4801, 60.6077, 23.5995, -13.8856, -51.0461, -82.5887, -53.0778, -15.9857, 21.4713, 58.5208, 80.0429, 45.2635, 7.9279, -29.5131, -66.1823, -73.7312, -37.6621, -0.3214, 37.0746, 73.3173, 66.4776, 29.7088, -7.7605, -45.0303, -79.7874, -59.0293, -22.0949, 15.3529, 52.5436, 82.6333, 51.2967, 14.0575, -23.4152, -60.3292, -78.8132, -43.711, -6.4475, 30.9873, 67.6727, 72.1779, 35.8033, -1.6307, -38.9839, -74.9162, -64.9035, -28.1914, 9.229, 46.5213, 80.8455, 57.2869, 20.1811, -17.3049, -54.3899, -82.2875, -49.7306, -12.5687, 24.8856]","[-176.5654, 100.9722, 17.3242, 7.2647, -0.2888, -12.4221, -139.0759, -177.5034, 173.6562, 165.8982, 150.0265, 9.8012, -11.8704, -19.978, -28.2119, -52.1596, 169.0673, 154.1461, 146.4455, 137.4163, 92.8818, -28.1152, -39.702, -47.2379, -57.653, -152.8876, 136.3753, 126.6325, 119.0577, 106.3364, -25.1596, -58.382, -67.0251, -74.8702, -92.0527, 127.1071, 107.4005, 99.4039, 91.0418, 64.3459, -72.5989, -86.5949, -94.2413, -103.5315, -156.6877, 90.7509, 79.6503, 72.1262, 61.3381, -45.0025, -104.6084, -114.0567, -121.6758, -135.1713, 89.8431, 60.8289, 52.355, 44.4305, 25.8726, -115.3139, -133.3796, -141.2767, -149.8148, 179.7281, 45.9455, 32.7342, 25.1338, 15.5983, -47.4917, -150.3978, -161.0529, -168.5831, -179.8625, 64.3281, 14.5125, 5.3169, -2.3428, -16.6169, -154.3011, 179.9921, 171.6752, 163.6357, 143.2369, 2.6098, -14.0841, -21.8959, -30.5968, -65.3787, 164.52, 152.0092, 144.4406, 134.5794, 59.2297, -31.4177, -41.6913, -49.228, -60.9859, 175.8406, 133.5921, 124.6325, 116.9053, 101.6025, -37.756, -60.761, -68.9432, -77.0878, -99.4764, 120.6749, 105.1589, 97.4203, 88.4995, 47.7465, -76.7338, -88.6479, -96.1899, -106.3603, 165.8823, 87.5344, 77.6137, 70.0499, 57.6623, -71.1457, -107.2325, -115.9898, -123.7784, -140.1386, 79.2424, 58.4359, 50.3768, 42.0852, 17.0006, -121.003, -135.5255, -143.2016, -152.3273, 159.8969, 42.0127, 30.6399, 23.1084, 12.5292, -87.6097, -153.3993, -163.0174, -170.6065]"
2013-09-18,24.0,119.0,0.4017146776406024,FLOCK 4G 17,62681,7.0,"[59.1646, 76.4495, 36.666, -4.7789, -46.0401, -82.3483, -50.2518, -9.0723, 32.4001, 72.7021, 63.3047, 22.395, -19.0992, -60.0112, -75.8656, -36.1328, 5.2662, 46.5989, 82.5188, 49.3574, 8.0698, -33.3562, -73.4299, -62.7021, -21.8936, 19.5962, 60.6066, 75.1818, 35.1875, -6.2675, -47.5015, -82.6207, -48.7958, -7.5869, 33.8765, 74.0277, 61.8794, 20.9146, -20.5773, -61.4361, -74.593, -34.6666, 6.7467, 48.0558, 82.6494, 47.9036, 6.5921, -34.8195, -74.727, -61.2884, -20.4242, 21.0677, 62.0266, 73.8927, 33.7254, -7.7383, -48.9436, -82.606, -47.3548, -6.1188, 35.3345, 75.3088, 60.4653, 19.4512, -22.0372, -62.8389, -73.3037, -33.2165, 8.2095, 49.4935, 82.4922, 46.4651, 5.1319, -36.2642, -75.9764, -59.8863, -18.9716, 22.5211, 63.4242, 72.5913, 32.2798, -9.1913, -50.3664, -82.3159, -45.929, -4.6679, 36.774, 76.5385, 59.0634, 18.0048, -23.4789, -64.2188, -72.0055, -31.7828, 9.6546, 50.9118, 82.0738, 45.0421, 3.6892, -37.6903, -77.1703, -58.4967, -17.5359, 23.9564, 64.7986, 71.2842, 30.8507, -10.6263, -51.7697, -81.7884, -44.5186, -3.2344, 38.195, 77.7077, 57.6744, 16.5755, -24.9025, -65.5752, -70.7039, -30.3655, 11.082, 52.3106, 81.4413, 43.6348, 2.264, -39.0979, -78.298, -57.12, -16.1171, 25.3737, 66.1491, 69.9761, 29.4382, -12.0435, -53.1535, -81.0739, -43.1239, -1.8182, 39.5974, 78.8042, 56.2988, 15.1633, -26.3077, -66.9073]","[9.1309, -128.5493, -157.9157, -166.5623, -176.1499, 115.2439, 15.4241, 5.163, -3.231, -25.523, -168.7077, 176.9569, 168.8318, 155.9573, 17.1694, -10.7588, -19.3622, -29.0388, -102.9198, 162.4072, 152.2942, 143.857, 120.5178, -21.834, -35.8551, -43.9768, -57.1004, 162.8015, 136.3191, 127.7708, 117.9713, 38.654, -50.5, -60.5058, -68.9767, -93.3138, 124.9228, 111.2625, 103.143, 89.694, -51.2071, -76.5177, -85.0284, -94.9251, -179.7934, 96.5, 86.6274, 78.1076, 52.5463, -88.1601, -101.5463, -109.666, -123.3922, 94.6778, 70.5675, 62.1051, 52.0746, -38.1888, -116.3939, -126.171, -134.7285, -161.4721, 58.6423, 45.5749, 37.4527, 23.3661, -119.1189, -142.2636, -150.6934, -160.83, 103.5102, 30.6212, 20.9639, 12.3519, -15.832, -154.404, -167.231, -175.3568, 170.2475, 26.9657, 4.8284, -3.5595, -13.8416, -114.4457, 177.7391, 168.1671, 159.5131, 129.9188, -7.5624, -20.1063, -28.2394, -43.0351, 173.3356, 152.0024, 143.6425, 133.2449, 27.7596, -35.2323, -44.6963, -53.4108, -84.7101, 139.4227, 127.0904, 118.9505, 103.8091, -40.4201, -60.8994, -69.2234, -79.7792, 170.4938, 111.8961, 102.5083, 93.7475, 60.7548, -73.702, -85.7818, -93.9335, -109.5202, 106.0824, 86.2794, 77.9791, 67.2974, -46.6155, -101.0631, -110.3537, -119.1811, -154.2022, 73.3101, 61.4174, 53.2557, 37.2812, -107.5442, -126.6168, -134.8867, -145.7401, 96.8697, 46.0747, 36.8522, 27.9741, -9.09, -139.7852, -151.4518, -159.6299, -176.1014]"
2024-07-10,24.0,119.0,0.4013717421124819,FLOCK 4BE 32,60497,22.7,"[11.7282, -26.5501, -64.1331, -74.9066, -38.1555, 0.0327, 38.274, 75.1307, 63.7304, 26.0131, -12.2877, -50.2822, -82.6024, -52.2273, -14.2689, 24.0411, 61.835, 76.804, 40.232, 2.0148, -36.189, -73.1538, -66.0217, -28.5245, 9.7486, 47.8745, 81.9734, 54.3201, 16.3196, -21.9772, -59.7282, -78.6694, -42.6917, -4.5619, 33.7136, 71.0159, 68.0902, 30.5879, -7.6983, -45.7751, -80.8119, -56.6998, -18.8524, 19.4571, 57.3879, 80.2681, 44.7735, 6.6086, -31.6367, -68.9582, -70.3123, -33.0842, 5.1551, 43.3436, 79.2675, 58.7926, 20.9055, -17.3992, -55.2798, -81.6058, -47.2105, -9.1526, 29.1455, 66.728, 72.3346, 35.1524, -3.1078, -41.2519, -77.5288, -61.1352, -23.428, 14.8703, 52.906, 82.4435, 49.2971, 11.1995, -27.0761, -64.6366, -74.4457, -37.6315, 0.5628, 38.7996, 75.5877, 63.2222, 25.4845, -12.8175, -50.8016, -82.6541, -51.7082, -13.7382, 24.5714, 62.3469, 76.3604, 39.705, 1.4826, -36.7159, -73.6277, -65.5175, -27.9946, 10.282, 48.3997, 82.1746, 53.7983, 15.7864, -22.509, -60.243, -78.2606, -42.1644, -4.027, 34.2453, 71.5065, 67.5868, 30.0551, -8.2335, -46.3017, -81.1219, -56.1792, -18.3173, 19.993, 57.9098, 79.9086, 44.2433, 6.0714, -32.1697, -69.4572, -69.8161, -32.5505, 5.6936, 43.8757, 79.6525, 58.2699, 20.3678, -17.9367, -55.8038, -81.3329, -46.6804, -8.613, 29.6832, 67.2384, 71.8436, 34.6158, -3.6482, -41.7852, -77.9584]","[-18.1972, -25.9313, -40.1511, -178.7867, 156.0037, 147.6804, 139.3407, 113.6643, -24.7581, -38.7857, -46.5089, -56.3301, -132.2327, 137.1015, 126.9019, 119.2191, 106.0874, -29.2467, -58.7943, -67.3015, -75.4795, -97.7409, 121.701, 106.3789, 98.5849, 89.1552, 28.978, -77.379, -88.0597, -95.7124, -107.9877, 122.1778, 86.5278, 77.782, 69.7514, 50.1967, -91.7023, -108.5147, -116.3904, -125.5075, -173.1251, 68.3489, 57.0539, 49.4134, 37.9005, -84.4109, -128.2005, -137.1975, -145.1155, -162.6255, 55.4703, 36.6865, 28.6957, 19.8687, -18.4244, -145.9299, -157.8925, -165.5376, -176.4446, 72.4188, 17.21, 7.8908, 0.0713, -15.7385, -157.0219, -178.169, 173.7151, 165.1188, 133.5073, 0.0606, -12.7588, -20.43, -30.7867, -127.6069, 162.5769, 152.9173, 145.1689, 130.6744, -8.5634, -32.9197, -41.2025, -49.5851, -76.2082, 146.0879, 132.3157, 124.6049, 114.6877, 34.8598, -51.8915, -61.9853, -69.6778, -83.0371, 140.6796, 112.2749, 103.8153, 95.6007, 72.6172, -67.5156, -82.5238, -90.3005, -99.8128, -163.4132, 93.6084, 83.0513, 75.393, 62.9261, -68.3325, -102.4122, -111.1019, -119.1631, -139.2792, 79.0033, 62.5785, 54.7248, 45.536, -4.6984, -120.6891, -131.8374, -139.4791, -151.1537, 84.4651, 42.8497, 33.9179, 25.9744, 8.0182, -133.9317, -152.2256, -160.1888, -169.0775, 150.7097, 25.003, 13.2138, 5.5716, -5.4737, -119.5059, -171.7523, 179.005, 171.1652, 154.9961, 13.4353, -7.0867, -15.1693, -23.819, -56.8302]"
2024-07-10,24.0,119.0,0.4013717421124819,FLOCK 4G 3,62639,14.1,"[-78.1622, -42.2467, -4.3049, 33.7702, 70.8709, 68.4155, 31.1562, -6.9097, -44.7915, -80.0318, -58.0345, -20.4196, 17.6906, 55.4637, 81.5083, 47.1297, 9.2177, -28.8335, -66.1145, -73.2169, -36.4544, 1.5579, 39.5856, 76.0744, 62.8526, 25.3225, -12.7632, -50.543, -82.5816, -52.3336, -14.5712, 23.5416, 61.1513, 77.531, 41.345, 3.3585, -34.648, -71.561, -67.842, -30.6415, 7.4219, 45.381, 80.5107, 57.1878, 19.4775, -18.6109, -56.2573, -81.1573, -46.5891, -8.7144, 29.3836, 66.754, 72.48, 35.5373, -2.5019, -40.4452, -76.6874, -62.2821, -24.8121, 13.2845, 51.1496, 82.6363, 51.4626, 13.6239, -24.4499, -61.9164, -77.0036, -40.813, -2.8518, 35.2133, 72.1972, 67.0503, 29.7118, -8.3609, -46.2203, -80.9404, -56.6251, -18.9694, 19.143, 56.8803, 80.7026, 45.6975, 7.7646, -30.2776, -67.484, -71.9084, -35.0126, 3.0141, 41.0267, 77.2807, 61.4538, 23.8724, -14.2159, -51.9664, -82.6187, -50.9093, -13.1161, 24.9946, 62.5533, 76.3344, 39.904, 1.9022, -36.0908, -72.877, -66.4715, -29.1927, 8.8806, 46.8187, 81.3524, 55.7687, 18.0224, -20.0643, -57.6717, -80.2812, -45.1535, -7.2551, 30.8363, 68.1284, 71.1518, 34.0889, -3.9607, -41.8856, -77.8673, -60.8795, -23.3571, 14.7449, 52.5816, 82.5243, 50.0296, 12.1646, -25.9034, -63.3151, -75.7849, -39.3682, -1.3888, 36.6648, 73.5117, 65.6663, 28.257, -9.8216, -47.6569, -81.7015, -55.2028, -17.5089]","[-157.1261, 169.0387, 160.3394, 152.3082, 132.8767, -8.7086, -25.8079, -33.7027, -42.6927, -85.1601, 151.5912, 139.8812, 132.2448, 121.2683, 9.4978, -44.9454, -54.2621, -62.0599, -77.4625, 142.3503, 119.9433, 111.7474, 103.2984, 75.508, -61.0097, -74.6165, -82.3162, -92.1881, -168.5765, 101.4435, 91.2154, 83.5463, 70.6907, -62.5085, -94.2515, -102.8626, -110.9374, -131.1327, 87.6485, 71.0224, 63.1509, 54.0742, 8.4577, -111.8776, -123.3359, -130.9662, -142.1427, 102.6454, 51.8247, 42.5921, 34.7676, 18.9172, -121.9355, -143.3177, -151.4539, -159.9712, 170.7385, 35.5527, 22.2239, 14.5337, 4.5337, -77.5421, -161.9354, -171.9939, -179.6737, 167.1632, 32.7016, 2.5476, -6.0074, -14.1256, -35.1368, -176.1628, 167.782, 159.948, 150.7698, 101.8741, -15.2054, -26.4887, -34.1222, -45.4921, -164.4732, 148.5033, 139.3876, 131.5345, 115.1823, -25.8773, -46.499, -54.5994, -63.182, -94.1642, 131.9772, 118.9982, 111.3269, 101.1777, 14.0125, -65.1988, -75.1424, -82.8383, -96.307, 127.6802, 99.265, 90.7906, 82.6227, 60.7135, -79.7455, -95.3858, -103.1998, -112.4741, -165.2404, 81.3509, 70.296, 62.6644, 51.0714, -70.6935, -114.7197, -123.7585, -131.6422, -148.5119, 69.9866, 50.2452, 42.1987, 33.5399, 0.7332, -131.43, -144.1604, -151.8252, -162.1167, 105.0318, 31.4378, 21.6493, 13.9382, 0.1222, -136.832, -163.9315, -172.355, 179.4287, 156.5489, 16.514, 1.3774, -6.4038, -15.7906, -72.512, 178.04, 167.1436]"
2024-09-17,24.0,119.0,0.400685871056241,LASARSAT,62391,13.7,"[38.0387, 15.2237, -11.9005, -35.6901, -45.0154, -31.7999, -6.7519, 20.1432, 40.9615, 42.8944, 24.1147, -2.4623, -28.3337, -44.3297, -38.4679, -16.0496, 11.009, 35.11, 45.0669, 32.1426, 7.055, -19.8641, -40.7463, -43.1241, -24.8375, 1.5542, 27.5979, 44.1566, 38.7741, 16.3749, -10.7283, -34.8467, -45.0986, -32.7232, -7.9363, 19.0237, 40.3409, 43.3282, 25.1818, -1.2644, -27.3205, -44.0301, -39.1772, -17.1878, 9.8322, 34.2424, 45.1243, 33.067, 8.2442, -18.7448, -40.1182, -43.5311, -25.8863, 0.3582, 26.5673, 43.8261, 39.477, 17.5188, -9.5502, -33.9772, -45.1331, -33.6247, -9.1175, 17.8941, 39.6837, 43.7181, 26.2352, -0.065, -26.2902, -43.6848, -39.8538, -18.318, 8.6505, 33.3497, 45.1317, 33.9687, 9.4305, -17.615, -39.4544, -43.8944, -26.9208, -0.8383, 25.5207, 43.4498, 40.1458, 18.6548, -8.3667, -33.083, -45.1186, -34.503, -10.2949, 16.7551, 38.9915, 44.0628, 27.2738, 1.1353, -25.2438, -43.295, -40.4963, -19.4394, 7.4645, 32.4331, 45.0891, 34.8465, 10.6134, -16.4756, -38.7565, -44.213, -27.9398, -2.0348, 24.459, 43.0287, 40.7791, 19.7819, -7.1785, -32.1651, -45.0552, -35.3568, -11.468, 15.6074, 38.2657, 44.3612, 28.2966, 2.3361, -24.1821, -42.8615, -41.103, -20.5513, 6.2748, 31.4938, 44.9967, 35.6989, 11.7922, -15.3272, -38.0256, -44.4857, -28.9424, -3.2309, 23.3831, 42.5642, 41.3753, 20.8996, -5.9861, -31.2248]","[119.8838, 152.7482, 178.0098, -151.0207, -104.0101, -59.8901, -31.1128, -5.4946, 30.3034, 80.3438, 118.9501, 145.2984, 172.7415, -145.7932, -97.1014, -64.0407, -38.7991, -8.1169, 38.855, 83.6402, 112.7132, 138.3022, 173.7038, -136.6768, -97.8904, -71.4729, -44.2307, -3.0328, 46.2113, 79.7269, 105.04, 135.4743, -178.1016, -133.274, -104.0527, -78.5685, -43.4962, 6.3773, 45.7732, 72.3726, 99.4942, 140.1838, -170.7763, -137.0645, -111.7624, -81.6095, -35.2658, 10.2271, 39.7657, 65.236, 99.9348, 149.3647, -171.0722, -144.3954, -117.4656, -77.0646, -27.5016, 6.6895, 32.0787, 62.0042, 107.8006, 153.3076, -177.0, -151.625, -117.2582, -67.6207, -27.4299, -0.553, 26.2732, 66.1838, 115.5094, 149.8954, 175.2826, -155.0667, -109.3905, -63.222, -33.1899, -7.8137, 26.2023, 75.3765, 115.7198, 142.6821, 169.3257, -151.0706, -101.2549, -66.3652, -40.8752, -11.4319, 33.7004, 79.8534, 110.0443, 135.3348, 169.018, -141.6478, -100.6605, -73.4795, -46.9229, -7.7902, 41.7559, 76.8379, 102.3348, 131.5106, 176.4851, -136.7083, -106.1549, -80.8482, -47.4931, 1.3612, 42.4844, 69.7584, 96.142, 134.952, -175.0483, -139.4384, -113.8228, -84.8348, -40.398, 6.3626, 37.0791, 62.3095, 95.3327, 144.299, -173.9199, -146.4079, -120.0951, -81.7358, -32.0364, 3.7617, 29.393, 58.1216, 102.3652, 149.7673, -179.1302, -153.8686, -121.1513, -72.6784, -30.7799, -3.1674, 22.982, 61.0056, 111.119, 147.4686, 173.2349, -158.2055]"
2023-07-14,24.0,119.0,0.4,CAPELLA-13 (ACADIA),60419,22.5,"[14.5144, -15.2838, -41.9062, -52.9891, -37.1874, -9.3111, 20.4005, 45.5876, 51.8988, 32.5291, 3.8061, -25.6129, -48.7492, -49.8864, -27.7789, 1.4621, 30.452, 51.1259, 47.0318, 22.6379, -6.9802, -35.2367, -52.6402, -43.5861, -17.5683, 12.2077, 39.5668, 53.1528, 39.5298, 12.1621, -17.612, -43.6168, -52.6319, -35.1993, -6.9349, 22.6822, 47.0599, 51.1084, 30.4098, 1.4162, -27.8198, -49.9063, -48.7265, -25.5712, 3.8521, 32.5704, 51.9127, 45.557, 20.3555, -9.3564, -37.2239, -52.9938, -41.8735, -15.2394, 14.5603, 41.3967, 53.0482, 37.6203, 9.7963, -19.9202, -45.2265, -52.0792, -33.1511, -4.5508, 24.9362, 48.4036, 50.1436, 28.2453, -0.9755, -29.9886, -50.9056, -47.4218, -23.3292, 6.2388, 34.6383, 52.5143, 43.9659, 18.0484, -11.7231, -39.1441, -53.1462, -40.0702, -12.8927, 16.8974, 43.1393, 52.7403, 35.6412, 7.4197, -22.2051, -46.7238, -51.3394, -31.0496, -2.1613, 27.1584, 49.6056, 49.0168, 26.0408, -3.3666, -32.1141, -51.7345, -45.985, -21.0571, 8.6199, 36.649, 52.9211, 42.2705, 15.72, -14.0775, -40.9888, -53.0949, -38.186, -10.5313, 19.216, 44.7838, 52.234, 33.6004, 5.0351, -24.463, -48.096, -50.4229, -28.9009, 0.2313, 29.3442, 50.6524, 47.7411, 23.8013, -5.7545, -34.1903, -52.3815, -44.4289, -18.7589, 10.9925, 38.5949, 53.1267, 40.4816, 13.3736, -16.4168, -42.7487, -52.8405, -36.2299, -8.1579, 21.5125, 46.3186, 51.537]","[86.492, 106.9405, 134.832, -173.7464, -127.1896, -102.1522, -81.4669, -50.3049, 4.3633, 46.1356, 69.2744, 90.6316, 125.7261, -178.342, -141.3371, -119.5453, -97.0555, -57.3816, -1.868, 30.9291, 51.8497, 75.9925, 120.4635, 173.4187, -157.3581, -136.8574, -110.484, -61.2477, -12.0508, 14.2995, 34.801, 64.0497, 117.0307, 161.4629, -174.4093, -153.4822, -120.6498, -65.1224, -25.4913, -3.0144, 18.7857, 55.8267, 111.755, 146.8155, 168.1661, -168.68, -126.8638, -72.2166, -41.0873, -20.4068, 4.6479, 51.2427, 102.6337, 130.502, 150.9513, 178.5177, -130.3899, -83.2131, -57.9256, -37.2881, -6.5458, 47.7094, 89.9845, 113.3161, 134.572, 169.2078, -134.7776, -97.2224, -75.3066, -52.9687, -13.8817, 41.6542, 74.8879, 95.8881, 119.8127, 163.7989, -142.7617, -113.1634, -92.6382, -66.5517, -17.92, 31.674, 58.3204, 78.8008, 107.6934, 160.4221, -154.5227, -130.1764, -109.3187, -76.9458, -21.746, 18.3874, 41.0301, 62.7051, 99.2676, 155.3797, -169.0468, -147.596, -124.6206, -83.4149, -28.6465, 2.8896, 23.627, 48.435, 94.5722, 146.5045, 174.7091, -164.8377, -137.5935, -87.07, -39.4483, -13.8957, 6.6987, 37.0545, 91.1452, 134.033, 157.5534, 178.7179, -147.145, -91.3636, -53.3168, -31.2608, -9.0726, 29.5229, 85.339, 119.046, 140.1236, 163.8415, -152.7968, -99.1442, -69.1705, -48.6108, -22.8004, 25.4155, 75.5923, 102.538, 123.0017, 151.5351, -156.2537, -110.7209, -86.1395, -65.347, -33.3897, 21.7413]"
2020-07-30,24.0,119.0,0.4,QPS-SAR-11 YAMATSUMI,64340,3.3,"[-28.5847, -5.3344, 19.3843, 38.2334, 40.4709, 24.1504, -0.1434, -24.358, -40.5101, -38.2447, -19.5054, 5.1759, 28.509, 41.7666, 35.3453, 14.4349, -10.6385, -32.6939, -42.157, -31.7632, -9.4588, 15.471, 35.9508, 41.5899, 27.6827, 4.048, -20.6458, -38.8704, -40.0431, -23.2537, 1.0118, 25.0484, 40.782, 37.7365, 18.3997, -6.5077, -29.5968, -41.9527, -34.6253, -13.5173, 11.4471, 33.2585, 42.1219, 30.9625, 8.2133, -16.7696, -36.7413, -41.3177, -26.8116, -3.1572, 21.3761, 39.2421, 39.6665, 22.2242, -2.3313, -26.218, -41.1549, -37.1122, -17.479, 7.3454, 30.2184, 42.0469, 33.9353, 12.323, -12.767, -34.1823, -42.0239, -30.1335, -7.3038, 17.5359, 37.1993, 41.0767, 25.868, 1.8621, -22.6082, -39.7929, -39.163, -21.3101, 3.196, 26.8889, 41.3686, 36.5419, 16.346, -8.672, -31.2546, -42.1347, -33.1682, -11.3998, 13.5666, 34.7141, 41.919, 29.2854, 6.0443, -18.8127, -37.9127, -40.7183, -24.9726, -0.973, 23.3226, 40.1136, 38.7199, 20.2479, -4.516, -28.0163, -41.6453, -35.8591, -15.4156, 9.5028, 31.8493, 42.1621, 32.425, 10.1863, -14.8717, -35.571, -41.7269, -28.4239, -5.134, 19.5662, 38.3271, 40.4081, 23.9908, -0.3282, -24.5213, -40.5739, -38.146, -19.3191, 5.3757, 28.6653, 41.7974, 35.2299, 14.2582, -10.8211, -32.8286, -42.1517, -31.6157, -9.2593, 15.661, 36.0662, 41.5519, 27.5319, 3.8631, -20.8176, -38.9584, -39.9681]","[-121.0641, -92.5557, -66.3383, -31.3086, 15.2689, 53.4376, 80.7095, 107.9831, 146.0608, -167.632, -132.7229, -106.5193, -77.9695, -36.9466, 8.5068, 40.9792, 66.9002, 97.4981, 141.1428, -175.8872, -145.92, -120.086, -87.2374, -41.5269, -0.9682, 27.3881, 53.8931, 89.6238, 136.0643, 173.2951, -159.8236, -132.4367, -93.7939, -47.3361, -12.7393, 13.4842, 42.5292, 84.142, 128.8798, 160.6058, -173.6427, -142.7246, -98.528, -55.7384, -25.9821, 0.0613, 33.5804, 79.4112, 119.0184, 146.8857, 173.4227, -150.3362, -103.6035, -66.6888, -39.8567, -12.0552, 27.267, 73.2145, 106.9708, 132.9393, 162.2197, -155.5854, -110.9157, -79.4511, -53.5658, -22.0338, 22.5129, 64.3958, 93.5602, 119.555, 153.5129, -160.2405, -120.9235, -93.1718, -66.3014, -29.3481, 17.1215, 53.1225, 79.6095, 107.5629, 147.4582, -166.5275, -133.0699, -107.0407, -77.2186, -34.4928, 9.3822, 40.1507, 65.9062, 97.7961, 142.8506, -175.4965, -146.5101, -120.2613, -85.6045, -39.3587, -0.9925, 26.3187, 53.2594, 90.7453, 137.4242, 173.1086, -160.4144, -131.9988, -91.4521, -46.0547, -13.3928, 12.4231, 42.5194, 85.8052, 129.5445, 160.0793, -173.9886, -141.4454, -96.1436, -55.427, -26.9816, -0.743, 34.3838, 80.9727, 119.0304, 146.2634, 173.5844, -148.2181, -101.9257, -67.1219, -40.9457, -12.3395, 28.779, 74.1631, 106.5458, 132.4636, 163.1468, -153.1117, -110.23, -80.3401, -54.4985, -21.5609, 24.1932, 64.6414, 92.9437, 119.4815, 155.3279, -158.2102]"
2021-04-15,24.0,119.0,0.4,PNEO3,48268,25.9,"[13.4261, 50.2101, 81.8876, 54.225, 17.5363, -19.4781, -56.0227, -81.3086, -48.6942, -11.9638, 25.0615, 61.536, 77.6234, 42.7796, 5.8889, -31.0686, -67.1416, -72.81, -37.2212, -0.3129, 36.6524, 72.4176, 67.4057, 31.2277, -5.7642, -42.591, -77.3665, -62.0046, -25.66, 11.3438, 48.165, 81.1347, 56.2528, 19.6157, -17.4015, -54.0014, -81.9749, -50.7312, -14.0436, 22.9846, 59.5313, 79.1475, 44.8348, 7.9715, -29.0012, -65.1877, -74.6202, -39.2792, -2.3959, 34.5857, 70.5374, 69.3409, 33.2975, -3.6822, -40.5384, -75.6896, -63.9859, -27.7307, 9.2615, 46.1158, 80.0007, 58.2726, 21.6939, -15.3239, -51.9739, -82.1386, -52.7625, -16.1222, 20.9069, 57.5169, 80.4611, 46.8861, 10.0536, -26.9322, -63.216, -76.3565, -41.3339, -4.4784, 32.5171, 68.6206, 71.245, 35.3649, -1.6001, -38.4829, -73.9217, -65.9511, -29.7992, 7.179, 44.063, 78.5989, 60.283, 23.7705, -13.2457, -49.9409, -81.7701, -54.7875, -18.1993, 18.8283, 55.4943, 81.4667, 48.9329, 12.1349, -24.8617, -61.2301, -77.9872, -43.385, -6.56, 30.4468, 66.6763, 73.1077, 37.4297, 0.4819, -36.4249, -72.0896, -67.8962, -31.8654, 5.0966, 42.0071, 77.0157, 62.2823, 25.8455, -11.1668, -47.9032, -80.9341, -56.8052, -20.2749, 16.7491, 53.4647, 82.047, 50.9749, 14.2153, -22.7899, -59.2326, -79.4636, -45.4323, -8.6408, 28.375, 64.7107, 74.914, 39.4916, 2.5637, -34.3645, -70.211, -69.8158]","[162.7749, 152.614, 84.3053, -11.8591, -22.9117, -30.7219, -42.2504, -148.536, 153.5493, 143.6777, 135.789, 122.2338, -6.6189, -40.7361, -49.7694, -57.8673, -74.7119, 148.333, 125.358, 116.8712, 108.4216, 85.9985, -51.3739, -68.4466, -76.5572, -85.5593, -118.7609, 111.7213, 97.9684, 90.0676, 80.2746, 24.4842, -83.9892, -95.6007, -103.4118, -114.3936, 151.9976, 81.2221, 70.9715, 63.1244, 50.4047, -72.5644, -113.1954, -122.4864, -130.4941, -145.9806, 78.9406, 52.8125, 44.1501, 35.8466, 15.8179, -122.2823, -141.0544, -149.2766, -158.0582, 173.4752, 40.0912, 25.3186, 17.3558, 7.884, -37.8405, -156.0218, -168.2814, -176.1088, 173.3832, 93.9791, 8.9562, -1.7293, -9.5505, -21.557, -136.4244, 174.3855, 164.7995, 156.8642, 142.5109, 10.4628, -19.7052, -28.5702, -36.7494, -54.8474, 167.2179, 146.3572, 138.0027, 129.4127, 104.6065, -31.3305, -47.3175, -55.3594, -64.5508, -102.5393, 132.0628, 119.0474, 111.188, 101.0921, 35.5795, -63.2376, -74.4238, -82.2345, -93.6284, 162.2033, 102.013, 92.0892, 84.2094, 70.8106, -56.7704, -92.1914, -101.2889, -109.3639, -125.8839, 97.2547, 73.7905, 65.2813, 56.8572, 34.9245, -102.4902, -119.9382, -128.0774, -137.024, -169.1353, 60.2897, 46.3869, 38.4798, 28.7431, -24.7839, -135.3462, -147.1108, -154.9264, -165.7913, 103.1716, 29.6944, 19.3835, 11.543, -1.0453, -122.3231, -164.6414, -174.0053, 178.0053, 162.7905, 28.0078, 1.2487, -7.4399, -15.7215, -35.363, -173.3161]"
2021-04-15,24.0,119.0,0.4,FLOCK 4H 32,66735,26.4,"[-14.6345, -52.0867, -82.6096, -51.4294, -13.9884, 23.8042, 61.1255, 77.7415, 41.8597, 4.1338, -33.6021, -70.3073, -69.4139, -32.6609, 5.0539, 42.742, 78.4274, 60.2728, 22.9012, -14.9223, -52.3679, -82.5911, -51.1482, -13.701, 24.0917, 61.4039, 77.5106, 41.5738, 3.845, -33.8879, -70.5718, -69.1471, -32.3754, 5.3422, 43.0274, 78.6475, 59.9932, 22.6128, -15.2105, -52.6493, -82.5616, -50.8666, -13.4133, 24.3796, 61.6824, 77.2771, 41.2874, 3.5559, -34.174, -70.8361, -68.8795, -32.0895, 5.6309, 43.3131, 78.8648, 59.713, 22.324, -15.499, -52.9309, -82.5214, -50.5845, -13.1251, 24.6677, 61.9611, 77.041, 41.0007, 3.2664, -34.4604, -71.1, -68.611, -31.8032, 5.9199, 43.5991, 79.0791, 59.4323, 22.0349, -15.7878, -53.2128, -82.4704, -50.3021, -12.8367, 24.9562, 62.2399, 76.8027, 40.7136, 2.9766, -34.7471, -71.3636, -68.3418, -31.5165, 6.2092, 43.8853, 79.2902, 59.1511, 21.7454, -16.0769, -53.4948, -82.4089, -50.0192, -12.5478, 25.2451, 62.5188, 76.562, 40.4261, 2.6864, -35.034, -71.6267, -68.0718, -31.2294, 6.4989, 44.1719, 79.4978, 58.8694, 21.4556, -16.3663, -53.7771, -82.3371, -49.7358, -12.2586, 25.5342, 62.7978, 76.3191, 40.1382, 2.3959, -35.3213, -71.8895, -67.801, -30.942, 6.7889, 44.4587, 79.7017, 58.5873, 21.1654, -16.656, -54.0596, -82.2552, -49.4521, -11.969, 25.8237, 63.0769, 76.0742, 39.8499, 2.1051, -35.6088]","[1.0457, -9.1093, -94.6884, -175.2176, 174.7636, 167.1196, 154.2895, 21.9681, -10.4903, -19.1379, -27.1309, -45.9339, 172.9525, 155.0192, 147.0807, 138.3427, 103.4497, -26.7008, -39.1958, -46.8298, -57.0433, -144.7389, 136.8524, 126.8884, 119.2393, 106.2933, -26.6751, -58.3929, -67.0111, -75.0202, -94.098, 124.8229, 107.1314, 99.2075, 90.4377, 54.675, -74.6864, -87.0754, -94.7055, -104.9788, 165.2223, 88.9234, 79.0134, 71.3588, 58.294, -75.2902, -106.2949, -114.8843, -122.91, -142.2711, 76.7, 59.2438, 51.3341, 42.532, 5.8626, -122.6696, -134.9549, -142.5813, -152.9157, 115.2013, 40.9954, 31.1383, 23.478, 10.2915, -123.8784, -154.1964, -162.7575, -170.8002, 169.5463, 28.5837, 11.3566, 3.4607, -5.3744, -42.989, -170.6506, 177.1658, 169.5427, 159.146, 65.2041, -6.9315, -16.7366, -24.403, -37.7142, -172.4409, 157.9025, 149.3692, 141.3091, 121.3538, -19.5263, -36.5305, -44.4128, -53.2817, -91.8818, 141.3706, 129.2866, 121.6666, 111.2062, 15.2363, -54.8575, -64.6116, -72.2844, -85.7234, 139.0212, 110.002, 101.4959, 93.418, 73.1511, -67.6302, -84.4173, -92.2864, -101.1897, -140.8176, 93.394, 81.4075, 73.7903, 63.2649, -34.6972, -102.7826, -112.4865, -120.166, -133.736, 90.5068, 62.1019, 53.6226, 45.5265, 24.9376, -115.7283, -132.3038, -140.1601, -149.0984, 170.2019, 45.4195, 33.5285, 25.9138, 15.3221, -84.5917, -150.7068, -160.3614, -168.0478, 178.2478, 42.015, 14.2023, 5.7493, -2.3655]"
2024-11-27,24.0,119.0,0.4,SUPERVIEW NEO-1 02,52322,15.8,"[-72.1835, -67.3842, -30.3073, 7.5939, 45.4026, 80.4818, 57.4261, 19.8115, -18.181, -55.7331, -81.5716, -47.4365, -9.74, 28.2033, 65.506, 73.8111, 37.0901, -0.8443, -38.7055, -75.1129, -64.2575, -27.0246, 10.8975, 48.6591, 82.1749, 54.2004, 16.5079, -21.4781, -58.9378, -79.5428, -44.1876, -6.4383, 31.4923, 68.6282, 70.8138, 33.8055, -4.1523, -41.9712, -77.862, -61.0945, -23.7372, 14.2003, 51.9059, 82.6843, 50.9596, 13.202, -24.772, -62.1212, -76.9947, -40.9299, -3.1348, 34.7774, 71.6891, 67.731, 30.5156, -7.4596, -45.2294, -80.2778, -57.9053, -20.4457, 17.502, 55.1407, 81.7863, 47.7066, 9.8943, -28.0622, -65.2759, -74.1754, -37.6645, 0.1699, 38.0577, 74.6528, 64.593, 27.2211, -10.7657, -48.4788, -82.0511, -54.6961, -17.1505, 20.802, 58.3603, 79.847, 44.4436, 6.5853, -31.3482, -68.3905, -71.2057, -34.3924, 3.4754, 41.3326, 77.4508, 61.4172, 23.9225, -14.0702, -51.7179, -82.6983, -51.4711, -13.8522, 24.0998, 61.5601, 77.3354, 41.172, 3.2755, -34.6292, -71.4457, -68.146, -31.1143, 6.7812, 44.6009, 79.9446, 58.2142, 20.6205, -17.3725, -54.9444, -81.9433, -48.2334, -10.5512, 27.395, 64.7333, 74.5268, 37.8932, -0.0347, -37.9048, -74.4077, -65.0285, -27.8309, 10.0868, 47.8616, 81.8502, 54.9907, 17.3156, -20.6723, -58.1553, -80.1015, -44.985, -7.2479, 30.6869, 67.869, 71.5556, 34.608, -3.3447, -41.174, -77.2127, -61.8716]","[-36.2568, -177.3718, 166.4947, 158.7039, 149.6998, 104.8235, -16.303, -27.7429, -35.317, -46.2616, -158.103, 147.5601, 138.2838, 130.5667, 115.6573, -24.3439, -47.4889, -55.6727, -63.9743, -89.4103, 132.2905, 118.1115, 110.434, 100.9568, 38.0336, -65.4739, -76.0475, -83.6303, -95.5386, 138.1812, 98.8596, 90.0168, 82.1695, 65.0439, -76.7619, -95.9613, -103.9326, -112.5345, -144.9948, 82.4634, 69.7592, 62.1543, 52.089, -34.753, -114.4516, -124.3364, -131.9654, -145.1088, 80.0771, 50.249, 41.7552, 33.7316, 13.5425, -127.969, -144.3869, -152.1961, -161.1725, 155.3349, 32.9988, 21.4319, 13.8616, 3.0611, -106.2963, -163.2807, -172.6134, 179.6725, 164.9166, 25.425, 1.7108, -6.5038, -14.756, -39.3427, -178.3878, 167.2259, 159.534, 150.0926, 89.3314, -16.2003, -26.875, -34.4481, -46.1763, -171.0203, 148.0066, 139.1184, 131.2775, 114.3661, -27.1681, -46.7686, -54.763, -63.3045, -94.4891, 131.7295, 118.8701, 111.2546, 101.2353, 17.0213, -65.1998, -75.1657, -82.7788, -95.6937, 130.2287, 99.3863, 90.8558, 82.8423, 62.9625, -78.4889, -95.2, -103.0253, -111.9281, -153.4456, 82.2256, 70.54, 62.9623, 52.2214, -54.9443, -114.046, -123.444, -131.1356, -145.5957, 75.203, 50.8403, 42.5961, 34.3582, 10.2373, -128.9849, -143.592, -151.2936, -160.6452, 141.5238, 32.9978, 22.2307, 14.6534, 3.003, -120.3751, -162.7723, -171.713, -179.5243, 163.957, 22.3896, 2.3546, -5.6637, -14.1858, -44.635, -178.9221]"
2020-08-23,24.4367,118.318,0.3672153635116137,SKYSAT C19,46235,9.0,"[15.6874, 42.3334, 4.0853, 47.8604, -10.1781, 51.355, -27.4824, 52.873, -45.7124, 52.5089, -52.334, 50.4405, -36.5351, 46.8844, -14.4908, 42.0153, 4.5345, 35.9087, 19.4461, 28.5116, 30.9215, 19.6235, 39.6521, 8.8705, 46.0604, -4.3059, 50.3409, -20.486, 52.57, -39.0819, 52.8297, -52.588, 51.2837, -44.0507, 48.1577, -22.209, 43.659, -1.5166, 37.9055, 14.9675, 30.8901, 27.6513, 22.461, 37.3079, 12.2987, 44.4657, -0.1069, 49.3904, -15.3855, 52.1888, -33.5888, 52.9413, -50.2957, 51.8018, -48.7558, 49.0015, -28.3187, 44.7715, -6.4602, 39.2628, 11.3399, 32.5025, 25.0493, 24.3739, 35.4734, 14.5954, 43.2279, 2.6943, 48.6423, -11.9625, 51.8552, -29.7033, 52.9531, -47.7001, 52.0875, -51.1423, 49.4958, -32.5532, 45.428, -9.9827, 40.0589, 8.8076, 33.4392, 23.2971, 25.4745, 34.2888, 15.9057, 42.4626, 4.2827, 48.1974, -10.0237, 51.658, -27.4606, 52.9409, -45.9338, 52.2031, -52.0817, 49.6929, -34.8501, 45.6755, -11.8642, 40.3416, 7.5558, 33.7544, 22.5291, 25.8293, 33.852, 16.3153, 42.2448, 4.7682, 48.1156, -9.443, 51.6453, -26.8052, 52.9422, -45.4216, 52.1773, -52.2564, 49.6149, -35.2395, 45.5335, -11.9832, 40.1308, 7.691, 33.4713, 22.818, 25.4674, 34.2099, 15.8614, 42.6032, 4.1984, 48.4122, -10.1645, 51.8221, -27.6966, 52.9543, -46.2427, 52.0028, -51.8451, 49.2536, -33.7214, 44.9948, -10.3086, 39.421]","[-150.942, 83.4205, -144.4261, 93.878, -136.1805, 105.4481, -123.485, 117.6705, -98.5459, 129.7211, -49.7239, 140.7972, -8.4941, 150.4658, 11.6232, 158.7126, 23.6701, 165.792, 33.0607, 172.0847, 41.8525, 178.0464, 51.0648, -175.7395, 61.2682, -168.3494, 72.6465, -157.8619, 84.8988, -139.0705, 97.2651, -98.8769, 108.8595, -49.0298, 119.0951, -22.7158, 127.8381, -8.5471, 135.2874, 1.6059, 141.8057, 10.6258, 147.8342, 19.8096, 153.9126, 29.8694, 160.8315, 41.1159, 170.1046, 53.3769, -174.4346, 65.965, -141.7963, 77.9529, -89.1775, 88.6376, -56.4093, 97.7843, -39.9484, 105.5424, -28.9733, 112.2607, -19.657, 118.3749, -10.4081, 124.4042, -0.3858, 131.0702, 10.8161, 139.6741, 23.1161, 153.3412, 35.8815, -178.7573, 48.1619, -126.93, 59.1748, -88.8611, 68.6139, -70.3267, 76.5952, -58.6106, 83.4611, -48.9937, 89.6485, -39.6187, 95.6704, -29.5389, 102.2173, -18.2834, 110.4904, -5.8836, 123.2834, 7.0487, 148.7902, 19.5397, -160.7221, 30.7594, -119.4112, 40.3675, -99.4656, 48.4702, -87.2309, 55.4144, -77.3652, 61.6442, -67.8283, 67.6762, -57.6049, 74.1966, -46.1929, 82.3838, -33.6184, 94.9543, -20.5146, 119.8904, -7.8886, 170.1354, 3.4132, -147.5807, 13.0584, -127.2136, 21.1718, -114.7799, 28.117, -104.7489, 34.3511, -95.025, 40.4024, -84.5734, 46.9758, -72.8996, 55.2948, -60.0743, 68.2233, -46.7998, 94.2636, -34.1247, 145.7577, -22.8752, -173.2643, -13.3302, -153.542, -5.3183]"
2022-08-30,23.57,119.57,0.3457711442755555,FLOCK 4Y 27,55083,23.7,"[3.9209, -17.8348, -41.3303, -67.0352, -79.2361, -48.8112, -15.0426, 17.8037, 47.6628, 73.4163, 78.253, 57.9093, 37.2919, 16.8065, -4.1815, -26.4135, -50.6204, -76.5274, -69.252, -36.7727, -3.0973, 28.7943, 57.3107, 80.4363, 71.3954, 50.6652, 30.1994, 9.6841, -11.5627, -34.2891, -59.141, -82.4768, -59.1691, -25.9731, 7.3138, 38.2001, 65.4329, 82.5247, 64.9436, 44.2896, 23.9265, 3.3331, -18.1952, -41.401, -66.7503, -79.7679, -49.9796, -16.5329, 16.2102, 46.1288, 72.089, 79.314, 59.2783, 38.7665, 18.4627, -2.2349, -24.0418, -47.6818, -73.257, -73.4568, -41.9448, -8.5, 23.6475, 52.6861, 77.2476, 74.9891, 54.46, 34.0807, 13.8068, -7.0004, -29.0608, -53.0642, -78.3646, -67.394, -35.1815, -1.878, 29.6945, 57.9663, 80.7463, 71.082, 50.4929, 30.2232, 9.9643, -10.9404, -33.2103, -57.4887, -81.6014, -62.2925, -29.7474, 3.3525, 34.4188, 62.0508, 82.4163, 67.9105, 47.3703, 27.1898, 6.9441, -14.0317, -36.453, -60.9087, -82.6495, -58.3567, -25.6689, 7.22, 37.8785, 65.0092, 82.6044, 65.5542, 45.0858, 24.9797, 4.7553, -16.2544, -38.7587, -63.2946, -82.2761, -55.672, -22.9553, 9.751, 40.1181, 66.8989, 82.2041, 64.0359, 43.635, 23.5933, 3.4057, -17.5936, -40.1067, -64.6333, -81.7231, -54.2789, -21.6087, 10.9644, 41.1653, 67.7619, 81.9039, 63.363, 43.0156, 23.0317, 2.8996, -18.0415, -40.487, -64.9237, -81.6277, -54.1931]","[114.1839, 114.1872, 115.44, 123.7619, -119.5301, -88.1831, -84.577, -83.099, -80.2174, -65.5797, 47.5721, 71.1427, 74.4922, 75.015, 74.9065, 75.1577, 77.6426, 98.2824, -137.0508, -125.5638, -123.3148, -121.732, -117.0859, -81.632, 23.0451, 33.6324, 35.5004, 35.6627, 35.5546, 36.2063, 40.743, 102.8769, -169.9521, -163.9587, -162.29, -160.2956, -152.6177, -71.1582, -10.7669, -4.8642, -3.7986, -3.8297, -3.851, -2.6332, 5.4223, 119.5004, 153.368, 157.1263, 158.5872, 161.2659, 174.1879, -75.2977, -47.6111, -43.9043, -43.3087, -43.4336, -43.3049, -41.342, -26.9867, 99.0341, 115.2244, 117.8933, 119.3533, 122.9754, 145.0825, -101.26, -85.801, -83.2875, -82.9792, -83.1366, -82.8155, -79.9297, -53.9214, 66.3994, 76.3414, 78.4335, 80.0117, 84.8064, 122.3424, -134.9414, -124.7204, -122.9122, -122.7828, -122.937, -122.4037, -118.4549, -72.1722, 29.9044, 37.0094, 38.7872, 40.5424, 46.6574, 105.2583, -171.6877, -164.097, -162.7233, -162.7056, -162.8395, -162.1011, -157.0482, -85.301, -8.2818, -2.6384, -1.0303, 0.9094, 8.3307, 86.0533, 150.038, 156.2039, 157.3103, 157.2592, 157.1479, 158.0547, 164.0828, -105.5498, -47.4087, -42.5365, -41.0168, -38.9299, -30.4542, 58.741, 110.8413, 116.2529, 117.2059, 117.1142, 117.0168, 118.0279, 124.6923, -136.3695, -87.1735, -82.6532, -81.1748, -79.0135, -69.986, 23.7544, 70.9796, 76.0854, 76.9724, 76.8602, 76.7612, 77.7933, 84.5874, -175.4478, -127.4598]"
2025-04-04,25.0177,121.174,0.3424591910510411,FLOCK 4G 36,62675,20.6,"[9.2629, -28.9152, -66.2816, -72.9942, -36.1352, 1.973, 40.12, 76.656, 62.0239, 24.299, -13.9283, -51.7886, -82.6264, -50.9424, -13.0673, 25.1549, 62.8462, 75.938, 39.2709, 1.112, -36.991, -73.765, -65.4622, -28.0565, 10.1231, 48.1723, 82.0471, 54.1059, 16.1613, -22.0532, -59.6968, -78.7586, -42.9464, -4.9261, 33.2712, 70.5469, 68.5883, 31.174, -7.0369, -45.0275, -80.2455, -57.6538, -19.9483, 18.2689, 56.1637, 81.0402, 46.095, 8.0124, -30.1558, -67.456, -71.8705, -34.8984, 3.2238, 41.3595, 77.6773, 60.8161, 23.0502, -15.1766, -53.0083, -82.4525, -49.7196, -11.8181, 26.4033, 64.0475, 74.8599, 38.0285, -0.1403, -38.228, -74.8591, -64.2755, -26.8128, 11.3756, 49.4062, 82.4312, 52.8783, 14.9087, -23.3002, -60.9013, -77.7947, -41.7125, -3.6733, 34.5179, 71.6988, 67.4089, 29.9251, -8.2898, -46.2588, -81.0104, -56.4401, -18.6987, 19.5222, 57.3868, 80.2725, 44.8554, 6.7571, -31.4003, -68.6273, -70.7284, -33.6561, 4.4794, 42.6028, 78.6568, 59.6002, 21.7964, -16.4291, -54.2305, -82.085, -48.4905, -10.5639, 27.656, 65.2482, 73.7531, 36.7806, -1.3972, -39.4685, -75.9329, -63.079, -25.5636, 12.6328, 50.6431, 82.6215, 51.6442, 13.6513, -24.5512, -62.1065, -76.7808, -40.4727, -2.4154, 35.7686, 72.8409, 66.2174, 28.671, -9.5471, -47.4933, -81.6624, -55.2192, -17.4439, 20.7798, 58.6119, 79.4088, 43.61, 5.4972, -32.6486, -69.794]","[-16.2399, -24.0567, -39.5821, 179.9866, 157.8954, 149.7104, 141.1983, 111.9316, -23.5113, -36.7608, -44.458, -54.5844, -141.0147, 138.9862, 129.0263, 121.3126, 107.6851, -29.1965, -56.6986, -65.1357, -73.3815, -96.6515, 123.6063, 108.5988, 100.8116, 91.3164, 29.4726, -75.1369, -85.7913, -93.4541, -105.7423, 125.051, 88.8994, 80.1138, 72.0958, 52.9867, -88.8417, -106.1115, -114.0253, -123.0588, -166.8645, 71.1063, 59.5059, 51.8568, 40.6726, -75.7134, -125.538, -134.727, -142.5908, -158.9361, 59.9172, 39.3314, 31.2267, 22.5958, -9.6457, -142.5352, -155.2753, -162.952, -173.3357, 91.1908, 20.2719, 10.5352, 2.7915, -11.441, -150.0471, -175.2851, 176.3807, 168.0407, 142.8459, 4.3998, -9.9275, -17.678, -27.3768, -97.6889, 166.0861, 155.7125, 148.0346, 135.2848, 2.8621, -29.7162, -38.3708, -46.4607, -66.8722, 151.6898, 135.3485, 127.4881, 118.291, 68.7839, -47.7565, -58.9974, -66.6461, -78.1863, 159.8457, 115.8116, 106.7862, 98.8689, 81.5988, -59.9593, -79.2265, -87.2581, -96.0187, -131.8025, 98.4896, 86.2131, 78.5513, 67.8866, -35.9878, -98.4247, -107.9551, -115.7348, -130.6427, 89.4266, 66.1364, 57.8965, 49.4532, 22.0064, -114.7368, -128.4502, -136.1696, -146.0905, 134.4235, 47.3326, 37.2176, 29.519, 16.2584, -118.7683, -148.3218, -156.8556, -165.0251, 173.0646, 32.3259, 16.8131, 8.9998, -0.3755, -56.6142, -166.5878, -177.4987, 174.8475, 162.9157, 36.3219, -2.8262, -11.7003, -19.678, -37.9965]"
2017-05-07,23.57,119.57,0.3349999999976667,CAPELLA-19 (ACADIA),67384,12.6,"[13.6835, 50.2882, 81.9448, 54.5441, 18.0301, -18.8155, -55.2203, -81.7812, -49.8904, -13.359, 23.4874, 59.8507, 79.1298, 44.9092, 8.2165, -28.5897, -64.6492, -75.3273, -40.2391, -3.5466, 33.2628, 69.1656, 70.9495, 35.1918, -1.6042, -38.321, -73.6594, -66.4793, -30.5185, 6.2741, 42.9922, 77.6965, 61.7203, 25.4238, -11.4194, -47.9886, -80.9608, -57.1023, -20.7513, 16.0902, 52.6474, 82.2382, 52.191, 15.6241, -21.2163, -57.5536, -80.7147, -47.531, -10.9532, 25.8887, 62.1678, 77.3324, 42.5313, 5.8073, -30.9818, -66.9168, -73.2501, -37.8596, -1.1374, 35.655, 71.3734, 68.7329, 32.799, -4.0134, -40.7, -75.7187, -64.2067, -28.1256, 8.6836, 45.3697, 79.4504, 59.3998, 23.0214, -13.8256, -50.3475, -81.9224, -54.7663, -18.3493, 18.4969, 54.9998, 81.8072, 49.8295, 13.2161, -23.6163, -59.8766, -79.2148, -45.1648, -8.5454, 28.2892, 64.4687, 75.3601, 40.1481, 3.3969, -33.372, -69.1561, -71.0969, -35.4753, 1.2731, 38.0451, 73.5272, 66.4783, 30.4025, -6.4232, -43.0758, -77.6582, -61.9119, -25.7292, 11.0936, 47.7432, 80.9044, 57.0652, 20.6165, -16.2315, -52.7005, -82.2402, -52.4202, -15.9446, 20.9033, 57.3441, 80.7518, 47.4605, 10.8062, -26.0152, -62.1867, -77.4349, -42.7925, -6.1357, 30.6885, 66.7488, 73.2739, 37.7601, 0.9854, -35.7602, -71.3572, -68.8905, -33.0867, 3.6847, 40.4328, 75.6024, 64.1951, 28.0026, -8.8332, -45.448, -79.4113]","[146.3256, 136.2675, 68.8937, -28.2972, -39.3028, -47.0229, -58.1935, -158.7883, 137.3924, 127.4209, 119.655, 106.9654, -16.7937, -56.6986, -65.8946, -73.7977, -88.7696, 136.7802, 109.5278, 100.8733, 92.7445, 74.3758, -63.9261, -84.1681, -92.4178, -100.8985, -124.9252, 98.4895, 82.3363, 74.3538, 65.3974, 31.5177, -97.6716, -111.1457, -118.9535, -128.5939, 178.6713, 67.2288, 55.5115, 47.7825, 37.2344, -46.7262, -127.4058, -137.8527, -145.5857, -157.4463, 88.8533, 38.4528, 28.886, 21.0661, 7.385, -122.8662, -155.5163, -164.4196, -172.4236, 171.1075, 34.1497, 10.7949, 2.3527, -5.9289, -26.6797, -164.8658, 177.1637, 169.0613, 160.3615, 132.2136, -1.5694, -16.2856, -24.1719, -33.4302, -75.0327, 162.7861, 150.2682, 142.5103, 132.4526, 65.6592, -31.9997, -43.0493, -50.7693, -61.8945, -162.054, 133.5773, 123.6056, 115.8393, 103.1561, -20.1201, -60.4229, -69.6436, -77.5394, -92.4251, 133.0666, 105.7115, 97.058, 88.9283, 70.5917, -67.5137, -87.9045, -96.1675, -104.632, -128.4649, 94.6936, 78.5202, 70.5385, 61.581, 27.8692, -101.3451, -114.8892, -122.7021, -132.3134, 175.4718, 63.4164, 51.6956, 43.9668, 33.4195, -49.8552, -131.1156, -141.6002, -149.3314, -161.14, 85.4115, 34.6367, 25.0705, 17.2499, 3.5777, -126.2915, -159.2446, -168.1692, -176.1639, 167.4689, 30.3984, 6.9783, -1.4628, -9.7456, -30.4511, -168.4848, 173.4249, 165.3116, 156.6303, 128.7246, -5.3732, -20.102, -27.9876, -37.2469, -78.5968]"
2024-05-24,24.4367,118.318,0.3349053329442406,JILIN-01 KUANFU 01C,52443,28.5,"[-56.6773, -19.2973, 18.6192, 56.2063, 81.0811, 46.7215, 9.1231, -28.549, -65.4478, -74.0707, -37.7495, 0.0199, 37.8904, 74.425, 64.7688, 27.61, -10.1167, -47.5516, -81.3701, -55.9571, -18.5545, 19.3647, 56.9329, 80.657, 45.9898, 8.383, -29.283, -66.1461, -73.418, -37.0137, 0.7661, 38.6308, 75.0723, 64.0595, 26.8716, -10.8553, -48.2766, -81.7108, -55.2357, -17.8113, 20.1103, 57.6587, 80.195, 45.2575, 7.6428, -30.017, -66.8422, -72.7583, -36.2773, 1.5126, 39.371, 75.7104, 63.3482, 26.1329, -11.594, -49.0012, -81.9987, -54.5132, -17.0676, 20.8559, 58.3836, 79.7002, 44.5247, 6.9024, -30.751, -67.5361, -72.0925, -35.5403, 2.2593, 40.1111, 76.338, 62.6351, 25.3939, -12.3328, -49.7254, -82.2278, -53.7896, -16.3236, 21.6017, 59.1077, 79.177, 43.7913, 6.1618, -31.4848, -68.2275, -71.421, -34.8027, 3.0063, 40.8511, 76.9535, 61.9203, 24.6546, -13.0716, -50.4493, -82.3927, -53.065, -15.5791, 22.3475, 59.8307, 78.6293, 43.0574, 5.4211, -32.2186, -68.9161, -70.7445, -34.0646, 3.7535, 41.5908, 77.5551, 61.2039, 23.915, -13.8104, -51.1728, -82.4891, -52.3394, -14.8343, 23.0934, 60.5527, 78.0604, 42.323, 4.6802, -32.9523, -69.6016, -70.0634, -33.3259, 4.5009, 42.3304, 78.1407, 60.486, 23.1751, -14.5493, -51.8958, -82.5143, -51.6128, -14.089, 23.8393, 61.2735, 77.4732, 41.5881, 3.9392, -33.6859, -70.2836, -69.3781, -32.5866]","[175.3348, 163.9264, 156.2353, 144.9339, 30.5804, -20.7601, -30.089, -37.9145, -53.0475, 168.5581, 144.4704, 136.1118, 127.7286, 102.9576, -35.2492, -50.0156, -57.8165, -67.2494, -121.4692, 127.1879, 115.9841, 108.2925, 96.7799, -21.1048, -68.797, -78.0217, -85.8738, -101.4515, 119.4985, 96.4835, 88.1806, 79.7369, 53.7209, -83.602, -97.9717, -105.75, -115.2968, -173.7379, 79.0523, 68.0427, 60.3487, 48.613, -72.445, -116.8286, -125.954, -133.835, -149.8879, 70.5292, 48.4993, 40.2494, 31.7418, 4.3608, -131.9292, -145.9263, -153.684, -163.3504, 133.6451, 30.9272, 20.1022, 12.4038, 0.4325, -123.4628, -164.8552, -173.8859, 178.202, 161.6403, 21.641, 0.518, -7.6819, -16.2567, -45.138, 179.7674, 166.1207, 158.3814, 148.5895, 80.7096, -17.1878, -27.8376, -35.5422, -47.7626, -174.1844, 147.1229, 138.1824, 130.2369, 113.1299, -27.174, -47.4608, -55.6133, -64.2589, -94.7925, 131.4861, 118.1691, 110.4463, 100.5224, 27.5089, -65.2933, -75.7765, -83.4894, -95.9733, 135.3626, 99.1056, 90.251, 82.2697, 64.5773, -75.9231, -95.437, -103.5449, -112.265, -144.6224, 83.2251, 70.2188, 62.5105, 52.4481, -25.8798, -113.3901, -123.7148, -131.4378, -144.2008, 85.1513, 51.0926, 42.3197, 34.3003, 15.9783, -124.6124, -143.4109, -151.4768, -160.275, 165.3509, 34.983, 22.2699, 14.5741, 4.366, -79.3605, -161.4784, -171.6524, -179.3876, 167.5536, 35.156, 3.0837, -5.6113, -13.6713, -32.6716, -173.2477, 168.6176]"
2020-10-30,24.4367,118.318,0.3334271522673824,ICEYE-X66,66301,9.9,"[-23.2716, 3.0461, 28.6078, 44.6484, 39.2914, 17.3559, -9.3901, -33.7287, -45.5449, -35.0604, -11.1812, 15.5967, 38.152, 45.0502, 30.1445, 4.8731, -21.6176, -41.7439, -43.2016, -24.6634, 1.4979, 27.2887, 44.2279, 40.1836, 18.8228, -7.8568, -32.5418, -45.4556, -36.1588, -12.6962, 14.1022, 37.1442, 45.2976, 31.3984, 6.4162, -20.1819, -40.966, -43.7664, -26.0326, -0.0512, 25.9433, 43.7319, 41.0178, 20.2739, -6.318, -31.3187, -45.2839, -37.2121, -14.2014, 12.5968, 36.0888, 45.4638, 32.6182, 7.9544, -18.7292, -40.1273, -44.2579, -27.377, -1.6001, 24.5736, 43.1631, 41.7909, 21.7075, -4.7747, -30.0622, -45.0311, -38.2173, -15.6954, 11.0819, 34.9887, 45.5478, 33.8015, 9.4863, -17.2613, -39.2309, -44.6737, -28.6947, -3.1478, 23.1815, 42.5242, 42.4997, 23.122, -3.2283, -28.7744, -44.6984, -39.1712, -17.1768, 9.5587, 33.8468, 45.5493, 34.9455, 11.011, -15.7796, -38.2801, -45.0115, -29.9835, -4.6931, 21.7689, 41.818, 43.1412, 24.5157, -1.6797, -27.4579, -44.2877, -40.0707, -18.6443, 8.0285, 32.6659, 45.4682, 36.0475, 12.527, -14.2856, -37.278, -45.2696, -31.241, -6.2348, 20.3375, 41.0478, 43.7125, 25.8867, -0.1302, -26.1147, -43.8013, -40.9127, -20.0962, 6.4926, 31.4487, 45.3051, 37.1046, 14.0332, -12.7807, -36.2278, -45.4466, -32.4649, -7.7719, 18.8891, 40.2166, 44.2109, 27.2332, 1.4191, -24.747, -43.2415, -41.694, -21.5311]","[-164.0467, -138.6696, -111.8875, -71.1514, -22.7054, 10.2484, 34.8692, 63.8752, 108.6278, 154.3649, -175.8835, -151.3795, -119.4388, -71.6223, -29.6638, -2.3054, 22.799, 58.4264, 107.7403, 145.4852, 171.1572, -162.4805, -122.7651, -73.9141, -40.0837, -15.3378, 13.0625, 56.8999, 103.423, 133.8783, 158.3444, -170.5022, -123.3123, -80.3675, -52.4922, -27.5925, 7.09, 56.2173, 94.977, 120.9862, 146.9724, -174.3329, -125.1878, -90.4447, -65.5332, -37.6933, 5.1863, 52.4181, 83.6215, 108.0895, 138.499, -175.0239, -131.1252, -102.6878, -77.9521, -44.1816, 4.6438, 44.4259, 70.8153, 96.4682, 134.1506, -176.5253, -140.8371, -115.7193, -88.3946, -46.5042, 1.3488, 33.3437, 57.8532, 87.5634, 133.2514, 178.0607, -152.8947, -128.2826, -95.3873, -46.9746, -6.1708, 20.6422, 46.0041, 82.6902, 132.0752, 168.7364, -165.8984, -139.0441, -98.1637, -49.7857, -16.9576, 7.6333, 36.6893, 81.5225, 127.1878, 156.8849, -178.5864, -146.5269, -98.6312, -56.816, -29.5352, -4.4225, 31.2896, 80.6166, 118.2731, 143.9274, 170.3555, -149.7848, -100.9859, -67.2849, -42.5727, -14.1255, 29.7983, 76.2542, 106.6487, 131.1338, 162.3994, -150.3188, -107.5122, -79.7192, -54.8146, -20.0485, 29.1026, 67.7702, 93.7559, 119.8013, 158.6392, -152.2512, -117.6409, -92.767, -64.8833, -21.9122, 25.2581, 56.3943, 80.8755, 111.3906, 157.9707, -158.2623, -129.912, -105.1747, -71.3222, -22.4621, 17.225, 43.5847, 69.2906, 107.1139, 156.4191, -168.028]"
2020-08-23,24.4539,118.398,0.3333746472888975,SKYSAT C19,46235,9.2,"[15.6874, 42.3334, 4.0853, 47.8604, -10.1781, 51.355, -27.4824, 52.873, -45.7124, 52.5089, -52.334, 50.4405, -36.5351, 46.8844, -14.4908, 42.0153, 4.5345, 35.9087, 19.4461, 28.5116, 30.9215, 19.6235, 39.6521, 8.8705, 46.0604, -4.3059, 50.3409, -20.486, 52.57, -39.0819, 52.8297, -52.588, 51.2837, -44.0507, 48.1577, -22.209, 43.659, -1.5166, 37.9055, 14.9675, 30.8901, 27.6513, 22.461, 37.3079, 12.2987, 44.4657, -0.1069, 49.3904, -15.3855, 52.1888, -33.5888, 52.9413, -50.2957, 51.8018, -48.7558, 49.0015, -28.3187, 44.7715, -6.4602, 39.2628, 11.3399, 32.5025, 25.0493, 24.3739, 35.4734, 14.5954, 43.2279, 2.6943, 48.6423, -11.9625, 51.8552, -29.7033, 52.9531, -47.7001, 52.0875, -51.1423, 49.4958, -32.5532, 45.428, -9.9827, 40.0589, 8.8076, 33.4392, 23.2971, 25.4745, 34.2888, 15.9057, 42.4626, 4.2827, 48.1974, -10.0237, 51.658, -27.4606, 52.9409, -45.9338, 52.2031, -52.0817, 49.6929, -34.8501, 45.6755, -11.8642, 40.3416, 7.5558, 33.7544, 22.5291, 25.8293, 33.852, 16.3153, 42.2448, 4.7682, 48.1156, -9.443, 51.6453, -26.8052, 52.9422, -45.4216, 52.1773, -52.2564, 49.6149, -35.2395, 45.5335, -11.9832, 40.1308, 7.691, 33.4713, 22.818, 25.4674, 34.2099, 15.8614, 42.6032, 4.1984, 48.4122, -10.1645, 51.8221, -27.6966, 52.9543, -46.2427, 52.0028, -51.8451, 49.2536, -33.7214, 44.9948, -10.3086, 39.421]","[-150.942, 83.4205, -144.4261, 93.878, -136.1805, 105.4481, -123.485, 117.6705, -98.5459, 129.7211, -49.7239, 140.7972, -8.4941, 150.4658, 11.6232, 158.7126, 23.6701, 165.792, 33.0607, 172.0847, 41.8525, 178.0464, 51.0648, -175.7395, 61.2682, -168.3494, 72.6465, -157.8619, 84.8988, -139.0705, 97.2651, -98.8769, 108.8595, -49.0298, 119.0951, -22.7158, 127.8381, -8.5471, 135.2874, 1.6059, 141.8057, 10.6258, 147.8342, 19.8096, 153.9126, 29.8694, 160.8315, 41.1159, 170.1046, 53.3769, -174.4346, 65.965, -141.7963, 77.9529, -89.1775, 88.6376, -56.4093, 97.7843, -39.9484, 105.5424, -28.9733, 112.2607, -19.657, 118.3749, -10.4081, 124.4042, -0.3858, 131.0702, 10.8161, 139.6741, 23.1161, 153.3412, 35.8815, -178.7573, 48.1619, -126.93, 59.1748, -88.8611, 68.6139, -70.3267, 76.5952, -58.6106, 83.4611, -48.9937, 89.6485, -39.6187, 95.6704, -29.5389, 102.2173, -18.2834, 110.4904, -5.8836, 123.2834, 7.0487, 148.7902, 19.5397, -160.7221, 30.7594, -119.4112, 40.3675, -99.4656, 48.4702, -87.2309, 55.4144, -77.3652, 61.6442, -67.8283, 67.6762, -57.6049, 74.1966, -46.1929, 82.3838, -33.6184, 94.9543, -20.5146, 119.8904, -7.8886, 170.1354, 3.4132, -147.5807, 13.0584, -127.2136, 21.1718, -114.7799, 28.117, -104.7489, 34.3511, -95.025, 40.4024, -84.5734, 46.9758, -72.8996, 55.2948, -60.0743, 68.2233, -46.7998, 94.2636, -34.1247, 145.7577, -22.8752, -173.2643, -13.3302, -153.542, -5.3183]"
2024-05-23,24.4367,118.318,0.3297027109996027,FLOCK 4G 5,62663,23.2,"[47.9479, 9.9093, -28.2712, -65.6749, -73.5626, -36.7776, 1.2959, 39.4077, 76.0135, 62.7973, 25.1257, -13.0932, -50.9754, -82.6276, -51.754, -13.9174, 24.2685, 61.9472, 76.7578, 40.2707, 2.1351, -35.9797, -72.8613, -66.4206, -29.0785, 9.063, 47.0848, 81.5462, 55.2651, 17.3673, -20.8466, -58.5332, -79.6279, -44.1364, -6.1592, 32.0047, 69.3227, 69.8569, 32.5554, -5.6386, -43.6539, -79.2913, -58.9985, -21.3523, 16.8264, 54.7099, 81.8134, 47.6403, 9.597, -28.5811, -65.9693, -73.2863, -36.4699, 1.6072, 39.7167, 76.2772, 62.4966, 24.8135, -13.4055, -51.2808, -82.6374, -51.4495, -13.6061, 24.58, 62.2484, 76.4971, 39.9598, 1.8213, -36.2897, -73.1408, -66.1259, -28.7681, 9.3758, 47.3936, 81.6954, 54.9581, 17.0531, -21.1596, -58.8363, -79.407, -43.8281, -5.8459, 32.3169, 69.6154, 69.5644, 32.242, -5.9535, -43.9636, -79.515, -58.6955, -21.0396, 17.1404, 55.0175, 81.6712, 47.3291, 9.2812, -28.8945, -66.2667, -73.0058, -36.1587, 1.9221, 40.0292, 76.5418, 62.1922, 24.4978, -13.7214, -51.5894, -82.6342, -51.1414, -13.2912, 24.8949, 62.5527, 76.2313, 39.6455, 1.5041, -36.6032, -73.4223, -65.8274, -28.4542, 9.6921, 47.7058, 81.8369, 54.6475, 16.7354, -21.4761, -59.1425, -79.1792, -43.5164, -5.5292, 32.6325, 69.9106, 69.2679, 31.925, -6.2719, -44.2767, -79.7367, -58.3888, -20.7233, 17.458, 55.3285, 81.518, 47.0144, 8.9618, -29.2114]","[-9.9645, -19.4236, -27.2188, -42.3599, 177.7035, 154.7553, 146.5282, 138.0843, 110.4137, -26.2981, -39.9005, -47.6139, -57.5822, -137.8851, 135.9901, 125.8728, 118.1812, 104.9716, -30.2133, -59.7478, -68.2734, -76.4492, -98.3545, 121.1174, 105.5009, 97.6823, 88.3577, 33.4492, -77.9495, -88.891, -96.5444, -108.4296, 126.1446, 85.9251, 77.0046, 69.0565, 51.1514, -90.7223, -109.1328, -117.1127, -125.9802, -164.5131, 68.4824, 56.4434, 48.7914, 37.9951, -70.0959, -128.3759, -137.7875, -145.5931, -160.9191, 58.8942, 36.3709, 28.1655, 19.6943, -8.6062, -144.8106, -158.2721, -165.9789, -176.0061, 101.3777, 17.5643, 7.5078, -0.1898, -13.534, -149.2858, -178.1393, 173.3637, 165.1667, 142.8569, 2.5489, -12.874, -20.6816, -30.0521, -86.7654, 163.6047, 152.7421, 145.0867, 133.0996, 6.6173, -32.4748, -41.3587, -49.3223, -67.4985, 150.6198, 132.4878, 124.5238, 115.62, 75.982, -49.9898, -61.9255, -69.5754, -80.4494, 169.6243, 113.2128, 103.8482, 96.0317, 80.5134, -59.905, -82.0138, -90.1976, -98.697, -127.6612, 96.6786, 83.3561, 75.6555, 65.5675, -19.3889, -100.8613, -110.8576, -118.5616, -132.0455, 91.6616, 63.4691, 55.0002, 46.7814, 24.0476, -116.0167, -131.2491, -139.0461, -148.4639, 152.9309, 45.1594, 34.3749, 26.7172, 14.6246, -112.8736, -150.8748, -159.7225, -167.7022, 173.8387, 31.9673, 14.1082, 6.1598, -2.7816, -43.5874, -168.461, 179.7052, 172.0572, 161.1029, 49.3911, -5.1985, -14.5166, -22.3444]"
2024-05-23,24.4367,118.318,0.3297027109996027,QPS-SAR-12 KUSHINADA-I,65116,30.0,"[34.5825, 41.9356, 29.3605, 6.1291, -18.7674, -37.9363, -40.6553, -24.618, -0.3409, 24.0364, 40.4436, 38.2464, 19.3228, -5.536, -28.8811, -41.8486, -35.0051, -13.8787, 11.2815, 33.2475, 42.1189, 30.8893, 8.1064, -16.9032, -36.8723, -41.2233, -26.316, -2.3425, 22.2752, 39.7098, 39.1711, 21.1443, -3.5473, -27.2722, -41.4864, -36.2228, -15.7913, 9.3207, 31.8329, 42.1639, 32.3489, 10.0711, -15.0108, -35.7096, -41.6609, -27.961, -4.3405, 20.4729, 38.8576, 39.9816, 22.9276, -1.5535, -25.608, -40.9918, -37.3451, -17.6773, 7.3454, 30.3451, 42.0704, 33.7333, 12.0198, -13.0938, -34.4551, -41.9644, -29.5475, -6.3315, 18.634, 37.8932, 40.6717, 24.6681, 0.4425, -23.8938, -40.3691, -38.3651, -19.5327, 5.3589, 28.7903, 41.8391, 35.0358, 13.9491, -11.156, -33.1155, -42.1313, -31.0699, -8.3126, 16.7628, 36.8231, 41.2362, 26.3611, 2.4377, -22.1345, -39.6235, -39.2763, -21.3534, 3.3642, 27.1743, 41.4722, 36.2499, 15.8557, -9.2007, -31.6974, -42.16, -32.5222, -10.2804, 14.8633, 35.6542, 41.6704, 28.0014, 4.429, -20.335, -38.7608, -40.0723, -23.135, 1.3646, 25.5029, 40.9727, 37.3688, 17.7357, -7.2313, -30.2073, -42.0506, -33.898, -12.2317, 12.9393, 34.3931, 41.9705, 29.5835, 6.4134, -18.4996, -37.7871, -40.7472, -24.873, -0.6369, 23.7813, 40.345, 38.3857, 19.5853, -5.2509, -28.6513, -41.8039, -35.1909, -14.1631, 10.9944, 33.0468]","[-164.662, -119.5186, -77.7591, -48.7302, -22.4478, 12.3483, 58.9077, 97.4346, 124.8894, 152.2043, -169.6118, -122.9203, -87.7631, -61.4041, -32.589, 8.792, 54.1143, 86.3699, 112.3634, 143.4495, -172.1904, -129.3904, -99.6602, -73.5691, -39.8231, 6.3673, 46.0384, 73.9861, 100.9029, 137.9424, -175.2193, -138.9557, -112.3135, -84.105, -43.8326, 2.0948, 35.3152, 61.3892, 91.6593, 135.1236, 178.8861, -150.6118, -124.6428, -91.8948, -46.2316, -5.4357, 23.0768, 49.6665, 85.5813, 132.3924, 169.791, -163.2132, -135.5394, -96.4051, -50.0243, -15.7834, 10.4404, 39.9642, 82.4407, 127.0666, 158.4095, -175.6745, -143.8658, -98.8746, -56.9931, -27.8439, -1.5106, 33.312, 79.9226, 118.4709, 145.8913, 173.1023, -148.9123, -102.2411, -66.9317, -40.4884, -11.6398, 29.7779, 75.1486, 107.3982, 133.33, 164.2632, -151.5458, -108.6387, -78.7813, -52.6346, -18.8605, 27.3816, 67.0784, 94.995, 121.8143, 158.6574, -154.5518, -118.1356, -91.4027, -63.1573, -22.8482, 23.1306, 56.3485, 82.3651, 112.4902, 155.7714, -160.3767, -129.7409, -103.7112, -70.9334, -25.2182, 15.6077, 44.0923, 70.5908, 106.313, 153.0496, -169.401, -142.3078, -114.5935, -75.4225, -28.9873, 5.2548, 31.4252, 60.8119, 103.0945, 147.7893, 179.2717, -154.7463, -122.9059, -77.8625, -35.9465, -6.822, 19.4259, 54.0613, 100.5715, 139.2664, 166.7909, -165.9539, -127.9316, -81.2033, -45.8888, -19.4951, 9.2242, 50.4405, 95.8569, 128.2511, 154.2544, -174.7785]"
2022-08-31,23.57,119.57,0.3274647758994633,FLOCK 4Q 9,58322,5.4,"[-40.8722, -78.5587, -58.2058, -18.6967, 21.3273, 60.8627, 76.2085, 37.8338, -2.1279, -41.9822, -79.389, -57.1172, -17.5757, 22.4485, 61.9453, 75.2504, 36.7204, -3.2501, -43.0879, -80.1606, -56.0297, -16.4576, 23.5661, 63.0215, 74.2742, 35.6096, -4.3689, -44.1894, -80.8601, -54.9434, -15.3426, 24.68, 64.0909, 73.2835, 34.5015, -5.4843, -45.2866, -81.471, -53.8586, -14.2306, 25.7902, 65.153, 72.2814, 33.3961, -6.5961, -46.3795, -81.9743, -52.7754, -13.1217, 26.8966, 66.2075, 71.2704, 32.2936, -7.7045, -47.468, -82.3504, -51.6939, -12.0158, 27.9994, 67.2537, 70.2522, 31.1938, -8.8093, -48.5521, -82.5812, -50.6142, -10.9131, 29.0983, 68.291, 69.2285, 30.0968, -9.9106, -49.6318, -82.6547, -49.5365, -9.8134, 30.1935, 69.3188, 68.2006, 29.0027, -11.0083, -50.7068, -82.5676, -48.4607, -8.7169, 31.2848, 70.3359, 67.1693, 27.9115, -12.1025, -51.7773, -82.3267, -47.3871, -7.6236, 32.3724, 71.3414, 66.1357, 26.8232, -13.1931, -52.8431, -81.9472, -46.3157, -6.5334, 33.4561, 72.3338, 65.1004, 25.7379, -14.2802, -53.9042, -81.4488, -45.2465, -5.4465, 34.5359, 73.3116, 64.064, 24.6554, -15.3636, -54.9604, -80.852, -44.1796, -4.3627, 35.6119, 74.2727, 63.027, 23.576, -16.4434, -56.0116, -80.1758, -43.115, -3.2822, 36.684, 75.2147, 61.9898, 22.4996, -17.5195, -57.0577, -79.4365, -42.0529, -2.2049, 37.7521, 76.1344, 60.9528, 21.4262, -18.5921]","[-8.2727, -43.9487, -174.9016, 173.0787, 165.1759, 152.173, 14.702, -13.7474, -22.285, -31.1892, -70.523, 161.937, 150.2582, 142.3475, 128.8855, -10.3198, -36.6356, -45.0904, -54.114, -97.7139, 138.8054, 127.44, 119.5168, 105.5541, -35.051, -59.5166, -67.8956, -77.0476, -125.6121, 115.7009, 104.6242, 96.6838, 82.1737, -59.539, -82.391, -90.7008, -99.9906, -154.2919, 92.6209, 81.8104, 73.8482, 58.7385, -83.8223, -105.2593, -113.5061, -122.9438, 176.2165, 69.5632, 58.9985, 51.0098, 35.2416, -107.9322, -128.1217, -136.3116, -145.9079, 145.9641, 46.5258, 36.1885, 28.1686, 11.6749, -131.8943, -150.9787, -159.1174, -168.8838, 115.1155, 23.507, 13.38, 5.3242, -11.9707, -155.73, -173.8307, 178.0763, 168.1276, 83.9532, 0.5052, -9.4269, -17.5236, -35.7064, -179.4566, 163.3221, 155.2696, 145.1253, 52.8325, -22.4809, -32.2324, -40.375, -59.5449, 156.9113, 140.4793, 132.4622, 122.1081, 22.0986, -45.4527, -55.0366, -63.2302, -83.5018, 133.3616, 117.6406, 109.6541, 99.0749, -7.9906, -68.4113, -77.8397, -86.0895, -107.5953, 109.884, 94.8059, 86.8452, 76.0243, -37.298, -91.3576, -100.6417, -108.9532, -131.8472, 86.4699, 71.9748, 64.0353, 52.9547, -65.7945, -114.2925, -123.4428, -131.8215, -156.2838, 63.1119, 49.1471, 41.2243, 29.8646, -93.5232, -137.217, -146.2431, -154.6947, 179.0634, 39.8037, 26.3226, 18.4122, 6.7519, -120.5643, -160.1317, -169.0427, -177.5733, 154.1565, 16.5399, 3.5012, -4.4012]"
2022-08-31,23.57,119.57,0.3274647758994633,QPS-SAR-7 TSUKUYOMI-II,59447,21.4,"[45.3241, 30.6099, 5.3564, -21.2046, -41.6217, -43.6472, -25.4078, 0.7444, 26.7342, 44.1894, 40.7666, 19.6231, -7.059, -31.9583, -45.5582, -37.0224, -13.7978, 13.0854, 36.5533, 45.6248, 32.3907, 7.5679, -19.1313, -40.4503, -44.3912, -27.3514, -1.4833, 24.7712, 43.3993, 41.9081, 21.6907, -4.8464, -30.1644, -45.2124, -38.4756, -15.9466, 10.9065, 34.9718, 45.7559, 34.0982, 9.7678, -17.0259, -39.1596, -44.9801, -29.2405, -3.7083, 22.762, 42.4635, 42.9175, 23.7198, -2.6269, -28.3069, -44.7028, -39.8228, -18.0691, 8.7112, 33.3051, 45.7161, 35.7245, 11.9527, -14.8928, -37.7592, -45.4076, -31.0686, -5.9274, 20.7121, 41.391, 43.786, 25.7052, -0.4037, -26.3923, -44.0353, -41.055, -20.161, 6.5031, 31.5612, 45.5058, 37.2613, 14.119, -12.736, -36.2581, -45.6691, -32.8288, -8.1371, 18.6265, 40.1911, 44.505, 27.6414, 1.82, -24.427, -43.2168, -42.1627, -22.2177, 4.2858, 29.7479, 45.1275, 38.6999, 16.2627, -10.5597, -34.6653, -45.7616, -34.5137, -10.334, 16.5099, 38.8732, 45.0673, 29.5224, 4.0408, -22.4167, -42.2555, -43.1367, -24.2344, 2.0625, 27.8723, 44.5857, 40.031, 18.3799, -8.3673, -32.9894, -45.6842, -36.1155, -12.5146, 14.3668, 37.4469, 45.4666, 31.3416, 6.2555, -20.3666, -41.1604, -43.9683, -26.2058, -0.1632, 25.9411, 43.8863, 41.2454, 20.4661, -6.1625, -31.2382, -45.4377, -37.6257, -14.6752, 12.2012, 35.9214, 45.6986]","[-169.5162, -127.2475, -99.8696, -74.9952, -39.8465, 9.4354, 47.5769, 73.292, 99.3782, 138.6337, -172.204, -137.9889, -113.309, -85.387, -42.1791, 4.8304, 35.6887, 60.0453, 90.618, 137.4491, -178.868, -150.7106, -126.0956, -92.2783, -43.3748, -3.7635, 22.4762, 48.0619, 85.844, 135.3202, 170.8921, -164.1447, -136.9742, -95.1878, -47.2651, -15.2768, 9.1321, 38.6879, 84.3811, 129.3956, 158.4263, -177.1352, -144.5743, -96.2793, -55.1972, -28.3435, -3.1708, 33.1703, 82.7144, 119.7027, 145.0338, 171.5449, -148.1312, -99.4954, -66.2912, -41.748, -13.1152, 31.3064, 77.5364, 107.5343, 131.8785, 163.266, -149.2586, -106.7324, -79.1736, -54.3281, -19.3767, 29.9874, 68.4348, 94.2202, 120.1621, 159.0121, -151.8609, -117.3619, -92.6017, -64.7978, -21.7482, 25.5485, 56.6064, 80.938, 111.2409, 157.7102, -158.3768, -130.0205, -105.4181, -71.7903, -22.8482, 17.0802, 43.4079, 68.8692, 106.2595, 155.6408, -168.4967, -143.4359, -116.3673, -74.7568, -26.5728, 5.6357, 30.0362, 59.3464, 104.6521, 149.8619, 179.109, -156.4486, -124.0671, -75.7759, -34.3695, -7.4096, 17.6579, 53.6249, 103.0155, 140.2967, 165.7429, -167.8318, -127.6956, -78.8299, -45.3854, -20.834, 7.5769, 51.5938, 97.9771, 128.2082, 152.5727, -176.207, -128.7753, -85.9224, -58.2386, -33.4801, 1.1179, 50.2728, 89.01, 114.9281, 140.8006, 179.456, -131.2229, -96.4642, -71.6794, -44.0743, -1.4385, 45.9632, 77.2701, 101.6385, 131.7877, 178.1771]"
2020-09-19,24.4367,118.318,0.3241895998093965,SPOT 7,40053,29.7,"[-81.8915, -53.9594, -17.85, 18.6866, 54.8708, 81.6623, 50.4093, 14.1254, -22.3993, -58.375, -80.1506, -47.1677, -10.9051, 25.6276, 61.5966, 77.7855, 43.5654, 7.1692, -29.3181, -65.0088, -75.0452, -40.325, -3.951, 32.5523, 68.1724, 71.9674, 36.6818, 0.2102, -36.214, -71.4239, -68.8851, -33.4461, 3.0077, 39.4539, 74.4179, 65.5529, 29.7702, -6.7471, -43.0795, -77.2996, -62.3615, -26.54, 9.9664, 46.3234, 79.725, 58.9044, 22.8384, -13.6979, -49.9039, -81.4563, -55.6751, -19.6133, 16.9204, 53.1467, 81.9626, 52.1403, 15.8925, -20.6376, -56.6686, -81.0542, -48.8997, -12.6714, 23.8649, 59.8978, 79.0536, 45.3091, 8.9377, -27.5614, -63.3372, -76.4941, -42.0681, -5.7191, 30.7943, 66.5221, 73.5283, 38.4342, 1.9789, -34.4638, -69.8251, -70.499, -35.1973, 1.2391, 37.7027, 72.8819, 67.2128, 31.5288, -4.9793, -41.338, -75.8949, -64.0395, -28.2973, 8.1983, 44.5815, 78.5405, 60.6076, 24.6014, -11.9323, -48.1742, -80.7048, -57.3847, -21.3752, 15.1541, 51.4185, 81.8824, 53.8666, 17.6585, -18.8754, -54.9566, -81.6809, -50.6278, -14.4366, 22.1015, 58.1916, 80.1676, 47.0496, 10.7054, -25.8038, -61.6549, -77.8613, -43.8084, -7.4863, 29.0355, 64.8563, 75.0434, 40.1842, 3.7471, -32.7123, -68.202, -72.0851, -36.9462, -0.5291, 35.95, 71.306, 68.8549, 33.2855, -3.2118, -39.5944, -74.4192, -65.7053, -30.0528, 6.4304, 42.8374, 77.2223, 62.302]","[-87.965, -177.7925, 171.1241, 163.2739, 151.9345, 55.0214, -11.7366, -22.0325, -29.9119, -42.3282, -157.361, 154.6079, 144.903, 136.9537, 123.2078, -3.5919, -39.0207, -48.2251, -56.2971, -71.8725, 155.0479, 127.5586, 118.729, 110.4929, 92.5376, -43.7328, -65.8739, -74.3869, -82.8568, -104.2422, 119.4327, 100.8538, 92.5713, 83.8184, 57.6087, -76.5001, -92.4516, -100.5477, -109.682, -143.3298, 88.4658, 74.373, 66.4007, 56.8154, 11.768, -106.222, -118.8485, -126.7366, -136.9206, 160.4796, 59.5892, 48.0395, 40.1868, 29.2901, -56.0788, -134.4651, -145.1273, -152.9865, -164.8344, 88.553, 31.7988, 21.801, 13.8936, 0.8826, -120.8002, -161.8958, -171.3327, -179.3379, 166.0643, 35.7673, 4.634, -4.3819, -12.5256, -29.1563, -164.2809, 171.1596, 162.5005, 154.1538, 134.6347, -1.8835, -22.1445, -30.541, -39.1371, -62.6297, 161.6795, 144.5226, 136.3422, 127.4072, 97.8993, -33.6835, -48.6737, -56.7056, -66.0424, -104.6152, 131.3919, 118.0866, 110.1633, 100.2925, 47.4079, -62.9615, -75.039, -82.9054, -93.4097, -166.847, 102.8572, 91.7825, 83.9324, 72.5852, -23.8262, -90.971, -101.2976, -109.1746, -121.5437, 123.4672, 75.2597, 65.562, 57.6112, 43.8581, -82.5859, -118.2663, -127.4914, -135.5565, -151.0586, 75.7313, 48.2124, 39.3884, 31.1492, 13.1933, -122.8507, -145.1271, -153.6538, -162.1113, 176.6255, 40.0854, 21.5094, 13.2307, 4.473, -21.7065, -155.679, -171.7101, -179.8142, 171.0705, 137.6454, 9.1135]"
2020-08-24,24.4367,118.318,0.322413793101954,LEGION 4,60453,16.6,"[40.4272, 19.5154, -7.0545, -31.7419, -44.9876, -36.398, -13.3884, 13.249, 36.3948, 44.9645, 31.4107, 6.5293, -19.9747, -40.5978, -43.4207, -25.9609, -0.1984, 25.6779, 43.3753, 40.5527, 19.7381, -6.8193, -31.5568, -44.9614, -36.5552, -13.6151, 13.0204, 36.2337, 44.9911, 31.5993, 6.7654, -19.7548, -40.4753, -43.4982, -26.1641, -0.4326, 25.4708, 43.2935, 40.6767, 19.9601, -6.5841, -31.371, -44.9333, -36.7112, -13.8414, 12.7918, 36.0718, 45.0157, 31.7868, 7.0011, -19.5347, -40.3515, -43.5739, -26.3664, -0.6665, 25.2633, 43.2101, 40.799, 20.1816, -6.349, -31.1846, -44.9035, -36.8659, -14.0671, 12.5632, 35.9089, 45.0383, 31.9734, 7.2366, -19.3143, -40.2264, -43.6479, -26.568, -0.9002, 25.0556, 43.1252, 40.9198, 20.4024, -6.114, -30.9975, -44.8718, -37.0195, -14.2923, 12.3346, 35.7451, 45.059, 32.1589, 7.4718, -19.0937, -40.1001, -43.7202, -26.7687, -1.1336, 24.8476, 43.0386, 41.039, 20.6226, -5.879, -30.8098, -44.8383, -37.1718, -14.5171, 12.1061, 35.5805, 45.0777, 32.3434, 7.7066, -18.873, -39.9725, -43.7907, -26.9687, -1.3667, 24.6392, 42.9504, 41.1566, 20.8423, -5.6441, -30.6214, -44.803, -37.3228, -14.7413, 11.8777, 35.4151, 45.0945, 32.5268, 7.9411, -18.652, -39.8437, -43.8594, -27.1679, -1.5995, 24.4306, 42.8607, 41.2725, 21.0613, -5.4093, -30.4324, -44.766, -37.4726, -14.965, 11.6492, 35.2488, 45.1094, 32.7093]","[-171.1164, -136.4108, -111.2653, -82.9287, -39.7101, 6.8326, 37.7297, 62.4021, 93.4416, 140.4135, -176.2145, -147.9186, -122.7544, -88.0421, -39.3056, -0.5872, 25.6146, 51.8141, 90.6739, 139.8164, 174.6635, -160.1632, -131.909, -88.8301, -42.183, -11.1746, 13.4969, 44.4213, 91.2839, 134.8013, 163.183, -171.6781, -137.1019, -88.4016, -49.5324, -23.2771, 2.8676, 41.5709, 90.7481, 125.7373, 150.9393, 179.1123, -137.9492, -91.1996, -60.0792, -35.4076, -4.5971, 42.1544, 85.8161, 114.2846, 139.3991, 173.8401, -137.4983, -98.4784, -72.1685, -46.0777, -7.5303, 41.6787, 76.8106, 102.0423, 130.135, 172.9324, -140.2173, -108.9839, -84.3114, -53.6135, -6.975, 36.83, 65.3862, 90.4773, 124.7839, 173.4043, -147.425, -121.0597, -95.0216, -56.6299, -7.3918, 27.8834, 53.1456, 81.1592, 123.815, 170.7639, -157.8889, -133.2145, -102.6282, -56.1043, -12.1572, 16.4877, 41.5563, 75.7294, 124.3063, 163.6276, -169.9507, -143.9643, -105.7277, -56.4634, -21.0443, 4.2493, 32.1848, 74.6984, 121.744, 153.2059, 177.8831, -151.6409, -105.2334, -61.1455, -32.4109, -7.3638, 26.6767, 75.2075, 114.6795, 141.1586, 167.0943, -154.8239, -105.536, -69.9726, -44.6467, -16.7881, 25.5828, 72.7229, 104.3005, 128.9814, 159.3482, -154.3623, -110.1347, -81.3095, -56.283, -22.3743, 26.1082, 65.7307, 92.2681, 118.1542, 156.0818, -154.6097, -118.9014, -93.5422, -65.7596, -23.532, 23.7008, 55.3949, 80.0804, 110.3391, 156.5091, -159.125]"
2023-04-09,25.0177,121.174,0.3068587105624096,QPS-SAR-12 KUSHINADA-I,65116,22.4,"[-36.8477, -41.2463, -26.4653, -2.6218, 21.9499, 39.5442, 39.3477, 21.4862, -3.2086, -27.0081, -41.4102, -36.4619, -16.2729, 8.7245, 31.3384, 42.1469, 32.8327, 10.7033, -14.4256, -35.3355, -41.7749, -28.5526, -5.1749, 19.6261, 38.3996, 40.3368, 23.7649, -0.6404, -24.8489, -40.724, -37.8537, -18.6697, 6.1902, 29.3892, 41.9392, 34.5642, 13.2019, -11.9464, -33.6747, -42.0821, -30.5412, -7.7145, 17.2459, 37.0758, 41.1223, 25.9688, 1.9295, -22.6102, -39.8305, -39.0731, -21.0132, 3.6408, 27.3364, 41.5062, 36.1531, 15.665, -9.4354, -31.8795, -42.1635, -32.4188, -10.2342, 14.8181, 35.5869, 41.6938, 28.0873, 4.4946, -20.302, -38.7412, -40.1064, -23.2944, 1.0828, 25.192, 40.8545, 37.585, 18.0849, -6.8998, -29.9635, -42.0176, -34.1724, -12.727, 12.3507, 33.9475, 42.0433, 30.1088, 7.0485, -17.934, -37.4691, -40.941, -25.5036, -1.4775, 22.9673, 39.993, 38.8456, 20.4531, -4.3464, -27.9395, -41.6467, -35.7883, -15.1858, 9.8513, 32.1719, 42.1659, 32.0209, 9.5844, -15.5149, -36.0279, -41.566, -27.6307, -4.0336, 20.6727, 38.9334, 39.9209, 22.7608, -1.7819, -25.8197, -41.0561, -37.2522, -17.6031, 7.3269, 30.274, 42.0599, 33.8105, 12.0954, -13.053, -34.4318, -41.9727, -29.6644, -6.5792, 18.3176, 37.6884, 40.7981, 24.9983, 0.7871, -23.6157, -40.2539, -38.5501, -19.9708, 4.7844, 28.2669, 41.727, 35.4639, 14.5743, -10.556, -32.6952]","[147.7746, -166.1398, -126.5343, -98.6496, -71.8915, -35.1447, 11.6999, 48.2365, 74.9845, 103.1224, 143.1681, -170.9293, -137.6174, -111.6216, -81.6906, -38.6036, 5.4988, 36.3266, 62.3107, 94.7672, 140.1544, -178.8068, -150.1792, -123.8152, -88.5041, -41.7825, -3.7803, 23.4543, 50.9376, 89.5265, 135.9506, 170.5906, -163.1875, -134.1741, -92.411, -47.2784, -15.3276, 10.6316, 41.924, 86.3831, 128.7809, 158.2691, -175.6458, -141.7069, -95.3906, -55.9121, -28.0732, -1.1268, 35.9996, 82.6721, 118.7119, 145.2745, 173.4884, -146.1665, -100.2201, -67.0418, -40.9937, -10.7574, 32.5805, 76.2189, 106.6837, 132.6043, 165.2543, -149.0997, -108.1713, -79.6093, -53.0829, -17.3914, 29.2459, 66.7342, 93.7529, 121.2861, 160.1627, -153.3266, -118.8284, -92.5771, -63.2831, -21.2174, 23.4994, 55.0533, 80.9227, 112.3819, 157.1205, -160.569, -131.1653, -104.9433, -70.6311, -24.3113, 14.6451, 42.2366, 69.2071, 106.6046, 153.4063, -170.6995, -144.1302, -115.6615, -74.9747, -29.3827, 3.3659, 29.2973, 59.6735, 103.3041, 146.8846, 177.2474, -156.7202, -123.7105, -77.9766, -37.5675, -9.2857, 17.2392, 53.1816, 99.9885, 137.3323, 164.3357, -167.9028, -128.6581, -82.429, -48.3904, -22.2836, 7.1236, 49.4875, 94.1811, 125.6172, 151.5739, -176.6258, -131.7216, -89.915, -60.8251, -34.6301, -0.0902, 46.436, 85.2546, 112.8094, 139.9815, 177.7619, -135.6366, -100.2278, -73.8316, -45.2762, -4.293, 41.3148, 73.9323, 99.9269, 130.6222]"
2023-09-18,25.0177,121.174,0.3051440329218072,ICEYE-X47,62389,24.5,"[-29.6599, -44.6235, -37.8337, -15.3102, 11.4747, 35.2108, 45.102, 32.6546, 8.066, -18.6083, -39.8915, -43.77, -26.7369, -0.8997, 25.1881, 43.2085, 40.7636, 20.0893, -6.5078, -31.4003, -44.9538, -36.4228, -13.2246, 13.5794, 36.6998, 44.8935, 30.9602, 5.9231, -20.6226, -41.0253, -43.0481, -24.8506, 1.2589, 27.0691, 43.9027, 39.5986, 18.0635, -8.6468, -33.0732, -45.1263, -34.9206, -11.1184, 15.6634, 38.0957, 44.5268, 29.1998, 3.7715, -22.6019, -42.0375, -42.1873, -22.9184, 3.4159, 28.898, 44.4492, 38.3219, 16.0082, -10.7729, -34.6716, -45.1391, -33.335, -8.9951, 17.7229, 39.3903, 44.0059, 27.3799, 1.6145, -24.5414, -42.9198, -41.1953, -20.9455, 5.5683, 30.6687, 44.8424, 36.9422, 13.9275, -12.8828, -36.1881, -44.992, -31.6736, -6.8581, 19.7537, 40.5749, 43.3362, 25.5067, -0.5449, -26.4361, -43.6646, -40.0803, -18.9365, 7.7129, 32.3748, 45.078, 35.4678, 11.825, -14.9728, -37.6146, -44.6865, -29.9434, -4.7108, 21.7517, 41.6407, 42.5241, 23.5857, -2.7034, -28.2806, -44.2646, -38.8506, -16.8959, 9.8464, 34.0092, 45.1534, 33.907, 9.7046, -17.0394, -38.9431, -44.226, -28.1512, -2.5563, 23.7121, 42.5794, 41.577, 21.6224, -4.8579, -30.0689, -44.714, -37.5149, -14.8279, 11.9654, 35.5647, 45.0678, 32.2674, 7.5697, -19.0784, -40.1649, -43.6152, -26.3031, -0.3978, 25.63, 43.3828, 40.5032, 19.6216, -7.0053, -31.7949, -45.0081]","[-16.1997, 25.7534, 73.5992, 105.8135, 130.7015, 161.0737, -152.6374, -108.2331, -79.2965, -54.1883, -20.0716, 28.7865, 68.4901, 95.1041, 121.3289, 159.9949, -150.7182, -115.5796, -90.2937, -61.9865, -18.6839, 28.289, 59.4275, 84.2851, 115.6717, 162.9682, -153.9355, -125.7856, -100.4421, -65.0551, -15.8425, 22.4613, 48.5821, 75.3197, 115.3968, 164.2781, -161.8459, -136.7783, -107.6675, -63.0841, -17.1436, 13.0033, 37.9087, 70.394, 118.5319, 160.2576, -172.2914, -146.6325, -109.9173, -60.5733, -23.6467, 2.0639, 29.3994, 70.8842, 119.1485, 151.8333, 176.7617, -153.2364, -107.4702, -62.6943, -33.4526, -8.4209, 25.2428, 74.0323, 114.3535, 141.1921, 167.248, -154.665, -105.4168, -69.8264, -44.4444, -16.4245, 26.4388, 73.8927, 105.4648, 130.3325, 161.3125, -151.8661, -108.3578, -79.9338, -54.6969, -19.7819, 29.4506, 68.3595, 94.6711, 121.2067, 160.6915, -150.3802, -116.0704, -90.9367, -62.1448, -17.9603, 28.5125, 59.0556, 83.9408, 115.9836, 163.705, -154.1278, -126.434, -100.912, -64.6825, -15.2287, 22.2832, 48.1516, 75.2512, 116.1387, 164.5323, -162.3716, -137.4069, -107.7547, -62.3359, -16.9884, 12.6121, 37.5931, 70.7798, 119.221, 160.0026, -172.9471, -147.059, -109.4646, -60.0178, -23.868, 1.6397, 29.3889, 71.6597, 119.3192, 151.2771, 176.1514, -153.2483, -106.7121, -62.605, -33.8592, -8.7037, 25.702, 74.6624, 114.0406, 140.5329, 166.8697, -154.1371, -104.9254, -70.0866, -44.8587, -16.3728, 27.2346]"
2023-09-18,25.0177,121.174,0.3051440329218072,FLOCK 4H 8,66711,25.5,"[43.3475, 5.5493, -32.327, -69.2753, -70.269, -33.3925, 4.477, 42.2897, 78.137, 60.5727, 23.1351, -14.7975, -52.3934, -82.5707, -50.7549, -13.1232, 24.8081, 62.1899, 76.7883, 40.6297, 2.7994, -35.0542, -71.8009, -67.7125, -30.6629, 7.227, 45.0045, 80.1298, 57.9112, 20.3922, -17.5422, -55.0753, -81.8045, -48.0586, -10.3759, 27.5476, 64.8212, 74.4443, 37.9067, 0.0489, -37.7778, -74.2575, -65.1173, -27.9295, 9.9769, 47.7138, 81.6893, 55.2354, 17.6469, -20.2854, -57.7465, -80.3031, -45.3547, -7.627, 30.2848, 67.426, 71.9883, 35.1789, -2.702, -40.4975, -76.6074, -62.4938, -25.1927, 12.7264, 50.4166, 82.5386, 52.548, 14.8995, -23.027, -60.4045, -78.3469, -42.6442, -4.8767, 33.0194, 69.9942, 69.46, 32.4469, -5.4529, -43.2126, -78.7836, -59.8488, -22.4527, 15.4752, 53.1118, 82.4343, 49.851, 12.1503, -25.7666, -63.0457, -76.1263, -39.9277, -2.1253, 35.751, 72.5101, 66.8826, 29.7111, -8.2036, -45.9225, -80.6641, -57.187, -19.7099, 18.2231, 55.7979, 81.4106, 47.1457, 9.3996, -28.5038, -65.6651, -73.7487, -37.2059, 0.6268, 38.4792, 74.9478, 64.2701, 26.9719, -10.9538, -48.6265, -82.0369, -54.5117, -16.9646, 20.9697, 58.4727, 79.7386, 44.4333, 6.6477, -31.2384, -68.2551, -71.2732, -34.4793, 3.3795, 41.2034, 77.2628, 61.6319, 24.2295, -13.7032, -51.3234, -82.6129, -51.8252, -14.217, 23.7148, 61.1334, 77.6789, 41.7146, 3.8948]","[-7.9825, -16.8038, -24.746, -42.5866, 176.0999, 157.3042, 149.3057, 140.601, 106.767, -24.3868, -37.0099, -44.6625, -54.9023, -144.1911, 138.8727, 128.9597, 121.2775, 107.9735, -26.8254, -56.4589, -64.9963, -73.0927, -93.6051, 125.5166, 108.9761, 101.1113, 92.0893, 48.8853, -73.5744, -85.2568, -92.8825, -103.7468, 148.5425, 90.2029, 80.7539, 73.0015, 58.3607, -80.4187, -104.8854, -113.1872, -121.4747, -145.5934, 75.4756, 60.6748, 52.9125, 43.5105, -13.3161, -122.5756, -133.4895, -141.1144, -152.7357, 85.9075, 41.6159, 32.5544, 24.7031, 8.3652, -132.5082, -153.27, -161.3781, -169.8983, 160.9677, 25.8282, 12.3963, 4.7075, -5.1495, -80.272, -171.4299, 178.2896, 170.6395, 158.092, 27.6834, -6.9029, -15.6406, -23.6219, -42.1564, 176.4048, 158.3808, 150.4294, 141.6287, 105.3046, -23.5258, -35.863, -43.5056, -53.9091, -149.1858, 139.8331, 130.0783, 122.3764, 108.6829, -27.4315, -55.365, -63.8327, -71.9781, -93.4233, 126.008, 110.0617, 102.2336, 93.0964, 46.2558, -72.6562, -84.106, -91.7289, -102.7918, 144.7529, 91.1911, 81.8746, 74.0932, 58.9618, -80.5159, -103.7795, -112.0236, -120.3712, -145.781, 76.1017, 61.768, 54.0327, 44.4929, -17.4263, -121.6126, -132.3354, -139.9647, -151.8293, 83.5487, 42.627, 33.6766, 25.7863, 8.8193, -132.2707, -152.154, -160.215, -168.808, 160.2138, 26.5544, 13.4959, 5.825, -4.1973, -85.4171, -170.4315, 179.4463, 171.7847, 158.936, 26.3976, -5.8727, -14.5174]"
2022-08-04,28.7925,117.262,0.3047762824755655,QPS-SAR-9 SUSANOO-I,63205,25.5,"[-5.6842, -28.994, -41.8742, -34.967, -13.872, 11.2201, 33.1581, 42.1387, 31.0758, 8.3684, -16.6462, -36.7162, -41.3115, -26.6319, -2.7846, 21.8163, 39.4796, 39.452, 21.7537, -2.8602, -26.6992, -41.3317, -36.6692, -16.5717, 8.4406, 31.1264, 42.142, 33.1114, 11.1495, -13.9472, -35.0194, -41.862, -28.9294, -5.608, 19.2413, 38.1923, 40.5113, 24.2513, -0.0277, -24.2966, -40.526, -38.1748, -19.2151, 5.6348, 28.9542, 41.8679, 34.9884, 13.8946, -11.2028, -33.1451, -42.14, -31.1032, -8.414, 16.5987, 36.6894, 41.3209, 26.6554, 2.8046, -21.8006, -39.4704, -39.465, -21.7909, 2.8118, 26.6585, 41.3214, 36.688, 16.5938, -8.4228, -31.1122, -42.1407, -33.1365, -11.1936, 13.9001, 34.9902, 41.8676, 28.9514, 5.6279, -19.2249, -38.1813, -40.5215, -24.2866, -0.0197, 24.2551, 40.5121, 38.191, 19.2366, -5.6168, -28.939, -41.864, -35.0111, -13.9372, 11.156, 33.1139, 42.1419, 31.1236, 8.4336, -16.5819, -36.6769, -41.3283, -26.6887, -2.8509, 21.7587, 39.4534, 39.4782, 21.8114, -2.7938, -26.6425, -41.3151, -36.7081, -16.635, 8.3765, 31.0795, 42.1389, 33.155, 11.2127, -13.883, -34.9762, -41.872, -28.9828, -5.6733, 19.1827, 38.1616, 40.5318, 24.3059, 0.0375, -24.2385, -40.5035, -38.2083, -19.2762, 5.571, 28.905, 41.8589, 35.0275, 13.9556, -11.1388, -33.0986, -42.1433, -31.1529, -8.478, 16.5395, 36.6547, 41.3355, 26.7068, 2.8683]","[-6.7991, 22.0431, 63.4559, 108.6768, 140.8249, 166.7289, -162.3314, -118.1481, -75.3058, -45.5136, -19.461, 14.1165, 60.1868, 99.9728, 127.9412, 154.6786, -168.7047, -121.9479, -85.364, -58.6323, -30.6359, 9.2018, 55.2508, 88.781, 114.8213, 144.6331, -172.4951, -128.3374, -97.4208, -71.5081, -39.3159, 5.9359, 47.2997, 76.1097, 102.4304, 137.4766, -175.9373, -137.7366, -110.4498, -83.1548, -44.9389, 1.6252, 36.6439, 62.9595, 91.7846, 133.1825, 178.4355, -149.3886, -123.4774, -92.5469, -48.3866, -5.5472, 24.2482, 50.2926, 83.8494, 129.9252, 169.7479, -162.2669, -135.5299, -98.9311, -52.1915, -15.6031, 11.1281, 39.1104, 78.9317, 125.008, 158.5668, -175.385, -145.5815, -102.7333, -58.5804, -27.6586, -1.7515, 30.4223, 75.6746, 117.0736, 145.9014, 172.2224, -152.7486, -106.1822, -67.9767, -40.6881, -13.4043, 24.795, 71.3813, 106.4291, 132.7533, 161.571, -157.0552, -111.8093, -79.6265, -53.7183, -22.8037, 21.3533, 64.2258, 94.0398, 120.0851, 153.6256, -160.3207, -120.4935, -92.5043, -65.7756, -29.1928, 17.5639, 54.1816, 80.9221, 108.8979, 148.695, -165.2387, -131.6716, -105.6239, -75.8335, -32.9916, 11.1917, 42.1329, 68.0416, 100.2001, 145.428, -173.1695, -144.3355, -118.0201, -83.0058, -36.4271, 1.8077, 29.1062, 56.3842, 94.5596, 141.1325, 176.1898, -157.484, -128.6768, -87.3109, -42.0378, -9.8349, 16.0754, 46.9757, 91.1063, 133.9805, 163.803, -170.1547, -136.6271, -90.5653, -50.7095, -22.7096]"
2022-08-09,24.4367,118.318,0.300685871056241,FLOCK 4H 13,66716,20.5,"[58.6218, 79.5998, 44.1896, 6.3623, -31.5447, -68.5503, -70.9852, -34.166, 3.7077, 41.5559, 77.5838, 61.202, 23.7411, -14.2229, -51.8462, -82.6122, -51.302, -13.6767, 24.275, 61.7098, 77.1596, 41.0306, 3.1659, -34.714, -71.4958, -68.028, -30.9967, 6.9031, 44.7131, 79.9612, 58.1097, 20.5525, -17.4125, -54.9625, -81.8532, -48.1722, -10.4855, 27.4592, 64.7718, 74.4487, 37.8647, -0.031, -37.8781, -74.3519, -65.0165, -27.8225, 10.0981, 47.8627, 81.7766, 54.9982, 17.3611, -20.5997, -58.0641, -80.0887, -45.0323, -7.2924, 30.6402, 67.7978, 71.5854, 34.6929, -3.2277, -41.0363, -77.0599, -61.9674, -24.6438, 13.2925, 51.0033, 82.6043, 51.8716, 14.1674, -23.7842, -61.1469, -77.7451, -41.8838, -4.0976, 33.8174, 70.7715, 68.6302, 31.5159, -6.424, -44.1879, -79.5058, -58.891, -21.4611, 16.4858, 54.1331, 82.1261, 48.7328, 10.9718, -26.9654, -64.2049, -75.0924, -38.7277, -0.9016, 36.9903, 73.665, 65.6158, 28.3343, -9.6195, -47.3316, -81.4617, -55.7939, -18.2749, 19.6775, 57.2493, 80.5376, 45.5838, 7.7749, -30.1428, -67.2291, -72.2679, -35.565, 2.2951, 40.158, 76.4276, 62.561, 25.1487, -12.8136, -50.4662, -82.5329, -52.6806, -15.0857, 22.8672, 60.3482, 78.2813, 42.4264, 4.5769, -33.3159, -70.2047, -69.3412, -32.3964, 5.4922, 43.3199, 78.9613, 59.4772, 21.9596, -16.0059, -53.5898, -82.3386, -49.5542, -11.8938, 26.0545, 63.4244, 75.6685]","[154.8175, 29.4707, -10.7164, -19.6419, -27.5492, -44.7599, 174.0622, 154.5052, 146.4614, 137.8296, 105.8562, -26.9775, -39.861, -47.5274, -57.6558, -142.8475, 136.1096, 126.091, 118.4168, 105.3196, -28.6275, -59.3122, -67.893, -75.9712, -96.1156, 122.8756, 106.0905, 98.2097, 89.221, 47.0272, -76.4254, -88.1775, -95.8083, -106.6455, 146.3203, 87.2918, 77.8243, 70.072, 55.4537, -83.3548, -107.8386, -116.1417, -124.4396, -148.7251, 72.4545, 57.7128, 49.9522, 40.5235, -17.4666, -125.6156, -136.4744, -144.1048, -155.8284, 81.5131, 38.5868, 29.5662, 21.697, 5.0719, -136.0344, -156.3082, -164.3903, -172.9645, 156.6666, 22.5597, 9.3657, 1.6863, -8.2851, -88.146, -174.6109, 175.2444, 167.579, 154.7336, 22.4375, -10.0281, -18.686, -26.7145, -46.0591, 172.5667, 155.2687, 147.3585, 138.4415, 98.7741, -26.9599, -38.9563, -46.5911, -57.2346, -159.8964, 136.5445, 126.9755, 119.2389, 104.9508, -32.8934, -58.5701, -66.935, -75.1703, -98.3235, 122.0043, 106.884, 99.102, 89.7622, 35.6684, -76.2041, -87.2578, -94.8833, -106.3656, 133.7593, 87.8183, 78.7157, 70.8697, 54.688, -85.9468, -107.0527, -115.1833, -123.68, -152.3797, 72.0118, 58.5312, 50.8376, 40.9766, -33.8281, -125.2409, -135.5426, -143.194, -155.7348, 73.5577, 39.1865, 30.4624, 22.4653, 3.734, -137.5861, -155.4864, -163.4336, -172.2554, 150.6267, 22.4223, 10.2044, 2.5623, -7.9432, -105.937, -174.118, 176.1857, 168.4725, 154.5753, 17.543]"
2022-08-05,39.9289,116.388,0.2944581618653947,FLOCK 4BE 24,60505,22.5,"[0.3387, 38.7179, 75.639, 63.0272, 25.1361, -13.3142, -51.4322, -82.6618, -50.7951, -12.6636, 25.7855, 63.6517, 75.0777, 38.0723, -0.3126, -38.6374, -75.4502, -63.3936, -25.6323, 12.7986, 51.0127, 82.6688, 50.9127, 12.6967, -25.7337, -63.4908, -75.3629, -38.5368, -0.2109, 38.173, 75.1656, 63.5547, 25.6847, -12.7645, -50.8937, -82.6655, -51.3341, -13.2141, 25.2358, 63.1229, 75.5537, 38.6196, 0.2397, -38.0912, -74.9744, -63.9209, -26.1824, 12.2456, 50.4695, 82.6519, 51.456, 13.2504, -25.1824, -62.9613, -75.836, -39.0851, -0.7659, 37.6226, 74.6825, 64.0863, 26.2385, -12.2094, -50.3496, -82.6281, -51.8779, -13.7699, 24.6807, 62.5882, 76.0288, 39.1719, 0.7974, -37.5396, -74.4892, -64.4524, -26.7377, 11.6873, 49.9207, 82.5933, 52.0042, 13.8093, -24.6256, -62.4257, -76.3079, -39.6384, -1.3262, 37.0667, 74.1902, 64.6221, 26.7975, -11.6489, -49.8, -82.5491, -52.4266, -14.3309, 24.1201, 62.0474, 76.5023, 39.7294, 1.3604, -36.9825, -73.9948, -64.9879, -27.2982, 11.1236, 49.3663, 82.4926, 52.5573, 14.3736, -24.0634, -61.8842, -76.7777, -40.1969, -1.8918, 36.5053, 73.6888, 65.1619, 27.3617, -11.083, -49.2447, -82.4286, -52.9801, -14.8972, 23.5542, 61.5007, 76.9734, 40.292, 1.9287, -36.42, -73.4916, -65.5273, -27.8638, 10.5545, 48.8064, 82.3504, 53.1153, 14.9432, -23.4958, -61.3368, -77.2444, -40.7603, -2.4627, 35.9385, 73.1787, 65.7056]","[174.4711, 166.0772, 139.3142, 1.6044, -12.0955, -19.8187, -29.8769, -115.6439, 163.4473, 153.5116, 145.774, 131.7639, -6.8323, -32.432, -40.7738, -49.1541, -75.4846, 146.5962, 132.7346, 125.003, 115.0143, 31.2435, -51.7627, -61.7323, -69.4661, -83.3764, 138.5657, 112.4173, 104.0452, 95.6955, 69.9209, -68.5447, -82.5055, -90.2407, -100.195, 178.1463, 93.1286, 83.0896, 75.3643, 61.6181, -76.2346, -102.8135, -111.1994, -119.5358, -144.9048, 76.4564, 62.3256, 54.5811, 44.6944, -34.9306, -122.079, -132.1538, -139.8756, -153.5258, 69.2067, 42.0375, 33.62, 25.3132, 0.4702, -138.6772, -152.9137, -160.6624, -170.5155, 111.9585, 22.8158, 12.6686, 4.9548, -8.537, -145.5527, -173.1922, 178.3758, 170.0819, 145.6197, 6.334, -8.0817, -15.8405, -25.6278, -101.1073, 167.6107, 157.4257, 149.7151, 136.3157, -0.0637, -28.3393, -36.8044, -45.0697, -69.0339, 151.2082, 136.6797, 128.9164, 119.1616, 45.7445, -47.4907, -57.7512, -65.4547, -78.7011, 145.2223, 116.4322, 107.9517, 99.699, 76.0923, -63.77, -78.4872, -86.2616, -95.9523, -167.3348, 97.307, 87.0063, 79.3057, 66.1484, -69.2361, -98.7131, -107.2282, -115.4532, -138.5882, 81.1127, 66.2748, 58.4956, 48.8365, -20.5423, -117.7905, -128.17, -135.8641, -148.8738, 76.1006, 46.0597, 37.5282, 29.3155, 6.5166, -133.854, -148.891, -156.6822, -166.2791, 126.3418, 27.01, 16.5881, 8.8965, -4.0274, -138.2998, -169.0836, -177.6513, 174.1627, 151.8109, 11.0379]"
2021-06-03,39.9289,116.388,0.2941152263372742,FLOCK 4H 9,66712,7.1,"[-30.4993, -67.4123, -72.2282, -35.6632, 2.052, 39.7665, 75.9569, 63.2672, 26.0645, -11.7151, -49.2219, -82.1948, -54.2146, -16.7978, 21.0083, 58.3909, 79.8825, 44.7704, 7.1333, -30.6045, -67.5119, -72.1323, -35.5579, 2.1582, 39.8715, 76.0465, 63.1658, 25.959, -11.821, -49.326, -82.2284, -54.1109, -16.6916, 21.1144, 58.4939, 79.81, 44.6658, 7.0271, -30.71, -67.6118, -72.0358, -35.4523, 2.2647, 39.9768, 76.1361, 63.064, 25.8531, -11.9273, -49.4305, -82.2609, -54.0068, -16.585, 21.2208, 58.5971, 79.7368, 44.5608, 6.9206, -30.816, -67.7119, -71.939, -35.3462, 2.3717, 40.0825, 76.2258, 62.9619, 25.7469, -12.0339, -49.5353, -82.2921, -53.9023, -16.4781, 21.3276, 58.7008, 79.6627, 44.4554, 6.8138, -30.9223, -67.8124, -71.8417, -35.2399, 2.479, 40.1886, 76.3156, 62.8593, 25.6402, -12.141, -49.6405, -82.3221, -53.7974, -16.3708, 21.4347, 58.8047, 79.5878, 44.3497, 6.7065, -31.0289, -67.9132, -71.7439, -35.1331, 2.5866, 40.295, 76.4054, 62.7564, 25.5333, -12.2483, -49.746, -82.3508, -53.6922, -16.2632, 21.5423, 58.909, 79.5121, 44.2436, 6.5989, -31.1359, -68.0142, -71.6458, -35.026, 2.6947, 40.4017, 76.4953, 62.653, 25.4259, -12.3561, -49.8519, -82.3782, -53.5866, -16.1551, 21.6501, 59.0136, 79.4356, 44.1371, 6.4909, -31.2433, -68.1155, -71.5471, -34.9185, 2.8031, 40.5088, 76.5853, 62.5493, 25.3182, -12.4642, -49.9581]","[-1.3154, -17.6018, -158.1328, -179.1574, 172.7245, 164.2836, 136.7597, 0.3429, -13.447, -21.1373, -30.7545, -95.5681, 163.2031, 152.5728, 144.9619, 133.1436, 9.3333, -32.3552, -41.328, -49.1697, -65.5301, 153.8863, 132.986, 124.8749, 116.4246, 88.6918, -47.5598, -61.2998, -68.9875, -78.6224, -144.1439, 115.3275, 104.722, 97.1103, 85.258, -38.9398, -80.2181, -89.1777, -97.024, -113.4594, 105.9064, 85.1295, 77.0253, 68.5654, 40.6202, -95.4623, -109.1526, -116.8377, -126.4905, 167.2713, 67.4519, 56.8711, 49.2586, 37.3719, -87.2083, -128.0809, -137.0276, -144.8785, -161.3899, 57.9275, 37.2729, 29.1756, 20.7061, -7.4553, -143.3646, -157.0054, -164.6879, -174.3589, 118.6778, 19.5763, 9.0202, 1.4069, -10.5147, -135.4722, -175.9438, 175.1226, 167.267, 150.6785, 9.9496, -10.5837, -18.6741, -27.1534, -55.5346, 168.7333, 155.1417, 147.4618, 137.7725, 70.0757, -28.2992, -38.8307, -46.445, -58.4017, 176.2686, 136.1933, 127.2727, 119.4123, 102.7457, -38.0273, -58.4403, -66.5239, -75.013, -103.618, 120.8315, 107.2888, 99.6114, 89.9036, 21.465, -76.1746, -86.6817, -94.2969, -106.2893, 128.0139, 88.3305, 79.4227, 71.5575, 54.8117, -86.0033, -106.2969, -114.3738, -122.8727, -151.7054, 72.9299, 59.4359, 51.7609, 42.0345, -27.154, -124.0499, -134.5327, -142.1489, -154.1773, 79.7637, 40.4676, 31.5727, 23.7027, 6.8766, -133.9783, -154.1536, -162.2237, -170.7327, 160.203, 25.0286, 11.583, 3.9104, -5.8349]"
2020-08-27,25.0478,121.532,0.2866074071070824,GLOBAL-17,49949,26.4,"[2.644, 33.5721, 39.9572, 14.1595, -19.6661, -41.5316, -30.2014, 1.7194, 32.9293, 40.2999, 15.0546, -18.8126, -41.3243, -30.8982, 0.7883, 32.2651, 40.6175, 15.9503, -17.946, -41.0877, -31.5847, -0.1488, 31.58, 40.909, 16.8462, -17.0666, -40.8216, -32.26, -1.0916, 30.8744, 41.1733, 17.7417, -16.1748, -40.5259, -32.9229, -2.0398, 30.1485, 41.4092, 18.6362, -15.2707, -40.2005, -33.5727, -2.9932, 29.4029, 41.6157, 19.5291, -14.3546, -39.8456, -34.2084, -3.9512, 28.6378, 41.7919, 20.4199, -13.4269, -39.4612, -34.8288, -4.9136, 27.8538, 41.9367, 21.3078, -12.4878, -39.0474, -35.4327, -5.88, 27.0512, 42.0493, 22.1921, -11.5376, -38.6043, -36.0192, -6.8499, 26.2303, 42.1286, 23.0721, -10.5767, -38.1323, -36.5872, -7.823, 25.3917, 42.1741, 23.9471, -9.6052, -37.6314, -37.1352, -8.7989, 24.5358, 42.1848, 24.8162, -8.6237, -37.1022, -37.6622, -9.7771, 23.663, 42.1601, 25.6785, -7.6323, -36.5448, -38.1668, -10.757, 22.7737, 42.0995, 26.5331, -6.6315, -35.9596, -38.6478, -11.7383, 21.8684, 42.0025, 27.3792, -5.6216, -35.347, -39.1039, -12.7204, 20.9474, 41.8686, 28.2157, -4.6029, -34.7075, -39.5338, -13.7028, 20.0113, 41.6975, 29.0414, -3.5759, -34.0415, -39.9361, -14.6849, 19.0605, 41.489, 29.8554, -2.5409, -33.3493, -40.3096, -15.6662, 18.0953, 41.243, 30.6565, -1.4983, -32.6316, -40.653, -16.6459, 17.1163, 40.9594, 31.4435]","[-162.1535, -120.5528, -57.7834, -8.9198, 27.9089, 79.9107, 139.5996, 178.8991, -139.9468, -77.4704, -27.9458, 8.8392, 60.1919, 120.3084, 159.9462, -159.3288, -97.1864, -46.9886, -10.2268, 40.4731, 100.9885, 140.9873, -178.6986, -116.9307, -66.049, -29.2896, 20.756, 81.6394, 122.022, 161.944, -136.7019, -85.1279, -48.3495, 1.0422, 62.2603, 103.0497, 142.5989, -156.4992, -104.226, -67.4071, -18.6672, 42.8503, 84.0698, 123.2658, -176.3214, -123.3444, -86.4626, -38.3707, 23.4087, 65.0816, 103.9447, 163.833, -142.4839, -105.5165, -58.0668, 3.9349, 46.0845, 84.6357, 143.9658, -161.6454, -124.5694, -77.7543, -15.5714, 27.0781, 65.3383, 124.0786, 179.1702, -143.6216, -97.4322, -35.111, 8.0614, 46.0522, 104.1733, 159.9616, -162.6738, -117.0993, -54.6844, -10.9662, 26.7773, 84.2517, 140.728, 178.2736, -136.7547, -74.2918, -30.0053, 7.5132, 64.3163, 121.4683, 159.2201, -156.3974, -93.9333, -49.0568, -11.7405, 44.3693, 102.1815, 140.165, -176.0267, -113.6092, -68.1214, -30.9843, 24.4128, 82.8665, 121.1077, 164.3579, -133.3195, -87.1999, -50.2186, 4.449, 63.522, 102.0477, 144.7572, -153.064, -106.2933, -69.4437, -15.5193, 44.147, 82.9844, 125.1717, -172.8423, -125.4023, -88.6603, -35.4898, 24.7406, 63.917, 105.6016, 167.3462, -144.5279, -107.8689, -55.4603, 5.3015, 44.8449, 86.0471, 147.5018, -163.6709, -127.07, -75.4285, -14.1715, 25.7674, 66.5085, 127.6256, 177.1674, -146.2643, -95.3918, -33.6794]"
2020-08-27,25.0478,121.532,0.2866074071070824,SKYSAT C7,42991,26.0,"[-82.5898, -51.4959, -13.7183, 24.4057, 62.0075, 76.735, 40.3615, 2.3325, -35.6821, -72.4974, -66.836, -29.5888, 8.4878, 46.4516, 81.1379, 56.0333, 18.2596, -19.8518, -57.4704, -80.3707, -45.3425, -7.4474, 30.6596, 67.9823, 71.2209, 34.1354, -3.9438, -41.8829, -77.845, -60.8623, -23.347, 14.7638, 52.6215, 82.4613, 49.8891, 11.9883, -26.1003, -63.5045, -75.5811, -39.1555, -1.1713, 36.8978, 73.736, 65.3478, 27.8913, -10.2162, -48.055, -81.8402, -54.7912, -17.0914, 21.0335, 58.7421, 79.359, 43.7043, 5.7128, -32.333, -69.4111, -69.9851, -32.9432, 5.1071, 43.1149, 78.9284, 59.3177, 21.6339, -16.4813, -54.1883, -82.0786, -48.6615, -10.8254, 27.2936, 64.7829, 74.2591, 37.491, -0.5636, -38.5459, -75.0486, -64.0961, -26.7109, 11.3843, 49.3037, 82.3309, 53.2044, 15.367, -22.736, -60.2651, -78.328, -42.4919, -4.5523, 33.5402, 70.6763, 68.5385, 31.2567, -6.8378, -44.7337, -79.9652, -58.0712, -20.4629, 17.6572, 55.4528, 81.4475, 47.0403, 9.0941, -28.9769, -66.2496, -73.0552, -36.2931, 1.7246, 39.7687, 76.2406, 62.5798, 25.0067, -13.1064, -50.8888, -82.5697, -51.9705, -14.2027, 23.9223, 61.5411, 77.1325, 40.8419, 2.8185, -35.2003, -72.0589, -67.2931, -30.0716, 8.0022, 45.9732, 80.864, 56.5064, 18.7452, -19.3664, -56.9982, -80.6718, -45.8213, -7.9337, 30.176, 67.5256, 71.6649, 34.6189, -3.4565, -41.4017, -77.458, -61.3309, -23.8322]","[-54.2194, -137.8607, -147.9677, -155.6876, -168.9845, 56.1412, 26.4884, 17.9283, 9.7485, -11.7669, -152.2323, -168.2108, -176.0755, 174.6555, 123.4792, 8.6145, -2.5747, -10.2429, -21.8349, -142.5429, 172.4585, 163.3519, 155.4386, 138.5828, -2.6878, -22.6345, -30.7241, -39.425, -72.3893, 155.728, 142.9371, 135.2374, 124.8825, 31.4971, -41.4706, -51.2867, -59.0397, -73.0277, 149.9644, 123.1393, 114.695, 106.422, 83.0342, -56.5486, -71.5809, -79.3885, -88.884, -148.1774, 105.022, 94.1756, 86.4998, 74.4771, -51.8656, -91.0464, -99.9588, -107.9438, -125.9949, 92.6606, 74.0594, 66.0416, 57.1961, 20.0191, -108.1842, -120.4064, -128.0858, -138.7823, 118.2605, 55.0679, 45.4738, 37.6834, 22.9824, -116.0263, -140.2965, -148.6127, -157.0046, 177.2806, 39.4402, 25.1421, 17.3719, 7.6572, -61.1352, -158.6676, -169.1499, -176.8399, 170.6058, 40.2662, 5.5735, -3.1931, -11.2496, -30.5914, -172.0216, 170.6705, 162.7319, 153.7047, 111.2868, -11.8811, -23.6636, -31.3353, -42.3685, -154.1413, 151.5124, 142.1595, 134.319, 118.7401, -21.3182, -43.6233, -51.8459, -60.3527, -88.7365, 135.3432, 121.7857, 114.0551, 104.0677, 25.0242, -62.1909, -72.3941, -80.1052, -93.1982, 132.8695, 102.1041, 93.4983, 85.35, 64.4138, -76.3142, -92.6205, -100.5043, -109.7067, -158.4594, 84.3247, 73.0023, 65.3351, 53.8859, -64.7318, -111.9066, -121.077, -128.9698, -145.4734, 73.4375, 52.9649, 44.8463, 36.1945, 4.486, -128.4969, -141.4809]"
2022-08-03,39.9289,116.388,0.2826589707848083,LINGQIAO VIDEO A,40959,23.7,"[-33.5427, 3.3093, 40.1356, 75.4905, 64.2794, 27.8139, -9.3342, -46.2527, -80.1996, -58.4433, -22.006, 14.9067, 51.5727, 82.3406, 53.0056, 16.1683, -20.9905, -57.638, -80.6668, -47.1179, -10.4288, 26.4827, 62.842, 76.7655, 41.5306, 4.4942, -32.6017, -68.7296, -71.4292, -35.6642, 1.1688, 38.0152, 73.6351, 66.3155, 29.9532, -7.1853, -44.1394, -78.7387, -60.5078, -24.1378, 12.768, 49.472, 81.8453, 55.1024, 18.3153, -18.8473, -55.556, -81.711, -49.2185, -12.5667, 24.3496, 60.7841, 78.4466, 43.6535, 6.6445, -30.4686, -66.7255, -73.3474, -37.7831, -0.9715, 35.8922, 71.7182, 68.3308, 32.0906, -5.0359, -42.0223, -77.0903, -62.5613, -26.268, 10.6287, 47.3667, 80.865, 57.192, 20.4613, -16.7028, -53.4664, -82.2954, -51.3143, -14.7037, 22.2151, 58.7149, 79.9529, 45.7727, 8.7945, -28.3333, -64.6995, -75.2076, -39.8993, -3.1117, 33.7668, 69.7573, 70.3191, 34.2259, -2.8859, -39.9017, -75.3171, -64.6012, -28.3964, 8.489, 45.2571, 79.5351, 59.2732, 22.6061, -14.5571, -51.3704, -82.3143, -53.4046, -16.8398, 20.0794, 56.6364, 81.1944, 47.888, 10.9441, -26.196, -62.6563, -76.9851, -42.0125, -5.2516, 31.6394, 67.7637, 72.2716, 36.3588, -0.7357, -37.7779, -73.4591, -66.6243, -30.523, 6.3489, 43.1439, 77.9711, 61.3443, 24.7495, -12.4103, -49.2687, -81.7639, -55.4887, -18.9746, 17.9427, 54.5501, 82.0466, 49.9987, 13.0931, -24.0568, -60.5991]","[132.9219, 124.8718, 116.32, 89.1478, -46.1117, -60.7083, -68.5337, -77.8264, -123.0769, 117.7566, 105.7553, 98.0966, 87.9109, 10.885, -77.1859, -87.71, -95.3934, -107.1579, 137.0137, 88.2798, 78.8893, 71.1384, 57.3243, -75.4005, -105.7871, -114.5079, -122.5371, -140.2485, 80.8053, 60.3286, 52.1445, 43.7795, 20.1593, -117.4926, -133.348, -141.2542, -150.2657, 172.4579, 45.8431, 33.0787, 25.3861, 15.6018, -46.9352, -149.371, -160.409, -168.0828, -179.2326, 76.1934, 15.9049, 6.1732, -1.5252, -14.4137, -142.2059, -178.273, 172.7684, 164.843, 148.7167, 10.8943, -12.242, -20.5833, -28.7875, -49.6402, 171.4123, 154.0285, 146.0225, 137.2555, 105.9481, -25.9215, -39.5866, -47.3294, -56.7651, -107.239, 138.535, 126.8999, 119.2198, 108.5984, 17.9827, -56.4135, -66.5381, -74.2003, -86.3059, 152.9376, 109.2795, 100.0472, 92.2063, 77.3834, -58.2487, -84.7866, -93.3108, -101.3777, -120.0365, 100.6866, 81.4236, 73.2974, 64.7424, 37.942, -97.5018, -112.239, -120.0491, -129.1815, -170.3589, 66.5508, 54.2179, 46.5154, 36.3504, -39.0434, -128.6657, -139.2434, -146.8856, -158.3239, 90.6205, 36.8765, 27.3294, 19.555, 5.8157, -126.3355, -157.3015, -166.0371, -173.9884, 169.1195, 30.4468, 8.8399, 0.5712, -7.8005, -31.143, -168.8512, 175.1232, 167.2279, 158.3594, 124.1488, -5.3001, -18.4538, -26.1949, -35.9645, -97.1184, 159.1603, 148.0582, 140.4204, 129.5541, 31.1391, -35.4748, -45.3841, -53.1093, -65.9387]"
2023-04-09,25.0478,121.532,0.2737311385459028,QPS-SAR-12 KUSHINADA-I,65116,29.5,"[-36.8477, -41.2463, -26.4653, -2.6218, 21.9499, 39.5442, 39.3477, 21.4862, -3.2086, -27.0081, -41.4102, -36.4619, -16.2729, 8.7245, 31.3384, 42.1469, 32.8327, 10.7033, -14.4256, -35.3355, -41.7749, -28.5526, -5.1749, 19.6261, 38.3996, 40.3368, 23.7649, -0.6404, -24.8489, -40.724, -37.8537, -18.6697, 6.1902, 29.3892, 41.9392, 34.5642, 13.2019, -11.9464, -33.6747, -42.0821, -30.5412, -7.7145, 17.2459, 37.0758, 41.1223, 25.9688, 1.9295, -22.6102, -39.8305, -39.0731, -21.0132, 3.6408, 27.3364, 41.5062, 36.1531, 15.665, -9.4354, -31.8795, -42.1635, -32.4188, -10.2342, 14.8181, 35.5869, 41.6938, 28.0873, 4.4946, -20.302, -38.7412, -40.1064, -23.2944, 1.0828, 25.192, 40.8545, 37.585, 18.0849, -6.8998, -29.9635, -42.0176, -34.1724, -12.727, 12.3507, 33.9475, 42.0433, 30.1088, 7.0485, -17.934, -37.4691, -40.941, -25.5036, -1.4775, 22.9673, 39.993, 38.8456, 20.4531, -4.3464, -27.9395, -41.6467, -35.7883, -15.1858, 9.8513, 32.1719, 42.1659, 32.0209, 9.5844, -15.5149, -36.0279, -41.566, -27.6307, -4.0336, 20.6727, 38.9334, 39.9209, 22.7608, -1.7819, -25.8197, -41.0561, -37.2522, -17.6031, 7.3269, 30.274, 42.0599, 33.8105, 12.0954, -13.053, -34.4318, -41.9727, -29.6644, -6.5792, 18.3176, 37.6884, 40.7981, 24.9983, 0.7871, -23.6157, -40.2539, -38.5501, -19.9708, 4.7844, 28.2669, 41.727, 35.4639, 14.5743, -10.556, -32.6952]","[147.7746, -166.1398, -126.5343, -98.6496, -71.8915, -35.1447, 11.6999, 48.2365, 74.9845, 103.1224, 143.1681, -170.9293, -137.6174, -111.6216, -81.6906, -38.6036, 5.4988, 36.3266, 62.3107, 94.7672, 140.1544, -178.8068, -150.1792, -123.8152, -88.5041, -41.7825, -3.7803, 23.4543, 50.9376, 89.5265, 135.9506, 170.5906, -163.1875, -134.1741, -92.411, -47.2784, -15.3276, 10.6316, 41.924, 86.3831, 128.7809, 158.2691, -175.6458, -141.7069, -95.3906, -55.9121, -28.0732, -1.1268, 35.9996, 82.6721, 118.7119, 145.2745, 173.4884, -146.1665, -100.2201, -67.0418, -40.9937, -10.7574, 32.5805, 76.2189, 106.6837, 132.6043, 165.2543, -149.0997, -108.1713, -79.6093, -53.0829, -17.3914, 29.2459, 66.7342, 93.7529, 121.2861, 160.1627, -153.3266, -118.8284, -92.5771, -63.2831, -21.2174, 23.4994, 55.0533, 80.9227, 112.3819, 157.1205, -160.569, -131.1653, -104.9433, -70.6311, -24.3113, 14.6451, 42.2366, 69.2071, 106.6046, 153.4063, -170.6995, -144.1302, -115.6615, -74.9747, -29.3827, 3.3659, 29.2973, 59.6735, 103.3041, 146.8846, 177.2474, -156.7202, -123.7105, -77.9766, -37.5675, -9.2857, 17.2392, 53.1816, 99.9885, 137.3323, 164.3357, -167.9028, -128.6581, -82.429, -48.3904, -22.2836, 7.1236, 49.4875, 94.1811, 125.6172, 151.5739, -176.6258, -131.7216, -89.915, -60.8251, -34.6301, -0.0902, 46.436, 85.2546, 112.8094, 139.9815, 177.7619, -135.6366, -100.2278, -73.8316, -45.2762, -4.293, 41.3148, 73.9323, 99.9269, 130.6222]"
2022-10-05,25.0478,121.532,0.2567822308317019,FLOCK 4G 36,62675,30.0,"[-31.8183, -68.8126, -70.7457, -33.8934, 4.0121, 41.9078, 77.927, 60.7457, 23.217, -14.776, -52.3963, -82.5923, -50.7617, -13.105, 24.8876, 62.3608, 76.5655, 40.2493, 2.3373, -35.551, -72.2672, -67.2489, -30.1574, 7.7803, 45.6315, 80.6184, 57.0909, 19.4562, -18.5339, -56.0629, -81.3415, -47.0707, -9.3421, 28.643, 65.9637, 73.2975, 36.5125, -1.4309, -39.2762, -75.5803, -63.6836, -26.4143, 11.5483, 49.3445, 82.3552, 53.4116, 15.692, -22.2881, -59.7072, -78.9134, -43.3663, -5.5763, 32.394, 69.5089, 69.8574, 32.7681, -5.1986, -42.9927, -78.6291, -60.073, -22.665, 15.3155, 53.044, 82.4474, 49.7136, 11.9251, -26.0379, -63.3216, -75.9026, -39.6503, -1.8082, 36.1396, 72.9616, 66.3191, 29.0173, -8.9651, -46.6989, -81.1379, -56.4305, -18.9102, 19.081, 56.7264, 80.8445, 46.001, 8.1563, -29.7826, -66.8932, -72.6078, -35.9246, 1.9615, 39.8787, 76.2531, 62.7196, 25.2609, -12.7297, -50.3928, -82.5412, -52.7641, -15.1507, 22.8442, 60.3859, 78.2185, 42.2765, 4.3862, -33.5213, -70.4003, -69.1621, -32.1902, 5.7321, 43.6099, 79.2354, 59.0793, 21.4999, -16.4916, -54.0715, -82.2161, -49.0792, -11.3871, 26.6042, 64.0138, 75.0997, 38.5421, 0.6156, -37.2531, -73.8025, -65.6278, -28.4483, 9.5029, 47.3315, 81.5746, 55.4101, 17.7351, -20.2503, -57.731, -80.3348, -45.3792, -7.6202, 30.3603, 67.5957, 71.7379, 34.7993, -3.1548, -40.9768, -77.0184]","[-12.6048, -29.9933, -171.3359, 169.4188, 161.4031, 152.7466, 119.7305, -12.2958, -24.9715, -32.6185, -42.8395, -132.1574, 150.8829, 140.9871, 133.3101, 119.946, -15.5493, -44.5283, -53.0223, -61.1393, -82.1885, 137.0653, 120.9098, 113.0761, 103.9808, 57.616, -61.9505, -73.3674, -80.983, -92.0869, 154.4984, 101.9296, 92.6466, 84.865, 69.5557, -70.6225, -93.1537, -101.3442, -109.7415, -136.3563, 86.4295, 72.4494, 64.74, 55.0831, -13.0361, -111.2784, -121.738, -129.3709, -141.6294, 89.8757, 53.1205, 44.3166, 36.3748, 18.3347, -123.3364, -141.7067, -149.6676, -158.4292, 166.0, 36.4219, 24.0278, 16.3902, 6.0128, -89.6205, -160.3688, -170.0894, -177.789, 168.4136, 31.7533, 4.4229, -4.0072, -12.1719, -34.2082, -174.6624, 169.798, 162.0032, 152.7741, 102.1831, -13.1565, -24.363, -31.9784, -43.2885, -161.1716, 150.7182, 141.5733, 133.7547, 117.8524, -22.6822, -44.1873, -52.3293, -60.7897, -88.986, 134.8788, 121.3486, 113.6638, 103.8366, 29.6293, -62.4302, -72.7298, -80.3717, -92.9066, 135.9839, 101.9403, 93.2453, 85.2507, 66.3692, -75.034, -92.7284, -100.6536, -109.4973, -147.7507, 84.9919, 72.9358, 65.3094, 54.714, -46.6105, -111.4809, -121.0783, -128.7967, -142.9735, 78.924, 53.2673, 44.9222, 36.6867, 13.4004, -126.1415, -141.2143, -148.9846, -158.3198, 146.5063, 35.4991, 24.5519, 16.9346, 5.3426, -116.031, -160.3643, -169.4138, -177.2616, 166.2985, 25.0906, 4.6766, -3.4002, -11.9526, -42.1112]"
2016-08-01,25.0478,121.532,0.2562414266117584,LEGION 3,60452,16.9,"[-40.8738, -43.208, -25.3759, 0.4828, 26.2416, 43.5645, 40.2874, 19.3223, -7.2509, -31.9279, -45.0178, -36.1411, -12.9869, 13.6384, 36.626, 44.9306, 31.2546, 6.368, -20.1406, -40.719, -43.3138, -25.6403, 0.1819, 25.9789, 43.4655, 40.4488, 19.6071, -6.9487, -31.6896, -44.9867, -36.3465, -13.2794, 13.3462, 36.4226, 44.9668, 31.4957, 6.6706, -19.8575, -40.562, -43.4167, -25.9037, -0.1189, 25.7155, 43.3637, 40.6078, 19.891, -6.6464, -31.45, -44.9525, -36.55, -13.5713, 13.0538, 36.2177, 44.9999, 31.7353, 6.9729, -19.5737, -40.4026, -43.5168, -26.1661, -0.4196, 25.4512, 43.2592, 40.7643, 20.1742, -6.3441, -31.2092, -44.9151, -36.7517, -13.8627, 12.7611, 36.011, 45.0298, 31.9734, 7.2748, -19.2895, -40.2411, -43.6141, -26.4274, -0.7201, 25.1862, 43.152, 40.9184, 20.4566, -6.0417, -30.9672, -44.8747, -36.9516, -14.1536, 12.4682, 35.8027, 45.0565, 32.21, 7.5764, -19.0047, -40.0772, -43.7085, -26.6876, -1.0205, 24.9204, 43.0421, 41.0701, 20.7381, -5.7393, -30.7239, -44.8312, -37.1495, -14.444, 12.175, 35.5929, 45.0801, 32.445, 7.8776, -18.7194, -39.9112, -43.8001, -26.9468, -1.3207, 24.6538, 42.9295, 41.2192, 21.0188, -5.4368, -30.4795, -44.7846, -37.3455, -14.7338, 11.8817, 35.3814, 45.1006, 32.6786, 8.1785, -18.4336, -39.743, -43.8887, -27.2049, -1.6207, 24.3865, 42.8143, 41.3658, 21.2986, -5.1343, -30.2339, -44.735]","[177.8488, -133.2041, -94.8136, -68.7481, -42.4313, -3.2831, 45.6266, 80.1196, 105.2362, 133.7006, 177.1997, -136.2946, -105.5367, -80.8743, -49.7272, -2.7611, 40.3511, 68.5458, 93.7489, 128.6669, 177.5744, -143.8388, -117.7058, -91.4608, -52.5104, -3.5496, 31.1208, 56.2702, 84.6253, 127.9432, 174.5881, -154.5105, -129.8492, -98.8486, -52.0177, -8.721, 19.5805, 44.7483, 79.4876, 128.3512, 167.1344, -166.6634, -140.4884, -101.7356, -52.7281, -17.879, 7.3047, 35.5522, 78.6875, 125.4686, 156.5151, -178.8232, -147.9673, -101.2747, -57.795, -29.3851, -4.2509, 30.311, 79.1263, 118.1062, 144.3791, 170.4858, -150.9586, -101.9087, -66.8798, -41.6603, -13.5186, 29.4327, 76.3467, 107.5401, 132.2037, 162.9165, -150.5321, -106.8709, -78.3509, -53.2489, -18.8631, 29.8997, 69.0765, 95.4217, 121.4618, 159.8207, -151.0914, -115.8817, -90.6248, -62.5873, -19.8211, 27.2227, 58.5644, 83.2315, 113.8031, 160.2103, -155.9487, -127.317, -102.2455, -68.0345, -19.3285, 20.0452, 46.4644, 72.4395, 110.6024, 159.7238, -164.8846, -139.5888, -111.6537, -69.0738, -21.9037, 9.5881, 34.2601, 64.6922, 110.9525, 154.9715, -176.2833, -151.2409, -117.2033, -68.5583, -28.9876, -2.4928, 23.419, 61.3863, 110.5368, 146.1113, 171.4476, -160.7179, -118.3254, -71.0323, -39.389, -14.7104, 15.5839, 61.6946, 105.8898, 134.75, 159.765, -166.3695, -117.7896, -78.022, -51.4499, -25.5999, 12.1726, 61.3478, 97.1062, 122.4844, 150.22, -167.5759]"
2023-09-03,25.0478,121.532,0.2541675091157762,PLEIADES 1B,39019,7.1,"[-81.7034, -54.2866, -18.2125, 18.2971, 54.4477, 81.6439, 50.8497, 14.6235, -21.8684, -57.827, -80.3438, -47.6828, -11.4546, 25.0509, 60.9919, 78.1615, 44.1998, 7.8573, -28.6019, -64.2894, -75.5761, -41.0283, -4.6879, 31.7889, 67.3987, 72.6337, 37.5099, 1.0875, -35.3143, -70.5564, -69.6675, -34.3378, 2.0834, 38.5051, 73.5165, 66.456, 30.7916, -5.6815, -41.9987, -76.368, -63.3618, -27.6203, 8.8548, 45.1913, 78.8704, 60.0234, 24.0525, -12.4453, -48.6457, -80.8284, -56.8796, -20.8824, 15.6221, 51.8351, 81.8063, 53.4659, 17.2986, -19.1998, -55.2392, -81.4686, -50.3023, -14.1292, 22.3806, 58.4148, 79.9283, 46.8365, 10.5349, -25.9402, -61.7494, -77.6785, -43.6656, -7.3654, 29.1255, 64.8867, 74.9396, 40.1606, 3.766, -32.6617, -68.111, -72.0741, -36.9879, -0.5954, 35.8512, 71.1485, 68.9429, 33.4524, -3.0039, -39.3583, -74.1559, -65.8844, -30.2802, 6.1765, 42.5505, 76.9059, 62.5878, 26.7207, -9.7704, -46.0216, -79.3444, -59.458, -23.5497, 12.946, 49.2131, 81.129, 56.0708, 19.972, -16.5292, -52.6389, -81.8473, -52.9123, -16.8019, 19.7085, 55.8217, 81.2259, 49.4658, 13.2115, -23.2758, -59.1872, -79.5237, -46.2962, -10.0417, 26.4595, 62.3439, 77.1034, 42.8061, 6.444, -30.0056, -65.6195, -74.3967, -39.6331, -3.2736, 33.1936, 68.7081, 71.3773, 36.1093, -0.3261, -36.713, -71.8229, -68.3718, -32.9362, 3.4981, 39.9043, 74.7257, 65.1278]","[-101.1675, 167.0026, 155.694, 147.7606, 136.3961, 42.6439, -26.9441, -37.4529, -45.4079, -57.7911, -169.8111, 139.3868, 129.481, 121.4617, 107.8125, -16.6294, -54.2453, -63.637, -71.7665, -87.1112, 141.5205, 112.3203, 103.316, 95.0326, 77.4823, -57.6506, -81.1146, -89.7887, -98.2858, -118.9182, 105.243, 85.6009, 77.1696, 68.4072, 43.4815, -90.8926, -107.7053, -115.9358, -125.0466, -156.3564, 73.9207, 59.1089, 51.0146, 41.485, 0.5315, -120.8807, -134.1113, -142.1057, -152.1772, 152.1514, 44.8362, 32.7684, 24.8229, 14.1, -62.0566, -149.2868, -160.3948, -168.3282, -179.8976, 82.2128, 16.9142, 6.5273, -1.4378, -14.0456, -129.3427, -176.8241, 173.3999, 165.3606, 151.3782, 25.2988, -10.3386, -19.653, -27.8089, -43.5428, -176.1039, 156.1587, 147.2388, 138.9127, 120.7774, -14.5718, -37.1777, -45.8035, -54.347, -75.7279, 148.4, 129.4715, 121.0931, 112.2595, 86.1766, -47.3671, -63.7487, -71.9519, -81.1365, -114.1094, 117.4166, 103.0013, 94.9355, 85.2949, 41.7347, -77.154, -90.1419, -98.1254, -108.3124, -167.8697, 88.5027, 76.6753, 68.7377, 57.8431, -22.8636, -105.4561, -116.4171, -124.3546, -136.1082, 121.6804, 60.6769, 50.4436, 42.4666, 29.5855, -88.264, -132.934, -142.6174, -150.6763, -164.9686, 67.1011, 33.4829, 24.2687, 16.0795, -0.1176, -133.353, -159.9149, -168.7763, -177.1402, 164.1555, 28.3564, 6.6818, -1.8799, -10.4824, -32.733, -168.2081, 173.4212, 165.0777, 156.1824, 128.9092, -3.976]"
2021-11-21,25.0478,121.532,0.2489066408440526,FLOCK 4H 4,66707,25.5,"[29.5963, -8.2207, -45.8036, -80.4919, -57.6063, -20.2635, 17.5887, 55.1364, 81.7478, 47.8818, 10.2246, -27.5637, -64.6237, -74.8491, -38.5873, -0.8707, 36.9366, 73.5523, 65.8117, 28.6423, -9.1775, -46.7439, -81.0591, -56.6783, -19.3081, 18.5467, 56.0724, 81.2791, 46.9374, 9.2667, -28.5151, -65.5314, -74.0134, -37.6399, 0.0885, 37.8884, 74.4006, 64.8991, 27.6876, -10.1344, -47.6838, -81.5578, -55.7484, -18.3521, 19.5049, 57.0072, 80.7352, 45.992, 8.3084, -29.4664, -66.4359, -73.1652, -36.6916, 1.048, 38.8402, 75.236, 63.983, 26.7323, -11.0915, -48.6232, -81.9751, -54.8167, -17.3955, 20.4632, 57.9409, 80.1283, 45.0454, 7.3498, -30.4177, -67.3369, -72.3062, -35.7424, 2.008, 39.7918, 76.0561, 63.0635, 25.7764, -12.0488, -49.562, -82.2976, -53.8833, -16.4382, 21.4217, 58.8733, 79.4692, 44.0979, 6.3907, -31.369, -68.2338, -71.4379, -34.7923, 2.9684, 40.7432, 76.858, 62.1411, 24.8199, -13.0062, -50.5002, -82.5129, -52.9483, -15.4802, 22.3804, 59.8042, 78.7671, 43.1493, 5.4313, -32.3201, -69.1262, -70.5613, -33.8413, 3.9292, 41.6944, 77.638, 61.2158, 23.8627, -13.9637, -51.4378, -82.6114, -52.0117, -14.5217, 23.3392, 60.7335, 78.0293, 42.1997, 4.4716, -33.2711, -70.0133, -69.6776, -32.8895, 4.8904, 42.6453, 78.3918, 60.288, 22.905, -14.9214, -52.3746, -82.5885, -51.0737, -13.5626, 24.2981, 61.6609, 77.2621, 41.2492, 3.5115]","[1.5311, -6.2795, -15.3822, -60.9205, 179.0238, 167.4643, 159.8509, 148.9689, 40.4691, -17.109, -26.5266, -34.2613, -48.7535, 173.1698, 147.9979, 139.6589, 131.4384, 108.4784, -31.2412, -46.4665, -54.2415, -63.4748, -113.5209, 130.7716, 119.4891, 111.8783, 100.7467, -13.0295, -65.2141, -74.4895, -82.2551, -97.2786, 123.635, 99.9634, 91.6995, 83.4068, 59.0253, -79.7855, -94.4612, -102.2043, -111.5766, -166.7212, 82.5392, 71.5155, 63.9041, 52.5051, -65.914, -113.31, -122.4519, -130.2518, -145.8536, 74.2652, 51.9338, 43.7399, 35.3699, 9.392, -128.2834, -142.4532, -150.1679, -159.6882, 139.4666, 34.3251, 23.5434, 15.9281, 4.2424, -118.2151, -161.3972, -170.4136, -178.2516, 165.5159, 25.0387, 3.9088, -4.2197, -12.6724, -40.4504, -176.7395, 169.5573, 161.8676, 152.1897, 85.0795, -13.8721, -24.4274, -32.0496, -44.0431, -169.9851, 150.5237, 141.6251, 133.7453, 116.823, -24.0629, -44.1119, -52.1796, -60.7206, -90.5362, 134.8422, 121.5702, 113.9022, 104.0563, 30.2199, -62.0537, -72.397, -80.0293, -92.3537, 138.7159, 102.4521, 93.6642, 85.7388, 68.0601, -73.0552, -92.1284, -100.1397, -108.7751, -140.9054, 86.4581, 73.5853, 65.9357, 55.9107, -24.9407, -110.2209, -120.3654, -128.011, -140.6916, 87.8277, 54.3877, 45.7038, 37.7286, 19.2182, -121.9516, -140.1411, -148.1002, -156.8361, 168.3949, 38.1052, 25.6026, 17.9682, 7.7522, -80.1789, -158.3746, -168.3327, -175.9949, 170.9403, 37.2944, 6.3299, -2.2564]"
2022-06-01,25.0478,121.532,0.2467027247039919,ICEYE-X62,66755,9.6,"[40.9335, 76.9634, 62.085, 24.8267, -12.9426, -50.3928, -82.4886, -53.1289, -15.7063, 22.1034, 59.4765, 79.0698, 43.6176, 5.9666, -31.7384, -68.5425, -71.1705, -34.5385, 3.1793, 40.8965, 76.9327, 62.1212, 24.8644, -12.9047, -50.3557, -82.4816, -53.1657, -15.7436, 22.0662, 59.4403, 79.0973, 43.6548, 6.0044, -31.7008, -68.5072, -71.2048, -34.5756, 3.142, 40.8596, 76.902, 62.1572, 24.9019, -12.867, -50.3187, -82.4744, -53.2022, -15.7809, 22.0291, 59.4043, 79.1246, 43.6918, 6.042, -31.6634, -68.4721, -71.2391, -34.6126, 3.1048, 40.8229, 76.8714, 62.1931, 24.9393, -12.8295, -50.2818, -82.467, -53.2387, -15.818, 21.9921, 59.3685, 79.1517, 43.7287, 6.0795, -31.6261, -68.4371, -71.2732, -34.6494, 3.0678, 40.7863, 76.841, 62.2288, 24.9765, -12.7921, -50.2452, -82.4595, -53.2749, -15.8549, 21.9553, 59.3328, 79.1786, 43.7654, 6.1168, -31.589, -68.4023, -71.3071, -34.6861, 3.031, 40.7499, 76.8106, 62.2644, 25.0135, -12.7548, -50.2086, -82.4519, -53.3111, -15.8916, 21.9187, 59.2972, 79.2054, 43.8019, 6.154, -31.552, -68.3676, -71.3408, -34.7226, 2.9943, 40.7137, 76.7803, 62.2998, 25.0504, -12.7177, -50.1723, -82.4441, -53.347, -15.9283, 21.8822, 59.2618, 79.232, 43.8383, 6.191, -31.5152, -68.333, -71.3745, -34.759, 2.9577, 40.6776, 76.7501, 62.335, 25.0872, -12.6808, -50.136, -82.4362, -53.3828, -15.9647, 21.8459, 59.2265]","[178.2583, 148.1726, 13.8255, 0.5913, -7.0679, -16.8861, -89.6449, 177.0305, 166.6549, 159.0341, 146.8405, 19.1413, -18.4129, -27.2451, -35.1342, -52.2989, 166.7523, 147.0237, 138.9787, 130.4315, 100.4315, -33.9877, -47.238, -54.898, -64.7094, -137.1977, 129.2087, 118.8249, 111.2045, 99.0238, -28.56, -66.2389, -75.0754, -82.9627, -100.098, 118.9634, 99.1956, 91.1483, 82.6047, 52.6896, -81.8009, -95.0674, -102.7281, -112.5327, 175.2478, 81.3868, 70.9949, 63.3749, 51.207, -76.2613, -114.0649, -122.9057, -130.7912, -147.8974, 71.1744, 51.3674, 43.3179, 34.7778, 4.947, -129.6142, -142.8967, -150.5582, -160.3561, 127.6916, 33.565, 23.1648, 15.5452, 3.3901, -123.9624, -161.891, -170.736, -178.6198, 164.3029, 23.3854, 3.5393, -4.5126, -13.0492, -42.7965, -177.4274, 169.2739, 161.6116, 151.8204, 80.1337, -14.257, -24.6652, -32.2845, -44.4269, -171.6634, 150.283, 141.4336, 133.5516, 116.503, -24.4036, -44.2889, -52.343, -60.8761, -90.5408, 134.7592, 121.4445, 113.7814, 103.9969, 32.5741, -62.0789, -72.4953, -80.1142, -92.244, 140.6356, 102.4569, 93.6032, 85.723, 68.7028, -72.1927, -92.1172, -100.1735, -108.7031, -138.2859, 86.9459, 73.6151, 65.9512, 56.1733, -14.9872, -109.9009, -120.3255, -127.944, -140.0612, 92.9348, 54.6308, 45.7728, 37.8944, 20.9023, -119.9818, -139.9454, -148.004, -156.5302, 173.9682, 39.1325, 25.7857, 18.121, 8.3496, -62.5503, -157.7229, -168.1556, -175.7737, 172.1214]"
2024-10-15,25.0478,121.532,0.246473789204089,PELICAN-3 300A,65315,28.1,"[13.886, -24.6091, -62.4819, -76.3514, -39.555, -1.1702, 37.2969, 74.5116, 64.3512, 26.426, -12.0832, -50.2888, -82.7955, -51.9097, -13.7278, 24.7954, 62.7891, 75.9275, 38.916, 0.4733, -37.92, -74.9262, -64.0683, -26.2511, 12.2478, 50.552, 82.8323, 51.3161, 13.0351, -25.4562, -63.2972, -75.6262, -38.7132, -0.3181, 38.1421, 75.2585, 63.5346, 25.577, -12.9337, -51.1225, -82.8425, -51.0763, -12.8768, 25.6453, 63.6082, 75.1906, 38.0709, -0.379, -38.7626, -75.6639, -63.2538, -25.4028, 13.1004, 51.3897, 82.8277, 50.4785, 12.1828, -26.3044, -64.1117, -74.8874, -37.8696, 0.5353, 38.9883, 75.9951, 62.7146, 24.7263, -13.7854, -51.9568, -82.7903, -50.2408, -12.0242, 26.4964, 64.4265, 74.4411, 37.2241, -1.2326, -39.6061, -76.3902, -62.436, -24.5529, 13.9542, 52.228, 82.7232, 49.6388, 11.3291, -27.1536, -64.9253, -74.1367, -37.0243, 1.3901, 39.8355, 76.7193, 61.8914, 23.8742, -14.6383, -52.7915, -82.6405, -49.4033, -11.1702, 27.3486, 65.2437, 73.6805, 36.3755, -2.0875, -40.4505, -77.103, -61.615, -23.7014, 14.8093, 53.0668, 82.5225, 48.7971, 10.4739, -28.0039, -65.7377, -73.3755, -36.1772, 2.2463, 40.6835, 77.4286, 61.0651, 23.0205, -15.4924, -53.6267, -82.3984, -48.5636, -10.3146, 28.2019, 66.0596, 72.9101, 35.5253, -2.9437, -41.2957, -77.7997, -60.7909, -22.8482, 15.6657, 53.9061, 82.2327, 47.9534, 9.6173, -28.8552, -66.5487, -72.605]","[-15.6235, -23.2173, -36.3855, -173.8144, 158.4805, 150.1567, 142.0035, 118.0283, -22.3828, -36.4827, -44.1185, -53.7918, -131.0264, 139.088, 129.1095, 121.5085, 108.1806, -30.1387, -56.8999, -65.1768, -73.3678, -98.0623, 122.1771, 108.2441, 100.614, 90.88, 10.2369, -76.3538, -86.2283, -93.8388, -107.386, 113.8942, 87.8121, 79.5579, 71.3412, 45.977, -93.4246, -107.1067, -114.7224, -124.5478, 151.7221, 68.3228, 58.5048, 50.8861, 37.1664, -102.3362, -127.5658, -135.7756, -144.0324, -170.1927, 51.1481, 37.6206, 30.0097, 20.1197, -67.0751, -147.1132, -156.8326, -164.4625, -178.4168, 41.771, 17.1475, 8.9589, 0.6747, -26.2382, -164.4366, -177.7291, 174.6728, 164.6862, 74.4645, -2.4332, -12.0993, -19.7384, -33.8796, -174.3767, 161.772, 153.6254, 145.2986, 117.5017, -19.8523, -33.0013, -40.5956, -50.6511, -144.2956, 142.1363, 132.5638, 124.9118, 110.5191, -30.205, -53.5135, -61.6402, -69.9962, -98.642, 124.5787, 111.6501, 104.067, 93.9093, -2.618, -73.1805, -82.7029, -90.3651, -104.9605, 113.7203, 91.1133, 83.0262, 74.6249, 44.9946, -90.8264, -103.6217, -111.2019, -121.433, 138.7479, 71.3941, 61.9606, 54.2838, 39.4183, -102.0515, -124.1711, -132.2396, -140.6719, -171.263, 53.619, 41.0308, 33.4601, 23.1208, -79.3713, -143.9197, -153.306, -160.9941, -176.0799, 41.9384, 20.4579, 12.4267, 3.9464, -27.7447, -161.7764, -174.2406, 178.1907, 167.7732, 62.1893, 0.6597, -8.6422, -16.3465, -31.7229, -173.784]"
2025-07-12,25.0478,121.532,0.2459995992635993,FLOCK 3P 76,42019,10.1,"[-6.8355, 31.2631, 73.8657, -0.9708, 34.2179, 81.9363, 3.9429, 37.2457, 74.3749, 8.2195, 40.3954, 39.7911, 12.0534, 43.7258, -45.8803, 15.5738, 47.3122, -64.5917, 18.8726, 51.2567, -37.7729, 22.0193, 55.7058, -23.1886, 25.0699, 60.8804, -13.5286, 28.0722, 67.1288, -6.3406, 31.0709, 74.9447, -0.5838, 34.1099, 82.6947, 4.2665, 37.2366, 68.89, 8.5089, 40.5056, 22.0031, 12.3296, 43.984, -72.6085, 15.8537, 47.7597, -54.0185, 19.1709, 51.955, -32.4479, 22.35, 56.7501, -19.8696, 25.4473, 62.4264, -11.1718, 28.5125, 69.436, -4.52, 31.5923, 78.271, 0.9107, 34.7352, 80.4199, 5.5537, 37.9945, 52.7303, 9.6634, 41.4341, -25.3022, 13.4028, 45.1354, -71.6867, 16.884, 49.2091, -41.117, 20.1897, 53.8154, -25.3009, 23.3852, 59.2012, -15.1092, 26.5258, 65.7681, -7.6327, 29.6624, 74.1395, -1.6907, 32.8454, 82.7168, 3.2954, 36.1292, 65.772, 7.6492, 39.5775, 6.4376, 11.5699, 43.2702, -82.7475, 15.1907, 47.3142, -47.6584, 18.6069, 51.8634, -29.1014, 21.8922, 57.153, -17.7661, 25.1073, 63.5671, -9.6947, 28.3071, 71.7433, -3.3963, 31.545, 81.6439, 1.8255, 34.8778, 70.7777, 6.347, 38.3713, 18.086, 10.3943, 42.1074, -79.9228, 14.1158, 46.1959, -50.3976, 17.6161, 50.7947, -30.6488, 20.9749, 56.1462, -18.8565, 24.2574, 62.6505, -10.5569, 27.522, 70.99, -4.122, 30.8254, 81.3661, 1.1932, 34.2278]","[16.0143, 8.3988, -15.5473, 8.3168, 0.9179, -60.1711, 0.7434, -6.617, -156.3808, -6.7547, -14.2284, 175.7321, -14.2059, -21.9502, 155.2052, -21.6289, -29.8357, -8.7313, -29.037, -37.9773, -25.5297, -36.4412, -46.5512, -35.0063, -43.8515, -55.9471, -43.322, -51.2777, -67.2402, -51.2128, -58.731, -84.8437, -58.8957, -66.2252, -145.8852, -66.461, -73.7782, 128.652, -73.9552, -81.4157, 105.4405, -81.4055, -89.1765, 71.669, -88.83, -97.1243, -81.3215, -96.242, -105.3728, -93.7081, -103.6528, -114.151, -102.6566, -111.0725, -124.0064, -110.7981, -118.5122, -136.6677, -118.6084, -125.9841, -161.5475, -126.2475, -133.5043, 98.0469, -133.7877, -141.0942, 51.8901, -141.2674, -148.7855, 31.9051, -148.7107, -156.6285, -129.0585, -156.1338, -164.7093, -152.1891, -163.5495, -173.1929, -162.0587, -170.9691, 177.5554, -170.4834, -178.4035, 166.518, -178.4213, 174.1351, 149.4046, 173.8702, 166.6319, 85.3303, 166.2883, 159.0672, -1.5366, 158.7819, 151.4125, -24.0519, 151.3213, 143.624, -126.2967, 143.887, 135.6274, 149.2442, 136.4645, 127.2849, 138.341, 129.0418, 118.3005, 129.6718, 121.6073, 107.8947, 121.6349, 114.1488, 93.1031, 113.8755, 106.6516, 48.9426, 106.2637, 99.0965, -56.7796, 98.7383, 91.456, -82.7095, 91.2648, 83.6879, -137.5752, 83.8216, 75.7217, 89.8512, 76.3928, 67.426, 78.3918, 68.9654, 58.5209, 69.6145, 61.5274, 48.272, 61.537, 54.066, 33.905, 53.7572, 46.5662, -8.1867, 46.1334, 39.008]"
2023-04-11,25.0478,121.532,0.2452674897119031,STRIX-1,53815,16.2,"[-29.876, 8.2771, 46.313, 81.0968, 56.039, 18.1894, -20.0072, -57.7109, -80.1501, -44.9166, -6.9326, 31.2448, 68.596, 70.5577, 33.3459, -4.8201, -42.8359, -78.6603, -59.7521, -22.1129, 16.0786, 53.9764, 82.0672, 48.3944, 10.3904, -27.7761, -65.1956, -73.9596, -37.2162, 0.871, 38.9935, 75.6344, 63.2018, 25.5782, -12.6185, -50.5008, -82.5412, -52.1769, -14.3306, 23.8684, 61.554, 77.0672, 40.692, 2.5863, -35.5189, -72.4335, -66.8151, -29.4803, 8.6754, 46.7054, 81.3101, 55.6512, 17.7922, -20.4036, -58.0956, -79.8862, -44.5257, -6.5355, 31.6398, 68.9667, 70.1916, 32.9515, -5.2167, -43.2267, -78.9548, -59.3699, -21.7182, 16.4743, 54.3634, 81.9181, 48.0049, 9.9949, -28.1693, -65.5701, -73.6109, -36.8252, 1.2662, 39.3848, 75.9697, 62.8232, 25.1848, -13.0124, -50.8866, -82.5756, -51.7919, -13.9372, 24.2612, 61.9331, 76.7441, 40.3023, 2.1927, -35.9084, -72.7864, -66.4449, -29.0899, 9.0683, 47.0924, 81.5077, 55.2683, 17.4002, -20.7947, -58.4749, -79.6178, -44.1398, -6.1438, 32.0294, 69.3315, 69.8293, 32.5624, -5.6079, -43.6121, -79.2391, -58.9926, -21.3288, 16.8646, 54.7449, 81.7553, 47.6206, 9.6046, -28.557, -65.9389, -73.265, -36.4394, 1.656, 39.7707, 76.2975, 62.4494, 24.7967, -13.401, -51.267, -82.5894, -51.412, -13.5492, 24.6487, 62.3067, 76.4217, 39.9178, 1.8045, -36.2925, -73.1329, -66.0791, -28.7047, 9.4559, 47.474]","[143.6656, 135.7791, 126.52, 75.7064, -39.5559, -50.7581, -58.4392, -70.1201, 167.7499, 124.1733, 115.1106, 107.1613, 89.7912, -51.7283, -70.9566, -79.0121, -87.8273, -123.8509, 106.9507, 94.575, 86.8798, 76.2075, -27.0448, -90.1031, -99.6759, -107.488, -122.4225, 98.3003, 74.5558, 66.2561, 57.8077, 30.8163, -106.2624, -120.1321, -127.8872, -137.8144, 145.3232, 55.8726, 45.6147, 37.894, 24.7844, -109.3446, -139.9388, -148.5409, -156.7218, -178.1699, 41.2478, 25.2684, 17.3972, 8.0823, -44.8142, -158.0479, -169.1442, -176.8268, 171.3698, 47.7246, 5.7427, -3.2707, -11.2385, -28.9284, -170.5107, 170.641, 162.607, 153.748, 116.4709, -11.5768, -23.8137, -31.505, -42.2707, -148.0008, 151.4528, 141.942, 134.1173, 118.9559, -20.679, -43.8533, -52.1242, -60.6064, -88.358, 135.1614, 121.4762, 113.73, 103.7301, 23.9804, -62.5902, -72.7687, -80.4963, -93.7712, 131.3385, 101.6441, 93.0789, 84.8721, 62.9363, -77.402, -93.1275, -100.9841, -110.3555, -165.4092, 83.4655, 72.4707, 64.7862, 52.8583, -72.1929, -112.6851, -121.6512, -129.6378, -147.6558, 70.7286, 52.2403, 44.2267, 35.3233, -3.2598, -130.0973, -142.2012, -149.8893, -160.7497, 91.1761, 33.0118, 23.5608, 15.7231, 0.3298, -139.6237, -162.2605, -170.5039, -179.0203, 152.4396, 16.5947, 3.0857, -4.6523, -14.7259, -97.3408, 178.951, 168.8489, 161.1138, 147.6706, 12.0806, -16.7708, -25.3006, -33.5337, -55.9722, 163.9617, 148.478, 140.6353, 131.2066]"
2025-03-17,25.0478,121.532,0.2438408038690753,FLOCK 4G 36,62675,21.3,"[9.4538, -28.757, -66.1642, -73.0869, -36.2424, 1.8343, 39.9376, 76.4667, 62.2663, 24.5481, -13.7045, -51.6046, -82.6339, -51.0934, -13.2425, 24.9385, 62.5934, 76.1888, 39.5733, 1.3995, -36.7401, -73.5698, -65.6561, -28.2707, 9.8725, 47.8798, 81.914, 54.4543, 16.5093, -21.7355, -59.4236, -78.9516, -43.2019, -5.212, 32.943, 70.2006, 68.9655, 31.5778, -6.6537, -44.6852, -80.0363, -57.9512, -20.2712, 17.9063, 55.764, 81.2859, 46.5481, 8.4582, -29.7453, -67.1003, -72.1957, -35.2605, 2.8264, 40.9208, 77.2861, 61.3073, 23.5543, -14.699, -52.5765, -82.5326, -50.1221, -12.2513, 25.9288, 63.5477, 75.3399, 38.585, 0.402, -37.726, -74.4458, -64.7135, -27.2832, 10.8663, 48.8591, 82.2716, 53.4786, 15.5118, -22.7294, -60.3841, -78.1976, -42.2216, -4.2176, 33.9324, 71.119, 68.0306, 30.5837, -7.6524, -45.667, -80.6733, -56.9867, -19.279, 18.9009, 56.7359, 80.7157, 45.562, 7.4579, -30.7378, -68.0362, -71.2908, -34.2735, 3.8232, 41.908, 78.0833, 60.3414, 22.5556, -15.6979, -53.5516, -82.3043, -49.1451, -11.2552, 26.9235, 64.5036, 74.4698, 37.5915, -0.6002, -38.7158, -75.3115, -63.7632, -26.2906, 11.8647, 49.8421, 82.5148, 52.497, 14.5095, -23.7277, -61.3468, -77.4077, -41.2361, -3.2184, 34.9261, 72.0338, 67.0861, 29.5845, -8.6555, -46.6525, -81.2476, -56.0161, -18.2818, 19.9001, 57.7107, 80.0753, 44.5705, 6.453, -31.7343, -68.9712]","[-16.2034, -24.0187, -39.4732, -179.8468, 157.928, 149.7396, 141.2499, 112.4811, -23.3521, -36.7107, -44.4161, -54.5105, -139.7626, 139.0474, 129.0614, 121.3579, 107.8569, -28.531, -56.6216, -65.0874, -73.3195, -96.2851, 123.7701, 108.6456, 100.8561, 91.4129, 31.7014, -74.9915, -85.7313, -93.3952, -105.5902, 125.9457, 88.9728, 80.1621, 72.1676, 53.4232, -88.4362, -106.0286, -113.964, -122.9589, -165.4746, 71.2556, 59.5644, 51.9198, 40.8515, -73.2816, -125.4031, -134.6571, -142.5089, -158.6011, 60.4096, 39.4126, 31.2893, 22.7074, -8.3115, -142.2453, -155.1869, -162.8748, -173.1697, 94.3014, 20.4099, 10.6047, 2.8787, -11.0868, -148.9629, -175.1566, 176.4618, 168.1567, 143.7211, 4.7279, -9.8397, -17.5986, -27.1988, -93.3732, 166.3164, 155.8072, 148.1328, 135.5815, 4.3887, -29.5854, -38.2891, -46.3386, -66.063, 152.2898, 135.4738, 127.583, 118.4617, 71.6733, -47.5064, -58.9025, -66.545, -77.8851, 163.1638, 116.008, 106.8891, 98.9969, 82.2022, -59.2078, -79.0991, -87.1619, -95.8428, -129.4468, 98.8929, 86.3386, 78.6646, 68.1541, -31.3426, -98.2165, -107.8515, -115.6038, -130.0766, 90.8249, 66.3132, 58.0104, 49.6265, 23.5258, -114.2689, -128.3229, -136.0548, -145.8235, 140.9759, 47.6392, 37.3464, 29.6579, 16.7201, -116.7899, -148.1375, -156.7407, -164.85, 174.3305, 33.0859, 16.979, 9.1288, -0.1281, -51.825, -166.2481, -177.3683, 174.9878, 163.3543, 40.2214, -2.5729, -11.5646, -19.5017, -37.0724]"
2022-11-09,25.0478,121.532,0.2428659749968855,FLOCK 4H 30,66733,14.9,"[60.5318, 78.2101, 42.4391, 4.6856, -33.1315, -69.981, -69.605, -32.7209, 5.1108, 42.8697, 78.549, 60.1076, 22.7109, -15.1676, -52.7062, -82.5345, -50.5274, -12.9335, 24.9527, 62.2821, 76.7523, 40.6421, 2.8677, -34.9343, -71.6474, -67.9112, -30.9155, 6.9293, 44.6644, 79.8636, 58.3483, 20.8978, -16.9823, -54.48, -82.0647, -48.7445, -11.1166, 26.7643, 64.0238, 75.2165, 38.8426, 1.0493, -36.7358, -73.2848, -66.2001, -29.1082, 8.7479, 46.457, 81.0054, 56.5822, 19.0833, -18.7966, -56.2496, -81.2412, -46.958, -9.2989, 28.5752, 65.7551, 73.6242, 37.0408, -0.7694, -38.5359, -74.8839, -64.4747, -27.2991, 10.5667, 48.2472, 81.9009, 54.8105, 17.2677, -20.6104, -58.0143, -80.1519, -45.1681, -7.4803, 30.3852, 67.4738, 71.9904, 35.2368, -2.5886, -40.3344, -76.4311, -62.7377, -25.4884, 12.3853, 50.0346, 82.4617, 53.0335, 15.451, -22.4237, -59.7733, -78.8744, -43.3752, -5.6609, 32.1943, 69.1766, 70.325, 33.4307, -4.4079, -42.1312, -77.9064, -60.9909, -23.6761, 14.2039, 51.8189, 82.6108, 51.2521, 13.6332, -24.2364, -61.5257, -77.4658, -41.5793, -3.8408, 34.0022, 70.8595, 68.6352, 31.6226, -6.2275, -43.926, -79.2801, -59.2358, -21.8623, 16.0223, 53.5998, 82.3241, 49.4665, 11.8145, -26.0484, -63.2701, -75.9652, -39.7809, -2.0202, 35.809, 72.5167, 66.9262, 29.8127, -8.0471, -45.7187, -80.5079, -57.4736, -20.0472, 17.8405, 55.3767, 81.646]","[156.944, 26.0616, -8.0283, -16.7423, -24.7201, -43.2203, 175.4942, 157.3546, 149.3971, 140.6347, 105.2543, -24.464, -36.9004, -44.5401, -54.8407, -146.1068, 138.9734, 129.1078, 121.4282, 108.0889, -26.754, -56.2815, -64.8136, -72.8963, -93.2142, 125.8828, 109.1948, 101.3241, 92.3505, 50.7379, -73.1917, -85.008, -92.6297, -103.3386, 152.9865, 90.5812, 81.0269, 73.303, 59.1082, -78.5767, -104.513, -112.8842, -121.0878, -143.6192, 76.5132, 61.0468, 53.2492, 44.0376, -5.5945, -121.835, -133.1093, -140.7242, -151.8964, 94.0217, 42.2268, 32.949, 25.1684, 9.9755, -129.6533, -152.7252, -160.9546, -169.2965, 165.4422, 27.3383, 12.9095, 5.1719, -4.3078, -64.068, -170.4065, 178.7951, 171.1756, 159.4758, 37.2204, -6.0942, -15.1266, -22.9767, -39.343, 179.8359, 159.08, 150.9748, 142.4758, 113.8013, -21.6777, -35.2182, -42.9082, -52.6901, -124.6147, 141.0837, 130.7045, 123.0691, 110.766, -17.6816, -54.3859, -63.2002, -71.1334, -88.8918, 129.7595, 110.9007, 102.9034, 94.2267, 61.2267, -70.5626, -83.3375, -90.9919, -101.1146, 173.5988, 92.6271, 82.6183, 74.9553, 61.9591, -71.0827, -102.6515, -111.2724, -119.3032, -138.7293, 80.0216, 62.7352, 54.8309, 45.9534, 7.4089, -119.3383, -131.449, -139.0796, -149.5876, 112.0627, 44.2166, 34.5358, 26.8335, 13.0364, -123.3455, -150.8941, -159.3436, -167.4875, 171.066, 30.5512, 14.5822, 6.7567, -2.3471, -48.0363, -168.0222, -179.5538, 172.8281, 161.8833, 52.1221]"
2022-08-02,24.4798,118.082,0.2421810699588188,ICEYE-X59,66752,10.1,"[56.2456, 19.0326, -18.5261, -55.6462, -81.7309, -48.2952, -11.0158, 26.5359, 63.517, 75.9146, 39.9326, 2.4564, -35.0105, -71.3911, -68.524, -31.9301, 5.561, 43.001, 78.4297, 60.5345, 23.443, -14.1171, -51.3391, -82.5915, -52.6186, -15.4276, 22.1295, 59.258, 79.4087, 44.3035, 6.8761, -30.6286, -67.2995, -72.5754, -36.3086, 1.1416, 38.6267, 74.7795, 64.778, 27.8478, -9.7039, -47.0095, -81.0707, -56.9172, -19.8345, 17.7183, 54.9591, 81.957, 48.6596, 11.2947, -26.238, -63.1125, -76.4168, -40.6758, -3.277, 34.2416, 70.8105, 68.9511, 32.2458, -5.2877, -42.6623, -78.0448, -61.1822, -24.2353, 13.3036, 50.6322, 82.5229, 52.997, 15.711, -21.8399, -58.8671, -79.8116, -45.0297, -7.6939, 29.8477, 66.6836, 73.0042, 36.6353, -0.8696, -38.3008, -74.3633, -65.3986, -28.629, 8.8864, 46.2845, 80.7362, 57.3097, 20.124, -17.4356, -54.5827, -82.1598, -49.3672, -12.1078, 25.4465, 62.4685, 76.8291, 41.0146, 3.5494, -33.9274, -70.3908, -69.5394, -33.0142, 4.468, 41.9208, 77.5728, 61.5882, 24.5323, -13.0263, -50.2702, -82.4195, -53.6843, -16.5177, 21.0396, 58.1989, 80.1591, 45.3813, 7.9682, -29.544, -66.2713, -73.5505, -37.3894, 0.0495, 37.5443, 73.8201, 65.8165, 28.9348, -8.6131, -45.9367, -80.4196, -57.9749, -20.9225, 16.6281, 53.8929, 82.3238, 49.7324, 12.3855, -25.1522, -62.0681, -77.3117, -41.7528, -4.3681, 33.1576, 69.8029, 69.9653]","[32.8305, 21.6983, 14.1321, 3.1788, -105.3885, -162.576, -172.0065, -179.6774, 166.4447, 30.0738, 2.7022, -5.7216, -13.7632, -33.6991, -174.3717, 168.5187, 160.6488, 151.9162, 117.0899, -12.9289, -25.48, -33.0841, -43.0522, -121.2038, 150.9895, 140.76, 133.1747, 121.0977, -4.9993, -44.0971, -52.9821, -60.7929, -76.9494, 142.9438, 121.5133, 113.3864, 105.0761, 80.0712, -58.0585, -72.6131, -80.3236, -89.5589, -139.614, 104.8602, 93.5524, 85.9852, 75.1957, -30.2431, -90.7304, -100.2318, -107.8921, -121.5495, 103.1497, 74.6059, 66.1221, 58.1216, 38.813, -102.1888, -119.687, -127.5784, -136.2646, -169.6405, 59.1722, 46.3801, 38.7647, 28.9191, -45.2212, -137.1373, -147.4632, -155.0445, -166.9691, 69.0079, 27.8276, 18.8627, 11.0801, -4.6637, -144.621, -166.6839, -174.8413, 176.8824, 152.6706, 14.1507, -0.7452, -8.4777, -17.6205, -64.922, 176.7732, 165.332, 157.7626, 147.0818, 45.2191, -18.7777, -28.3848, -36.0281, -49.3998, 176.0761, 146.4201, 137.8946, 129.9183, 111.0798, -29.8055, -47.809, -55.7343, -64.3506, -96.1888, 131.1452, 118.1636, 110.5398, 100.7732, 30.4984, -65.1465, -75.6128, -83.1876, -94.9068, 142.9361, 99.6572, 90.636, 82.8695, 67.4244, -71.936, -94.7928, -102.9979, -111.2222, -134.5402, 86.2188, 71.0436, 63.2957, 54.2112, 9.2641, -111.1822, -122.8128, -130.3857, -140.9151, 120.737, 53.073, 43.39, 35.7557, 22.5842, -110.673, -141.6717, -150.2617, -158.2005, -176.4791, 42.4233]"
2020-09-04,25.0478,121.532,0.2414507771993091,GLOBAL-18,52196,29.9,"[13.3834, 43.6583, 51.4213, 27.207, -6.5812, -38.5898, -52.9679, -33.3871, -0.4783, 32.5709, 52.8541, 39.2585, 7.3973, -26.4397, -51.1131, -44.2925, -14.3232, 19.6862, 47.7469, 48.6044, 21.106, -13.0166, -43.4582, -51.5265, -27.6136, 5.9807, 38.0207, 53.0385, 33.9046, 0.9201, -32.2906, -52.8094, -39.5654, -7.9428, 25.803, 50.837, 44.7381, 14.8295, -19.3297, -47.5754, -48.7868, -21.5748, 12.3793, 42.9382, 51.7536, 28.1548, -5.5476, -37.7557, -53.065, -34.2799, -1.5163, 31.6555, 52.6852, 40.0774, 8.4466, -25.458, -50.7095, -44.9976, -15.3579, 18.6653, 47.1375, 49.1479, 22.1289, -11.9562, -42.6953, -51.8624, -28.5963, 4.9064, 37.1425, 53.1119, 34.8372, 2.0144, -31.3241, -52.6203, -40.4119, -9.0311, 24.7785, 50.3912, 45.4632, 15.9173, -18.2532, -46.9281, -49.3426, -22.6341, 11.2775, 42.1302, 52.0783, 29.1827, -4.4165, -36.829, -53.1275, -35.2435, -2.6504, 30.6451, 52.4577, 40.9537, 9.5901, -24.3791, -50.2315, -45.7423, -16.4832, 17.5466, 46.4439, 49.7062, 23.2377, -10.7975, -41.8421, -52.1859, -29.6577, 3.7349, 36.1704, 53.1441, 35.8384, 3.205, -30.261, -52.3678, -41.3133, -10.213, 23.6563, 49.8668, 46.2233, 17.0951, -17.078, -46.1932, -49.9092, -23.7782, 10.0777, 41.2298, 52.3837, 30.2878, -3.1876, -35.8064, -53.1434, -36.2739, -3.8801, 29.5374, 52.1612, 41.8815, 10.8268, -23.2014, -49.6709, -46.5187, -17.6976, 16.3293]","[-54.2917, -21.4525, 40.3204, 85.106, 110.1787, 139.4028, -163.4062, -112.0512, -85.3581, -58.9433, -8.4173, 49.5576, 79.1986, 104.1144, 148.0208, -149.8764, -116.4678, -92.4312, -54.9375, 8.6498, 47.5313, 71.7739, 104.5006, 166.0766, -148.9536, -123.9179, -95.0962, -38.4987, 13.6638, 40.6712, 67.0817, 117.3328, 175.4284, -154.8594, -130.1615, -86.9921, -24.4872, 9.4798, 33.6172, 70.9244, 134.408, 173.4679, -162.3747, -130.1713, -68.9402, -23.1584, 2.1137, 30.8714, 87.1846, 139.5479, 166.5845, -167.3062, -117.8205, -59.0442, -28.8866, -4.1421, 38.765, 101.2908, 135.4062, 159.4012, -163.9465, -100.4671, -60.6769, -36.3507, -4.2814, 56.716, 102.7342, 127.9884, 156.3413, -148.0136, -94.8104, -67.4288, -41.3305, 7.8351, 66.759, 97.0223, 121.5549, 163.6919, -133.4224, -98.6955, -74.593, -38.1555, 25.1982, 65.2176, 89.4733, 121.0127, -178.4183, -131.5348, -106.0215, -77.7446, -22.4315, 31.0155, 58.4539, 84.2546, 132.6015, -167.8036, -137.0506, -112.4702, -70.6315, -7.7272, 27.1934, 51.1648, 86.9332, 150.2054, -168.9841, -144.5439, -113.1566, -52.8647, -5.6925, 19.8248, 47.6978, 102.2671, 156.5789, -175.6027, -149.8167, -101.8342, -42.0724, -11.1756, 13.2016, 54.2425, 117.4504, 153.0403, 177.1288, -147.3423, -84.2271, -43.1336, -18.7466, 12.1085, 71.8814, 119.9703, 145.7731, 173.5613, -132.2516, -77.6571, -49.7508, -24.2559, 22.8586, 83.2683, 114.7043, 139.1336, 179.8434, -116.9427, -81.1096, -57.1385]"
2020-09-04,25.0478,121.532,0.2414507771993091,FLOCK 4H 29,66732,21.2,"[58.903, 21.5326, -16.2674, -53.6775, -82.3679, -49.8347, -12.377, 25.3769, 62.5933, 76.5518, 40.4626, 2.7562, -34.9531, -71.5557, -68.1458, -31.3152, 6.3841, 44.0109, 79.342, 59.1434, 21.78, -16.0199, -53.4357, -82.4272, -50.0777, -12.6248, 25.1295, 62.3549, 76.7576, 40.708, 3.004, -34.7076, -71.33, -68.3773, -31.5613, 6.1361, 43.766, 79.1626, 59.3834, 22.0272, -15.7728, -53.1942, -82.4788, -50.3203, -12.8723, 24.8825, 62.1167, 76.9616, 40.953, 3.2515, -34.4624, -71.1042, -68.6081, -31.8071, 5.8884, 43.5214, 78.9808, 59.623, 22.2739, -15.526, -52.9529, -82.5227, -50.5625, -13.1194, 24.6358, 61.8787, 77.1638, 41.1977, 3.4988, -34.2175, -70.8781, -68.8383, -32.0524, 5.641, 43.2771, 78.7968, 59.8621, 22.5204, -15.2795, -52.7119, -82.5587, -50.8043, -13.3662, 24.3894, 61.6408, 77.3642, 41.442, 3.7456, -33.9728, -70.6519, -69.0679, -32.2975, 5.394, 43.033, 78.6108, 60.1008, 22.7665, -15.0333, -52.4711, -82.5867, -51.0457, -13.6127, 24.1432, 61.403, 77.5628, 41.6859, 3.9922, -33.7284, -70.4255, -69.2968, -32.5422, 5.1473, 42.7892, 78.4227, 60.339, 23.0123, -14.7874, -52.2305, -82.6068, -51.2867, -13.8588, 23.8974, 61.1655, 77.7593, 41.9295, 4.2384, -33.4844, -70.1989, -69.525, -32.7865, 4.9009, 42.5457, 78.2327, 60.5768, 23.2577, -14.5418, -51.9902, -82.6188, -51.5274, -14.1046, 23.6519, 60.9281, 77.9539, 42.1727]","[22.6791, 10.6945, 3.0834, -7.4125, -104.7176, -173.4805, 176.8059, 169.1391, 155.6823, 20.4071, -8.5527, -17.0535, -25.1207, -45.2892, 173.87, 157.0363, 149.1709, 140.298, 101.4954, -25.0366, -37.1044, -44.7179, -55.1584, -150.7449, 138.7603, 129.0035, 121.3423, 107.9955, -26.8323, -56.3333, -64.8574, -72.9094, -92.8126, 126.2649, 109.2442, 101.3674, 92.5235, 54.5728, -72.7507, -84.9033, -92.5193, -102.9055, 163.2519, 91.0019, 81.2012, 73.5453, 60.306, -74.0541, -104.1136, -112.6613, -120.6984, -140.3436, 78.6644, 61.4522, 53.5637, 44.7484, 7.6195, -120.4633, -132.702, -140.3209, -150.6537, 117.2695, 43.2441, 33.3988, 25.7481, 12.6141, -121.2577, -151.8935, -160.4652, -168.4877, 172.1181, 31.0683, 13.6605, 5.7601, -3.0273, -39.3634, -168.1743, 179.4993, 171.8774, 161.5971, 71.3045, -4.5129, -14.4035, -22.0494, -35.0801, -168.4423, 160.3269, 151.7308, 143.7226, 124.5727, -16.523, -34.1312, -42.0437, -50.8035, -86.3747, 144.1163, 131.7007, 124.0756, 113.8467, 25.3532, -52.2693, -62.2057, -69.847, -82.7768, 144.3928, 112.5476, 103.9269, 95.9326, 77.0205, -64.1095, -81.9226, -89.8475, -98.5803, -133.4133, 96.4086, 83.9022, 76.2737, 66.0954, -20.5885, -100.0249, -110.008, -117.6448, -130.4757, 97.2483, 64.7687, 56.1229, 48.1423, 29.4617, -111.691, -129.7138, -137.6514, -146.3576, 179.5218, 48.7027, 36.1038, 28.4716, 18.343, -66.5244, -147.7798, -157.8102, -165.4429, -178.1768, 50.1249, 16.9902]"
2021-11-09,25.0478,121.532,0.2413074999639967,JINZIJING 5 (GB 5),49816,25.3,"[73.2953, -53.2274, -56.0319, 35.5822, -13.1888, -80.9084, -11.6595, 46.7426, -65.1168, -45.2765, 58.2854, -29.691, -72.8013, 3.3837, 22.4546, -75.2873, -34.1548, 80.7153, -43.6275, -63.5291, 20.0556, 1.7945, -82.2158, -22.4969, 68.6605, -55.6236, -54.0619, 38.5855, -15.4949, -79.9664, -10.1067, 44.9382, -66.0802, -44.4597, 58.8451, -30.0496, -72.5086, 3.2216, 23.405, -75.0824, -34.6513, 79.0045, -42.4797, -64.3347, 17.6791, 4.8613, -81.6482, -24.5366, 73.9129, -53.2587, -56.0864, 33.3892, -10.8719, -81.4699, -14.0085, 53.2885, -62.7115, -47.8356, 50.3018, -24.2509, -75.704, -2.9634, 33.8148, -70.9991, -39.5592, 67.9324, -35.7383, -68.8732, 8.6884, 16.5909, -77.9708, -31.2148, 82.3929, -45.7161, -61.9598, 21.0057, 1.6981, -82.3595, -22.76, 71.9054, -54.4726, -55.135, 33.9888, -11.101, -81.2987, -14.1588, 55.0207, -62.2097, -48.4283, 47.5404, -22.1279, -76.6784, -5.3864, 39.1041, -69.0441, -41.8382, 61.3954, -31.6869, -71.3171, 3.5672, 24.8195, -74.9771, -35.359, 74.825, -40.0321, -65.9391, 12.6916, 12.2607, -79.7575, -28.9883, 82.6182, -47.3641, -60.7173, 21.9522, 1.322, -82.4812, -22.7306, 73.7018, -53.836, -55.7034, 31.2854, -8.1756, -81.9473, -16.5981, 61.6854, -59.5621, -50.9175, 40.5959, -16.4212, -79.1701, -10.6119, 50.2612, -64.6243, -46.3717, 49.756, -23.5871, -75.7358, -4.8013, 39.8924, -69.0768, -42.0771, 58.6048, -29.8192, -72.2646]","[31.2285, 63.5843, -140.241, -126.8779, 46.6539, 168.5488, -142.4266, 28.3236, 49.353, -157.1161, -140.5658, 28.7134, 177.049, -160.8888, 12.713, 42.1595, -175.079, -121.1388, 11.1311, 166.2111, -179.0518, -4.8896, 62.5663, 166.4553, -32.6224, -5.4933, 150.5408, 163.7283, -23.0336, 105.3982, 147.777, -41.1973, -19.8931, 133.0917, 149.702, -41.2279, 107.511, 129.0878, -57.4337, -28.3039, 114.8246, 158.4357, -59.1492, 95.6532, 110.6049, -75.2869, -16.4386, 96.1415, -109.8853, -76.4094, 79.7312, 92.7008, -93.662, 22.9998, 77.2516, -113.755, -92.3118, 62.1778, 76.3326, -112.173, 31.2881, 58.2921, -129.1833, -105.2354, 43.8268, 65.4969, -130.6009, 21.7388, 39.3833, -146.8544, -110.4637, 25.0393, 100.8812, -148.7501, 6.789, 20.6714, -165.2932, -94.5689, 6.0001, 163.0049, -166.3671, -10.2919, 2.3991, 175.9552, -65.5575, -13.182, 155.1719, 176.9642, -28.4075, -14.912, 157.0913, -61.7092, -32.433, 139.3469, 162.0448, -47.0977, -29.7675, 138.2316, -71.5845, -51.6941, 121.5215, 150.6387, -66.137, -35.5233, 119.4652, -86.3872, -70.9088, 102.9146, 146.9601, -85.4019, 12.8468, 100.8776, -103.3205, -90.0119, 83.9313, 158.1273, -104.819, 49.2668, 82.5672, -121.3458, -108.9157, 64.7455, 175.4343, -124.3418, 41.1328, 64.6614, -140.0029, -127.4848, 45.4448, 178.1278, -143.9395, 25.6283, 47.3362, -159.0596, -145.4869, 26.0777, 169.5634, -163.5915, 7.9416, 30.8457, -178.3873, -162.4761, 6.6722, 155.8259]"
2022-08-09,25.0478,121.532,0.2404713852958031,QPS-SAR-5 TSUKUYOMI-I,58578,24.4,"[-22.3647, 2.1716, 26.1886, 41.2241, 36.7025, 16.2786, -9.0899, -31.7919, -42.1619, -32.355, -10.1157, 14.9876, 35.7724, 41.5931, 27.4239, 3.373, -21.5614, -39.4327, -39.4499, -21.7698, 2.838, 26.7451, 41.385, 36.3191, 15.645, -9.746, -32.2724, -42.1621, -31.8763, -9.4612, 15.6235, 36.1704, 41.4537, 26.8741, 2.7059, -22.1587, -39.704, -39.1666, -21.1702, 3.5042, 27.296, 41.5312, 35.9247, 15.0082, -10.4008, -32.7446, -42.1469, -31.3893, -8.8048, 16.2569, 36.558, 41.2994, 26.318, 2.0381, -22.7518, -39.9623, -38.8704, -20.566, 4.1702, 27.8408, 41.6625, 35.5196, 14.3683, -11.054, -33.2086, -42.1162, -30.8941, -8.1464, 16.8876, 36.935, 41.1304, 25.7557, 1.3696, -23.3404, -40.2073, -38.5616, -19.9575, 4.8358, 28.3795, 41.7789, 35.1042, 13.7255, -11.7056, -33.6638, -42.0702, -30.391, -7.4864, 17.5153, 37.3009, 40.9467, 25.1874, 0.7006, -23.9243, -40.4388, -38.2404, -19.3447, 5.5009, 28.9117, 41.8802, 34.6785, 13.0799, -12.3554, -34.1102, -42.0087, -29.8801, -6.8246, 18.14, 37.6556, 40.7486, 24.6134, 0.0311, -24.5035, -40.6566, -37.907, -18.7277, 6.1653, 29.4374, 41.9662, 34.2429, 12.4316, -13.0032, -34.5475, -41.932, -29.3618, -6.1614, 18.7616, 37.9989, 40.5361, 24.0338, -0.6386, -25.0776, -40.8604, -37.5617, -18.1069, 6.8291, 29.9562, 42.0369, 33.7976, 11.7807, -13.649, -34.9753, -41.8399, -28.8361, -5.4968]","[176.6364, -156.5039, -128.5734, -88.6791, -41.991, -7.9658, 18.4576, 48.9102, 92.4743, 136.2017, 166.6686, -167.3372, -134.3846, -88.2157, -47.1766, -18.5148, 8.5236, 45.333, 92.2083, 128.7979, 155.5403, -176.3491, -136.0718, -89.5469, -55.8619, -29.4789, 1.2375, 45.1122, 88.53, 118.7329, 144.7608, 178.0437, -135.5992, -94.9402, -66.4687, -39.3161, -2.1282, 44.7376, 80.9529, 107.5858, 135.8845, 176.5422, -137.1134, -103.7626, -77.4122, -46.4242, -2.2496, 40.8484, 70.7947, 96.8641, 130.4837, 177.0122, -142.7123, -114.4231, -87.1482, -49.5793, -2.7424, 33.1015, 59.6327, 88.1278, 129.1624, 175.3094, -151.6675, -125.3419, -94.0745, -49.6117, -6.8433, 22.8543, 48.9729, 82.9355, 129.6177, 169.5073, -162.3777, -134.9725, -97.0207, -50.2321, -14.7561, 11.6812, 40.3808, 81.7882, 127.7214, 160.4234, -173.2679, -141.7134, -96.9747, -54.5447, -25.0882, 1.0874, 35.399, 82.2169, 121.7187, 149.6676, 177.2112, -144.4528, -97.7315, -62.6197, -36.2684, -7.3562, 34.4192, 80.1227, 112.5105, 138.81, 170.6592, -144.3394, -102.2558, -73.0326, -46.7921, -12.1259, 34.8094, 73.9222, 101.713, 129.4032, 168.1242, -145.2411, -110.4889, -84.2161, -55.083, -12.9453, 32.5133, 64.5939, 90.8921, 123.0434, 168.2938, -149.9763, -120.9786, -94.6655, -59.6392, -12.6054, 26.1179, 53.7588, 81.6036, 120.7098, 167.2392, -158.3638, -132.1615, -102.7994, -60.3059, -15.1068, 16.6738, 42.9786, 75.4393, 120.9241, 162.2937, -168.9261]"
2024-10-14,25.0478,121.532,0.2404040404013468,JILIN-01 KUANFU 02B 1,61189,18.6,"[-15.0243, -52.4099, -82.4531, -51.0453, -13.5959, 24.1769, 61.4172, 77.4595, 41.6892, 4.0667, -33.5959, -70.2445, -69.3718, -32.6322, 5.0778, 42.7252, 78.2926, 60.3951, 23.1489, -14.5849, -51.9802, -82.4802, -51.4755, -14.0353, 23.738, 60.9932, 77.8076, 42.1245, 4.5069, -33.1596, -69.8399, -69.778, -33.0686, 4.6377, 42.2903, 77.9534, 60.8195, 23.5877, -14.1457, -51.5506, -82.482, -51.9051, -14.4744, 23.2993, 60.5691, 78.1493, 42.5593, 4.9467, -32.7235, -69.4342, -70.1825, -33.5044, 4.198, 41.8556, 77.6083, 61.2432, 24.0261, -13.7068, -51.1211, -82.4587, -52.3341, -14.9131, 22.861, 60.1449, 78.4843, 42.9935, 5.3862, -32.2878, -69.0276, -70.5852, -33.9399, 3.7586, 41.4211, 77.2577, 61.666, 24.4641, -13.2683, -50.6917, -82.4103, -52.7626, -15.3514, 22.4229, 59.7205, 78.8119, 43.4273, 5.8254, -31.8522, -68.6202, -70.9862, -34.3749, 3.3195, 40.9868, 76.9022, 62.088, 24.9017, -12.83, -50.2624, -82.3376, -53.1904, -15.7893, 21.9851, 59.2961, 79.1316, 43.8607, 6.2641, -31.4169, -68.2119, -71.3852, -34.8094, 2.8808, 40.5527, 76.5422, 62.5091, 25.3389, -12.3921, -49.8333, -82.2413, -53.6177, -16.2269, 21.5477, 58.8716, 79.4426, 44.2935, 6.7026, -30.9819, -67.8029, -71.7823, -35.2435, 2.4425, 40.1189, 76.178, 62.9294, 25.7756, -11.9545, -49.4042, -82.1222, -54.0444, -16.664, 21.1105, 58.4471, 79.7442, 44.7258, 7.1406, -30.5471]","[-7.2707, -17.6268, -105.5225, 176.5976, 166.5169, 158.7755, 145.6401, 13.5138, -18.6339, -27.3618, -35.4446, -54.4862, 165.0643, 146.8766, 138.8414, 129.9969, 94.9357, -34.6134, -47.3235, -55.0417, -65.3068, -150.0235, 128.9115, 118.7453, 111.0118, 98.0554, -33.0654, -66.3626, -75.1365, -83.1948, -101.8275, 117.7017, 99.1253, 91.0668, 82.2702, 48.4598, -82.2074, -95.0878, -102.8131, -112.9897, 165.4856, 81.228, 70.9739, 63.2477, 50.4639, -79.5739, -114.0899, -122.9112, -130.9459, -149.1876, 70.3572, 51.3749, 43.2921, 34.5419, 1.909, -129.7951, -142.8517, -150.5847, -160.6756, 120.9826, 33.5472, 23.2027, 15.4831, 2.866, -126.0068, -161.8158, -170.6858, -178.6979, 163.4344, 23.0317, 3.6251, -4.4827, -13.1878, -44.7117, -177.3764, 169.3849, 161.6435, 151.6357, 76.4456, -14.1306, -24.5683, -32.2821, -44.738, -172.3591, 150.4596, 141.5396, 133.5493, 116.0394, -24.2737, -44.1238, -52.2577, -60.919, -91.3976, 135.0491, 121.6218, 113.8713, 103.9443, 31.8543, -61.8056, -72.3391, -80.0477, -92.3479, 141.3743, 102.7366, 93.7651, 85.7957, 68.6286, -71.5577, -91.8719, -100.0327, -108.6516, -138.1443, 87.4817, 73.8592, 66.0989, 56.2502, -12.8099, -109.4775, -120.1096, -127.8138, -139.9635, 95.1988, 55.0151, 45.9906, 38.0413, 21.2026, -118.819, -139.6193, -147.8078, -156.3856, 175.0523, 39.9216, 26.0971, 18.3263, 8.5536, -57.5628, -157.1463, -167.88, -175.5803, 172.4155, 49.1198, 7.2951, -1.7838, -9.7138]"
2015-08-15,25.0478,121.532,0.2403159596308111,CAPELLA-19 (ACADIA),67384,26.0,"[43.0096, 77.6666, 61.8113, 25.5746, -11.2116, -47.7293, -80.7935, -57.4666, -21.1828, 15.6012, 52.1133, 82.2329, 52.835, 16.3383, -20.4474, -56.7527, -81.166, -48.4527, -11.9487, 24.8392, 61.1026, 78.2289, 43.738, 7.086, -29.6563, -65.61, -74.5092, -39.3454, -2.6976, 34.0501, 69.8451, 70.3282, 34.5726, -2.1713, -38.8254, -74.0548, -66.1054, -30.1789, 6.5597, 43.2186, 77.8298, 61.6081, 25.3636, -11.423, -47.9368, -80.9048, -57.2619, -20.9718, 15.8128, 52.3206, 82.24, 52.6279, 16.1267, -20.6586, -56.9578, -81.0636, -48.245, -11.7369, 25.0505, 61.3064, 78.0692, 43.5287, 6.8739, -29.8669, -65.8098, -74.3266, -39.1358, -2.4854, 34.2608, 70.0402, 70.1336, 34.3618, -2.3836, -39.0352, -74.2386, -65.9057, -29.968, 6.7722, 43.4283, 77.9921, 61.404, 25.1518, -11.6353, -48.1452, -81.013, -57.0563, -20.7599, 16.0252, 52.5286, 82.2414, 52.4198, 15.9142, -20.8706, -57.1636, -80.957, -48.0364, -11.5243, 25.2627, 61.511, 77.9073, 43.3185, 6.661, -30.0784, -66.0101, -74.1425, -38.9254, -2.2723, 34.4724, 70.2358, 69.9378, 34.1501, -2.5968, -39.2457, -74.4225, -65.705, -29.7563, 6.9855, 43.6389, 78.1536, 61.199, 24.9391, -11.8485, -48.3543, -81.118, -56.8497, -20.5472, 16.2385, 52.7374, 82.237, 52.2108, 15.7008, -21.0835, -57.3702, -80.8463, -47.8269, -11.3109, 25.4757, 61.7162, 77.7431, 43.1073, 6.4471, -30.2907, -66.2112, -73.957]","[165.8024, 132.0415, 2.7952, -10.711, -18.5147, -28.1052, -79.2057, 167.812, 155.9882, 148.2637, 137.8419, 58.1363, -26.756, -37.3383, -45.0567, -56.6579, -165.9397, 139.1453, 129.436, 121.6503, 108.4583, -18.9403, -54.7963, -63.8346, -71.7719, -87.3275, 137.0867, 111.5368, 102.9739, 94.8056, 75.781, -62.5452, -82.0776, -90.2788, -98.7953, -123.499, 100.3743, 84.4903, 76.5306, 67.5551, 33.2141, -95.5255, -108.9397, -116.7381, -126.3621, -178.5236, 69.5205, 57.7617, 50.0391, 39.5721, -41.6229, -125.0276, -135.563, -143.283, -154.9469, 94.6736, 40.8871, 31.2125, 23.4218, 10.1414, -117.812, -153.0446, -162.0574, -170.0035, 174.3103, 38.4981, 13.2955, 4.7515, -3.4299, -22.6561, -160.9892, 179.6866, 171.4988, 162.9638, 137.9251, 2.0081, -13.7416, -21.6922, -30.6927, -65.6329, 166.1548, 152.8315, 145.0384, 135.3803, 82.1266, -28.7704, -40.4648, -48.1856, -58.6988, -141.3902, 136.7012, 126.2122, 118.4905, 106.7627, -4.6906, -57.3709, -67.0111, -74.807, -88.1777, 143.3313, 108.7072, 99.7198, 91.7645, 75.9449, -60.0832, -84.9457, -93.471, -101.6658, -121.0988, 100.5706, 81.4508, 73.2763, 64.7224, 39.3388, -96.3562, -111.9735, -119.915, -128.9412, -164.5002, 67.8363, 54.6027, 46.8147, 37.1218, -17.2556, -127.0606, -138.6914, -146.4105, -156.9707, 118.8366, 38.4304, 27.9874, 20.2638, 8.4708, -104.0319, -155.6286, -165.2348, -173.036, 173.501, 44.4894, 10.4592, 1.4969, -6.4677, -22.424, -158.6573]"
2022-12-25,25.0478,121.532,0.2394021043581922,STRIX-1,53815,4.6,"[-70.9367, -33.8331, 4.3397, 42.4772, 78.5325, 59.7129, 21.9146, -16.3368, -54.1872, -82.0267, -48.3812, -10.4058, 27.8367, 65.4147, 73.5681, 36.5934, -1.6013, -39.7106, -76.1734, -62.6956, -25.114, 13.1178, 51.1252, 82.5899, 51.1543, 13.1474, -25.0845, -62.6673, -76.1983, -39.74, -1.6311, 36.5638, 73.5415, 65.4432, 27.8666, -10.3756, -48.3514, -82.0155, -54.2169, -16.3675, 21.8839, 59.6829, 78.5561, 42.5081, 4.3712, -33.8017, -70.9075, -68.3433, -31.0492, 7.1466, 45.2488, 80.4913, 56.9905, 19.1142, -19.1351, -56.9129, -80.6371, -45.6268, -7.6032, 30.6284, 68.0636, 71.0334, 33.8095, -4.4048, -42.4769, -78.4234, -60.0051, -22.3236, 15.9185, 53.8698, 82.0876, 48.4014, 10.3465, -27.8707, -65.334, -73.7862, -36.9711, 1.1701, 39.3405, 75.9752, 62.7682, 25.0766, -13.172, -51.0929, -82.5871, -51.4863, -13.5738, 24.6754, 62.3817, 76.3138, 39.7392, 1.5728, -36.5726, -73.4299, -65.7153, -28.2712, 9.9435, 48.0048, 81.9382, 54.264, 16.3216, -21.9215, -59.6159, -78.7281, -42.8753, -4.8091, 33.4076, 70.6617, 68.443, 31.0315, -7.1981, -45.228, -80.386, -57.3064, -19.5402, 18.7083, 56.5946, 80.7398, 45.6506, 7.5544, -30.6442, -67.962, -71.2805, -34.207, 3.9618, 42.1031, 78.2421, 60.0798, 22.2937, -15.9572, -53.8161, -82.1584, -48.7557, -10.788, 27.4551, 65.0497, 73.9087, 36.9751, -1.216, -39.3296, -75.8486, -63.0653, -25.4993, 12.7301]","[164.1159, 144.4906, 136.4063, 127.6152, 92.0617, -37.7147, -50.0997, -57.8013, -68.5182, -172.4414, 125.2483, 115.6813, 107.8571, 92.7628, -47.0732, -70.2165, -78.4839, -86.9942, -115.2115, 108.7635, 95.1487, 87.3993, 77.3345, -5.7849, -89.1234, -99.1938, -106.9426, -120.544, 103.4798, 75.2022, 66.6892, 58.4239, 35.3227, -104.5389, -119.6507, -127.4758, -137.038, 160.8455, 56.7312, 46.0071, 38.3058, 25.9318, -103.7586, -139.4063, -148.2008, -156.2832, -175.8761, 42.7963, 25.6497, 17.7069, 8.5852, -37.3322, -157.3633, -168.8461, -176.5335, 172.0213, 53.09, 6.1391, -3.023, -10.9517, -27.8936, -169.3343, 170.9081, 162.8199, 154.0372, 118.945, -11.1378, -23.6156, -31.3202, -41.9745, -144.874, 151.6763, 142.0954, 134.2734, 119.2476, -20.2499, -43.7175, -52.0057, -60.4907, -88.266, 135.2318, 121.5649, 113.8139, 103.7673, 22.0727, -62.5892, -72.7131, -80.4558, -93.9415, 130.2155, 101.624, 93.1037, 84.8442, 61.9443, -77.9006, -93.1608, -100.9957, -110.5133, -171.391, 83.1714, 72.4226, 64.7222, 52.3887, -76.579, -112.8951, -121.7214, -129.7869, -149.1356, 69.3193, 52.0686, 44.1222, 35.0127, -10.1296, -130.7985, -142.3618, -150.0493, -161.416, 80.3494, 32.5675, 23.3926, 15.4675, -1.3722, -142.5788, -162.5943, -170.7002, -179.4512, 146.11, 15.3241, 2.8019, -4.9036, -15.5321, -117.0128, 178.2049, 168.5769, 160.7646, 145.8888, 6.4021, -17.2946, -25.5896, -34.0664, -61.5196, 161.8469, 148.0543, 140.2965]"
2021-05-24,25.0478,121.532,0.2377229080932526,FLOCK 4G 22,62645,29.3,"[-13.1677, -50.763, -82.5873, -52.4918, -14.9336, 22.982, 60.4274, 78.2653, 42.4338, 4.631, -33.2115, -70.0639, -69.5458, -32.6554, 5.192, 42.9884, 78.6948, 59.885, 22.4224, -15.4934, -53.0391, -82.5013, -50.2141, -12.6076, 25.3053, 62.6721, 76.381, 40.1283, 2.3007, -35.5203, -72.1916, -67.373, -30.3432, 7.5221, 45.2893, 80.3363, 57.6254, 20.0972, -17.818, -55.3085, -81.7432, -47.9304, -10.2802, 27.6271, 64.9019, 74.3786, 37.8193, -0.0297, -37.8263, -74.267, -65.1739, -28.0284, 9.8522, 47.5863, 81.65, 55.3559, 17.7705, -20.1414, -57.57, -80.4718, -45.6413, -7.9517, 29.9473, 67.1125, 72.2978, 35.5071, -2.3602, -40.1293, -76.2665, -62.9547, -25.711, 12.1821, 49.8786, 82.4625, 53.0783, 15.4425, -22.4635, -59.8221, -78.8612, -43.3474, -5.6222, 32.2657, 69.298, 70.1629, 33.192, -4.6906, -42.429, -78.1522, -60.7195, -23.3914, 14.5115, 52.1657, 82.6066, 50.7936, 13.1134, -24.7839, -62.0628, -77.0369, -41.0491, -3.2918, 34.582, 71.4499, 67.9894, 30.8742, -7.0206, -44.7249, -79.8604, -58.4715, -21.0697, 16.8403, 54.4467, 82.0455, 48.5029, 10.7833, -27.1026, -64.2893, -75.0768, -38.7469, -0.9608, 36.896, 73.5552, 65.7874, 28.5541, -9.3503, -47.0167, -81.2864, -56.2128, -18.746, 19.1683, 56.7203, 80.9088, 46.2068, 8.4524, -29.4194, -66.4979, -73.0274, -36.441, 1.3707, 39.2074, 75.5935, 63.5637, 26.2317, -11.6792, -49.3038]","[3.6593, -6.2279, -82.8164, -172.473, 177.2947, 169.6621, 157.1263, 26.2208, -7.9683, -16.6687, -24.6371, -43.1678, 175.4429, 157.4099, 149.4708, 140.7098, 104.8548, -24.5416, -36.8721, -44.4973, -54.8478, -148.5528, 138.9256, 129.1396, 121.4647, 107.9723, -27.8483, -56.3357, -64.8072, -72.913, -93.8522, 125.3969, 109.1613, 101.3296, 92.2915, 47.9291, -73.4898, -85.0547, -92.6611, -103.5547, 147.5799, 90.3937, 80.9902, 73.2532, 58.6033, -80.3894, -104.6684, -112.9447, -121.2147, -145.2702, 75.7207, 60.9315, 53.1852, 43.8241, -12.2204, -122.3079, -133.2274, -140.8334, -152.3666, 87.1664, 41.9202, 32.8452, 25.0256, 8.9581, -131.8686, -152.9713, -161.0822, -169.5463, 162.2783, 26.3269, 12.7181, 5.0363, -4.7008, -75.8944, -171.0197, 178.6085, 170.9842, 158.6928, 30.0123, -6.5036, -15.2964, -23.2206, -41.0484, 177.4041, 158.7518, 150.7792, 142.0878, 108.3424, -22.8472, -35.4811, -43.118, -53.2941, -141.6699, 140.3561, 130.4516, 122.7901, 109.593, -24.6878, -54.8849, -63.4356, -71.4881, -91.5376, 127.2217, 110.4974, 102.6387, 93.6817, 52.2685, -71.8474, -83.668, -91.2791, -101.9691, 153.5166, 91.8051, 82.3007, 74.5825, 60.2932, -77.6693, -103.2297, -111.5735, -119.7803, -142.6867, 77.4436, 62.2625, 54.4951, 45.2289, -6.7641, -120.7079, -131.8443, -139.4483, -150.7426, 91.9213, 43.3157, 34.1545, 26.3594, 10.7379, -129.4585, -151.543, -159.711, -168.1008, 165.24, 27.972, 14.0447, 6.3474, -3.2789]"
2015-08-11,24.0,121.0,0.2370823287042636,FLOCK 4G 14,62667,14.9,"[-16.9571, 21.9104, 60.3085, 77.6142, 40.6783, 1.9032, -36.8567, -74.2379, -64.3065, -26.1771, 12.6667, 51.2893, 82.6, 49.8086, 11.1591, -27.6764, -65.7369, -72.9018, -35.3643, 3.4111, 42.1699, 78.7853, 58.8494, 20.4065, -18.4598, -56.8558, -80.3382, -44.5046, -5.8458, 32.9909, 70.8521, 67.711, 29.6343, -9.2184, -47.8207, -82.0822, -53.5753, -15.0937, 23.7729, 62.1084, 76.0763, 38.8301, 0.0372, -38.7013, -75.8463, -62.5272, -24.3222, 14.5295, 53.1152, 82.1911, 47.9766, 9.2969, -29.5266, -67.4907, -71.2189, -33.5203, 5.2721, 44.0084, 80.1068, 57.0432, 18.5502, -20.313, -58.6549, -79.0554, -42.6748, -3.9887, 34.8361, 72.5447, 65.957, 27.7862, -11.0725, -49.6396, -82.5598, -51.7653, -13.2425, 25.6213, 63.8867, 74.4796, 36.9929, -1.8155, -40.5308, -77.3779, -60.7508, -22.4791, 16.3787, 54.9241, 81.4002, 46.1544, 7.4475, -31.3624, -69.2157, -69.5194, -31.6875, 7.12, 45.8315, 81.2273, 55.2439, 16.7063, -22.1522, -60.4348, -77.641, -40.8553, -2.1443, 36.6666, 74.1904, 64.2015, 25.9499, -12.9129, -51.4423, -82.6001, -49.9641, -11.4037, 27.4557, 65.6416, 72.8444, 35.1668, -3.655, -42.3452, -78.8076, -58.9789, -20.6478, 18.2144, 56.7155, 80.3278, 44.3422, 5.611, -33.1836, -70.9078, -67.8104, -29.866, 8.9546, 47.639, 82.0705, 53.4524, 14.8747, -23.9773, -62.1945, -76.14, -39.0463, -0.3127, 38.4826, 75.7781, 62.4474, 24.1255]","[-59.9296, -67.6841, -80.3197, 146.2972, 114.1161, 105.4686, 97.1466, 72.9448, -66.7541, -81.2082, -89.0314, -99.1624, 171.7442, 93.8754, 84.0209, 76.1569, 60.8674, -80.1574, -102.2504, -110.4709, -119.2682, -155.7303, 74.7585, 62.6533, 54.9084, 43.4504, -78.2877, -122.8783, -131.9339, -140.0211, -159.5731, 58.1267, 41.4511, 33.5166, 24.0022, -38.5964, -142.7523, -153.357, -161.1344, -174.5188, 48.5015, 20.543, 12.0608, 3.5964, -23.8, -161.1104, -174.6683, 177.547, 167.0337, 64.8365, 0.1549, -9.3943, -17.3207, -33.8086, -175.8304, 164.2312, 156.1207, 147.1164, 103.9681, -19.2555, -30.7835, -38.5276, -50.5511, -178.899, 143.5008, 134.6578, 126.4648, 104.8449, -36.5783, -52.0268, -59.8973, -69.7107, -145.1198, 123.4355, 113.2218, 105.4091, 91.1611, -48.349, -73.007, -81.3453, -89.9709, -121.3843, 104.6744, 91.8819, 84.1231, 73.1786, -40.0525, -93.5243, -102.8051, -110.8074, -128.7104, 88.9113, 70.7297, 62.7124, 53.4759, 1.7532, -113.1859, -124.2126, -131.9681, -144.636, 82.1435, 49.9087, 41.2522, 32.9374, 8.7909, -131.0765, -145.4922, -153.3125, -163.4615, 107.5114, 29.6769, 19.8061, 11.9457, -3.3042, -144.4996, -166.5365, -174.7501, 176.4425, 139.9207, 10.5753, -1.5587, -9.3039, -20.7354, -142.6093, 172.8325, 163.7879, 155.6957, 136.1068, -6.0262, -22.7567, -30.696, -40.1928, -102.6272, 152.9544, 142.365, 134.5863, 121.1809, -15.5782, -43.6581, -52.1512, -60.6046, -87.8764, 134.592, 121.0535]"
2021-10-05,24.0,121.0,0.2363636363612121,LEGION 4,60453,12.6,"[32.6149, 45.0938, 35.486, 11.9917, -14.7129, -37.4133, -44.7498, -30.2252, -5.0897, 21.3234, 41.3582, 42.8365, 24.4287, -1.6378, -27.3151, -43.9637, -39.5386, -18.0306, 8.6072, 32.9831, 45.122, 35.1457, 11.5213, -15.1757, -37.721, -44.6659, -29.8336, -4.6108, 21.7652, 41.5866, 42.6477, 23.9991, -2.1184, -27.7248, -44.0951, -39.2632, -17.5758, 9.0823, 33.3477, 45.1423, 34.8011, 11.0498, -15.6376, -38.0239, -44.5743, -29.4387, -4.1313, 22.2054, 41.8088, 42.4521, 23.567, -2.5991, -28.132, -44.2191, -38.9822, -17.1194, 9.5571, 33.7088, 45.1546, 34.4522, 10.5773, -16.0984, -38.3221, -44.475, -29.0407, -3.6512, 22.644, 42.0247, 42.2498, 23.1327, -3.0798, -28.5367, -44.3357, -38.6957, -16.6613, 10.0314, 34.0662, 45.1589, 34.0991, 10.1037, -16.5583, -38.6152, -44.3681, -28.6395, -3.1707, 23.0807, 42.2342, 42.0407, 22.6961, -3.5605, -28.9387, -44.4449, -38.4039, -16.2017, 10.5052, 34.4198, 45.1552, 33.7419, 9.6292, -17.017, -38.9034, -44.2535, -28.2353, -2.6896, 23.5156, 42.4373, 41.825, 22.2573, -4.0413, -29.338, -44.5465, -38.1068, -15.7405, 10.9784, 34.7695, 45.1434, 33.3805, 9.1537, -17.4746, -39.1864, -44.1314, -27.8281, -2.2081, 23.9487, 42.6338, 41.6028, 21.8163, -4.5219, -29.7346, -44.6405, -37.8045, -15.2779, 11.4511, 35.1153, 45.1236, 33.0153, 8.6773, -17.931, -39.4641, -44.0018, -27.4179, -1.7262, 24.3798, 42.8236]","[89.2207, 133.2775, 179.4263, -150.1773, -125.4071, -93.5807, -46.003, -3.6341, 24.1297, 49.492, 85.1872, 134.2979, 172.1131, -161.9653, -135.2512, -95.156, -46.4525, -12.7264, 12.2569, 41.2336, 85.5708, 131.4804, 161.6594, -173.5577, -141.4865, -93.7262, -51.6612, -24.051, 1.3822, 37.3736, 86.5188, 124.0254, 149.8514, 176.6924, -142.9003, -94.3191, -60.862, -35.9153, -6.7475, 37.8655, 83.5288, 113.4948, 138.2941, 170.6142, -141.4518, -99.6929, -72.232, -46.724, -10.4336, 38.7348, 75.9341, 101.6685, 128.6408, 169.3598, -142.1915, -108.9999, -84.0859, -54.7226, -9.8389, 35.5717, 65.3288, 90.1484, 122.7215, 170.8201, -147.7291, -120.4134, -94.8264, -58.2346, -9.0543, 27.8394, 53.4863, 80.5941, 121.6241, 169.9302, -157.1401, -132.255, -102.6917, -57.5424, -12.3909, 17.1616, 42.0054, 74.8354, 123.0892, 164.2302, -168.595, -142.925, -106.0294, -56.8486, -20.2586, 5.3047, 32.5524, 73.8924, 122.0461, 154.7175, 179.5777, -150.6546, -105.2455, -60.359, -31.0069, -6.1349, 26.956, 75.3552, 116.1852, 143.2232, 168.9803, -153.8182, -104.6483, -68.3599, -42.8761, -15.4842, 26.1646, 74.1561, 106.573, 131.4121, 161.3887, -152.9483, -108.3325, -79.1765, -54.2725, -20.9167, 27.6181, 68.1358, 95.0412, 120.8897, 158.3991, -152.4533, -116.4644, -91.0562, -63.5156, -21.5596, 26.2602, 58.4265, 83.2483, 113.4383, 159.3488, -156.3113, -127.3471, -102.4071, -68.7827, -20.1225, 20.0822, 46.8592, 72.8031, 110.6223]"
2023-09-18,25.0478,121.532,0.2342935528120478,ICEYE-X47,62389,25.7,"[-29.6599, -44.6235, -37.8337, -15.3102, 11.4747, 35.2108, 45.102, 32.6546, 8.066, -18.6083, -39.8915, -43.77, -26.7369, -0.8997, 25.1881, 43.2085, 40.7636, 20.0893, -6.5078, -31.4003, -44.9538, -36.4228, -13.2246, 13.5794, 36.6998, 44.8935, 30.9602, 5.9231, -20.6226, -41.0253, -43.0481, -24.8506, 1.2589, 27.0691, 43.9027, 39.5986, 18.0635, -8.6468, -33.0732, -45.1263, -34.9206, -11.1184, 15.6634, 38.0957, 44.5268, 29.1998, 3.7715, -22.6019, -42.0375, -42.1873, -22.9184, 3.4159, 28.898, 44.4492, 38.3219, 16.0082, -10.7729, -34.6716, -45.1391, -33.335, -8.9951, 17.7229, 39.3903, 44.0059, 27.3799, 1.6145, -24.5414, -42.9198, -41.1953, -20.9455, 5.5683, 30.6687, 44.8424, 36.9422, 13.9275, -12.8828, -36.1881, -44.992, -31.6736, -6.8581, 19.7537, 40.5749, 43.3362, 25.5067, -0.5449, -26.4361, -43.6646, -40.0803, -18.9365, 7.7129, 32.3748, 45.078, 35.4678, 11.825, -14.9728, -37.6146, -44.6865, -29.9434, -4.7108, 21.7517, 41.6407, 42.5241, 23.5857, -2.7034, -28.2806, -44.2646, -38.8506, -16.8959, 9.8464, 34.0092, 45.1534, 33.907, 9.7046, -17.0394, -38.9431, -44.226, -28.1512, -2.5563, 23.7121, 42.5794, 41.577, 21.6224, -4.8579, -30.0689, -44.714, -37.5149, -14.8279, 11.9654, 35.5647, 45.0678, 32.2674, 7.5697, -19.0784, -40.1649, -43.6152, -26.3031, -0.3978, 25.63, 43.3828, 40.5032, 19.6216, -7.0053, -31.7949, -45.0081]","[-16.1997, 25.7534, 73.5992, 105.8135, 130.7015, 161.0737, -152.6374, -108.2331, -79.2965, -54.1883, -20.0716, 28.7865, 68.4901, 95.1041, 121.3289, 159.9949, -150.7182, -115.5796, -90.2937, -61.9865, -18.6839, 28.289, 59.4275, 84.2851, 115.6717, 162.9682, -153.9355, -125.7856, -100.4421, -65.0551, -15.8425, 22.4613, 48.5821, 75.3197, 115.3968, 164.2781, -161.8459, -136.7783, -107.6675, -63.0841, -17.1436, 13.0033, 37.9087, 70.394, 118.5319, 160.2576, -172.2914, -146.6325, -109.9173, -60.5733, -23.6467, 2.0639, 29.3994, 70.8842, 119.1485, 151.8333, 176.7617, -153.2364, -107.4702, -62.6943, -33.4526, -8.4209, 25.2428, 74.0323, 114.3535, 141.1921, 167.248, -154.665, -105.4168, -69.8264, -44.4444, -16.4245, 26.4388, 73.8927, 105.4648, 130.3325, 161.3125, -151.8661, -108.3578, -79.9338, -54.6969, -19.7819, 29.4506, 68.3595, 94.6711, 121.2067, 160.6915, -150.3802, -116.0704, -90.9367, -62.1448, -17.9603, 28.5125, 59.0556, 83.9408, 115.9836, 163.705, -154.1278, -126.434, -100.912, -64.6825, -15.2287, 22.2832, 48.1516, 75.2512, 116.1387, 164.5323, -162.3716, -137.4069, -107.7547, -62.3359, -16.9884, 12.6121, 37.5931, 70.7798, 119.221, 160.0026, -172.9471, -147.059, -109.4646, -60.0178, -23.868, 1.6397, 29.3889, 71.6597, 119.3192, 151.2771, 176.1514, -153.2483, -106.7121, -62.605, -33.8592, -8.7037, 25.702, 74.6624, 114.0406, 140.5329, 166.8697, -154.1371, -104.9254, -70.0866, -44.8587, -16.3728, 27.2346]"
2015-08-15,24.0,121.0,0.2341431201246425,ICEYE-X75,68497,25.6,"[41.6834, 76.9156, 62.409, 25.8118, -11.3556, -48.2416, -81.2698, -56.2775, -19.5976, 17.5506, 54.3792, 81.9484, 49.8536, 12.9138, -24.2402, -60.7873, -78.352, -43.6527, -6.7052, 30.426, 66.799, 72.9811, 37.0996, -0.0071, -37.0616, -72.8265, -67.1154, -30.885, 6.2086, 43.2319, 78.1409, 60.9032, 24.2488, -12.9215, -49.7766, -81.8797, -54.7571, -18.0354, 19.1153, 55.9064, 81.3718, 48.3132, 11.3463, -25.8003, -62.2877, -77.1461, -42.1094, -5.1388, 31.9845, 68.2672, 71.5745, 35.5439, -1.5755, -38.6116, -74.2009, -65.644, -29.3293, 7.7758, 44.7789, 79.2786, 59.3908, 22.6847, -14.4872, -51.3092, -82.2223, -53.2326, -16.4722, 20.6797, 57.4299, 80.5689, 46.7701, 9.7781, -27.3597, -63.7811, -75.8715, -40.5639, -3.5718, 33.5423, 69.7211, 70.144, 33.9866, -3.1441, -40.1603, -75.5385, -64.1618, -27.7721, 9.3432, 46.3242, 80.2977, 57.8725, 21.1196, -16.0527, -52.839, -82.2619, -51.7043, -14.9081, 22.2439, 58.949, 79.5919, 45.2244, 8.2094, -28.9183, -65.2663, -74.545, -39.0163, -2.0043, 35.0993, 71.1575, 68.6942, 32.4277, -4.7127, -41.7075, -76.8282, -62.6705, -26.2136, 10.9107, 47.8677, 81.157, 56.3491, 19.5536, -17.6178, -54.3657, -81.9937, -50.1726, -13.3431, 23.8078, 60.4633, 78.4848, 43.6763, 6.6403, -30.4762, -66.7419, -73.1786, -37.4668, -0.4362, 36.6553, 72.5722, 67.2287, 30.8675, -6.2815, -43.2532, -78.0543, -61.1714, -24.6538]","[72.0594, 40.8117, -91.0191, -104.8063, -112.6407, -122.3282, -178.0454, 73.0779, 61.6132, 53.8745, 42.912, -55.4022, -121.9783, -131.9596, -139.7552, -152.7983, 79.801, 43.617, 34.5848, 26.5903, 10.2086, -127.6071, -150.5169, -158.9169, -167.307, 170.0448, 32.2549, 15.6621, 7.6514, -1.3398, -36.7236, -164.9656, -178.0754, 174.1266, 164.1716, 99.1341, -0.5887, -11.634, -19.3717, -30.7447, -138.4704, 164.5183, 154.8074, 146.9762, 133.266, 2.124, -29.7863, -38.6404, -46.7101, -64.2455, 157.1067, 136.1461, 127.8598, 119.3437, 94.4272, -42.0634, -57.6311, -65.5748, -74.7592, -115.2437, 121.1721, 108.6616, 100.891, 90.6394, 15.1052, -74.208, -84.8771, -92.6224, -104.4544, 139.9317, 91.0436, 81.5768, 73.7007, 59.2335, -74.7461, -103.1712, -111.8647, -120.0204, -138.8969, 82.1345, 62.8213, 54.6363, 45.9795, 18.3336, -116.2413, -130.916, -138.8027, -148.2011, 165.0214, 47.3823, 35.4042, 27.6523, 17.0714, -69.4737, -147.7857, -158.1166, -165.8781, -178.2246, 59.7964, 17.5945, 8.3482, 0.4177, -14.9127, -150.9791, -176.5394, 174.9118, 166.6583, 146.2112, 7.4169, -10.4923, -18.588, -27.4012, -58.3613, 169.6991, 155.8067, 147.9674, 138.332, 83.8632, -26.3446, -37.8481, -45.5901, -56.5372, -153.7221, 138.6733, 128.6471, 120.8606, 107.9353, -19.0593, -55.8315, -64.8787, -72.8736, -89.1938, 133.2917, 110.1076, 101.6885, 93.3249, 71.0232, -67.0923, -83.7957, -91.8132, -100.8, -135.8189, 95.7398, 82.5364]"
2024-05-28,25.0478,121.532,0.2340661976449189,FLOCK 3P 50,42029,22.5,"[63.0577, 17.329, -8.5728, 42.1, 12.1766, -20.2306, 32.0057, 6.9602, -50.7058, 24.9801, 1.2222, 77.2155, 19.2178, -5.7826, 46.5354, 13.9712, -15.8664, 34.7071, 8.7772, -36.9962, 27.0511, 3.1967, 67.4189, 21.004, -3.4127, 51.5206, 15.6361, -12.4573, 37.4323, 10.4316, -29.0522, 29.0505, 4.9542, -24.6321, 22.6863, -1.3722, 57.2383, 17.1762, -9.6991, 40.171, 11.9365, -23.6815, 30.9676, 6.5219, -78.3636, 24.2604, 0.398, 63.9344, 18.5931, -7.4192, 42.9025, 13.3003, -19.7475, 32.7869, 7.9184, -55.8037, 25.7194, 1.938, 71.8798, 19.8863, -5.5126, 45.5918, 14.5282, -16.7343, 34.4887, 9.1565, -44.3132, 27.0544, 3.2752, 80.615, 21.0534, -3.9115, 48.1868, 15.623, -14.3713, 36.0496, 10.2454, -37.4097, 28.2549, 4.429, 79.4192, 22.0909, -2.5709, 50.6165, 16.5861, -12.5027, 37.4435, 11.191, -32.8502, 29.3103, 5.4128, 63.2353, 22.9948, -1.4603, 52.7921, 17.4177, -11.0338, 38.6434, 11.9974, -29.7257, 30.2099, 6.2361, 41.4538, 23.7611, -0.559, 54.6136, 18.1174, -9.905, 39.6238, 12.6673, -27.6048, 30.9445, 6.9055, 19.1892, 24.3863, 0.1469, 55.983, 18.6848, -9.0795, 40.3636, 13.2025, -26.2681, 31.5068, 7.425, 4.039, 24.8679, 0.666, 56.8211, 19.1194, -8.5363, 40.8482, 13.6039, -25.6092, 31.8924, 7.7969, 0.9164, 25.2045, 1.0024, 57.0857, 19.4211, -8.2666, 41.0717, 13.872, -25.5959]","[61.4802, 47.0233, 41.3543, 46.7009, 39.3882, 32.838, 37.7357, 31.7718, 19.6878, 29.6427, 24.1045, 55.49, 21.8544, 16.2788, 22.373, 14.1936, 8.0154, 12.7934, 6.5722, -2.3279, 4.5338, -1.0792, 158.533, -3.3229, -8.8532, -1.5741, -11.0147, -16.9592, -12.1102, -18.6461, -26.3232, -20.5742, -26.2892, 154.0814, -28.509, -34.0281, -24.8297, -36.2362, -42.0301, -36.9699, -43.8815, -50.908, -45.6831, -51.5221, -92.4758, -53.7051, -59.2372, -46.6154, -61.4712, -67.1682, -61.7821, -69.1333, -75.7635, -70.7959, -76.7754, -90.815, -78.9129, -84.4751, -64.3036, -86.7202, -92.3565, -86.5465, -94.4009, -100.7732, -95.9167, -102.0478, -112.6195, -104.1345, -109.738, -62.5859, -111.9842, -117.5849, -111.2692, -119.6846, -125.8832, -121.0515, -127.3382, -136.5116, -129.3726, -135.0234, -0.4465, -137.2643, -142.8468, -135.9671, -144.9844, -151.0652, -146.2076, -152.6461, -161.0775, -154.6302, -160.3298, 2.178, -162.5617, -168.1378, -160.6726, -170.3009, -176.3028, -171.3932, -177.9712, 174.0336, -179.9102, 174.344, -15.1562, 172.1222, 166.5449, 174.5636, 164.3655, 158.4137, 163.3828, 156.6864, 148.9515, 154.7844, 148.9987, -36.7054, 146.7862, 141.2032, 149.6762, 139.0144, 133.0901, 138.1123, 131.3269, 123.7338, 129.4512, 123.6348, -60.132, 121.4293, 115.8383, 124.5981, 113.6453, 107.7299, 112.7888, 105.9501, 98.4065, 104.0883, 98.2522, -85.1682, 96.0509, 90.4505, 99.2826, 88.2579, 82.3346, 87.4085, 80.5559, 72.9785]"
2024-05-28,25.0478,121.532,0.2340661976449189,UMBRA-04,55050,29.9,"[-81.7065, -24.3491, 29.6295, 79.011, 42.2781, -20.4266, -82.3743, -29.3861, 25.058, 75.2219, 47.4734, -14.4049, -79.0996, -34.7347, 20.2297, 70.8567, 52.8225, -8.1482, -73.7813, -40.4031, 15.1356, 66.1064, 58.305, -1.6737, -67.5581, -46.3966, 9.7654, 61.0507, 63.8897, 5.0005, -60.7816, -52.7154, 4.1073, 55.7248, 69.517, 11.8554, -53.5801, -59.3474, -1.852, 50.1429, 75.0414, 18.8718, -46.0173, -66.248, -8.1272, 44.3084, 79.9938, 26.0303, -38.136, -73.2696, -14.7337, 38.2176, 82.6171, 33.312, -29.9725, -79.7875, -21.6876, 31.8621, 80.3557, 40.6978, -21.5616, -82.5175, -29.0048, 25.2295, 75.0952, 48.1669, -12.9387, -77.5703, -36.6987, 18.3042, 68.8094, 55.6929, -4.1393, -69.515, -44.7776, 11.0676, 62.0428, 63.231, 4.8011, -60.4911, -53.2372, 3.4984, 54.9452, 70.6752, 13.849, -50.9364, -62.0399, -4.4268, 47.5605, 77.6641, 22.9728, -41.0009, -71.0362, -12.7325, 39.8959, 82.4078, 32.1442, -30.7711, -79.4704, -21.4435, 31.9412, 80.2353, 41.3369, -20.3162, -82.0827, -30.5823, 23.6768, 73.5133, 50.5225, -9.6991, -74.425, -40.1649, 15.0766, 65.6087, 59.6585, 1.0215, -63.981, -50.1918, 6.1101, 57.2209, 68.6418, 11.7927, -52.7242, -60.6211, -3.2567, 48.4976, 77.0782, 22.5684, -41.0209, -71.2538, -13.0588, 39.4656, 82.5422, 33.3103, -29.0254, -80.7938, -23.3302, 30.1126, 78.766, 43.9851, -16.8464, -80.0326, -34.0988, 20.4089]","[-143.3379, -86.674, -81.6574, -46.6428, 82.2388, 89.1958, 158.991, -102.8706, -97.7845, -74.4351, 65.51, 72.9635, 110.711, -119.2137, -113.8946, -97.2994, 48.422, 56.7459, 79.5346, -135.7643, -129.9967, -117.5783, 30.7744, 40.5265, 56.0044, -152.6241, -146.101, -136.4082, 12.1872, 24.2868, 35.7493, -169.975, -162.2192, -154.3665, -8.1473, 8.0046, 17.0993, 171.8244, -178.3656, -171.7697, -32.2239, -8.3481, -0.6704, 151.9614, 165.4411, 171.1958, -65.807, -24.8104, -17.9187, 128.1906, 149.1758, 154.4131, -121.2302, -41.4394, -34.8436, 92.404, 132.8021, 137.8039, -179.7655, -58.3249, -51.5661, 23.0602, 116.2642, 121.3126, 144.3484, -75.6207, -68.167, -36.4841, 99.4699, 104.8965, 119.3826, -93.615, -84.7075, -67.5421, 82.254, 88.5199, 98.6212, -112.9205, -101.2402, -89.9642, 64.2835, 72.1492, 79.7635, -135.0856, -117.8189, -109.3796, 44.7753, 55.7486, 61.8977, -165.086, -134.5085, -127.4677, 21.3902, 39.2738, 44.599, 139.6604, -151.4012, -144.8804, -15.9803, 22.663, 27.6426, 69.2199, -168.6464, -161.9262, -98.7337, 5.8175, 10.8949, 31.0113, 173.4778, -178.7776, -154.9477, -11.4395, -5.7332, 6.2913, 154.371, 164.4503, 177.3913, -29.4742, -22.31, -14.071, 132.4459, 147.6618, 156.4355, -49.2023, -38.8982, -32.6272, 102.0602, 130.7545, 137.7384, -73.6993, -55.5688, -50.2937, 39.6541, 113.587, 120.0204, -119.6324, -72.4205, -67.4782, -33.6821, 95.9177, 102.7764, 145.3834, -89.6193, -84.395]"
2025-05-05,25.0478,121.532,0.2337827459081042,FLOCK 4BE 11,60501,29.9,"[0.5038, 38.9135, 75.8298, 62.7993, 24.8923, -13.5613, -51.6796, -82.647, -50.5121, -12.3435, 26.1381, 64.0176, 74.7296, 37.6659, -0.7262, -39.0502, -75.8157, -62.9659, -25.1576, 13.309, 51.5439, 82.645, 50.3477, 12.1164, -26.3144, -64.0553, -74.8385, -37.909, 0.4572, 38.8673, 75.79, 62.8441, 24.9389, -13.5147, -51.6342, -82.6505, -50.557, -12.3892, 26.0926, 63.974, 74.7696, 37.7113, -0.6804, -39.0051, -75.7772, -63.009, -25.2022, 13.2643, 51.5, 82.6486, 50.3918, 12.1613, -26.2699, -64.0129, -74.8769, -37.9525, 0.4133, 38.8239, 75.7526, 62.8863, 24.9828, -13.4709, -51.5915, -82.6535, -50.5993, -12.4321, 26.0499, 63.9329, 74.8071, 37.754, -0.6374, -38.9628, -75.741, -63.0494, -25.2441, 13.2223, 51.4589, 82.6517, 50.4332, 12.2034, -26.2281, -63.9731, -74.9128, -37.9933, 0.3722, 38.7832, 75.7175, 62.9258, 25.0239, -13.4298, -51.5515, -82.6561, -50.6388, -12.4722, 26.0099, 63.8944, 74.8422, 37.794, -0.5971, -38.9231, -75.7071, -63.0873, -25.2833, 13.1831, 51.4204, 82.6544, 50.4719, 12.2428, -26.1891, -63.9359, -74.9464, -38.0314, 0.3338, 38.7452, 75.6847, 62.9628, 25.0622, -13.3914, -51.5142, -82.6584, -50.6757, -12.5097, 25.9726, 63.8586, 74.8749, 37.8313, -0.5596, -38.8862, -75.6755, -63.1225, -25.3197, 13.1466, 51.3845, 82.6567, 50.5079, 12.2794, -26.1528, -63.9013, -74.9776, -38.0667, 0.2982, 38.71, 75.6542, 62.997]","[159.8528, 151.4399, 124.2562, -13.1411, -26.7304, -34.4475, -44.5536, -132.3039, 148.7591, 138.8737, 131.1245, 116.9226, -22.1833, -47.1106, -55.4198, -63.8333, -90.9533, 131.7217, 118.0673, 110.3429, 100.2485, 12.2576, -66.5377, -76.4008, -84.1477, -98.3478, 122.8037, 97.6959, 89.3709, 80.962, 53.8672, -83.6004, -97.2109, -104.929, -115.0261, 157.5657, 78.2857, 68.392, 60.6439, 46.4651, -92.587, -117.589, -125.9017, -134.3115, -161.3456, 61.2617, 47.5865, 39.8612, 29.7754, -57.882, -137.0114, -146.8826, -154.6284, -168.8061, 52.3982, 27.2171, 18.8887, 10.4834, -16.5282, -154.0613, -167.6919, -175.4108, 174.5005, 87.4144, 7.8115, -2.09, -9.8371, -23.9944, -162.9952, 171.932, 163.616, 155.2097, 128.2559, -9.2, -22.8947, -30.621, -40.6986, -128.0426, 152.514, 142.6352, 134.8905, 120.7337, -18.0122, -43.2623, -51.5938, -59.9958, -86.9298, 135.4762, 121.8267, 114.1069, 104.0262, 17.242, -62.6635, -72.5724, -80.3185, -94.4557, 126.5918, 101.4524, 93.1333, 84.7304, 57.8512, -79.6633, -93.3764, -101.1035, -111.1735, 161.7756, 82.0386, 72.1527, 64.4089, 50.2716, -88.4273, -113.7422, -122.0767, -130.4756, -157.3375, 65.0121, 51.3449, 43.6243, 33.5509, -52.9515, -133.1394, -143.0552, -150.8004, -164.9189, 56.174, 30.9723, 22.6503, 14.2504, -12.5596, -150.1283, -163.8585, -171.5864, 178.3506, 91.5727, 11.5623, 1.6698, -6.0732, -20.1924, -158.8473, 175.7773, 167.44, 159.0441, 132.2488, -5.4536]"
2024-06-16,25.0478,121.532,0.2336135081498651,GLOBAL-15,49470,20.2,"[11.1669, 5.1515, -1.1309, -7.6236, -14.2446, -20.8656, -27.2795, -33.1587, -38.0136, -41.1987, -42.0564, -40.219, -35.8353, -29.4674, -21.804, -13.4608, -4.9208, 3.4577, 11.412, 18.7456, 25.3015, 30.9421, 35.5388, 38.9736, 41.156, 42.0477, 41.6827, 40.165, 37.6449, 34.2855, 30.2367, 25.6225, 20.5391, 15.0587, 9.2371, 3.1216, -3.2391, -9.7827, -16.4161, -22.9911, -29.2689, -34.8751, -39.2649, -41.7606, -41.754, -39.0237, -33.874, -26.9401, -18.9073, -10.3585, -1.7428, 6.6066, 14.4433, 21.5779, 27.8536, 33.1291, 37.2723, 40.1705, 41.7529, 42.0172, 41.0399, 38.9611, 35.9502, 32.1738, 27.7747, 22.8659, 17.5328, 11.8393, 5.8364, -0.4289, -6.9021, -13.5071, -20.1252, -26.5645, -32.5186, -37.5212, -40.9392, -42.0912, -40.54, -36.3557, -30.063, -22.3567, -13.8814, -5.1537, 3.4363, 11.5983, 19.1124, 25.8019, 31.5118, 36.0991, 39.437, 41.4361, 42.0733, 41.4087, 39.5765, 36.7514, 33.1115, 28.8131, 23.9812, 18.71, 13.0699, 7.115, 0.893, -5.5445, -12.1279, -18.751, -25.2423, -31.3258, -36.574, -40.3852, -42.0654, -41.0884, -37.3999, -31.4449, -23.9078, -15.4607, -6.6572, 2.0781, 10.4269, 18.1477, 25.0476, 30.9599, 35.7318, 39.2277, 41.3509, 42.0736, 41.4566, 39.6397, 36.8067, 33.1446, 28.8172, 23.9549, 18.6556, 12.9916, 7.0184, 0.7841, -5.6594, -12.2429, -18.8605, -25.3415, -31.4103, -36.6393, -40.4253, -42.071]","[-163.2072, -158.7973, -154.3032, -149.5213, -144.2078, -138.0598, -130.6978, -121.6756, -110.5773, -97.2923, -82.4223, -67.3472, -53.5164, -41.6551, -31.7188, -23.2909, -15.8869, -9.073, -2.485, 4.183, 11.1871, 18.7295, 26.9331, 35.8009, 45.1775, 54.7523, 64.1312, 72.954, 80.9881, 88.1544, 94.4967, 100.1327, 105.2147, 109.9072, 114.3789, 118.8039, 123.3708, 128.2953, 133.8389, 140.3291, 148.1719, 157.8242, 169.6494, -176.4217, -161.2678, -146.4036, -133.112, -121.8434, -112.3852, -104.2702, -97.0181, -90.2115, -83.5, -76.5886, -69.2336, -61.2571, -52.5827, -43.2824, -33.6018, -23.9222, -14.6516, -6.1036, 1.5666, 8.353, 14.3499, 19.703, 24.5784, 29.1469, 33.5827, 38.0687, 42.8082, 48.0408, 54.0632, 61.2477, 70.0392, 80.876, 93.9407, 108.7468, 123.9821, 138.1352, 150.3608, 160.6294, 169.3422, 176.9965, -175.9532, -169.1216, -162.1841, -154.8688, -146.9654, -138.3558, -129.064, -119.2945, -109.4144, -99.8553, -90.9782, -82.9858, -75.9156, -69.6878, -64.159, -59.1604, -54.5173, -50.0532, -45.5853, -40.9145, -35.8092, -29.9858, -23.0883, -14.6829, -4.3132, 8.2958, 22.8396, 38.1598, 52.6977, 65.4156, 76.1333, 85.1985, 93.1109, 100.3449, 107.3069, 114.3399, 121.7325, 129.7113, 138.4097, 147.8162, 157.7305, 167.7764, 177.5041, -173.4668, -165.3502, -158.1859, -151.8904, -146.3143, -141.2836, -136.6187, -132.1395, -127.6608, -122.9815, -117.8683, -112.0361, -105.1271, -96.7055, -86.3123, -73.6716, -59.0902]"
2022-05-06,25.0478,121.532,0.2305021908268117,ALOS-4,60182,14.9,"[-69.2075, -70.7971, -35.0224, 1.8823, 38.7969, 74.2851, 65.3968, 29.1167, -7.8839, -44.6784, -78.9199, -59.9709, -23.5709, 13.4134, 50.1668, 81.8435, 54.2921, 17.6127, -19.4021, -55.9475, -81.3131, -48.7738, -12.0706, 24.9247, 61.3732, 77.7438, 42.9646, 6.0804, -30.8796, -66.9584, -72.9654, -37.4225, -0.5438, 36.3928, 72.1515, 67.6764, 31.5304, -5.4583, -42.2903, -77.1131, -62.2924, -25.9845, 10.9888, 47.785, 80.9149, 56.6528, 20.0353, -16.9824, -53.5919, -82.0213, -51.1453, -14.4925, 22.5062, 59.0373, 79.4797, 45.358, 8.5069, -28.4704, -64.6789, -75.0589, -39.8186, -2.9694, 33.9857, 69.9528, 69.9221, 33.9412, -3.0323, -39.8979, -75.1348, -64.5956, -28.3955, 8.5638, 45.3976, 79.5009, 59.0025, 22.4562, -14.5613, -51.2278, -82.0348, -53.5091, -16.9127, 20.0863, 56.6883, 80.8989, 47.746, 10.9328, -26.0588, -62.3762, -77.042, -42.2103, -5.3943, 31.5759, 67.7082, 72.1215, 36.3488, -0.6061, -37.5015, -73.0447, -66.8754, -30.8037, 6.1385, 43.0053, 77.7688, 61.3387, 24.8751, -12.139, -48.8565, -81.3508, -55.864, -19.3311, 17.6651, 54.3288, 81.8351, 50.1279, 13.3577, -23.6451, -60.0555, -78.8561, -44.5972, -7.8184, 29.1637, 65.43, 74.2558, 38.7529, 1.8202, -35.1016, -70.8793, -69.1247, -33.2087, 3.7132, 40.6088, 75.8346, 63.6582, 27.292, -9.7158, -46.4789, -80.113, -58.2083, -21.7475, 15.243, 51.9604, 82.1147, 52.5028, 15.7814]","[-18.3162, -156.0393, -176.4067, 175.2488, 166.6032, 141.0071, 5.5512, -10.1392, -18.1763, -27.4623, -67.0885, 169.224, 156.3139, 148.4427, 138.2654, 70.3459, -26.1157, -37.2173, -45.0474, -56.5886, -162.3393, 139.2829, 129.3729, 121.4713, 107.952, -20.2955, -54.9866, -64.066, -72.1762, -88.9373, 134.3931, 111.0988, 102.5769, 94.1286, 72.0083, -65.3513, -82.697, -90.8438, -99.8364, -132.3488, 97.6426, 83.7122, 75.7864, 66.0332, 12.3424, -98.0841, -109.8504, -117.6837, -128.5963, 140.6454, 67.0798, 56.7191, 48.8637, 36.2957, -84.6958, -127.3445, -136.7324, -144.7408, -159.9637, 65.7741, 38.6378, 29.9051, 21.6222, 2.1675, -135.8066, -155.2313, -163.5139, -172.2566, 160.44, 26.2979, 11.1273, 3.1243, -6.2668, -49.0369, -169.9145, 177.5281, 169.6706, 159.2906, 85.1104, -5.0369, -15.9269, -23.7577, -35.5326, -146.119, 160.3546, 150.6055, 142.675, 128.7016, -1.498, -33.784, -42.7652, -50.9117, -68.2812, 154.3429, 132.2619, 123.8145, 115.2837, 91.8627, -44.7418, -61.4381, -69.5422, -78.6241, -113.4043, 118.4265, 104.9202, 97.0172, 87.0903, 28.1909, -77.049, -88.5637, -96.3908, -107.4996, 155.8316, 88.1212, 77.949, 70.0738, 57.1277, -66.8468, -106.1602, -115.433, -123.4695, -139.1791, 85.3294, 59.7867, 51.1425, 42.7902, 22.3242, -115.3811, -133.9812, -142.2118, -151.03, -179.9891, 46.9833, 32.3281, 24.3574, 14.8172, -31.8943, -148.9336, -161.1895, -169.0337, -179.5794, 100.1348, 15.9684, 5.2996]"
2023-05-16,25.0478,121.532,0.2295358649769339,FLOCK 4BE 31,60488,22.7,"[-62.666, -25.0012, 13.306, 51.3864, 82.6543, 50.7819, 12.6901, -25.6144, -63.2553, -75.6743, -39.0244, -0.8308, 37.4328, 74.4021, 64.505, 26.8016, -11.5189, -49.5491, -82.4649, -52.9167, -14.958, 23.3677, 61.1985, 77.3249, 40.846, 2.6143, -35.6169, -72.6529, -66.5254, -29.039, 9.2462, 47.3944, 81.7652, 54.7588, 16.7483, -21.571, -59.3547, -78.9376, -43.0325, -4.8921, 33.4003, 70.7387, 68.3504, 30.8457, -7.4604, -45.5619, -80.6882, -56.8687, -19.0103, 19.314, 57.2628, 80.3335, 44.8614, 6.6772, -31.5898, -68.9322, -70.3144, -33.0714, 5.1834, 43.3862, 79.3062, 58.714, 20.8052, -17.5207, -55.4183, -81.5185, -47.0299, -8.9534, 29.3588, 66.944, 72.1058, 34.8849, -3.3981, -41.5592, -77.79, -60.7945, -23.0596, 15.255, 53.2972, 82.3245, 48.866, 10.7411, -27.5532, -65.1111, -73.9841, -37.0972, 1.1183, 39.3645, 76.0839, 62.6388, 24.8598, -13.4643, -51.4553, -82.6572, -51.0141, -13.0139, 25.3093, 63.0716, 75.7007, 38.9178, 0.6673, -37.5433, -74.3802, -64.6829, -27.105, 11.1916, 49.309, 82.4435, 52.8564, 14.805, -23.5082, -61.2275, -77.4303, -41.115, -2.948, 35.3315, 72.5132, 66.5188, 28.9112, -9.4026, -47.4714, -81.7327, -54.9813, -17.0727, 21.2532, 59.149, 78.9773, 42.943, 4.7349, -33.5159, -70.7263, -68.5149, -31.1454, 7.1248, 45.3028, 80.6169, 56.828, 18.8679, -19.4557, -57.3017, -80.4096, -45.1231, -7.0148, 31.2888]","[179.0389, 165.5355, 157.8289, 147.7764, 62.1347, -18.898, -28.8342, -36.554, -50.3402, 172.24, 145.4254, 137.0227, 128.74, 104.4047, -34.9674, -49.4243, -57.1766, -66.8789, -137.5472, 126.5861, 116.2289, 108.5491, 95.6731, -38.358, -69.4201, -77.9943, -86.1431, -107.7183, 111.3682, 95.6989, 87.8791, 78.5127, 21.1747, -87.9683, -98.7687, -106.4264, -118.5815, 112.6648, 75.8456, 67.0534, 59.0323, 39.7578, -102.1965, -119.2373, -127.1328, -136.2318, 177.0287, 57.6623, 46.3064, 38.6582, 27.171, -94.662, -138.9433, -147.9612, -155.8858, -173.3938, 44.7229, 25.9154, 17.9172, 9.0765, -29.4531, -156.7294, -168.6788, -176.3319, 172.7127, 60.7016, 6.393, -2.9094, -10.7446, -26.7218, -168.1151, 171.0095, 162.9015, 154.2651, 121.7758, -10.8921, -23.5878, -31.2615, -41.7156, -141.4017, 151.6788, 142.0809, 134.3101, 119.5275, -20.2109, -43.8001, -52.0513, -60.4903, -88.2633, 134.9518, 121.4434, 113.7374, 103.6834, 18.7152, -62.8917, -72.8602, -80.5756, -94.2899, 128.234, 101.3326, 92.9317, 84.6474, 60.3783, -78.9077, -93.4449, -101.2026, -110.8748, 179.07, 82.4944, 72.1379, 64.4577, 51.5864, -82.0799, -113.4288, -122.0211, -130.1573, -151.5677, 67.2925, 51.6074, 43.7885, 34.4209, -22.4543, -131.95, -142.7929, -150.449, -162.5474, 68.78, 31.754, 22.9632, 14.9409, -4.2967, -146.1003, -163.2545, -171.1588, 179.7668, 133.5187, 13.5745, 2.2159, -5.4322, -16.9165, -138.1928, 177.0549, 168.013, 160.0978]"
2026-02-20,25.0478,121.532,0.2295119182727204,FLOCK 4S 37,47522,17.9,"[62.797, -43.9998, -30.4757, 61.2138, 19.7032, -82.7354, 9.3553, 76.4922, -26.9665, -45.3653, 47.6122, 35.9277, -72.6437, -4.916, 82.1158, -9.6968, -60.5888, 33.7432, 51.6624, -56.4054, -19.5759, 71.0582, 7.552, -75.6121, 19.6015, 66.7255, -39.1906, -34.6525, 57.3746, 24.5471, -81.6452, 5.1359, 79.9668, -21.531, -50.1395, 43.267, 41.1081, -67.4271, -9.7072, 79.2497, -3.7242, -65.8976, 28.888, 57.0938, -50.2292, -24.9704, 66.1684, 13.9555, -80.4637, 14.2061, 72.1879, -32.2928, -40.6736, 51.8723, 31.2751, -76.7189, -0.838, 82.7216, -14.0309, -56.7766, 37.2442, 48.0644, -60.0356, -16.2985, 73.8545, 4.2461, -72.9063, 22.3253, 64.1508, -41.9321, -32.2118, 59.5613, 22.2574, -82.4863, 7.0612, 78.6449, -23.301, -48.5776, 44.6907, 39.7847, -68.5489, -8.6115, 79.9392, -4.5067, -65.2574, 29.5189, 56.6663, -50.4253, -24.7425, 66.3145, 14.1296, -80.6512, 14.0163, 72.5517, -31.4938, -41.3532, 51.2407, 32.3393, -75.6138, -1.8852, 82.7555, -12.2485, -58.3875, 35.8064, 49.9322, -57.7653, -18.2466, 72.0805, 6.9512, -75.2806, 20.0488, 66.693, -38.5901, -35.105, 56.9007, 25.7905, -80.7447, 3.9016, 80.992, -18.9438, -52.4425, 41.2024, 44.0377, -63.953, -12.7055, 76.7574, 0.7671, -69.9871, 25.1758, 61.5066, -44.5861, -29.822, 61.6737, 20.1865, -82.7683, 8.7667, 77.4492, -24.5723, -47.4527, 45.7176, 39.039, -68.9936, -8.1024, 80.1709]","[-126.667, -107.7577, 58.5082, 73.7327, -124.6468, -28.7488, 54.3202, -161.1875, -128.0136, 38.4858, 51.4478, -144.2389, -117.4414, 35.5751, 100.2171, -147.3923, 15.9422, 31.3963, -165.1183, -147.2973, 16.6927, 38.5712, -166.5185, -17.6093, 12.2015, 170.0341, -169.29, -2.6738, 11.3796, 174.2028, -125.1636, -6.657, 124.4334, 170.7224, -23.3035, -10.1167, 154.247, 175.9485, -25.4758, 15.3088, 151.4068, -47.9577, -29.884, 132.3733, 150.0286, -44.5408, -26.8674, 132.2068, -97.4367, -48.98, 103.4953, 128.9406, -64.3338, -51.1822, 112.6729, 147.1768, -67.8488, 26.214, 109.2391, -86.164, -71.8727, 92.0523, 110.4615, -86.7899, -61.072, 89.9629, -116.2785, -91.3438, 68.0658, 87.3741, -106.1697, -91.5237, 70.6061, 145.2506, -110.3517, 27.1306, 67.0436, -126.773, -113.7066, 50.5969, 73.0747, -129.2747, -84.9089, 47.565, -151.4045, -133.72, 28.6169, 46.1492, -148.4468, -130.6888, 28.2422, 157.2545, -152.9466, -0.9955, 24.8589, -168.427, -155.3328, 8.5445, 40.3692, -171.9223, -87.1775, 5.0603, 169.1695, -176.0969, -12.4452, 5.4161, 168.9985, -167.9051, -14.3236, 135.271, 164.3834, -37.8216, -17.2983, 149.3585, 163.2898, -33.8721, 18.3361, 145.3038, -90.8047, -37.5319, 128.0581, 141.5209, -54.3252, -34.6556, 126.2478, 158.1155, -57.044, 100.2519, 121.6402, -77.7185, -59.4348, 106.7958, 122.1729, -76.5398, 12.1509, 102.4207, -115.8777, -80.2111, 86.1011, 99.1104, -96.6919, -73.9177, 83.3436, 129.0756]"
2026-02-20,25.0478,121.532,0.2295119182727204,FLOCK 4BE 34,60495,25.7,"[-82.5386, -49.6272, -11.3055, 27.3153, 65.2803, 73.4327, 36.0828, -2.4447, -40.8639, -77.4317, -60.968, -22.9516, 15.6643, 53.9918, 81.9794, 47.6184, 9.2174, -29.3151, -67.0248, -71.9366, -34.5497, 3.9904, 42.5058, 78.8666, 59.0277, 20.8685, -17.707, -55.8429, -81.1539, -46.0727, -7.6847, 30.9232, 68.7011, 70.1349, 32.4872, -6.0626, -44.4311, -80.1201, -57.4713, -19.3402, 19.285, 57.526, 79.966, 44.0473, 5.5975, -32.9077, -70.3959, -68.6026, -30.9547, 7.6169, 46.086, 81.2502, 55.5045, 17.2532, -21.3163, -59.3501, -78.7472, -42.5037, -4.0591, 34.5287, 72.0485, 66.7412, 28.8833, -9.682, -47.9908, -82.0631, -53.9483, -15.7219, 22.9057, 61.0399, 77.2292, 40.464, 1.9744, -36.4967, -73.6734, -65.1909, -27.3506, 11.2455, 49.6582, 82.5719, 51.9591, 13.6325, -24.9243, -62.8331, -75.827, -38.9221, -0.4293, 38.1309, 75.2717, 63.2863, 25.2719, -13.3021, -51.541, -82.6407, -50.4043, -12.0974, 26.5258, 64.525, 74.1365, 36.8698, -1.6515, -40.0813, -76.7865, -61.7276, -23.738, 14.8757, 53.2199, 82.2632, 48.3958, 10.0072, -28.5306, -66.2814, -72.6477, -35.3291, 3.2042, 41.7286, 78.2669, 59.7894, 21.6536, -16.9224, -55.079, -81.5636, -46.8429, -8.4673, 30.1445, 67.9674, 70.8575, 33.2659, -5.2795, -43.6602, -79.5853, -58.2273, -20.1177, 18.5067, 56.7677, 80.4783, 44.8175, 6.3778, -32.1342, -69.6772, -69.326, -31.7258, 6.8406, 45.3205]","[-115.9749, 170.7366, 160.9837, 153.1781, 138.2316, -2.3959, -25.1764, -33.3931, -41.9914, -73.3924, 152.7844, 139.9783, 132.2659, 121.6125, 15.3404, -45.1051, -54.5369, -62.3979, -78.4501, 139.9682, 119.283, 111.1644, 102.3842, 65.7778, -63.4848, -75.5766, -83.2638, -94.3649, 149.8878, 99.2225, 90.0185, 82.0818, 64.7023, -77.6507, -96.3434, -104.3474, -113.3331, -156.2726, 80.5322, 68.9572, 61.2672, 49.6594, -74.4883, -116.5476, -125.4968, -133.517, -152.4491, 65.4129, 48.1402, 40.2068, 30.9903, -20.6261, -135.5584, -146.5841, -154.2734, -166.4611, 63.9019, 27.8317, 19.0609, 10.9374, -9.9157, -151.5823, -167.4588, -175.3082, 175.214, 113.4571, 8.5875, -2.0415, -9.755, -22.6083, -157.0532, 172.1176, 163.5488, 155.3103, 132.1822, -8.0833, -22.9559, -30.7593, -40.5297, -115.3104, 152.6279, 142.428, 134.6906, 121.0725, -16.2573, -43.4624, -51.893, -60.2668, -86.3129, 135.3246, 121.4674, 113.7204, 103.6177, 15.9856, -63.1312, -73.0229, -80.8068, -95.319, 124.7881, 100.868, 92.5962, 84.0708, 54.5157, -80.8909, -94.0144, -101.7379, -112.2137, 146.5901, 81.0079, 71.4547, 63.6213, 48.0757, -93.0627, -114.68, -122.847, -131.5457, -165.7831, 62.7903, 50.4269, 42.7341, 31.8337, -79.8066, -134.6795, -143.9917, -151.8957, -168.6777, 49.1328, 29.6863, 21.6415, 12.7476, -27.1848, -153.2296, -165.0427, -172.7337, 175.885, 54.848, 9.5354, 0.4918, -7.4894, -25.7127, -167.9326, 174.1637, 166.1954, 157.0812]"
2023-04-09,25.0327,121.275,0.2293193229170192,QPS-SAR-12 KUSHINADA-I,65116,17.7,"[-36.8477, -41.2463, -26.4653, -2.6218, 21.9499, 39.5442, 39.3477, 21.4862, -3.2086, -27.0081, -41.4102, -36.4619, -16.2729, 8.7245, 31.3384, 42.1469, 32.8327, 10.7033, -14.4256, -35.3355, -41.7749, -28.5526, -5.1749, 19.6261, 38.3996, 40.3368, 23.7649, -0.6404, -24.8489, -40.724, -37.8537, -18.6697, 6.1902, 29.3892, 41.9392, 34.5642, 13.2019, -11.9464, -33.6747, -42.0821, -30.5412, -7.7145, 17.2459, 37.0758, 41.1223, 25.9688, 1.9295, -22.6102, -39.8305, -39.0731, -21.0132, 3.6408, 27.3364, 41.5062, 36.1531, 15.665, -9.4354, -31.8795, -42.1635, -32.4188, -10.2342, 14.8181, 35.5869, 41.6938, 28.0873, 4.4946, -20.302, -38.7412, -40.1064, -23.2944, 1.0828, 25.192, 40.8545, 37.585, 18.0849, -6.8998, -29.9635, -42.0176, -34.1724, -12.727, 12.3507, 33.9475, 42.0433, 30.1088, 7.0485, -17.934, -37.4691, -40.941, -25.5036, -1.4775, 22.9673, 39.993, 38.8456, 20.4531, -4.3464, -27.9395, -41.6467, -35.7883, -15.1858, 9.8513, 32.1719, 42.1659, 32.0209, 9.5844, -15.5149, -36.0279, -41.566, -27.6307, -4.0336, 20.6727, 38.9334, 39.9209, 22.7608, -1.7819, -25.8197, -41.0561, -37.2522, -17.6031, 7.3269, 30.274, 42.0599, 33.8105, 12.0954, -13.053, -34.4318, -41.9727, -29.6644, -6.5792, 18.3176, 37.6884, 40.7981, 24.9983, 0.7871, -23.6157, -40.2539, -38.5501, -19.9708, 4.7844, 28.2669, 41.727, 35.4639, 14.5743, -10.556, -32.6952]","[147.7746, -166.1398, -126.5343, -98.6496, -71.8915, -35.1447, 11.6999, 48.2365, 74.9845, 103.1224, 143.1681, -170.9293, -137.6174, -111.6216, -81.6906, -38.6036, 5.4988, 36.3266, 62.3107, 94.7672, 140.1544, -178.8068, -150.1792, -123.8152, -88.5041, -41.7825, -3.7803, 23.4543, 50.9376, 89.5265, 135.9506, 170.5906, -163.1875, -134.1741, -92.411, -47.2784, -15.3276, 10.6316, 41.924, 86.3831, 128.7809, 158.2691, -175.6458, -141.7069, -95.3906, -55.9121, -28.0732, -1.1268, 35.9996, 82.6721, 118.7119, 145.2745, 173.4884, -146.1665, -100.2201, -67.0418, -40.9937, -10.7574, 32.5805, 76.2189, 106.6837, 132.6043, 165.2543, -149.0997, -108.1713, -79.6093, -53.0829, -17.3914, 29.2459, 66.7342, 93.7529, 121.2861, 160.1627, -153.3266, -118.8284, -92.5771, -63.2831, -21.2174, 23.4994, 55.0533, 80.9227, 112.3819, 157.1205, -160.569, -131.1653, -104.9433, -70.6311, -24.3113, 14.6451, 42.2366, 69.2071, 106.6046, 153.4063, -170.6995, -144.1302, -115.6615, -74.9747, -29.3827, 3.3659, 29.2973, 59.6735, 103.3041, 146.8846, 177.2474, -156.7202, -123.7105, -77.9766, -37.5675, -9.2857, 17.2392, 53.1816, 99.9885, 137.3323, 164.3357, -167.9028, -128.6581, -82.429, -48.3904, -22.2836, 7.1236, 49.4875, 94.1811, 125.6172, 151.5739, -176.6258, -131.7216, -89.915, -60.8251, -34.6301, -0.0902, 46.436, 85.2546, 112.8094, 139.9815, 177.7619, -135.6366, -100.2278, -73.8316, -45.2762, -4.293, 41.3148, 73.9323, 99.9269, 130.6222]"
2018-04-19,25.0478,121.532,0.2293055695701761,FLOCK 4G 5,62663,13.3,"[5.134, 42.9638, 78.7002, 59.8443, 22.3475, -15.6016, -53.1772, -82.4647, -50.0102, -12.3666, 25.5788, 62.9672, 76.0934, 39.7576, 1.8931, -35.9567, -72.6181, -66.8958, -29.8065, 8.0958, 45.8877, 80.7351, 56.9703, 19.3918, -18.5558, -56.0596, -81.3504, -47.1062, -9.4083, 28.5292, 65.7948, 73.5177, 36.8219, -1.0686, -38.8861, -75.226, -64.0917, -26.8636, 11.0567, 48.8044, 82.166, 54.0819, 16.4345, -21.5075, -58.9279, -79.5083, -44.1944, -6.4489, 31.4761, 68.5874, 70.8336, 33.8819, -4.0296, -41.8097, -77.684, -61.259, -23.9175, 14.0165, 51.7125, 82.6329, 51.1819, 13.4757, -24.4561, -61.7785, -77.2498, -41.2759, -3.4886, 34.4193, 71.3299, 68.0805, 30.9381, -6.9897, -44.727, -79.8834, -58.405, -20.9684, 16.9748, 54.6103, 81.9662, 48.2724, 10.516, -27.4014, -64.6063, -74.7586, -38.3515, -0.5278, 37.3582, 73.9974, 65.281, 27.9909, -9.9484, -47.6369, -81.6192, -55.5344, -18.0169, 19.9312, 57.4957, 80.3992, 45.355, 7.5556, -30.3429, -67.4035, -72.1313, -35.4219, 2.4332, 40.2922, 76.5462, 62.4489, 25.0409, -12.9055, -50.5385, -82.5603, -52.6507, -15.0632, 22.8855, 60.3657, 78.2879, 42.4309, 4.5949, -33.2803, -70.158, -69.4195, -32.4878, 5.394, 43.2206, 78.8951, 59.593, 22.0885, -15.8606, -53.4302, -82.4058, -49.7562, -12.1076, 25.8372, 63.2157, 75.8739, 39.5011, 1.6342, -36.213, -72.8503, -66.6522, -29.5496, 8.3543, 46.1426]","[-150.8067, -159.5707, 164.5354, 35.1548, 22.8321, 15.202, 4.8145, -90.1373, -161.4227, -171.1781, -178.865, 167.4948, 31.1009, 3.298, -5.1456, -13.286, -34.8041, -175.3141, 168.7833, 160.9678, 151.8443, 104.6073, -14.0695, -25.4436, -33.0538, -44.1546, -157.4601, 149.8729, 140.5877, 132.8155, 117.6215, -22.2997, -45.159, -53.366, -61.727, -87.5994, 134.6447, 120.4535, 112.7365, 103.1768, 39.249, -63.0952, -73.7037, -81.3241, -93.3052, 140.8021, 101.2578, 92.3601, 84.4685, 67.2505, -74.2077, -93.5704, -101.5871, -110.2194, -142.3862, 85.0082, 72.1484, 64.4973, 54.4075, -30.7953, -111.9663, -121.9512, -129.612, -142.692, 83.5417, 52.7156, 44.137, 36.0887, 16.169, -125.1386, -141.9437, -149.8108, -158.7739, 159.663, 35.6696, 23.864, 16.2477, 5.511, -100.2611, -160.7152, -170.1888, -177.9213, 167.607, 29.1914, 4.2334, -4.0837, -12.3303, -35.9644, -175.4051, 169.7148, 161.9607, 152.5962, 96.9382, -13.444, -24.4034, -32.015, -43.5469, -164.5604, 150.6338, 141.5813, 133.744, 117.4772, -23.3269, -44.199, -52.3041, -60.7963, -89.7155, 134.7964, 121.4, 113.7251, 103.8737, 28.7071, -62.3842, -72.6567, -80.2937, -92.8129, 136.351, 102.0624, 93.3567, 85.3789, 66.7448, -74.6643, -92.59, -100.5262, -109.3189, -146.0306, 85.3382, 73.1074, 65.4803, 55.0359, -41.7292, -111.1883, -120.8988, -128.5918, -142.353, 80.8503, 53.5562, 45.1353, 36.9775, 15.1359, -125.2119, -140.9464, -148.7519, -157.9102]"
2023-12-31,25.0478,121.532,0.2283663021414756,WORLDVIEW 2,35946,12.9,"[-66.0757, -74.2048, -40.0463, -4.2231, 31.7394, 66.8364, 73.3597, 38.9391, 3.0721, -32.8021, -67.6811, -72.7227, -38.3351, -2.4881, 33.463, 68.4413, 71.8456, 37.2227, 1.3386, -34.5181, -69.2671, -71.1992, -36.6217, -0.7529, 35.1849, 70.0244, 70.2956, 35.5044, -0.3947, -36.2324, -70.829, -69.6434, -34.9062, 0.9825, 36.9052, 71.5804, 68.7172, 33.7844, -2.1279, -37.9447, -72.3605, -68.062, -33.1888, 2.718, 38.6236, 73.1019, 67.1165, 32.0629, -3.8609, -39.6548, -73.8531, -66.4601, -31.4697, 4.4535, 40.3399, 74.5787, 65.4975, 30.3399, -5.5936, -41.3627, -75.2951, -64.8415, -29.7489, 6.189, 42.054, 75.9968, 63.8637, 28.6155, -7.3259, -43.0681, -76.6702, -63.2091, -28.0265, 7.9243, 43.7657, 77.3366, 62.2176, 26.89, -9.0578, -44.7708, -77.9554, -61.5651, -26.3026, 9.6595, 45.4747, 78.5707, 60.5611, 25.1633, -10.7891, -46.4706, -79.1193, -59.9113, -24.5774, 11.3943, 47.1808, 79.6613, 58.8959, 23.4356, -12.5199, -48.1672, -80.1187, -58.2492, -22.851, 13.1287, 48.8837, 80.5587, 57.2231, 21.707, -14.25, -49.8603, -80.8995, -56.5798, -21.1234, 14.8628, 50.583, 81.2035, 55.5439, 19.9775, -15.9794, -51.5495, -81.4019, -54.9041, -19.3946, 16.5963, 52.2782, 81.538, 53.859, 18.2473, -17.708, -53.2343, -81.576, -53.2229, -17.6649, 18.3292, 53.969, 81.5253, 52.1691, 16.5164, -19.4357, -54.9143, -81.4019, -51.5368, -15.9343, 20.0613]","[-42.9539, -174.4023, 158.6615, 149.6205, 141.2206, 123.708, -8.8562, -34.2034, -43.1381, -51.588, -69.7749, 157.2877, 133.0616, 124.1878, 115.6844, 96.7705, -36.8846, -59.7914, -68.5701, -77.1316, -96.8352, 129.4647, 107.4811, 98.7557, 90.1336, 69.5663, -64.483, -85.3611, -94.0017, -102.6905, -124.19, 102.0286, 81.9181, 73.3238, 64.5667, 42.0318, -91.7386, -110.9144, -119.4334, -128.2665, -151.9112, 74.9027, 56.3708, 47.8916, 38.9818, 14.0839, -118.7177, -136.4528, -144.8656, -153.8614, 179.9072, 48.0282, 30.8377, 22.4587, 13.377, -14.3859, -145.472, -161.9779, -170.2989, -179.4775, 151.143, 21.3592, 5.3174, -2.9754, -12.2502, -43.519, -172.0413, 172.509, 164.2664, 154.8829, 121.6379, -5.14, -20.1913, -28.4113, -37.9022, -73.4964, 161.5428, 147.0068, 138.8296, 129.2169, 91.1938, -31.4976, -45.6897, -53.8493, -63.5822, -104.5383, 135.2554, 121.5144, 113.3904, 103.5212, 59.5792, -57.7362, -71.1787, -79.2901, -89.2936, -136.8855, 109.0765, 96.0308, 87.9482, 77.7922, 26.5664, -83.874, -96.6592, -104.7341, -115.0405, -170.7342, 82.9898, 70.5551, 62.5024, 52.0256, -7.9747, -109.9256, -122.1322, -130.1819, -140.8274, 153.8976, 56.9822, 45.0865, 37.0525, 26.2163, -43.9158, -135.9033, -147.5984, -155.6342, -166.6598, 117.3455, 31.0427, 19.6242, 11.5979, 0.3584, -80.7262, -161.8169, -173.0586, 178.9086, 167.4557, 80.3591, 5.1623, -5.8324, -13.8621, -25.5552, -117.5368, 172.325, 161.4866, 153.4457]"
2020-04-28,25.0478,121.532,0.2276008492550602,ICEYE-X6,46497,17.0,"[45.2545, 79.6174, 58.1347, 21.1557, -16.2586, -53.2598, -81.8308, -50.5431, -13.3999, 24.1033, 61.0469, 77.4825, 42.2967, 4.9993, -32.3406, -68.6644, -70.7986, -34.6063, 2.799, 40.2045, 75.8383, 63.0411, 26.2461, -11.1632, -48.2785, -81.1374, -55.5147, -18.5034, 18.9992, 56.1086, 80.7799, 47.3296, 10.1039, -27.2742, -63.8941, -75.2501, -39.6606, -2.3174, 35.1363, 71.4173, 67.8553, 31.3273, -6.063, -43.2685, -78.0952, -60.4386, -23.5986, 13.8892, 51.1216, 81.9238, 52.3361, 15.2058, -22.1967, -59.023, -79.1394, -44.6952, -7.4315, 30.054, 66.7151, 72.5044, 36.3968, -0.9597, -38.2365, -73.9905, -65.2904, -28.6834, 8.7754, 46.1008, 80.1347, 57.3063, 20.3031, -17.1101, -54.0898, -81.6465, -49.7051, -12.5416, 24.9606, 61.8702, 76.8167, 41.4515, 4.1448, -33.1872, -69.4488, -70.0223, -33.7554, 3.6596, 41.0552, 76.5339, 62.2233, 25.3939, -12.0166, -49.1149, -81.4571, -54.6825, -17.6456, 19.8586, 56.9432, 80.3344, 46.4871, 9.2488, -28.1237, -64.7023, -74.5297, -38.8119, -1.4562, 35.9907, 72.1864, 67.0556, 30.4759, -6.9179, -44.1099, -78.7069, -59.6151, -22.7416, 14.7504, 51.964, 81.9425, 51.4976, 14.3504, -23.0486, -59.8454, -78.5504, -43.8495, -6.5701, 30.9114, 67.5193, 71.7395, 35.5466, -1.8159, -39.0821, -74.7204, -64.4808, -27.8275, 9.6378, 46.9491, 80.6039, 56.4739, 19.4477, -17.9643, -54.9215, -81.381, -48.8633, -11.6802, 25.8205]","[-51.456, -96.3231, 144.8745, 132.3388, 124.3178, 113.2388, 21.9388, -50.9698, -61.4542, -69.5325, -83.2386, 148.6549, 113.9419, 104.7374, 96.3711, 77.7552, -59.5514, -80.4375, -88.954, -97.9432, -127.7, 100.0432, 85.3742, 77.2565, 67.2085, 8.6668, -96.8074, -108.498, -116.5217, -128.4059, 121.89, 67.5487, 57.6469, 49.5014, 34.3843, -98.8395, -127.1299, -136.0557, -144.6158, -166.3071, 56.4102, 38.4881, 30.1693, 20.8592, -16.1612, -142.0751, -155.4944, -163.5605, -174.1798, 107.7293, 21.4557, 10.5799, 2.549, -10.2916, -131.656, -173.6451, 176.8476, 168.5769, 151.5608, 14.9106, -8.2914, -16.9316, -25.7143, -51.3779, 173.5612, 157.5754, 149.3668, 139.6459, 91.1315, -24.1975, -36.4495, -44.4639, -55.7525, -152.5036, 140.0872, 129.7676, 121.6704, 107.5826, -22.4267, -54.9258, -64.0345, -72.4493, -91.8304, 130.7331, 110.7355, 102.2737, 93.196, 61.5367, -69.1764, -83.4251, -91.5196, -101.717, -165.2099, 94.175, 82.7174, 74.6912, 62.5465, -51.2351, -101.3599, -111.1279, -119.3025, -134.9022, 90.7474, 64.0184, 55.1721, 46.5504, 23.806, -113.0591, -130.3263, -138.6035, -148.0209, 172.2277, 48.7931, 35.7117, 27.6594, 16.8568, -67.0466, -147.5116, -158.1998, -166.2429, -179.4053, 56.491, 17.469, 8.0736, -0.2372, -17.8885, -155.0182, -177.1263, 174.297, 165.438, 138.3249, 4.2438, -11.2313, -19.4086, -29.2607, -81.8328, 166.7479, 154.7632, 146.7529, 135.2411, 33.3362, -28.8468, -39.0101, -47.1292]"
2024-10-16,25.0478,121.532,0.2274752420777001,GRUS-1E,47935,25.5,"[-82.1496, -49.6194, -12.3837, 25.093, 62.0132, 77.1789, 41.5256, 4.0205, -33.5647, -70.1423, -69.6035, -33.0814, 4.3534, 41.7098, 77.2667, 61.8858, 24.8466, -12.7892, -50.15, -82.3025, -53.5644, -16.4085, 21.0757, 58.1227, 80.149, 45.5142, 8.0655, -29.5482, -66.3736, -73.268, -37.0781, 0.3232, 37.7219, 73.8512, 65.7399, 28.8727, -8.7469, -46.1803, -80.5644, -57.4874, -20.4296, 17.0543, 54.2015, 82.1299, 49.4886, 12.1086, -25.5246, -62.5316, -76.7293, -41.0655, -3.7066, 33.725, 70.2094, 69.5257, 32.8919, -4.7027, -42.1961, -77.7124, -61.3809, -24.4461, 13.0298, 50.2577, 82.3164, 53.4455, 16.1491, -21.4951, -58.6418, -79.7806, -45.042, -7.7354, 29.7208, 66.4452, 73.1995, 36.9029, -0.6574, -38.2, -74.3425, -65.2324, -28.457, 9.0029, 46.2968, 80.6019, 57.3798, 20.1859, -17.4608, -54.7188, -81.9438, -49.0052, -11.7623, 25.7103, 62.6082, 76.6711, 40.9044, 3.388, -34.1938, -70.7233, -69.0207, -32.4615, 4.9745, 42.3223, 77.761, 61.284, 24.218, -13.4225, -50.7713, -82.417, -52.952, -15.7864, 21.6947, 58.7241, 79.7362, 44.8946, 7.4326, -30.1792, -66.9706, -72.7059, -36.4583, 0.9454, 38.3367, 74.3968, 65.1458, 28.2446, -9.3812, -46.8051, -80.9315, -56.8777, -19.807, 17.6749, 54.8077, 81.9214, 48.871, 11.4756, -26.1574, -63.1389, -76.2073, -40.4461, -3.0835, 34.342, 70.7817, 68.9439, 32.2645, -5.3379, -42.8238, -78.2047]","[51.0473, -15.4123, -25.184, -32.8966, -46.2318, -179.0202, 149.7876, 141.1008, 133.0375, 114.1396, -26.2299, -44.5767, -52.5926, -61.2791, -92.7185, 134.7057, 121.4092, 113.6802, 103.7942, 33.2554, -61.8781, -72.453, -80.1045, -91.9428, 147.1232, 102.9617, 93.8052, 85.9346, 70.1712, -68.8243, -91.621, -99.8952, -108.2194, -131.9534, 89.5925, 74.2429, 66.3978, 57.1504, 10.0769, -108.0641, -119.6983, -127.3452, -138.0728, 122.3255, 56.2886, 46.5204, 38.7762, 25.1848, -108.6915, -138.578, -147.1984, -155.2507, -174.2005, 45.4225, 27.13, 19.1035, 10.3467, -22.5319, -153.8557, -166.9123, -174.6107, 175.5014, 104.532, 9.8192, -0.7477, -8.4258, -20.455, -143.5312, 174.5775, 165.5033, 157.6468, 141.8518, 2.7972, -19.915, -28.1969, -36.5788, -61.1836, 160.9293, 145.9141, 138.1056, 128.8603, 81.5156, -36.3718, -47.9925, -55.6615, -66.5356, -169.7569, 127.8798, 118.2151, 110.4884, 96.8779, -37.1238, -66.8732, -75.4981, -83.5984, -103.1105, 116.5982, 98.7922, 90.8099, 82.0585, 49.032, -82.1706, -95.2062, -102.9229, -112.9256, 172.086, 81.3776, 70.943, 63.2862, 51.2462, -72.0593, -113.7194, -122.7949, -130.6914, -146.8708, 73.7016, 51.7359, 43.5076, 35.1342, 10.447, -127.396, -142.3798, -150.2031, -159.5402, 150.3738, 35.1413, 23.6934, 16.0498, 5.171, -98.4199, -160.4193, -170.0819, -177.8421, 168.2724, 33.2914, 4.7637, -3.7959, -11.8847, -31.4445, -171.7432, 170.498, 162.504, 153.6782, 119.0562]"
2016-07-29,25.0478,121.532,0.22743812700618,CAPELLA-18 (ACADIA),67385,21.4,"[-82.1643, -40.3572, 9.4135, 59.1049, 68.2587, 19.5165, -29.5568, -76.82, -50.2765, -0.7892, 48.9634, 77.4437, 29.9107, -19.1071, -67.3292, -60.8405, -11.7757, 37.9273, 82.0686, 41.0781, -7.8512, -56.3571, -71.775, -23.531, 26.039, 74.3919, 52.976, 4.2067, -44.3817, -81.1985, -36.0269, 13.3306, 62.4481, 65.4611, 17.0599, -31.5325, -78.0224, -49.2158, -0.1721, 49.1096, 77.6986, 30.7019, -17.8525, -65.6978, -62.9597, -14.4498, 34.7883, 80.6957, 45.1044, -3.3526, -51.4892, -76.5211, -29.4723, 19.5935, 68.0842, 60.1552, 11.9578, -36.2456, -80.9108, -45.1808, 3.5833, 52.4667, 75.214, 28.063, -20.1262, -67.526, -61.4222, -13.1983, 35.6835, 80.9798, 44.9276, -3.1748, -50.9663, -77.2355, -30.7086, 17.9936, 66.2313, 62.3867, 14.597, -33.2765, -78.8057, -48.8614, -0.5174, 48.0643, 79.0176, 33.1656, -14.6884, -61.9845, -67.3451, -19.7831, 28.7368, 75.7841, 52.4463, 4.739, -42.8073, -82.0717, -39.7247, 8.5262, 56.7316, 71.9269, 24.9812, -22.601, -69.2996, -60.1479, -12.4658, 35.8204, 80.7353, 45.9828, -1.5203, -48.7538, -79.355, -34.1538, 13.9212, 61.7469, 67.401, 20.3962, -26.9232, -73.0497, -56.3554, -8.7893, 39.2487, 81.997, 43.0871, -4.1785, -51.1365, -77.7485, -32.193, 15.6567, 63.1864, 66.2258, 19.4092, -27.6627, -73.4976, -56.0909, -8.7561, 39.0392, 81.8825, 43.7752, -3.2492, -49.9841, -78.8094, -33.8513, 13.7435, 61.1023]","[-75.1582, -166.3906, -176.8917, 168.66, 19.4766, -0.3476, -10.1008, -43.9651, 178.8186, 166.9224, 155.2443, 19.7488, -16.2062, -25.9608, -44.9012, 165.9468, 150.8553, 140.5763, 64.6485, -31.4633, -41.9185, -55.2305, 158.725, 135.0433, 125.2712, 97.2265, -45.4517, -57.8542, -68.6508, 178.7752, 119.7458, 109.6533, 93.7753, -56.0504, -73.6176, -83.3632, -121.2807, 105.5698, 93.9417, 82.301, -52.1847, -88.9564, -98.6656, -116.3124, 94.4067, 78.3457, 68.3471, 14.5479, -103.3149, -114.192, -126.1601, 96.1024, 63.1676, 53.4179, 33.7896, -114.9987, -129.665, -139.606, 164.7302, 49.0561, 38.126, 25.8311, -115.1403, -144.7347, -154.315, -173.2917, 38.1031, 22.8632, 12.8619, -43.6665, -158.6643, -169.4681, 178.7248, 43.1524, 8.094, -1.6378, -19.7263, -168.9305, 175.4164, 165.6992, 124.532, -5.1457, -16.6121, -27.9688, -156.8001, 160.9131, 151.2043, 135.8267, -12.6023, -31.4539, -41.1006, -72.045, 148.4456, 136.3175, 125.8625, 30.3056, -45.3372, -55.5648, -68.9549, 145.4092, 121.731, 112.2879, 91.7857, -55.6586, -70.2479, -80.1722, -134.1394, 108.6269, 97.7535, 86.459, -40.2695, -84.2459, -94.0389, -109.377, 102.0973, 83.2863, 73.8629, 48.6258, -95.2947, -108.4746, -118.6289, 168.2544, 70.1333, 59.6834, 47.9546, -85.6514, -122.3359, -131.9984, -148.0392, 63.2954, 45.4282, 36.0293, 10.0882, -133.1194, -146.1842, -156.2858, 133.7257, 32.6087, 22.1064, 10.6465, -118.6444, -159.7163, -169.4229, 175.612]"
2021-02-19,25.0478,121.532,0.2263756489712619,ZHUHAI-1 OVS-02,43440,11.5,"[79.3819, 43.664, 5.8787, -31.962, -68.9454, -70.9432, -34.0856, 3.7523, 41.5742, 77.7294, 61.4492, 24.0118, -13.8902, -51.4716, -82.9929, -51.9795, -14.3956, 23.5221, 60.9852, 78.1163, 42.0541, 4.2512, -33.5763, -70.46, -69.4334, -32.4709, 5.3807, 43.1854, 79.0206, 59.873, 22.3882, -15.5147, -53.063, -82.8683, -50.3856, -12.7698, 25.1461, 62.5579, 76.7729, 40.4422, 2.6234, -35.1896, -71.9575, -67.9082, -30.8546, 7.0095, 44.7951, 80.2137, 58.2913, 20.7636, -17.1389, -54.6516, -82.3959, -48.7887, -11.1431, 26.7698, 64.1242, 75.3729, 38.8285, 0.9951, -36.802, -73.4331, -66.3703, -29.2368, 8.6385, 46.4033, 81.2683, 56.7048, 19.138, -18.7628, -56.2371, -81.6342, -47.189, -9.5157, 28.3929, 65.6829, 73.9309, 37.213, -0.6333, -38.4133, -74.8805, -64.8219, -27.6176, 10.2676, 48.0099, 82.1284, 55.1141, 17.5116, -20.3863, -57.8191, -80.6534, -45.5866, -7.8874, 30.0155, 67.2327, 72.4571, 35.5959, -2.262, -40.0234, -76.2907, -63.2647, -25.9969, 11.8969, 49.6145, 82.7245, 53.5195, 15.8843, -22.0094, -59.397, -79.5146, -43.9819, -6.2584, 31.6375, 68.7714, 70.9587, 33.9773, -3.8909, -41.6322, -77.6509, -61.7, -24.3749, 13.5262, 51.217, 82.9888, 51.9214, 14.2563, -23.632, -60.9702, -78.2634, -42.3748, -4.6288, 33.2588, 70.2965, 69.4409, 32.3571, -5.5199, -43.2396, -78.9427, -60.1287, -22.7517, 15.1555, 52.8172, 82.884, 50.3202]","[76.4539, 39.7364, 31.211, 23.5732, 6.8442, -136.2395, -154.8181, -162.5651, -170.8763, 158.4781, 23.3886, 10.9609, 3.5659, -6.0852, -87.5966, -173.2094, 177.041, 169.6519, 157.4045, 23.3892, -8.4761, -16.8324, -24.5501, -42.6394, 174.1985, 157.0553, 149.3916, 140.9167, 105.74, -25.2803, -37.1174, -44.4894, -54.4559, -148.5587, 138.4443, 128.9876, 121.5693, 108.675, -28.6579, -56.6704, -64.8751, -72.6841, -92.3856, 124.8627, 108.9385, 101.3472, 92.69, 51.7713, -73.8746, -85.1904, -92.5482, -102.8672, 151.517, 90.1306, 80.9368, 73.4802, 59.8466, -79.9291, -104.8483, -112.9172, -120.8298, -142.4614, 75.7109, 60.8306, 53.3014, 44.4412, -3.7668, -122.4048, -133.2586, -140.6107, -151.3246, 93.3834, 41.8457, 32.8883, 25.3839, 10.9007, -130.6063, -153.0115, -160.9592, -168.9886, 167.0437, 26.7104, 12.7309, 5.2537, -3.8322, -61.1775, -170.8795, 178.6776, 171.3225, 160.165, 37.1687, -6.4135, -15.1584, -22.7203, -38.1862, 179.1759, 158.8386, 150.9987, 142.8382, 116.0092, -22.1642, -35.3614, -42.7961, -52.1333, -120.5155, 140.6941, 130.6176, 123.2509, 111.5934, -17.3605, -54.6497, -63.2035, -70.8331, -87.4439, 129.3176, 110.7008, 102.9561, 94.6491, 64.2725, -70.9334, -83.4471, -90.8484, -100.4657, 178.7189, 92.3098, 82.5611, 75.1741, 62.9507, -70.539, -102.8655, -111.2475, -118.9556, -136.911, 79.7444, 62.5739, 54.9127, 46.4423, 11.6153, -119.6133, -131.5267, -138.9037, -148.8333, 117.6572, 43.9626]"
2024-05-26,25.0478,121.532,0.2261904761887301,CAPELLA-11 (ACADIA),57693,11.7,"[-14.2665, 15.4436, 42.0047, 52.9813, 37.0856, 9.2228, -20.3944, -45.4888, -52.0028, -32.9829, -4.4529, 24.9449, 48.368, 50.2166, 28.4594, -0.6624, -29.6295, -50.7166, -47.7667, -23.9911, 5.4445, 33.8819, 52.3001, 44.6787, 19.1354, -10.532, -38.1149, -53.0881, -41.2131, -14.4628, 15.2476, 41.8571, 53.0031, 37.25, 9.4217, -20.2024, -45.3598, -52.0583, -33.1567, -4.6526, 24.7574, 48.2604, 50.3029, 28.6418, -0.4622, -29.4491, -50.6365, -47.8782, -24.1788, 5.2451, 33.7094, 52.2506, 44.812, 19.3283, -10.3342, -37.954, -53.0733, -41.3625, -14.6584, 15.0522, 41.7094, 53.0235, 37.4134, 9.6198, -20.0108, -45.2304, -52.1123, -33.3296, -4.8515, 24.5704, 48.1521, 50.3877, 28.8234, -0.2627, -29.269, -50.5555, -47.9883, -24.3658, 5.0464, 33.5371, 52.2, 44.9441, 19.5204, -10.1369, -37.7931, -53.057, -41.5107, -14.8532, 14.8573, 41.5616, 53.0424, 37.5758, 9.8173, -19.8197, -45.1007, -52.1648, -33.5015, -5.0498, 24.3838, 48.0433, 50.4711, 29.0041, -0.0639, -29.0892, -50.4736, -48.0971, -24.5519, 4.8482, 33.3651, 52.1482, 45.075, 19.7117, -9.9402, -37.6323, -53.0395, -41.6578, -15.0472, 14.6629, 41.4136, 53.0598, 37.7371, 10.014, -19.6291, -44.9706, -52.2159, -33.6725, -5.2474, 24.1976, 47.9339, 50.5532, 29.1839, 0.1343, -28.9097, -50.3909, -48.2046, -24.7371, 4.6507, 33.1932, 52.0953, 45.2046, 19.9022, -9.7441, -37.4715, -53.0206]","[118.2302, 138.6035, 166.5347, -141.9456, -95.4998, -70.5471, -49.9407, -19.0179, 35.2297, 77.1296, 100.3233, 121.5083, 156.0075, -148.1218, -110.5097, -88.6079, -66.4368, -27.8778, 27.6128, 61.2009, 82.2185, 105.7748, 148.797, -157.3438, -127.1615, -106.6417, -81.2037, -33.8612, 16.6779, 43.9917, 64.3633, 92.1858, 143.5638, -169.8142, -144.7801, -124.1897, -93.3988, -39.2415, 2.8384, 26.0937, 47.2477, 81.5916, 137.4346, 175.2175, -162.8366, -140.7128, -102.3263, -46.7954, -13.057, 7.9887, 31.4798, 74.3206, 128.2818, 158.5918, 179.1247, -155.5224, -108.3507, -57.664, -30.2465, -9.8759, 17.8391, 69.0742, 115.8711, 140.9872, 161.5623, -167.7774, -113.7123, -71.453, -48.1355, -27.0118, 7.1781, 62.9909, 100.9446, 122.9351, 145.0125, -176.7723, -121.2039, -87.3148, -66.2406, -42.8137, -0.1537, 53.907, 84.3452, 104.8919, 130.1608, 177.1615, -132.0062, -104.4845, -84.1144, -56.5056, -5.4144, 41.5561, 66.7549, 87.3152, 117.8464, 171.8172, -145.7445, -122.3643, -101.2702, -67.2329, -11.453, 26.6717, 48.7074, 70.7392, 108.7842, 164.3873, -161.5726, -140.4693, -117.1057, -74.6257, -20.4681, 10.0988, 30.6598, 55.8458, 102.6753, 153.6512, -178.7223, -158.3521, -130.8481, -79.902, -32.7591, -7.4771, 13.069, 43.4725, 97.3471, 139.9639, 163.4073, -175.5275, -141.6414, -85.8968, -47.6012, -25.5199, -3.5329, 34.3431, 89.9782, 124.1697, 145.3027, 168.6039, -149.0956, -94.8436, -64.1474, -43.5717, -18.4675, 28.1908]"
2022-08-17,25.0478,121.532,0.2261441114838305,FLOCK 4Y 36,55078,20.3,"[29.2943, 51.7276, 12.8486, 28.4168, 48.6412, 11.3265, 27.5442, 46.149, 9.5999, 26.6713, 44.0535, 7.5969, 25.7928, 42.2383, 5.2042, 24.9033, 40.6292, 2.2298, 23.9971, 39.1761, -1.69, 23.0679, 37.8436, -7.3641, 22.1086, 36.6057, -17.1781, 21.1109, 35.4425, -44.8161, 20.0651, 34.3384, 68.5571, 18.9593, 33.2807, 72.4413, 17.7788, 32.2591, 62.0529, 16.5047, 31.2643, 56.077, 15.1118, 30.2885, 51.9664, 13.566, 29.3242, 48.8469, 11.819, 28.3647, 46.3302, 9.7986, 27.4032, 44.2125, 7.3913, 26.4328, 42.3746, 4.4034, 25.4464, 40.7411, 0.4662, 24.436, 39.2611, -5.2493, 23.3931, 37.8986, -15.2441, 22.3074, 36.6271, -45.0356, 21.1669, 35.4263, 74.4969, 19.9567, 34.2801, 71.1121, 18.6578, 33.1754, 61.3923, 17.2454, 32.1007, 55.6962, 15.6861, 31.0465, 51.7296, 13.9322, 30.0035, 48.6924, 11.9135, 28.9634, 46.2239, 9.5194, 27.9176, 44.1332, 6.5618, 26.8574, 42.3074, 2.6842, 25.7736, 40.6749, -2.9125, 24.6556, 39.1867, -12.6229, 23.4916, 37.8081, -41.1144, 22.2669, 36.5132, 74.8374, 20.9638, 35.2819, 70.9717, 19.5591, 34.098, 61.3874, 18.022, 32.9478, 55.7622, 16.3097, 31.8195, 51.8337, 14.3598, 30.7024, 48.8159, 12.0761, 29.586, 46.3544, 9.2989, 28.4601, 44.2617, 5.7353, 27.3139, 42.4269, 0.7622, 26.1357, 40.7791, -7.3179, 24.9118, 39.27, -26.4156, 23.6264, 37.865, 47.8884]","[165.9535, 168.2752, 157.6523, 157.0398, 158.5279, 148.6813, 148.1294, 149.0549, 139.6854, 139.2212, 139.743, 130.6557, 130.3144, 130.535, 121.5779, 121.408, 121.3983, 112.4275, 112.501, 112.3128, 103.1571, 103.5925, 103.2653, 93.6561, 94.6816, 94.247, 83.5641, 85.7669, 85.2512, 69.7368, 76.8473, 76.2733, -130.7964, 67.9211, 67.3096, 83.5244, 58.9864, 58.3572, 64.808, 50.0409, 49.4138, 53.0374, 41.0813, 40.4774, 42.7105, 32.1035, 31.5463, 32.9435, 23.1015, 22.6193, 23.4585, 14.0662, 13.6948, 14.1378, 4.9837, 4.7717, 4.9224, -4.1706, -4.1512, -4.221, -13.4438, -13.0753, -13.3131, -22.9465, -22.0018, -22.3671, -33.0436, -30.9321, -31.3922, -47.1972, -39.868, -40.395, 103.8192, -48.8114, -49.3804, -35.2536, -57.7648, -58.3522, -52.4582, -66.7313, -67.3134, -63.9972, -75.7151, -76.2663, -74.2461, -84.7222, -85.2132, -83.9781, -93.7611, -94.1557, -93.4455, -102.8457, -103.0955, -102.7569, -111.9993, -112.0343, -111.9679, -121.2669, -120.9736, -121.1101, -130.7527, -129.915, -130.2029, -140.7935, -138.8603, -139.2593, -154.3519, -147.8115, -148.2881, -4.9976, -156.771, -157.2959, -143.5451, -165.7418, -166.2873, -160.5678, -174.7279, -175.2662, -172.0764, 176.2654, 175.7644, 177.6833, 167.2303, 166.8019, 167.953, 158.155, 157.8442, 158.4845, 149.0197, 148.8891, 149.1703, 139.788, 139.9348, 139.9555, 130.3807, 130.9793, 130.8088, 120.5713, 122.0206, 121.7107, 109.0902, 113.0562, 112.6484, -84.1879]"
2024-01-09,25.0478,121.532,0.2259128386319591,FLOCK 4Y 26,55070,5.9,"[-46.7802, 59.1901, -80.3243, 65.3933, -58.5517, 17.3662, -18.2945, -24.4444, 28.7483, -61.3826, 79.2533, -78.7595, 45.0431, -42.7792, -0.5585, 0.2242, -40.0934, 49.9901, -75.2543, 73.9174, -65.0571, 25.3217, -25.7704, -17.5773, 20.216, -55.2379, 71.542, -82.3223, 53.275, -49.402, 6.5874, -7.372, -33.838, 41.5619, -69.8592, 80.6551, -70.8184, 32.7827, -32.4728, -11.1535, 12.5451, -49.5134, 63.7171, -81.8899, 60.867, -55.3308, 13.2591, -14.1574, -28.0336, 33.9462, -64.6975, 82.3843, -75.764, 39.6997, -38.4494, -5.1996, 5.7044, -44.2381, 56.4523, -78.6793, 67.7249, -60.5965, 19.4192, -20.1777, -22.6999, 27.1454, -59.9205, 78.2895, -79.688, 46.026, -43.7409, 0.2567, -0.3415, -39.4319, 49.8997, -74.8423, 73.7131, -65.2205, 25.0316, -25.4738, -17.8572, 21.1457, -55.585, 72.8914, -82.1301, 51.7195, -48.3811, 5.1877, -5.6274, -35.1111, 44.1041, -71.1275, 78.5787, -69.2158, 30.0625, -30.0813, -13.5258, 15.9263, -51.7189, 67.7449, -82.5898, 56.7442, -52.3978, 9.5668, -10.1856, -31.2912, 39.0763, -67.7581, 81.7855, -72.5895, 34.4819, -34.03, -9.7254, 11.4644, -48.3398, 63.189, -81.4652, 61.0713, -55.8142, 13.3699, -14.0445, -27.9862, 34.813, -64.8157, 82.6357, -75.3469, 38.2645, -37.3447, -6.4741, 7.738, -45.4604, 59.325, -79.7432, 64.681, -58.6498, 16.5755, -17.2279, -25.2089, 31.3059, -62.3373, 81.5553, -77.499, 41.3899, -40.0455]","[-46.3684, 126.4315, -92.7692, -29.9813, 143.2379, -49.219, 128.3058, -60.0982, 116.5996, -75.6111, 72.7098, 153.2261, -62.3682, 114.4587, -75.0652, 102.3705, -86.4329, 88.3598, -114.7215, -61.4998, 105.4398, -89.751, 87.713, -100.7975, 76.2153, -114.3688, 51.0248, 143.94, -101.5559, 74.54, -115.8582, 61.637, -126.8785, 48.9113, -147.6997, -78.2524, 69.3763, -130.2039, 47.1326, -141.6312, 35.5744, -154.0685, 16.8871, 144.7253, -139.8533, 34.9123, -156.6882, 20.8271, -167.5742, 8.7779, 175.3336, -65.8537, 36.4377, -170.5407, 6.5839, 177.4356, -5.2372, 165.6877, -20.9132, 127.6343, -176.6057, -4.325, 162.4584, -20.0383, 151.5533, -31.7516, 136.5785, -71.5884, 9.2766, 149.2759, -33.922, 136.4238, -46.1725, 125.0963, -60.2276, 97.573, 149.5067, -43.0519, 121.5878, -60.9496, 110.5473, -72.537, 96.8747, -99.628, -8.7857, 109.2806, -74.3826, 95.3446, -87.2055, 84.2644, -100.317, 62.1109, 121.2396, -81.1318, 80.6988, -101.905, 69.434, -113.5038, 56.6023, -134.9543, -21.2405, 69.4985, -114.8071, 54.2026, -128.3225, 43.2545, -140.865, 24.1717, 103.0546, -118.4336, 39.7828, -142.9097, 28.229, -154.61, 15.9558, -173.0903, -40.056, 29.9319, -155.2189, 12.9974, -169.5177, 2.1043, 178.2841, -15.0826, 93.0809, -154.8888, -1.1771, 176.0254, -13.059, 164.1686, -24.9567, 147.4181, -68.0312, -9.4624, 164.3406, -28.2751, 149.2096, -39.1624, 137.2146, -55.1249, 76.3355, 169.4006, -42.2053, 134.8847]"
2025-01-02,25.0478,121.532,0.2240054869684334,FLOCK 4G 10,62670,10.6,"[8.8905, -29.2434, -66.5616, -72.7567, -35.8842, 2.2172, 40.35, 76.8348, 61.855, 24.1633, -14.0211, -51.8425, -82.6337, -50.9378, -13.0729, 25.139, 62.8158, 75.9952, 39.3711, 1.2557, -36.8085, -73.5754, -65.6929, -28.3102, 9.8582, 47.8984, 81.936, 54.4377, 16.5411, -21.6323, -59.255, -79.1245, -43.4433, -5.4405, 32.7485, 70.0451, 69.1301, 31.7878, -6.3775, -44.3399, -79.7621, -58.3823, -20.7098, 17.4956, 55.3939, 81.4853, 46.9376, 8.9088, -29.2246, -66.5436, -72.7736, -35.902, 2.2001, 40.3337, 76.8213, 61.871, 24.1805, -14.0033, -51.8248, -82.6348, -50.9549, -13.0894, 25.1233, 62.801, 76.0083, 39.3869, 1.2724, -36.7915, -73.5601, -65.7088, -28.3261, 9.843, 47.884, 81.9301, 54.4522, 16.5566, -21.6162, -59.2392, -79.1363, -43.4585, -5.4551, 32.7347, 70.0325, 69.1429, 31.8021, -6.3625, -44.3247, -79.7515, -58.3967, -20.7238, 17.4823, 55.3815, 81.4917, 46.9507, 8.9227, -29.2102, -66.5299, -72.7863, -35.9154, 2.1875, 40.3219, 76.8116, 61.8826, 24.1931, -13.99, -51.8114, -82.6356, -50.9675, -13.1015, 25.112, 62.7906, 76.0177, 39.3984, 1.2846, -36.7789, -73.5488, -65.7204, -28.3376, 9.8323, 47.8741, 81.926, 54.4624, 16.5677, -21.6046, -59.2277, -79.1448, -43.4693, -5.4652, 32.7253, 70.0241, 69.1516, 31.8119, -6.3519, -44.3139, -79.7439, -58.4068, -20.7333, 17.4736, 55.3734, 81.4958, 46.9593, 8.9321, -29.2003, -66.5203]","[-16.109, -23.9256, -39.6154, 179.7466, 158.0207, 149.8608, 141.3363, 111.6339, -23.4486, -36.6044, -44.287, -54.4099, -141.0271, 139.1549, 129.2063, 121.5007, 107.904, -28.9105, -56.503, -64.9361, -73.1565, -96.0912, 123.9486, 108.8174, 101.0296, 91.5876, 31.6764, -74.8408, -85.5595, -93.2063, -105.3191, 126.8819, 89.1935, 80.3609, 72.3789, 53.8056, -88.1149, -105.8268, -113.7571, -122.692, -163.5607, 71.6151, 59.7953, 52.1508, 41.1868, -71.0303, -125.135, -134.4294, -142.2453, -157.9229, 61.4509, 39.7014, 31.5401, 23.0171, -6.6489, -141.7619, -154.9246, -162.6074, -172.7266, 100.7895, 20.8377, 10.8857, 3.1803, -10.4094, -147.1995, -174.8224, 176.7432, 168.5241, 145.6134, 5.6384, -9.5028, -17.2912, -26.7311, -86.5524, 166.842, 156.1198, 148.4733, 136.3661, 8.6168, -29.1256, -37.96, -45.9414, -64.5023, 153.5762, 135.8529, 127.9221, 118.9891, 78.1784, -46.7009, -58.5255, -66.1702, -77.131, 170.7212, 116.5458, 107.2496, 99.4343, 83.766, -56.8513, -78.6188, -86.7811, -95.3031, -124.9428, 99.9222, 86.7545, 79.0716, 68.9551, -17.4285, -97.481, -107.4354, -115.1408, -128.7255, 94.5017, 66.8573, 58.422, 50.2038, 27.3108, -112.6752, -127.8237, -135.6127, -145.0511, 155.1896, 48.5232, 37.7985, 30.1522, 18.0491, -109.6642, -147.4458, -156.2816, -164.2625, 177.1848, 35.2628, 17.5318, 9.6006, 0.669, -40.1005, -165.0189, -176.8469, 175.5082, 164.5495, 52.4467, -1.7746, -11.072, -18.8868, -34.5487]"
2024-05-27,25.0478,121.532,0.2239812808080464,JILIN-01 KUANFU 02A,57696,14.1,"[-50.4787, -12.9765, 24.8949, 62.2368, 76.6694, 40.644, 2.9912, -34.6267, -71.1428, -68.499, -31.6885, 6.1021, 43.8562, 79.238, 59.0583, 21.7198, -16.0034, -53.3167, -82.3267, -50.2064, -12.6974, 25.1743, 62.5058, 76.4387, 40.3687, 2.7141, -34.9006, -71.3945, -68.2404, -31.4116, 6.3822, 44.1331, 79.4358, 58.7882, 21.4427, -16.2797, -53.5864, -82.2663, -49.9337, -12.4179, 25.4539, 62.7748, 76.206, 40.0931, 2.4367, -35.1748, -71.6458, -67.981, -31.1343, 6.6627, 44.4102, 79.63, 58.5176, 21.1653, -16.5562, -53.8562, -82.1966, -49.6607, -12.1381, 25.7338, 63.0439, 75.9715, 39.8172, 2.1591, -35.4493, -71.8966, -67.7209, -30.8566, 6.9434, 44.6876, 79.8205, 58.2467, 20.8877, -16.833, -54.1263, -82.1178, -49.3872, -11.858, 26.014, 63.313, 75.735, 39.5409, 1.8811, -35.724, -72.147, -67.4601, -30.5786, 7.2245, 44.9652, 80.007, 57.9753, 20.6097, -17.11, -54.3965, -82.0301, -49.1133, -11.5776, 26.2945, 63.5821, 75.4969, 39.2643, 1.6029, -35.9989, -72.3969, -67.1986, -30.3002, 7.5059, 45.243, 80.1892, 57.7035, 20.3314, -17.3873, -54.6669, -81.9338, -48.8391, -11.2968, 26.5752, 63.8512, 75.257, 38.9874, 1.3244, -36.2741, -72.6463, -66.9365, -30.0215, 7.7876, 45.5211, 80.3669, 57.4313, 20.0529, -17.6649, -54.9375, -81.8292, -48.5644, -11.0157, 26.8563, 64.1204, 75.0156, 38.7102, 1.0456, -36.5496, -72.8952, -66.6736, -29.7424]","[-172.831, 177.1927, 169.424, 155.9049, 21.7236, -8.1176, -16.7418, -24.8803, -44.8904, 174.8739, 157.4639, 149.4678, 140.4771, 101.2964, -24.566, -36.7824, -44.4799, -55.0287, -149.1009, 139.2469, 129.3211, 121.5462, 107.9016, -26.7841, -56.0136, -64.6112, -72.7669, -93.0727, 126.7748, 109.5806, 101.5976, 92.5731, 52.3956, -72.5358, -84.6576, -92.3523, -102.9634, 161.0586, 91.3257, 81.4496, 73.6682, 59.8951, -75.2701, -103.9092, -112.4807, -120.6538, -141.2646, 78.6814, 61.6976, 53.7273, 44.6684, 3.4539, -120.5037, -132.5326, -140.2248, -150.8996, 111.2491, 43.4053, 33.5781, 25.7899, 11.8851, -123.7355, -151.8043, -160.3502, -168.5413, 170.5336, 30.5934, 13.8148, 5.8569, -3.237, -45.5304, -168.4697, 179.5925, 171.9026, 161.1628, 61.4745, -4.5141, -14.2933, -22.0887, -36.1283, -172.181, 160.301, 151.7803, 143.5709, 122.3213, -17.4893, -34.0678, -42.0136, -51.1433, -94.5589, 143.5663, 131.7177, 124.0298, 113.2237, 11.738, -52.4327, -62.1647, -69.9675, -84.1453, 139.3926, 112.4067, 103.9107, 95.6826, 74.0981, -65.5668, -81.9501, -89.8841, -99.0503, -143.6331, 95.604, 83.843, 76.1569, 65.2831, -37.9575, -100.3505, -110.0361, -117.8466, -132.166, 90.9844, 64.5128, 56.0412, 47.7939, 25.8636, -113.6393, -129.8323, -137.7548, -146.9581, 167.2456, 47.6436, 35.9685, 28.2838, 17.3409, -87.6096, -148.2674, -157.9075, -165.726, 179.8095, 42.5937, 16.6194, 8.1716, -0.0953, -22.3826, -161.707, -177.7142]"
2024-10-16,25.0345,121.522,0.2235350624383925,GRUS-1E,47935,23.7,"[-82.1496, -49.6194, -12.3837, 25.093, 62.0132, 77.1789, 41.5256, 4.0205, -33.5647, -70.1423, -69.6035, -33.0814, 4.3534, 41.7098, 77.2667, 61.8858, 24.8466, -12.7892, -50.15, -82.3025, -53.5644, -16.4085, 21.0757, 58.1227, 80.149, 45.5142, 8.0655, -29.5482, -66.3736, -73.268, -37.0781, 0.3232, 37.7219, 73.8512, 65.7399, 28.8727, -8.7469, -46.1803, -80.5644, -57.4874, -20.4296, 17.0543, 54.2015, 82.1299, 49.4886, 12.1086, -25.5246, -62.5316, -76.7293, -41.0655, -3.7066, 33.725, 70.2094, 69.5257, 32.8919, -4.7027, -42.1961, -77.7124, -61.3809, -24.4461, 13.0298, 50.2577, 82.3164, 53.4455, 16.1491, -21.4951, -58.6418, -79.7806, -45.042, -7.7354, 29.7208, 66.4452, 73.1995, 36.9029, -0.6574, -38.2, -74.3425, -65.2324, -28.457, 9.0029, 46.2968, 80.6019, 57.3798, 20.1859, -17.4608, -54.7188, -81.9438, -49.0052, -11.7623, 25.7103, 62.6082, 76.6711, 40.9044, 3.388, -34.1938, -70.7233, -69.0207, -32.4615, 4.9745, 42.3223, 77.761, 61.284, 24.218, -13.4225, -50.7713, -82.417, -52.952, -15.7864, 21.6947, 58.7241, 79.7362, 44.8946, 7.4326, -30.1792, -66.9706, -72.7059, -36.4583, 0.9454, 38.3367, 74.3968, 65.1458, 28.2446, -9.3812, -46.8051, -80.9315, -56.8777, -19.807, 17.6749, 54.8077, 81.9214, 48.871, 11.4756, -26.1574, -63.1389, -76.2073, -40.4461, -3.0835, 34.342, 70.7817, 68.9439, 32.2645, -5.3379, -42.8238, -78.2047]","[51.0473, -15.4123, -25.184, -32.8966, -46.2318, -179.0202, 149.7876, 141.1008, 133.0375, 114.1396, -26.2299, -44.5767, -52.5926, -61.2791, -92.7185, 134.7057, 121.4092, 113.6802, 103.7942, 33.2554, -61.8781, -72.453, -80.1045, -91.9428, 147.1232, 102.9617, 93.8052, 85.9346, 70.1712, -68.8243, -91.621, -99.8952, -108.2194, -131.9534, 89.5925, 74.2429, 66.3978, 57.1504, 10.0769, -108.0641, -119.6983, -127.3452, -138.0728, 122.3255, 56.2886, 46.5204, 38.7762, 25.1848, -108.6915, -138.578, -147.1984, -155.2507, -174.2005, 45.4225, 27.13, 19.1035, 10.3467, -22.5319, -153.8557, -166.9123, -174.6107, 175.5014, 104.532, 9.8192, -0.7477, -8.4258, -20.455, -143.5312, 174.5775, 165.5033, 157.6468, 141.8518, 2.7972, -19.915, -28.1969, -36.5788, -61.1836, 160.9293, 145.9141, 138.1056, 128.8603, 81.5156, -36.3718, -47.9925, -55.6615, -66.5356, -169.7569, 127.8798, 118.2151, 110.4884, 96.8779, -37.1238, -66.8732, -75.4981, -83.5984, -103.1105, 116.5982, 98.7922, 90.8099, 82.0585, 49.032, -82.1706, -95.2062, -102.9229, -112.9256, 172.086, 81.3776, 70.943, 63.2862, 51.2462, -72.0593, -113.7194, -122.7949, -130.6914, -146.8708, 73.7016, 51.7359, 43.5076, 35.1342, 10.447, -127.396, -142.3798, -150.2031, -159.5402, 150.3738, 35.1413, 23.6934, 16.0498, 5.171, -98.4199, -160.4193, -170.0819, -177.8421, 168.2724, 33.2914, 4.7637, -3.7959, -11.8847, -31.4445, -171.7432, 170.498, 162.504, 153.6782, 119.0562]"
2022-06-10,23.5103,120.547,0.2232717316890714,ICEYE-X49,62384,28.4,"[-18.5087, 8.1394, 32.6933, 45.1058, 35.2079, 11.4954, -15.2575, -37.774, -44.652, -29.812, -4.5792, 21.8539, 41.6857, 42.4963, 23.5464, -2.7105, -28.2494, -44.2456, -38.9289, -17.0525, 9.6603, 33.8564, 45.1552, 34.0933, 9.9839, -16.7303, -38.7229, -44.3292, -28.5372, -3.0434, 23.2546, 42.3646, 41.8311, 22.1502, -4.2466, -29.5307, -44.5859, -37.9916, -15.5821, 11.174, 34.9799, 45.1226, 32.9383, 8.4647, -18.1896, -39.6185, -43.9295, -27.2333, -1.505, 24.6343, 42.9757, 41.1005, 20.7343, -5.7796, -30.7813, -44.848, -37.0031, -14.099, 12.6793, 36.0608, 45.0084, 31.7454, 6.9391, -19.6338, -40.4576, -43.4549, -25.9024, 0.0346, 25.9913, 43.5162, 40.3072, 19.3004, -7.3083, -31.999, -45.0305, -35.9666, -12.6045, 14.175, 37.0962, 44.8129, 30.5174, 5.4083, -21.0613, -41.2371, -42.9077, -24.5467, 1.5745, 27.3235, 43.9834, 39.4545, 17.8501, -8.8317, -33.1812, -45.1323, -34.8848, -11.1, 15.6596, 38.0831, 44.5375, 29.2566, 3.8734, -22.4706, -41.9541, -42.2905, -23.168, 3.1134, 28.6288, 44.375, 38.5455, 16.3849, -10.3484, -34.3253, -45.1528, -33.7607, -9.5868, 17.1319, 39.0186, 44.1834, 27.9654, 2.3357, -23.8599, -42.6054, -41.6062, -21.7681, 4.6503, 29.905, 44.689, 37.5833, 14.9063, -11.8572, -35.4287, -45.0919, -32.5969, -8.066, 18.5902, 39.8993, 43.7526, 26.6461, 0.7962, -25.2274, -43.1883, -40.8575, -20.3489, 6.184]","[152.6211, 177.6856, -153.3854, -108.993, -62.7487, -32.4076, -7.5582, 24.5615, 72.2865, 114.2742, 141.8858, 167.402, -156.3311, -106.9079, -69.4754, -43.6537, -16.6107, 24.1613, 72.5108, 105.6394, 130.5873, 160.1329, -154.5978, -109.1595, -79.4888, -54.5714, -21.6389, 26.6047, 67.6072, 94.7564, 120.5287, 157.7657, -152.7993, -116.3414, -90.7845, -63.2888, -21.5281, 26.3253, 58.632, 83.5034, 113.7101, 159.7986, -155.6293, -126.5844, -101.5591, -67.775, -19.1131, 20.8927, 47.6229, 73.693, 111.9197, 161.2501, -163.2426, -137.9092, -109.9169, -67.1864, -19.9238, 11.6015, 36.436, 67.3484, 114.1875, 157.8439, -173.6922, -148.519, -113.8473, -64.8733, -25.8669, 0.4875, 26.8977, 66.1269, 115.2377, 149.8236, 174.9743, -156.4924, -112.8213, -66.2355, -35.4497, -10.6124, 21.0492, 68.5602, 111.2625, 139.19, 164.5517, -159.8567, -110.6816, -72.6686, -46.6476, -19.8544, 20.3825, 69.1621, 102.86, 127.8684, 156.9871, -158.441, -112.6089, -82.5193, -57.6394, -25.1861, 22.9086, 64.6289, 92.0646, 117.6555, 154.1953, -156.5427, -119.51, -93.7802, -66.5607, -25.3194, 23.0224, 55.8691, 80.7753, 110.524, 155.9461, -159.0422, -129.6049, -104.6425, -71.357, -22.775, 17.9457, 44.9337, 70.7952, 108.306, 157.5395, -166.3882, -140.9082, -113.2184, -70.9853, -23.1816, 8.8533, 33.6973, 64.1203, 110.3313, 154.4665, -176.7042, -151.6193, -117.463, -68.4975, -28.7843, -2.2005, 23.9733, 62.472, 111.5621, 146.6995, 171.9707]"
2016-11-28,25.0478,121.532,0.2215873015858624,FLOCK 4G 11,62629,23.8,"[3.0523, -35.7214, -73.2282, -65.3979, -27.3172, 11.5222, 50.1676, 82.6383, 50.9323, 12.3009, -26.5427, -64.6588, -73.9189, -36.4927, 2.2727, 41.0458, 77.9152, 59.9517, 21.5397, -17.3292, -55.7578, -81.0326, -45.6195, -6.9768, 31.8677, 69.8121, 68.773, 30.7578, -8.0922, -46.7162, -81.6165, -54.6729, -16.2163, 22.6525, 61.0289, 77.0169, 39.9422, 1.158, -37.5952, -74.8928, -63.5983, -25.4351, 13.4133, 52.0235, 82.4982, 49.075, 10.411, -28.4215, -66.4477, -72.2322, -34.6224, 4.1614, 42.913, 79.3448, 58.1226, 19.6565, -19.2104, -57.5872, -79.8465, -43.7644, -5.0927, 33.7408, 71.5471, 67.0031, 28.8835, -9.9735, -48.5636, -82.3362, -52.8394, -14.3388, 24.5282, 62.8386, 75.4359, 38.0798, -0.7214, -39.4523, -76.489, -61.802, -23.5665, 15.2892, 53.8608, 81.9166, 47.2287, 8.5356, -30.2841, -68.2076, -70.5245, -32.7649, 6.0353, 44.7632, 80.6054, 56.3015, 17.7873, -21.0758, -59.396, -78.4894, -41.9212, -3.223, 35.5976, 73.238, 65.2312, 27.0227, -11.8395, -50.3931, -82.6416, -51.0159, -12.4753, 26.3882, 64.6242, 73.8057, 36.23, -2.5859, -41.2925, -77.9965, -60.0108, -21.7113, 17.1498, 55.679, 80.9875, 45.394, 6.6748, -32.1304, -69.9351, -68.8047, -30.9203, 7.8942, 46.5962, 81.6305, 54.4892, 15.9321, -22.9253, -61.1834, -77.0208, -40.09, -1.3679, 37.4381, 74.8756, 63.4606, 25.1755, -13.69, -52.2044, -82.4929, -49.2029, -10.626]","[105.7464, 97.5106, 74.9698, -65.8359, -80.8989, -88.745, -98.6537, -179.2396, 94.3532, 84.302, 76.477, 61.8449, -78.2776, -101.9054, -110.1935, -118.868, -151.9919, 75.4327, 62.9467, 55.2026, 44.0656, -72.6814, -122.4685, -131.6577, -139.6807, -158.1399, 59.2835, 41.769, 33.7965, 24.4559, -31.2874, -142.2182, -153.0742, -160.829, -173.7361, 51.2486, 20.9054, 12.3347, 3.9662, -21.4007, -160.3054, -174.369, 177.8321, 167.5641, 73.0065, 0.599, -9.1186, -16.9987, -32.7294, -174.2888, 164.5615, 156.3951, 147.5261, 108.6032, -18.6478, -30.4978, -38.2337, -49.8993, -174.6047, 143.8869, 134.9296, 126.8091, 106.4887, -35.5859, -51.72, -59.6194, -69.2415, -136.8525, 123.927, 113.4984, 105.7154, 92.0088, -46.1718, -72.6617, -81.0746, -89.5944, -118.4937, 105.3885, 92.1724, 84.4072, 73.7344, -33.3223, -93.1089, -102.5343, -110.4827, -127.5056, 90.1994, 71.0471, 62.9845, 53.8967, 7.4893, -112.6331, -123.9338, -131.674, -143.9408, 85.452, 50.2744, 41.5201, 33.2866, 10.7049, -130.2128, -145.1954, -153.036, -162.9743, 115.9472, 30.1326, 20.0773, 12.2536, -2.378, -142.7375, -166.2062, -174.4823, 176.8271, 143.4569, 11.2159, -1.2759, -9.0203, -20.15, -137.3421, 173.2233, 164.0544, 156.0237, 137.4683, -4.9314, -22.4507, -30.4258, -39.7591, -95.7113, 153.4616, 142.6378, 134.8812, 121.9277, -12.9874, -43.3101, -51.8865, -60.2497, -85.6114, 135.3534, 121.3416, 113.546, 103.2529, 8.5653, -63.6102, -73.3382]"
2022-09-30,25.0327,121.275,0.2212940212926016,ICEYE-X64,67373,28.5,"[69.6019, 33.3637, -3.8362, -40.9318, -76.2638, -63.1721, -26.6267, 10.5921, 47.6227, 81.0265, 56.4767, 19.6349, -17.611, -54.4536, -81.8909, -49.8268, -12.8817, 24.3555, 61.048, 77.9544, 42.962, 5.8578, -31.3361, -67.6452, -72.177, -36.2461, 0.9002, 38.0566, 73.8584, 65.7789, 29.2939, -7.9305, -44.9676, -79.3683, -59.2475, -22.5502, 14.6838, 51.6385, 82.2281, 52.4869, 15.5464, -21.6947, -58.423, -79.9288, -45.8094, -8.7905, 28.4331, 64.9574, 74.6113, 38.9142, 1.762, -35.3974, -71.4092, -68.4397, -32.1871, 4.9955, 42.1064, 77.2807, 61.8812, 25.2169, -12.0231, -48.989, -81.6056, -55.2847, -18.468, 18.7727, 55.6335, 81.428, 48.4745, 11.4543, -25.7733, -62.3572, -76.9546, -41.7766, -4.6968, 32.5043, 68.7994, 70.9786, 34.8556, -2.3342, -39.4495, -75.0105, -64.5975, -28.1196, 9.0902, 46.1441, 80.1894, 57.9346, 21.134, -16.1128, -52.9925, -82.192, -51.2943, -14.3811, 22.8578, 59.6006, 79.0563, 44.4445, 7.3597, -29.8457, -66.2406, -73.5059, -37.7311, -0.6016, 36.5678, 72.5311, 67.1929, 30.788, -6.4298, -43.4906, -78.2997, -60.6902, -24.0449, 13.1833, 50.1668, 82.0042, 53.954, 17.0462, -20.1989, -56.9728, -80.806, -47.2829, -10.2905, 26.938, 63.529, 75.8831, 40.4005, 3.2634, -33.9108, -70.0453, -69.8233, -33.6751, 3.4942, 40.6219, 76.0657, 63.3181, 26.7127, -10.5239, -47.5184, -80.933, -56.7393, -19.9642, 17.2739, 54.1706]","[-72.1761, -91.0427, -99.2318, -108.0125, -137.6247, 89.3703, 75.139, 67.2439, 57.5972, 4.0188, -106.978, -118.5793, -126.3626, -137.3956, 124.1007, 57.8525, 47.8323, 39.9923, 26.7513, -101.8187, -136.7329, -145.7401, -153.818, -170.9275, 50.9842, 29.1223, 20.7486, 12.2296, -12.2523, -149.0485, -164.8142, -172.8041, 177.943, 136.7018, 13.9709, 1.4573, -6.3503, -16.7353, -96.1304, 178.368, 167.7985, 160.0007, 147.7818, 28.1817, -16.3861, -25.7542, -33.7104, -48.9544, 175.1625, 149.2842, 140.6909, 132.3764, 111.516, -26.9274, -44.699, -52.8193, -61.7286, -94.3095, 135.0847, 121.4724, 113.6125, 103.7426, 42.8043, -60.9337, -72.1861, -79.9668, -91.3236, 162.3458, 103.9876, 94.2001, 86.3278, 72.5016, -58.9102, -90.4597, -99.3282, -107.4683, -125.5724, 95.7609, 75.4061, 67.1244, 58.487, 31.8142, -103.4342, -118.4514, -126.3942, -135.8158, 177.8165, 59.8662, 47.8044, 40.0115, 29.3344, -59.1641, -135.4938, -145.8003, -153.6132, -166.2685, 69.4536, 29.808, 20.6183, 12.608, -3.458, -140.5416, -164.4078, -172.8958, 178.7031, 156.3283, 18.3784, 1.6093, -6.4453, -15.5105, -51.7489, -179.07, 167.8502, 160.0179, 149.9273, 80.8518, -14.9136, -25.8284, -33.6143, -45.3582, -158.4319, 150.1939, 140.607, 132.7011, 118.2721, -15.5546, -44.2208, -52.9531, -61.1718, -80.4777, 140.8165, 121.741, 113.5374, 104.7841, 75.6648, -57.8054, -72.1239, -80.024, -89.6489, -142.249, 105.8653, 94.1939, 86.4103, 75.4423]"
2021-10-06,24.0,121.0,0.2210942649952977,FLOCK 4H 23,66726,29.8,"[64.1083, 26.8956, -10.9408, -48.5188, -81.951, -54.8509, -17.4516, 20.3423, 57.7358, 80.3203, 45.3907, 7.7082, -30.0938, -67.0773, -72.5196, -35.9761, 1.727, 39.433, 75.6704, 63.5664, 26.3306, -11.5077, -49.0753, -82.1578, -54.2991, -16.8866, 20.9071, 58.2853, 79.9467, 44.8312, 7.1406, -30.6577, -67.6102, -72.0079, -35.4149, 2.2934, 39.9937, 76.1506, 63.0232, 25.7651, -12.075, -49.6319, -82.329, -53.7465, -16.3213, 21.4722, 58.8347, 79.5556, 44.2712, 6.5726, -31.2217, -68.1418, -71.4928, -34.8531, 2.8601, 40.5545, 76.6245, 62.4787, 25.1991, -12.6425, -50.1886, -82.462, -53.1932, -15.7555, 22.0377, 59.3838, 79.1491, 43.7105, 6.0043, -31.786, -68.6721, -70.9747, -34.2909, 3.4271, 41.1155, 77.0914, 61.933, 24.6326, -13.2104, -50.7452, -82.5548, -52.6391, -15.1892, 22.6033, 59.9326, 78.7287, 43.1492, 5.4355, -32.3505, -69.2009, -70.4536, -33.7281, 3.9946, 41.6767, 77.5505, 61.386, 24.0657, -13.7786, -51.3018, -82.6057, -52.0842, -14.6226, 23.1693, 60.4811, 78.2957, 42.5873, 4.8664, -32.9152, -69.728, -69.9299, -33.1648, 4.5623, 42.238, 78.0009, 60.8379, 23.4982, -14.3471, -51.8584, -82.6138, -51.5286, -14.0555, 23.7356, 61.0292, 77.8516, 42.0248, 4.2969, -33.4801, -70.2533, -69.4037, -32.601, 5.1305, 42.7995, 78.4415, 60.2886, 22.9303, -14.9159, -52.415, -82.5789, -50.9723, -13.488, 24.3021, 61.5769, 77.3974, 41.4617]","[14.5774, 0.3437, -7.3784, -16.8891, -77.3877, 177.1104, 166.3214, 158.7149, 147.1052, 25.8782, -18.5352, -27.5968, -35.4266, -51.4828, 168.1452, 146.7256, 138.5861, 130.1744, 103.289, -33.6325, -47.5835, -55.2902, -64.8926, -129.0193, 129.0585, 118.4057, 110.7958, 99.0104, -24.433, -66.5174, -75.507, -83.3605, -99.8079, 119.528, 98.7794, 90.6772, 82.2155, 54.227, -81.8287, -95.5099, -103.2023, -112.9, 179.1605, 81.0122, 70.4904, 62.8761, 50.9072, -74.5661, -114.4969, -123.417, -131.2956, -148.1559, 70.9522, 50.8347, 42.7682, 34.2545, 5.0784, -130.0119, -143.4355, -151.1149, -160.9114, 127.1776, 32.9713, 22.5756, 14.9556, 2.7953, -124.5337, -162.4738, -171.327, -179.2319, 163.4716, 22.4148, 2.8914, -5.1409, -13.7087, -44.1649, -178.183, 168.6397, 160.9722, 151.0729, 75.0668, -15.0646, -25.3388, -32.9656, -45.326, -174.3479, 149.5518, 140.7631, 132.8305, 115.0727, -26.0871, -45.0506, -53.0502, -61.6742, -93.5121, 133.6576, 120.7157, 113.0589, 103.0527, 22.8705, -63.0957, -73.2529, -80.8875, -93.457, 135.9791, 101.5798, 92.8534, 84.8916, 66.6455, -74.5561, -92.9912, -100.9596, -109.6421, -142.9731, 85.509, 72.7923, 65.1452, 55.028, -29.3633, -111.122, -121.1667, -128.8103, -141.5983, 86.4358, 53.6102, 44.9437, 36.9512, 18.1878, -122.9945, -140.9306, -148.8691, -157.6124, 167.4414, 37.3708, 24.8696, 17.231, 6.9984, -81.5839, -159.1439, -169.0801, -176.7338, 170.2494, 37.0114, 5.6428]"
2022-01-12,25.0478,121.532,0.2174897119341444,OBJECT D,56156,16.5,"[73.872, 37.3197, -0.4962, -38.2507, -74.5785, -64.784, -27.6757, 10.1624, 47.8451, 81.6713, 55.1271, 17.5793, -20.2966, -57.6782, -80.3279, -45.557, -7.9124, 29.9418, 67.0511, 72.3133, 35.5887, -2.2409, -39.9744, -76.0673, -63.1239, -25.9413, 11.9062, 49.5604, 82.2839, 53.4229, 15.8364, -22.035, -59.3637, -79.1454, -43.8407, -6.169, 31.6771, 68.6878, 70.7235, 33.856, -3.9857, -41.6963, -77.4938, -61.4544, -24.2055, 13.6497, 51.2728, 82.5341, 51.7146, 14.0929, -23.7726, -61.0429, -77.8312, -42.1218, -4.4249, 33.4113, 70.3069, 69.1096, 32.1217, -5.7303, -43.4162, -78.8341, -59.7771, -22.4685, 15.393, 52.982, 82.3861, 50.0025, 12.3487, -25.5093, -62.7149, -76.4231, -40.4005, -2.6805, 35.1442, 71.9036, 67.4767, 30.3859, -7.4748, -45.1338, -80.0534, -58.0929, -20.7304, 17.136, 54.6874, 81.8614, 48.2871, 10.604, -27.245, -64.3781, -74.9475, -38.6771, -0.9356, 36.8759, 73.4716, 65.8284, 28.6488, -9.219, -46.8491, -81.1019, -56.4028, -18.9911, 18.8786, 56.3887, 81.0257, 46.5686, 8.8588, -28.9796, -66.0311, -73.422, -36.9515, 0.8095, 38.6061, 75.0019, 64.1675, 26.9104, -10.9629, -48.5617, -81.9129, -54.7074, -17.2507, 20.6206, 58.0851, 79.9561, 44.8474, 7.1132, -30.7131, -67.6715, -71.8592, -35.224, 2.5549, 40.3347, 76.4819, 62.4962, 25.1707, -12.7064, -50.2715, -82.4097, -53.0075, -15.5094, 22.3621, 59.7761, 78.719, 43.1236]","[122.3805, 98.6587, 90.3454, 81.9657, 57.0256, -80.9917, -95.7205, -103.5227, -113.0139, -170.6877, 81.1034, 70.131, 62.4583, 50.7694, -69.5751, -114.6423, -123.792, -131.6795, -147.8902, 71.8651, 50.4734, 42.2836, 33.7553, 5.6715, -129.9968, -143.8395, -151.593, -161.3689, 129.7713, 32.6041, 22.0488, 14.363, 2.1068, -124.5446, -162.9243, -171.857, -179.8218, 162.6785, 21.7745, 2.3029, -5.7788, -14.4745, -46.4866, -178.8752, 168.0497, 160.3337, 150.2383, 68.8629, -15.8441, -26.0292, -33.7388, -46.6421, -178.0614, 148.8187, 140.0795, 132.0243, 112.9964, -27.9825, -45.8543, -53.8421, -62.7259, -99.6998, 132.3526, 119.9463, 112.2567, 101.8023, 7.7755, -64.2477, -74.1035, -81.8478, -95.4929, 129.5476, 100.5838, 92.017, 83.8574, 62.9999, -77.474, -93.9996, -101.9068, -111.0017, -154.2832, 83.67, 71.8494, 64.1757, 53.3168, -52.2068, -112.6122, -122.1747, -129.9648, -144.4652, 78.0155, 52.3688, 43.9551, 35.676, 12.6043, -126.7518, -142.134, -149.9733, -159.3047, 149.4214, 35.0639, 23.7584, 16.09, 4.7743, -110.3389, -160.9424, -170.2432, -178.0907, 166.4165, 27.1388, 4.1715, -4.1067, -12.5215, -38.3048, -175.8553, 169.7412, 161.9578, 152.3614, 91.1784, -13.4768, -24.3273, -32.0011, -43.8343, -166.518, 150.7578, 141.6905, 133.7735, 117.1207, -23.2334, -44.0097, -52.1686, -60.7369, -89.8823, 135.1848, 121.6252, 113.8862, 103.9926, 31.1292, -61.9609, -72.4084, -80.098, -92.52, 139.001, 102.4849]"
2022-10-10,25.0478,121.532,0.215089163237301,FLOCK 3P 34,41988,17.4,"[-17.4409, 17.3045, -16.8522, 16.7215, -16.3129, 16.1897, -15.8229, 15.7091, -15.3824, 15.2798, -14.9913, 14.9018, -14.6496, 14.575, -14.3573, 14.2995, -14.1144, 14.0753, -13.9209, 13.9024, -13.7769, 13.7807, -13.6823, 13.7104, -13.6371, 13.6914, -13.6413, 13.7236, -13.695, 13.8071, -13.7981, 13.9419, -13.9506, 14.128, -14.1525, 14.3654, -14.4039, 14.6541, -14.7047, 14.994, -15.0549, 15.3852, -15.4545, 15.8277, -15.9036, 16.3214, -16.402, 16.8663, -16.9499, 17.4625, -17.5471, 18.1098, -18.1938, 18.8084, -18.8898, 19.5581, -19.6352, 20.3589, -20.4299, 21.2108, -21.274, 22.1138, -22.1675, 23.0678, -23.1103, 24.0728, -24.1024, 25.1287, -25.1438, 26.2354, -26.2345, 27.393, -27.3745, 28.6013, -28.5636, 29.8601, -29.802, 31.1695, -31.0896, 32.5293, -32.4263, 33.9393, -33.8121, 35.3994, -35.2469, 36.9094, -36.7306, 38.4692, -38.2632, 40.0785, -39.8445, 41.7369, -41.4745, 43.4443, -43.1529, 45.2002, -44.8795, 47.0042, -46.6542, 48.8558, -48.4765, 50.7543, -50.346, 52.699, -52.2623, 54.689, -54.2245, 56.723, -56.2319, 58.7995, -58.2832, 60.9165, -60.3767, 63.0713, -62.5103, 65.2602, -64.6808, 67.4778, -66.8836, 69.7166, -69.1121, 71.9647, -71.3561, 74.203, -73.5991, 76.4, -75.8138, 78.4995, -77.9519, 80.3974, -79.9247, 81.9024, -81.5655, 82.7116, -82.5916, 82.5401, -82.6786, 81.4001, -81.7428, 79.5666, -80.0238, 77.3049, -77.8117, 74.7776]","[117.883, -64.7157, 112.7295, -69.8701, 107.5687, -75.032, 102.4007, -80.2013, 97.2257, -85.3779, 92.0438, -90.5617, 86.8549, -95.7525, 81.6593, -100.9505, 76.4569, -106.1554, 71.2478, -111.3672, 66.0321, -116.586, 60.8097, -121.8116, 55.5807, -127.0441, 50.345, -132.2835, 45.1028, -137.5298, 39.8539, -142.783, 34.5984, -148.043, 29.3361, -153.3101, 24.0672, -158.5841, 18.7915, -163.8652, 13.5091, -169.1534, 8.2197, -174.4488, 2.9233, -179.7515, -2.3801, 174.9383, -7.6907, 169.6206, -13.0086, 164.2952, -18.334, 158.9619, -23.6671, 153.6204, -29.008, 148.2706, -34.357, 142.9122, -39.7145, 137.5447, -45.0806, 132.1679, -50.4558, 126.7813, -55.8405, 121.3844, -61.2353, 115.9767, -66.6405, 110.5574, -72.0569, 105.1258, -77.4853, 99.6811, -82.9264, 94.2222, -88.3812, 88.7479, -93.851, 83.2569, -99.3369, 77.7476, -104.8405, 72.2181, -110.3636, 66.6662, -115.9083, 61.0893, -121.4771, 55.4844, -127.0729, 49.8477, -132.6993, 44.1747, -138.3604, 38.4601, -144.0614, 32.6973, -149.8084, 26.878, -155.6093, 20.992, -161.4737, 15.0264, -167.4136, 8.9645, -173.4446, 2.7845, -179.5868, -3.5422, 174.1331, -10.0547, 167.6794, -16.8066, 161.003, -23.8742, 154.0343, -31.3688, 146.6731, -39.4579, 138.7691, -48.4021, 130.0904, -58.6203, 120.266, -70.7994, 108.6875, -86.0342, 94.3651, -105.7663, 75.8759, -130.5812, 52.1468, -157.5334, 25.0611, 178.6064, -0.0831, 159.9058, -20.1033, 145.401, -35.5219, 133.6827]"
2023-08-19,25.0478,121.532,0.2137174211248191,CZ-2C DEB,53129,25.1,"[14.8256, -14.2426, 15.6211, -15.0972, 19.4332, -17.1366, 25.1131, -20.1331, 31.5492, -23.8072, 38.3113, -27.9084, 45.6055, -32.2793, 53.6661, -36.8867, 61.8945, -41.806, 67.6554, -47.1602, 66.2612, -53.0155, 57.6217, -59.2273, 45.8787, -65.1633, 33.6077, -69.1753, 21.9365, -68.657, 11.1819, -62.9444, 1.1195, -54.0278, -8.7233, -43.6847, -18.7486, -32.9164, -29.0875, -22.271, -39.576, -11.9545, -49.8357, -1.8494, -59.3275, 8.3907, -67.2511, 19.1349, -72.2593, 30.5429, -72.8991, 42.4347, -69.8233, 54.2798, -65.149, 65.1264, -60.1837, 72.994, -55.4332, 74.2956, -51.0516, 69.3659, -47.058, 62.5386, -43.4282, 55.8294, -40.1387, 49.7464, -37.1865, 44.3451, -34.5939, 39.6009, -32.4043, 35.563, -30.6726, 32.3908, -29.4524, 30.3052, -28.7853, 29.4921, -28.6921, 30.0159, -29.1693, 31.7889, -30.1896, 34.6112, -31.7077, 38.2508, -33.6675, 42.5197, -36.0116, 47.3129, -38.6897, 52.6006, -41.6641, 58.3867, -44.9133, 64.6446, -48.4317, 71.2164, -52.2255, 77.502, -56.307, 81.0591, -60.6853, 77.8719, -65.3541, 70.6617, -70.2689, 62.2784, -75.2848, 53.5344, -79.9166, 44.7357, -82.4019, 36.045, -80.1327, 27.5554, -74.7643, 19.3082, -68.2792, 11.3035, -61.298, 3.513, -54.0438, -4.1042, -46.6328, -11.5858, -39.142, -18.9545, -31.6265, -26.2142, -24.1221, -33.3505, -16.6461, -40.336, -9.198, -47.137, -1.7637, -53.7182, 5.6764, -60.0464, 13.1388, -66.0918]","[-143.5791, 25.5605, -177.0718, 2.9612, 150.8618, -19.1061, 121.2933, -40.3924, 94.89, -60.7008, 71.9073, -79.8797, 51.8783, -97.8198, 32.9713, -114.4774, 10.9318, -129.9379, -21.3348, -144.5249, -60.7826, -158.9785, -88.7198, -174.7915, -105.0843, 165.2004, -116.2886, 137.1278, -125.6185, 103.2399, -134.3735, 75.5655, -142.93, 57.4292, -151.2951, 45.0221, -159.4498, 35.3207, -167.5624, 26.7211, -176.1162, 18.4625, 173.9568, 10.2751, 160.9809, 2.148, 141.9841, -5.8942, 113.3323, -14.0281, 78.4101, -22.8954, 49.1483, -34.0436, 28.0615, -51.0811, 11.581, -81.8879, -2.9137, -127.6586, -16.7555, -163.3019, -30.5872, 173.9534, -44.7043, 155.8756, -59.2196, 138.6175, -74.1477, 120.7211, -89.45, 101.7175, -105.0588, 81.5924, -120.8902, 60.5552, -136.85, 38.9337, -152.8382, 17.1208, -168.7527, -4.4666, 175.5074, -25.4323, 160.0371, -45.4403, 144.923, -64.2396, 130.2403, -81.6797, 116.0513, -97.7306, 102.4044, -112.5274, 89.332, -126.4641, 76.8459, -140.4273, 64.9308, -156.5346, 53.5322, 179.0878, 42.5343, 131.4369, 31.7187, 80.3213, 20.6694, 55.3357, 8.5278, 41.8181, -6.7494, 32.493, -30.8429, 24.9613, -75.413, 18.2655, -123.0359, 11.9662, -148.6204, 5.8538, -163.0096, -0.163, -172.9551, -6.1127, 179.1332, -11.9942, 172.261, -17.7988, 165.9465, -23.5245, 159.9301, -29.1839, 154.0666, -34.8084, 148.2787, -40.449, 142.5325, -46.1791, 136.8216, -52.0997, 131.1544, -58.3564, 125.5427, -65.1821]"
2021-10-18,25.0478,121.532,0.2137174211248191,ICEYE-X44,62707,20.9,"[-81.6228, -55.3848, -18.4458, 18.9349, 55.9512, 81.3054, 47.8842, 10.706, -26.6414, -63.3021, -76.1494, -40.6466, -3.4226, 33.9178, 70.2809, 69.4324, 33.007, -4.3333, -41.5394, -76.8854, -62.4411, -25.7391, 11.6191, 48.7875, 81.6988, 55.0557, 18.0217, -19.3515, -56.2613, -81.2237, -47.8506, -10.7413, 26.6334, 63.4019, 75.9372, 40.2682, 2.9884, -34.3022, -70.5213, -69.3294, -33.0111, 4.2971, 41.5683, 77.0176, 62.1415, 25.326, -12.0459, -49.1253, -81.7735, -54.9996, -18.0503, 19.3308, 56.337, 81.1123, 47.4942, 10.3097, -27.0357, -63.6795, -75.8199, -40.255, -3.0258, 34.3119, 70.6446, 69.065, 32.6128, -4.7299, -41.9307, -77.2029, -62.0618, -25.3441, 12.016, 49.1775, 81.8424, 54.6687, 17.6254, -19.7472, -56.6461, -81.0253, -47.4609, -10.3444, 27.0292, 63.7811, 75.6039, 39.8751, 2.5912, -34.6957, -70.8833, -68.9624, -32.617, 4.6947, 41.9612, 77.3349, 61.7601, 24.9299, -12.4428, -49.5145, -81.9083, -54.6131, -17.6536, 19.7278, 56.7236, 80.9055, 47.103, 9.9122, -27.431, -64.0574, -75.4862, -39.8621, -2.6278, 34.707, 71.0081, 68.6955, 32.2175, -5.1277, -42.3229, -77.5168, -61.6809, -24.9479, 12.414, 49.5685, 81.9693, 54.2804, 17.2278, -20.144, -57.0317, -80.8137, -47.07, -9.9464, 27.426, 64.1608, 75.2666, 39.4809, 2.1928, -35.0902, -71.2451, -68.5933, -32.2217, 5.0934, 42.3552, 77.6485, 61.3772, 24.5327, -12.8407, -49.9046]","[-74.1415, -179.3582, 169.4533, 161.7165, 150.3571, 40.9803, -14.6285, -24.2493, -32.0963, -46.2653, 179.8238, 150.8575, 142.1661, 133.995, 114.6151, -24.8287, -43.3499, -51.4672, -60.2486, -91.2065, 136.5096, 122.7672, 114.9436, 105.1722, 44.2111, -59.9183, -71.0313, -78.7676, -90.2013, 159.5722, 104.9401, 95.3343, 87.4838, 73.2443, -61.182, -89.6524, -98.3138, -106.5021, -126.1171, 94.6306, 76.2297, 68.1164, 59.3233, 27.9442, -104.1048, -117.7225, -125.5377, -135.3559, 162.4919, 59.6371, 48.5517, 40.8142, 29.3438, -82.1241, -135.5882, -145.147, -153.0057, -167.3727, 58.0832, 29.9233, 21.27, 13.0748, -6.7006, -146.0927, -164.2678, -172.3635, 178.8137, 146.9027, 15.4234, 1.8592, -5.9547, -15.7937, -79.2132, 179.079, 168.0672, 160.3298, 148.783, 36.5152, -16.0193, -25.5635, -33.4258, -47.8663, 177.0994, 149.4142, 140.79, 132.5771, 112.557, -26.6287, -44.6882, -52.78, -61.615, -93.9735, 134.8127, 121.3698, 113.5638, 103.6768, 39.0294, -61.3649, -72.3498, -80.0885, -91.6735, 154.8639, 103.4535, 93.9552, 86.0843, 71.5121, -63.6196, -91.01, -99.6263, -107.8464, -128.035, 92.656, 74.8147, 66.7401, 57.8744, 24.9567, -105.6575, -119.0485, -126.8534, -136.7619, 157.2685, 58.0788, 47.1659, 39.4267, 27.7632, -86.4498, -136.9773, -146.4613, -154.3361, -168.9849, 55.4173, 28.4815, 19.8938, 11.6553, -8.7882, -147.8754, -165.6057, -173.6766, 177.4452, 144.0517, 13.7354, 0.4623, -7.335, -17.293]"
2016-12-31,25.0478,121.532,0.2102880658436143,QPS-SAR-9 SUSANOO-I,63205,26.1,"[39.4597, 39.5378, 22.0763, -2.3572, -26.1639, -41.1347, -37.1857, -17.5958, 7.1964, 30.0453, 42.0206, 34.2951, 12.9999, -11.97, -33.5895, -42.11, -30.838, -8.2257, 16.6169, 36.6026, 41.3947, 27.0447, 3.4186, -21.1228, -39.0884, -39.8797, -22.8542, 1.45, 25.368, 40.8644, 37.7009, 18.4811, -6.2877, -29.3616, -41.9189, -34.8537, -13.8547, 11.0731, 32.9349, 42.1585, 31.5522, 9.1502, -15.7619, -36.0953, -41.5803, -27.7572, -4.315, 20.2758, 38.6524, 40.2381, 23.6933, -0.5247, -24.6052, -40.5965, -38.1393, -19.295, 5.3821, 28.6166, 41.7751, 35.4583, 14.7609, -10.1806, -32.3136, -42.1744, -32.1812, -10.0252, 14.8819, 35.5213, 41.759, 28.5291, 5.2445, -19.4513, -38.2338, -40.5334, -24.4529, -0.3781, 23.7946, 40.2726, 38.606, 20.1668, -4.465, -27.9028, -41.6188, -35.9828, -15.6038, 9.2826, 31.6308, 42.1616, 32.8618, 10.9456, -14.011, -34.9729, -41.8923, -29.2183, -6.1338, 18.5956, 37.7533, 40.8356, 25.2717, 1.3073, -23.0076, -39.9534, -39.0027, -20.9654, 3.5616, 27.1383, 41.4169, 36.5448, 16.5003, -8.3789, -30.9752, -42.1225, -33.4614, -11.8109, 13.1271, 34.3644, 42.0104, 29.9623, 7.0623, -17.7522, -37.289, -41.0823, -26.0117, -2.2051, 22.1843, 39.5789, 39.4183, 21.8214, -2.6379, -26.3964, -41.2067, -37.0327, -17.3305, 7.4807, 30.2672, 42.0491, 34.1054, 12.7252, -12.2421, -33.7771, -42.0901, -30.6266, -7.9441, 16.8893]","[-70.7827, -24.325, 12.1831, 38.8209, 66.4942, 105.6959, 151.6632, -174.5213, -148.5801, -119.4762, -77.6656, -33.1138, -1.6021, 24.1339, 55.1844, 99.3327, 141.6908, 171.1715, -162.9747, -129.6997, -83.9812, -44.1922, -16.2357, 10.2249, 46.1476, 92.5985, 129.573, 156.3379, -176.2656, -137.6465, -91.5056, -57.1594, -31.0856, -2.244, 39.1411, 84.0047, 115.8841, 141.5959, 172.2062, -144.0814, -101.2375, -71.3677, -45.5349, -12.6602, 32.8536, 73.1112, 101.2878, 127.5696, 162.9277, -150.6972, -113.1539, -86.1637, -58.9406, -20.7852, 25.4906, 60.2769, 86.418, 114.9178, 155.7523, -159.0625, -126.7059, -100.9264, -70.6403, -27.2877, 15.9592, 46.1413, 71.8898, 104.267, 149.4717, -169.7266, -141.2295, -115.0322, -80.1162, -33.8116, 4.2101, 31.36, 58.341, 95.916, 142.2851, 177.6144, -156.0862, -127.8239, -87.4369, -41.9867, -9.2327, 16.5547, 46.4349, 89.3075, 132.9919, 163.5882, -170.6593, -138.6636, -93.7193, -52.4569, -23.7067, 2.3453, 36.7177, 82.8674, 121.4527, 148.8542, 175.687, -147.2035, -100.7612, -64.9703, -38.5711, -10.6153, 29.206, 74.9068, 108.1575, 134.0379, 163.6174, -153.9072, -109.8518, -78.911, -53.2103, -21.681, 22.8927, 64.6695, 93.7663, 119.7588, 153.7017, -160.2824, -121.2124, -93.6181, -66.9931, -30.4545, 15.9999, 52.3412, 78.9246, 106.6679, 146.0262, -168.0612, -134.3852, -108.4647, -79.2564, -37.2951, 7.1421, 38.5206, 64.2502, 95.4188, 139.6806, -178.0975, -148.7144, -122.8341]"
2022-08-28,24.0,121.0,0.2102880658436143,SKYSAT C15,45790,24.4,"[17.3881, 36.5908, 48.771, 35.7149, 44.6986, 34.7854, 42.6424, 33.7527, 41.2163, 32.5378, 40.0814, 30.9893, 39.1017, 28.7394, 38.2061, 24.3997, 37.349, 43.6569, 36.495, 46.7756, 35.6098, 43.966, 34.6533, 42.2645, 33.5677, 40.9974, 32.2544, 39.9487, 30.5095, 39.0192, 27.7695, 38.1525, 21.0948, 37.3095, 50.6593, 36.4568, 45.7716, 35.56, 43.5434, 34.5753, 42.0538, 33.4359, 40.8921, 32.0213, 39.9033, 30.062, 39.0097, 26.709, 38.1638, 14.659, 37.3302, 48.7521, 36.477, 45.2306, 35.5687, 43.3239, 34.5579, 41.9701, 33.3689, 40.8806, 31.8582, 39.9347, 29.6832, 39.0675, 25.611, 38.2371, -17.711, 37.4108, 47.8448, 36.5573, 44.9673, 35.64, 43.254, 34.6086, 41.99, 33.3794, 40.951, 31.7883, 40.0362, 29.4222, 39.189, 24.6059, 38.3712, 52.8023, 37.5516, 47.4357, 36.6996, 44.8995, 35.778, 43.3049, 34.7343, 42.1, 33.4796, 41.0959, 31.8351, 40.2038, 29.3349, 39.3721, 23.9224, 38.5651, 52.6897, 37.753, 47.3438, 36.9056, 44.9865, 35.9859, 43.4606, 34.9405, 42.2921, 33.6789, 41.3109, 32.017, 40.4348, 29.4691, 39.6154, 23.826, 38.8185, 52.5472, 38.0153, 47.4967, 37.1762, 45.2088, 36.2652, 43.7127, 35.2301, 42.5619, 33.9823, 41.5935, 32.3433, 40.7279, 29.8476, 39.9181, 24.4506, 39.1308, 52.8537, 38.338, 47.8729, 37.5113, 45.5607, 36.616, 44.0588, 35.6026, 42.9083, 34.3887]","[-98.1897, -79.0342, -54.9156, -82.797, -68.604, -86.5879, -75.4387, -90.4661, -80.6336, -94.5173, -85.1355, -98.8946, -89.2771, -103.9502, -93.2151, -110.9293, -97.0393, 0.5271, -100.8114, -82.5947, -104.5822, -91.8473, -108.4039, -97.8062, -112.3427, -102.6636, -116.5029, -107.0001, -121.0878, -111.0519, -126.6279, -114.9408, -135.6711, -118.7419, -88.074, -122.5104, -106.8246, -126.2955, -114.3778, -130.152, -119.8488, -134.1545, -124.4946, -138.4288, -128.7222, -143.2402, -132.7142, -149.3757, -136.5715, -162.8644, -140.3598, -117.3667, -144.1306, -129.7719, -147.9327, -136.4762, -151.8241, -141.6545, -155.8881, -146.1645, -160.273, -150.3205, -165.3134, -154.2735, -172.1357, -158.1111, 150.1738, -161.8934, -141.9335, -165.6693, -152.0347, -169.4882, -158.2701, -173.4107, -163.2701, -177.5282, -167.6947, 177.9906, -171.8054, 172.7443, -175.7343, 165.2197, -179.5609, -121.3485, 176.6588, -164.8009, 172.877, -173.8453, 169.0442, -179.8227, 165.0978, 175.2794, 160.9406, 170.9037, 156.389, 166.8181, 150.9909, 162.9016, 142.901, 159.0799, -157.1557, 155.2991, 173.2765, 151.5124, 164.6955, 147.6706, 158.8357, 143.71, 153.9823, 139.5314, 149.6259, 134.9449, 145.5486, 129.4778, 141.635, 121.1475, 137.8131, 179.3098, 134.0303, 152.0572, 130.2408, 143.5496, 126.3957, 137.695, 122.4324, 132.8361, 118.2531, 128.4723, 113.6721, 124.3879, 108.2331, 120.4681, 100.0851, 116.6414, 162.5187, 112.8555, 131.5138, 109.0652, 122.7209, 105.223, 116.7612, 101.2684, 111.8464, 97.109]"
2023-06-11,25.0478,121.532,0.2102880658436143,UMBRA-12,67371,21.7,"[-69.2514, -33.1822, 3.886, 40.9388, 76.2991, 63.0639, 26.4668, -10.7277, -47.6421, -80.9413, -56.8453, -20.193, 16.9508, 53.7983, 82.0475, 50.3649, 13.4047, -23.7769, -60.35, -78.6452, -44.0818, -7.1493, 29.984, 66.386, 73.3119, 37.4522, 0.3185, -36.7608, -72.5532, -67.367, -31.1674, 5.9185, 42.9487, 77.9153, 61.112, 24.4375, -12.7607, -49.6345, -81.7976, -54.8753, -18.1673, 18.9808, 55.7811, 81.3742, 48.3655, 11.3693, -25.8022, -62.2972, -77.0992, -42.0809, -5.1176, 32.0064, 68.2926, 71.491, 35.432, -1.718, -38.7726, -74.3354, -65.4601, -29.1498, 7.9516, 44.9563, 79.3897, 59.1483, 22.4061, -14.7935, -51.623, -82.2136, -52.898, -16.1396, 21.0106, 57.7578, 80.315, 46.3611, 9.3327, -27.8265, -64.2327, -75.4368, -40.076, -3.0847, 34.0278, 70.1752, 69.6294, 33.4089, -3.755, -40.7823, -76.0532, -63.5351, -27.1296, 9.9852, 46.9613, 80.6547, 57.1747, 20.3729, -16.8261, -53.6068, -82.1188, -50.9143, -14.1101, 23.0403, 59.7273, 78.9801, 44.3522, 7.2949, -29.8496, -66.1537, -73.693, -38.0675, -1.0506, 36.048, 72.026, 67.737, 31.383, -5.7923, -42.7897, -77.6796, -61.5954, -25.1068, 12.0193, 48.9634, 81.6144, 55.1926, 18.3379, -18.8582, -55.5853, -81.5298, -48.9248, -12.0788, 25.0697, 61.688, 77.4567, 42.3392, 5.2562, -31.8715, -68.0564, -71.891, -36.0555, 0.9846, 38.0669, 73.8341, 65.8207, 29.3546, -7.8299, -44.7944]","[108.3027, 89.8152, 81.6548, 72.8792, 43.1656, -89.8113, -103.995, -111.882, -121.5156, -174.1672, 74.0853, 62.3999, 54.6292, 43.7622, -50.7382, -121.0739, -131.1996, -139.0201, -151.9466, 82.1209, 44.4527, 35.331, 27.3245, 11.1546, -126.1648, -149.727, -158.1928, -166.5965, 171.0322, 33.2884, 16.4214, 8.3666, -0.6289, -35.3883, -164.0781, -177.3441, 174.8198, 164.8456, 100.5767, 0.2054, -10.919, -18.686, -30.0758, -137.098, 165.2659, 155.5004, 147.6352, 133.8531, 2.8873, -29.0719, -37.9583, -46.061, -63.7099, 157.8098, 136.8362, 128.5205, 119.9531, 94.6445, -41.4322, -56.9567, -64.9237, -74.1707, -115.5395, 121.8011, 109.3175, 101.5168, 91.1532, 13.2919, -73.5938, -84.231, -92.0087, -104.0027, 138.9408, 91.6546, 82.2044, 74.2789, 59.4884, -74.9944, -102.5654, -111.2458, -119.4635, -138.911, 82.3112, 63.4201, 55.2332, 46.4772, 17.4308, -115.9201, -130.3208, -138.2169, -147.7511, 162.2243, 47.8005, 35.9883, 28.2082, 17.3984, -74.5887, -147.3245, -157.5371, -165.3402, -178.0357, 57.3544, 18.0855, 8.9116, 0.9094, -15.0795, -151.8783, -176.0316, 175.4675, 167.1148, 145.4517, 7.2149, -9.9778, -18.0555, -27.0278, -60.9024, 169.7787, 156.3273, 148.4862, 138.624, 77.5306, -26.1, -37.3327, -45.1068, -56.4298, -161.2574, 139.0033, 129.1618, 121.3184, 107.8032, -22.2925, -55.4469, -64.3787, -72.4749, -89.902, 131.9771, 110.5264, 102.181, 93.6713, 69.2401, -67.5691, -83.3595, -91.3463, -100.5659]"
2023-02-24,25.0478,121.532,0.2099451303154939,GRUS-1A,43890,1.2,"[-48.6651, -11.3607, 26.1901, 63.1445, 76.2612, 40.4125, 2.9759, -34.4978, -70.9439, -68.9008, -32.2924, 5.2143, 42.6393, 78.0913, 60.9753, 23.9515, -13.5894, -50.839, -82.5014, -53.0017, -15.7851, 21.7745, 58.8772, 79.6908, 44.7871, 7.4045, -30.1021, -66.8266, -72.9497, -36.6847, 0.7837, 38.257, 74.4013, 65.2159, 28.3625, -9.165, -46.4933, -80.7689, -57.3126, -20.2049, 17.3536, 54.5705, 82.0872, 49.1463, 11.8315, -25.698, -62.6183, -76.7705, -41.0657, -3.6466, 33.8636, 70.4116, 69.3814, 32.766, -4.7381, -42.1305, -77.6371, -61.5886, -24.619, 12.9286, 50.2359, 82.4018, 53.4858, 16.2557, -21.2869, -58.3536, -80.099, -45.4332, -8.0755, 29.4609, 66.2715, 73.4178, 37.1606, -0.3096, -37.7538, -73.9018, -65.8134, -29.0261, 8.5009, 45.8803, 80.4275, 57.7994, 20.6761, -16.87, -54.0511, -82.2735, -49.7841, -12.5018, 25.0506, 62.0462, 77.2052, 41.5444, 4.1191, -33.3656, -69.8954, -69.9575, -33.4249, 4.0715, 41.5086, 77.1808, 62.0769, 25.0913, -12.4486, -49.7215, -82.2542, -54.1142, -16.9245, 20.6341, 57.7678, 80.4462, 45.915, 8.5471, -28.9679, -65.7502, -73.9614, -37.8139, -0.3585, 37.1239, 73.3908, 66.301, 29.5002, -8.0237, -45.3713, -80.0541, -58.4167, -21.3423, 16.2127, 53.4535, 82.4081, 50.2692, 12.9733, -24.5622, -61.5253, -77.6907, -42.1911, -4.7879, 32.7285, 69.3533, 70.4395, 33.9013, -3.5966, -41.005, -76.7151, -62.681]","[-4.9219, -14.4522, -22.14, -35.8849, -171.331, 160.3422, 151.8482, 143.8098, 124.2837, -16.374, -33.891, -41.8088, -50.5308, -84.284, 144.8882, 132.1164, 124.48, 114.5677, 39.7305, -51.3206, -61.6784, -69.2861, -81.2747, 154.3617, 113.5664, 104.5934, 96.7779, 80.8822, -58.8106, -80.8813, -89.0665, -97.3744, -121.7955, 99.8593, 84.9948, 77.2434, 68.0459, 20.1813, -97.4004, -108.8777, -116.4731, -127.2033, 130.3215, 66.9633, 57.3504, 49.678, 36.1946, -98.139, -127.7701, -136.3255, -144.3304, -163.2957, 55.8897, 37.9347, 29.9923, 21.3301, -10.8633, -143.017, -156.0402, -163.6905, -173.4968, 115.5808, 20.5968, 10.1266, 2.526, -9.2788, -131.3689, -174.5246, 176.421, 168.6277, 153.0994, 13.7348, -9.0453, -17.2662, -25.5297, -49.0755, 172.0706, 156.846, 149.0706, 139.9527, 94.6198, -25.4369, -37.0691, -44.6655, -55.2626, -153.7918, 138.9009, 129.1804, 121.5201, 108.29, -25.0488, -55.9203, -64.5251, -72.498, -90.9319, 128.2923, 109.796, 101.8182, 93.2155, 62.4147, -70.9843, -84.2268, -91.8862, -101.5943, -168.4369, 92.5738, 81.9602, 74.3623, 62.7386, -57.1935, -102.6564, -111.7776, -119.5492, -134.7327, 86.4758, 62.8291, 54.5594, 46.3397, 23.5999, -115.7876, -131.334, -139.1273, -148.172, 168.95, 46.5963, 34.7692, 27.1663, 16.7022, -78.0765, -149.2056, -159.0165, -166.6639, -179.6587, 48.3404, 15.9713, 7.3011, -0.6408, -18.5714, -159.3826, -178.3755, 173.619, 165.0709, 135.5906, 1.1322]"
2023-02-24,25.0478,121.532,0.2099451303154939,FLOCK 4G 31,62652,25.9,"[58.2305, 79.8601, 44.4829, 6.6066, -31.3502, -68.4159, -71.0917, -34.2209, 3.7132, 41.6252, 77.7015, 61.0289, 23.5052, -14.5086, -52.1731, -82.6146, -50.8894, -13.1961, 24.8178, 62.298, 76.6272, 40.3217, 2.3975, -35.5226, -72.2843, -67.1862, -30.0455, 7.9225, 45.7829, 80.714, 56.9496, 19.3053, -18.7077, -56.272, -81.2042, -46.763, -8.9916, 29.0113, 66.3176, 72.9707, 36.1492, -1.812, -39.6858, -75.974, -63.1957, -25.8616, 12.1312, 49.9268, 82.4964, 52.84, 15.1009, -22.9025, -60.3428, -78.3811, -42.6202, -4.7839, 33.1989, 70.2617, 69.1102, 31.9671, -6.021, -43.8381, -79.3006, -59.1514, -21.6705, 16.3383, 54.053, 82.1595, 48.708, 10.8932, -27.0917, -64.3738, -74.9172, -38.4639, -0.5738, 37.3791, 74.0759, 65.1392, 27.777, -10.2285, -47.9771, -81.8113, -55.0703, -17.4731, 20.5427, 58.156, 79.9125, 44.5586, 6.6831, -31.2745, -68.3448, -71.1611, -34.296, 3.6375, 41.5504, 77.6412, 61.1017, 23.5803, -14.4336, -52.0998, -82.6207, -50.9624, -13.2705, 24.7436, 62.2265, 76.6889, 40.3952, 2.4716, -35.4494, -72.2177, -67.2553, -30.1184, 7.8493, 45.7107, 80.6695, 57.0207, 19.378, -18.6352, -56.2015, -81.2433, -46.834, -9.0637, 28.9396, 66.2494, 73.0352, 36.2204, -1.7404, -39.6152, -75.9138, -63.2636, -25.9322, 12.0604, 49.8572, 82.4823, 52.9091, 15.1713, -22.8325, -60.2752, -78.4347, -42.689, -4.8535, 33.1297, 70.1974, 69.1749]","[158.286, 34.0129, -7.4315, -16.3769, -24.2625, -41.3168, 177.3564, 157.7335, 149.6982, 141.0727, 108.8284, -23.8894, -36.6733, -44.3244, -54.4993, -142.5255, 139.1751, 129.2545, 121.5793, 108.2499, -27.1393, -56.2599, -64.7586, -72.8743, -93.9427, 125.2533, 109.144, 101.3142, 92.2013, 45.1577, -73.7642, -85.1346, -92.7501, -103.9124, 141.2743, 90.0949, 80.8558, 73.0618, 57.5307, -82.937, -104.9733, -113.1369, -121.5706, -149.0579, 74.3502, 60.6149, 52.9188, 43.1637, -29.1063, -123.2362, -133.5649, -141.2056, -153.7021, 75.7827, 41.1914, 32.4697, 24.4868, 5.7259, -135.93, -153.5984, -161.5177, -170.3766, 151.1225, 24.1937, 12.1328, 4.5055, -6.0991, -108.7121, -172.4251, 178.0278, 170.2997, 155.9548, 17.6761, -7.5795, -15.9099, -24.1622, -47.9243, 172.6422, 157.845, 150.0931, 140.673, 82.5989, -25.4713, -36.3132, -43.9331, -55.6754, -179.6659, 138.5911, 129.6363, 121.7542, 104.758, -36.5478, -56.249, -64.2888, -72.9067, -104.9566, 122.1551, 109.3415, 101.6892, 91.5294, 4.0545, -74.7976, -84.7321, -92.4058, -105.7029, 119.0422, 89.7598, 81.2542, 73.1433, 52.1616, -88.6809, -104.8402, -112.6729, -121.7761, -168.482, 72.2705, 60.8792, 53.2635, 42.1208, -72.3267, -123.8821, -133.1314, -140.9229, -156.4091, 63.1738, 41.0441, 32.8756, 24.4481, -2.9009, -139.6018, -153.3706, -161.0684, -170.8112, 117.4256, 22.7919, 12.4481, 4.8083, -7.6624, -137.9936, -172.7888, 178.482, 170.5028, 151.8068, 10.1433]"
2018-04-14,25.0478,121.532,0.2089163237311324,FREGAT DEB,46621,21.2,"[50.7862, 44.9237, 28.0681, 5.7008, -18.0418, -38.9021, -50.3473, -46.5499, -32.5184, -15.1641, 2.7794, 20.2812, 36.2824, 48.0978, 49.9518, 38.7093, 18.9126, -4.5028, -27.619, -45.4374, -50.5487, -41.2742, -25.2543, -7.4607, 10.393, 27.429, 42.1325, 50.4954, 46.5742, 30.9538, 9.114, -14.6626, -36.2748, -49.5925, -47.9384, -34.8291, -17.6979, 0.2481, 17.8632, 34.1759, 46.8634, 50.5202, 40.9942, 22.0941, -1.0335, -24.452, -43.46, -50.818, -43.1968, -27.7079, -10.0097, 7.896, 25.1077, 40.298, 49.9394, 47.9731, 33.7103, 12.4844, -11.241, -33.4774, -48.4985, -49.0901, -37.0708, -20.2212, -2.2916, 15.4215, 32.0042, 45.4493, 50.7971, 43.0831, 25.1863, 2.4272, -21.1965, -41.2344, -50.7483, -44.9704, -30.1263, -12.5585, 5.3851, 22.7503, 38.361, 49.1371, 49.105, 36.3224, 15.8004, -7.7909, -30.5331, -47.0818, -49.9734, -39.2276, -22.7295, -4.8378, 12.9588, 29.7765, 43.8774, 50.7861, 44.9575, 28.1765, 5.8672, -17.8693, -38.7882, -50.3296, -46.5674, -32.5003, -15.1044, 2.8619, 20.3615, 36.3355, 48.1101, 49.9573, 38.7739, 19.0504, -4.3258, -27.4635, -45.3641, -50.5587, -41.281, -25.2174, -7.3887, 10.4775, 27.5004, 42.168, 50.4966, 46.599, 31.0513, 9.2748, -14.4864, -36.1479, -49.5616, -47.9575, -34.8185, -17.6441, 0.3281, 17.945, 34.234, 46.881, 50.5222, 41.0479, 22.2225, -0.8585, -24.2885, -43.3715, -50.8208, -43.2091]","[-42.1915, -5.9743, 20.0838, 38.6241, 56.1316, 79.2991, 115.0339, 153.8113, 179.2956, -164.7057, -152.2173, -139.4958, -122.8178, -96.8569, -60.4075, -27.9346, -5.922, 11.4201, 30.425, 58.461, 98.2562, 131.9319, 152.4419, 166.3831, 178.5672, -167.5462, -147.6162, -116.4263, -79.5822, -51.9678, -32.7701, -15.4984, 6.3661, 40.2277, 80.045, 107.5061, 124.4313, 137.1672, 149.6539, 165.4837, -170.2303, -134.7184, -100.8011, -77.5754, -59.9655, -41.6106, -15.3657, 23.4544, 59.1282, 81.16, 95.6892, 107.9106, 121.3329, 140.0567, 169.4979, -153.4188, -124.193, -104.2016, -87.0369, -66.3024, -34.4124, 5.9528, 35.4983, 53.4858, 66.5459, 78.8679, 93.9562, 116.6685, 150.933, -173.9094, -149.3406, -131.3358, -113.4856, -88.8837, -51.4467, -13.9913, 9.7281, 24.9495, 37.2763, 50.3154, 67.9587, 95.6293, 132.5449, 163.3877, -175.6881, -158.5044, -138.7317, -108.82, -68.4383, -36.7538, -17.557, -4.0906, 8.1349, 22.5809, 43.8375, 76.6156, 112.7355, 138.7624, 157.2916, 174.7755, -162.0988, -126.3537, -87.4422, -61.8752, -45.8473, -33.345, -20.6129, -3.9296, 22.0023, 58.3517, 90.7556, 112.752, 130.0797, 149.0519, 177.0505, -143.0804, -109.2767, -88.7133, -74.752, -62.5559, -48.6597, -28.733, 2.3963, 39.1377, 66.7129, 85.8991, 103.1496, 124.9731, 158.8266, -161.2298, -133.6732, -116.7138, -103.9627, -91.4649, -75.6281, -51.3626, -15.9431, 17.8945, 41.1, 58.6968, 77.0216, 103.2245, 142.0952, 177.9043]"
2014-09-01,25.0478,121.532,0.2068587105624095,FLOCK 4Y 23,55080,29.1,"[41.5046, -71.5114, 77.657, -48.3996, 20.7914, 8.3009, -38.103, 64.8271, -79.7298, 54.9997, -24.925, -3.6403, 31.8016, -62.0098, 82.6534, -58.0681, 30.9165, -1.4682, -27.9871, 55.1853, -82.1125, 64.8623, -34.7534, 6.6158, 21.942, -52.0407, 77.4173, -67.7345, 41.153, -11.3878, -17.6737, 45.2865, -74.9686, 74.4214, -44.7223, 17.0217, 11.9315, -41.775, 68.2625, -76.9613, 51.4687, -21.4592, -7.1785, 35.2004, -65.3303, 81.9396, -54.8064, 27.5621, 1.7713, -31.2726, 58.3183, -82.6464, 61.7953, -31.6813, 3.4841, 24.9523, -55.0389, 79.7012, -64.9276, 38.2172, -8.5397, -20.5629, 48.0556, -77.3455, 71.9225, -42.0476, 14.2997, 14.5515, -44.4026, 70.6816, -74.7764, 48.9563, -19.0029, -9.6654, 37.5875, -67.6224, 80.7089, -52.5366, 25.2517, 4.0004, -33.5108, 60.4427, -82.2403, 59.7178, -29.618, 1.4033, 26.9516, -57.0042, 80.9691, -63.0812, 36.3196, -6.7018, -22.4025, 49.8149, -78.7397, 70.3212, -40.3794, 12.627, 16.161, -45.9905, 72.1168, -73.4201, 47.4722, -17.5566, -11.1013, 38.9643, -68.9111, 79.8376, -51.2671, 23.9878, 5.2193, -34.7042, 61.5674, -81.8055, 58.6487, -28.5644, 0.3737, 27.9404, -57.945, 81.4771, -62.2164, 35.4633, -5.874, -23.1937, 50.5676, -79.2827, 69.6732, -39.7196, 12.0044, 16.7601, -46.542, 72.601, -72.9715, 47.0207, -17.1207, -11.4867, 39.3318, -69.2164, 79.6312, -51.0017, 23.771, 5.4279, -34.8539, 61.6995]","[169.1784, 2.514, -59.0537, 145.9021, -31.3467, 149.7446, -28.323, 159.0031, 94.9324, -53.1116, 131.271, -47.6165, 133.7064, -39.6329, -147.1647, 108.8061, -66.4756, 114.971, -63.7034, 120.2598, -4.6915, -91.9554, 96.0675, -82.4497, 98.5919, -77.6655, 125.3107, 68.8846, -102.0235, 80.1659, -98.7841, 83.5515, -78.0318, -137.0575, 60.3574, -117.3613, 63.6695, -114.0705, 75.3896, 19.9038, -138.3772, 45.2426, -133.7144, 47.781, -123.9281, 151.425, 23.6535, -152.4641, 28.8305, -149.6992, 35.075, -67.1703, -176.4762, 10.0775, -168.6008, 12.4957, -163.1103, 48.6659, -15.3153, 172.0617, -6.0135, 175.0757, -2.2404, -158.2376, 140.6637, -25.5423, 156.4595, -22.5318, 160.0118, -8.4562, -61.1032, 135.8662, -40.9551, 140.0555, -38.2995, 151.4612, 78.418, -62.0566, 121.3503, -57.4391, 124.1492, -50.3998, -137.4343, 98.1208, -76.1196, 105.1103, -73.7424, 111.1592, -28.8778, -100.5865, 85.8923, -92.3298, 88.7924, -88.2663, 120.5163, 56.2398, -111.7172, 70.1302, -108.8659, 73.8702, -93.0415, -145.0423, 49.7444, -127.3055, 53.6895, -124.5673, 66.1855, -2.1266, -148.1779, 34.9905, -143.8382, 37.8172, -136.3223, 143.5697, 12.1016, -162.4985, 18.6859, -160.1374, 25.0305, -110.2943, 173.4019, -0.4959, -178.7789, 2.3555, -174.5838, 36.5392, -29.5537, 161.8717, -16.3427, 164.6611, -12.5366, -178.8547, 129.1661, -36.685, 146.1993, -32.8157, 148.955, -20.044, -87.49, 125.3532, -51.5328, 129.6321, -48.7109, 137.1986]"
2022-03-20,25.0478,121.532,0.2068587105624095,SKYSAT 2,40072,27.3,"[-66.4656, -72.853, -37.2313, -0.1562, 36.9449, 72.6521, 66.6146, 30.3511, -6.7886, -43.7593, -78.1579, -60.2142, -23.6601, 13.515, 50.4073, 81.5112, 53.5382, 16.7329, -20.4358, -57.0935, -80.1852, -46.9453, -10.0181, 27.1522, 63.601, 75.3724, 40.1233, 3.0717, -34.0231, -69.9661, -69.458, -33.4595, 3.6542, 40.7115, 75.8616, 63.0314, 26.5639, -10.5947, -47.4988, -80.4667, -56.5505, -19.864, 17.3197, 54.121, 81.378, 49.8223, 12.9295, -24.2296, -60.7511, -77.7568, -43.2025, -6.2099, 30.94, 67.1743, 72.1232, 36.3563, -0.7371, -37.7923, -73.3374, -65.9425, -29.6793, 7.4641, 44.4671, 78.7018, 59.3938, 22.7707, -14.3987, -51.2224, -81.6207, -52.8568, -16.0633, 21.121, 57.8102, 79.7344, 46.0878, 9.1232, -28.0182, -64.3661, -74.7625, -39.4467, -2.4, 34.7209, 70.6596, 68.6914, 32.5801, -4.5459, -41.552, -76.4841, -62.3515, -25.892, 11.2729, 48.2095, 80.8242, 55.7182, 18.9725, -18.1998, -54.9261, -81.1557, -49.1403, -12.2588, 24.9181, 61.4666, 77.1466, 42.3385, 5.3149, -31.8006, -67.9186, -71.4737, -35.6799, 1.4108, 38.4936, 74.0009, 65.1515, 28.7961, -8.3538, -45.3002, -79.2094, -58.7096, -22.0984, 15.0797, 51.9354, 81.6624, 52.0147, 15.1701, -21.9972, -58.6039, -79.2799, -45.4057, -8.4513, 28.71, 65.0771, 74.0674, 38.5769, 1.5055, -35.5757, -71.3745, -68.0211, -31.9039, 5.2217, 42.2565, 77.0875, 61.5427, 25.0054, -12.1601]","[95.6316, -38.8631, -63.3449, -72.233, -81.1005, -105.2686, 120.0029, 102.5988, 94.1594, 84.5745, 45.7825, -77.5567, -91.2276, -99.4447, -110.1496, 178.4531, 86.4622, 75.0311, 66.8586, 54.3819, -57.1422, -108.5377, -118.5958, -126.9068, -142.2852, 86.5304, 56.9474, 47.7863, 39.1407, 18.6039, -117.1925, -137.1745, -145.7857, -155.011, 174.1393, 43.9387, 28.8845, 20.5947, 10.4458, -43.6369, -152.5683, -164.8675, -173.039, 175.3738, 79.6804, 12.0241, 1.4404, -6.7863, -20.6927, -145.5559, 177.3552, 167.8409, 159.3704, 141.5162, 6.4003, -16.948, -25.7659, -34.7004, -60.0093, 165.9553, 149.0651, 140.6569, 130.9693, 89.5389, -31.4498, -44.7842, -52.9842, -63.8558, -140.0952, 132.7765, 121.5224, 113.3416, 100.6072, -14.4305, -62.2083, -72.1326, -80.4708, -96.2984, 131.5163, 103.3763, 94.2857, 85.5879, 64.2201, -71.5484, -90.7606, -99.319, -108.6319, -141.2528, 90.043, 75.3598, 67.0896, 56.8095, -1.4016, -106.3729, -118.4166, -126.5833, -138.3862, 121.5103, 58.3818, 47.9352, 39.6895, 25.4394, -101.4785, -136.284, -145.6935, -154.2053, -172.6859, 51.9082, 29.4977, 20.7334, 11.7304, -14.8323, -148.1616, -164.5074, -172.878, 177.3215, 133.0615, 14.7572, 1.6984, -6.493, -17.5331, -98.9961, 179.0362, 167.9792, 159.7909, 146.7738, 28.8768, -15.8178, -25.6354, -34.0041, -50.3015, 176.4542, 149.7617, 140.7525, 131.9976, 109.7231, -25.7276, -44.3017, -52.8207, -62.2219, -96.8224, 136.0834, 121.7981, 113.552]"
2014-03-10,25.0478,121.532,0.206515775034289,FLOCK 4H 3,66706,10.8,"[25.1371, -12.5601, -49.9521, -82.3716, -53.7308, -16.4369, 21.2443, 58.5161, 79.8526, 44.8063, 7.249, -30.3985, -67.2139, -72.5301, -36.1289, 1.4499, 39.0541, 75.2581, 64.1262, 27.0358, -10.6571, -48.0849, -81.6946, -55.5844, -18.3367, 19.3431, 56.6647, 81.0463, 46.6855, 9.1543, -28.506, -65.4168, -74.2221, -38.0135, -0.4551, 37.1655, 73.5884, 65.9408, 28.9337, -8.7533, -46.214, -80.678, -57.4327, -20.2358, 17.4408, 54.8071, 81.9651, 48.5619, 11.0597, -26.6116, -63.6056, -75.864, -39.8961, -2.3602, 35.2747, 71.8733, 67.7411, 30.8305, -6.8485, -44.3395, -79.4191, -59.275, -22.1341, 15.5375, 52.944, 82.5071, 50.4352, 12.965, -24.7155, -61.7828, -77.4361, -41.7767, -4.2654, 33.3819, 70.1244, 69.5232, 32.7261, -4.943, -42.4618, -77.9935, -61.1101, -24.0315, 13.6333, 51.0761, 82.589, 52.3049, 14.8702, -22.8178, -59.9503, -78.9089, -43.655, -6.1706, 31.4871, 68.3495, 71.2822, 34.6205, -3.0368, -40.5812, -76.4535, -62.9367, -25.928, 11.7283, 49.2039, 82.1962, 54.1707, 16.7751, -20.9185, -58.1096, -80.2372, -45.5309, -8.0756, 29.5905, 66.5544, 73.0108, 36.5135, -1.13, -38.6978, -74.8337, -64.753, -27.8234, 9.8226, 47.3279, 81.393, 56.0318, 18.6796, -19.0178, -56.2618, -81.3542, -47.4039, -9.9804, 27.6922, 64.7433, 74.6989, 38.4049, 0.7773, -36.8119, -73.1568, -66.5569, -29.7176, 7.9162, 45.4484, 80.2805, 57.8876, 20.5837]","[121.489, 113.8301, 104.0969, 35.0585, -61.8955, -72.3958, -79.9928, -91.8402, 144.2538, 102.7374, 93.7681, 85.9451, 69.8176, -70.4123, -91.8194, -99.954, -108.3198, -134.3095, 88.1787, 73.9544, 66.2469, 56.8259, 0.0098, -109.0051, -119.9655, -127.5527, -138.8266, 105.3615, 55.4019, 46.1799, 38.4292, 23.4904, -115.2686, -139.2742, -147.5474, -155.7626, -178.7471, 41.7146, 26.4303, 18.6607, 9.5152, -37.374, -156.0426, -167.5292, -175.1189, 174.1073, 68.8282, 8.1026, -1.4056, -9.098, -23.031, -159.4402, 173.2913, 164.8594, 156.7754, 136.196, -4.5403, -21.082, -28.9281, -37.83, -77.004, 157.005, 144.9139, 137.3092, 126.9734, 34.5226, -39.1551, -48.9876, -56.6352, -69.7103, 157.307, 125.8796, 117.2668, 109.2963, 90.6694, -50.5331, -68.5812, -76.5188, -85.2057, -118.4579, 110.1537, 97.3646, 89.7326, 79.7813, 1.3758, -86.365, -96.5657, -104.1813, -116.5193, 115.2947, 78.4937, 69.6755, 61.8019, 44.7808, -96.1927, -116.0656, -124.1108, -132.6082, -161.2942, 63.4239, 49.824, 42.1518, 32.5392, -32.3629, -133.5194, -144.1391, -151.7354, -163.4362, 74.9395, 31.1369, 22.086, 14.294, -1.3912, -141.422, -163.5335, -171.7037, 179.9656, 154.8439, 16.8412, 2.2932, -5.4325, -14.7463, -68.0792, 179.3907, 168.2929, 160.7035, 149.5566, 36.6959, -16.1866, -25.5011, -33.2261, -47.7884, 173.9133, 149.0173, 140.7032, 132.5184, 110.2199, -29.5611, -45.2268, -53.0196, -62.0696, -106.1922, 132.3766, 120.7311]"
2025-11-20,25.0478,121.532,0.2048010973936867,ICEYE-X49,62384,26.6,"[11.2963, -15.5191, -37.9939, -44.5698, -29.391, -3.9908, 22.4569, 42.0127, 42.1676, 22.7871, -3.6144, -29.0678, -44.4883, -38.2392, -15.887, 10.9342, 34.8516, 45.1283, 32.985, 8.4636, -18.2564, -39.7019, -43.8636, -26.9661, -1.1164, 25.0406, 43.1664, 40.8101, 20.1426, -6.4789, -31.4007, -44.9599, -36.3757, -13.11, 13.7424, 36.8442, 44.8607, 30.7305, 5.6088, -20.9405, -41.2114, -42.8971, -24.4487, 1.7614, 27.5421, 44.0704, 39.2385, 17.4378, -9.3264, -33.6139, -45.1512, -34.3505, -10.2966, 16.5132, 38.6699, 44.3132, 28.3604, 2.7395, -23.5611, -42.5025, -41.6865, -21.8517, 4.6351, 29.9483, 44.7092, 37.4732, 14.6828, -12.1491, -35.6903, -45.0587, -32.1821, -7.4553, 19.2372, 40.3088, 43.4959, 25.89, -0.1366, -26.1066, -43.5559, -40.2503, -19.187, 7.4973, 32.2443, 45.0708, 35.5344, 11.8871, -14.9387, -37.6119, -44.6838, -29.8877, -4.5941, 21.9047, 41.7404, 42.4233, 23.3329, -3.0123, -28.5645, -44.3544, -38.6084, -16.4652, 10.3402, 34.4139, 45.1483, 33.4415, 9.0594, -17.6866, -39.3593, -44.0339, -27.4835, -1.7206, 24.5046, 42.9445, 41.1129, 20.7019, -5.88, -30.9212, -44.8839, -36.7809, -13.6962, 13.1559, 36.4395, 44.9402, 31.2126, 6.2078, -20.3834, -40.9125, -43.1205, -24.9838, 1.1578, 27.0251, 43.9026, 39.5841, 18.0082, -8.7324, -33.1613, -45.1346, -34.7875, -10.8891, 15.936, 38.3023, 44.4505, 28.8649, 3.3403, -23.0187]","[-33.8356, -8.906, 23.4763, 71.486, 113.3065, 140.8363, 166.5268, -156.6817, -107.1333, -70.1283, -44.3912, -16.9926, 24.5645, 72.7154, 105.3166, 130.2761, 160.471, -153.4141, -108.6909, -79.559, -54.4574, -20.5047, 28.3474, 68.3058, 95.0328, 121.2682, 159.9068, -150.7237, -115.4987, -90.1798, -61.8458, -18.4779, 28.5435, 59.6954, 84.6039, 116.144, 163.6128, -153.4043, -125.3253, -99.911, -64.2636, -14.9425, 23.1496, 49.2242, 76.153, 116.6744, 165.4683, -160.9792, -135.9362, -106.5113, -61.455, -15.8454, 14.0068, 39.0035, 72.0378, 120.5604, 161.6984, -171.1197, -145.25, -107.8093, -58.4172, -22.1446, 3.4247, 31.1991, 73.5849, 121.4361, 153.4471, 178.3546, -150.9743, -104.422, -60.4409, -31.7337, -6.5088, 28.1566, 77.38, 116.6344, 143.0721, 169.5431, -151.1605, -102.0992, -67.5592, -42.3512, -13.5761, 30.5921, 77.1815, 107.7965, 132.7076, 164.7771, -147.4347, -105.2292, -77.5111, -51.9164, -15.5034, 34.0318, 71.4214, 97.2644, 124.4861, 165.6531, -146.0007, -113.0769, -88.0889, -58.1563, -12.3569, 32.7121, 62.0847, 87.1385, 120.7503, 169.4547, -150.1941, -123.3111, -97.202, -58.9547, -9.5133, 26.077, 51.4716, 79.5965, 122.5918, 169.875, -158.6813, -133.7734, -102.5275, -55.3187, -11.9597, 16.3269, 41.6637, 76.9464, 126.2009, 164.6817, -169.1191, -142.3478, -102.2206, -53.2737, -19.381, 5.708, 34.8913, 79.6067, 125.5319, 155.6437, -179.3894, -146.6793, -98.3488, -56.8189, -29.4622, -3.6999]"
2022-07-08,25.0478,121.532,0.2041152263374457,LEGION 3,60452,25.8,"[-43.9997, -27.3822, -1.6451, 24.507, 42.9138, 41.1962, 20.9069, -5.6386, -30.7311, -44.8545, -36.9322, -13.9435, 12.8488, 36.1689, 44.9971, 31.6527, 6.796, -19.8282, -40.6143, -43.3265, -25.5064, 0.519, 26.409, 43.6632, 40.0754, 18.8888, -7.7895, -32.4382, -45.0862, -35.4553, -11.8374, 14.9452, 37.6024, 44.6904, 29.9138, 4.6406, -21.8298, -41.6778, -42.5109, -23.5826, 2.6825, 28.2606, 44.2668, 38.839, 16.8392, -9.929, -34.073, -45.1574, -33.8916, -9.7131, 17.0182, 38.9372, 44.2273, 28.1125, 2.4784, -23.7933, -42.6135, -41.5601, -21.6162, 4.8424, 30.056, 44.7185, 37.4957, 14.7622, -12.0536, -35.6282, -45.0672, -32.249, -7.574, 19.0639, 40.1647, 43.6124, 26.255, 0.3124, -25.7138, -43.4131, -40.4824, -19.612, 6.9955, 31.7889, 45.0135, 36.0541, 12.6617, -14.1598, -37.0958, -44.8165, -30.5348, -5.4234, 21.0779, 41.2763, 42.8521, 24.3473, -1.8542, -27.5859, -44.0694, -39.2862, -17.5745, 9.1385, 33.4524, 45.1485, 34.5223, 10.5416, -16.2439, -38.4676, -44.4081, -28.7559, -3.2647, 23.0559, 42.2633, 41.9533, 22.3948, -4.0182, -29.4038, -44.5757, -37.9802, -15.5082, 11.268, 35.0392, 45.122, 32.9084, 8.4054, -18.302, -39.7352, -43.8463, -26.9187, -1.1009, 24.9928, 43.1173, 40.924, 20.4027, -6.1764, -31.1613, -44.9268, -36.5729, -13.417, 13.3806, 36.5416, 44.9343, 31.2199, 6.2565, -20.3299, -40.8898, -43.1367, -25.0293]","[-17.4004, 22.8502, 49.6568, 75.6923, 113.7794, 163.0908, -161.28, -135.8792, -107.8316, -64.9589, -17.5793, 13.9448, 38.7893, 69.756, 116.6157, 160.1807, -171.3743, -146.1153, -111.1702, -61.9789, -23.1401, 3.1408, 29.6585, 69.1524, 118.144, 152.4847, 177.636, -153.542, -109.3514, -62.9567, -32.4601, -7.5964, 24.4388, 72.2064, 114.422, 142.133, 167.6782, -156.0608, -106.6554, -69.2128, -43.3736, -16.2886, 24.6174, 73.0719, 106.1918, 131.1736, 160.8583, -153.7211, -108.4549, -78.8992, -53.9377, -20.752, 27.7416, 68.5628, 95.6273, 121.5404, 159.167, -151.4421, -115.3603, -89.8802, -62.1417, -19.8429, 27.873, 59.8485, 84.7398, 115.3756, 161.9081, -154.0688, -125.3658, -100.2275, -65.8155, -16.7985, 22.6105, 49.1147, 75.4786, 114.5043, 163.6524, -161.5751, -136.373, -107.8933, -64.2486, -17.4516, 13.4615, 38.3412, 70.0147, 117.5121, 160.2077, -171.8538, -146.4587, -110.7532, -61.4309, -23.4275, 2.6013, 29.5004, 69.9386, 118.6229, 152.1501, 177.1544, -153.5364, -108.6219, -62.8989, -32.9624, -8.0155, 24.7792, 73.0682, 114.3814, 141.643, 167.3759, -155.5697, -106.1691, -69.5434, -43.9067, -16.3864, 25.4539, 73.4669, 105.8224, 130.7082, 160.9353, -152.9867, -108.4643, -79.4166, -54.3234, -20.3292, 28.5557, 68.4595, 95.131, 121.2839, 159.7276, -151.0233, -115.7298, -90.4033, -62.1745, -18.9688, 28.1846, 59.4488, 84.2949, 115.5273, 162.6329, -154.1421, -125.8947, -100.5756, -65.3111, -16.0437, 22.4494]"
2022-07-08,25.0478,121.532,0.2041152263374457,LEGION 6,62901,25.1,"[-3.5701, -29.041, -44.4847, -38.2826, -16.0136, 10.7147, 34.6199, 45.1471, 33.3363, 8.9353, -17.8136, -39.4431, -44.003, -27.4189, -1.7249, 24.4133, 42.8724, 41.2479, 20.9814, -5.5793, -30.689, -44.8465, -36.9991, -14.0776, 12.6824, 36.0413, 45.018, 31.785, 6.939, -19.7076, -40.5459, -43.3825, -25.6785, 0.2863, 26.1855, 43.5812, 40.2138, 19.1053, -7.5814, -32.2805, -45.0719, -35.6335, -12.1224, 14.6334, 37.3853, 44.7503, 30.1732, 4.9338, -21.573, -41.546, -42.6384, -23.8962, 2.2974, 27.9149, 44.1646, 39.0787, 17.2013, -9.5739, -33.8102, -45.1586, -34.1921, -10.151, 16.5649, 38.6451, 44.3466, 28.5064, 2.9222, -23.4058, -42.4365, -41.7767, -22.0763, 4.3059, 29.5967, 44.6173, 37.8496, 15.2729, -11.554, -35.272, -45.1058, -32.6814, -8.166, 18.4735, 39.8139, 43.8104, 26.7899, 0.9068, -25.2023, -43.2107, -40.8037, -20.2227, 6.3092, 31.226, 44.9354, 36.5333, 13.3235, -13.5189, -36.6597, -44.914, -31.1072, -6.1704, 20.3561, 40.8847, 43.1465, 25.0284, -1.1099, -26.9582, -43.8627, -39.7264, -18.3393, 8.3048, 32.7974, 45.1158, 35.1366, 11.3559, -15.4656, -37.9668, -44.5851, -29.4752, -4.1666, 22.2089, 41.8504, 42.3603, 23.2264, -3.1252, -28.6689, -44.3869, -38.5515, -16.4296, 10.29, 34.3051, 45.1566, 33.6661, 9.3733, -17.3911, -39.1864, -44.122, -27.7907, -2.1574, 24.0283, 42.7042, 41.458, 21.3881, -5.1366, -30.3296]","[56.3406, 83.7371, 125.2719, 173.39, -154.0456, -129.1781, -99.2294, -53.4482, -8.5618, 20.7349, 45.8036, 79.5019, 128.2187, 168.4273, -164.7935, -138.8068, -100.8017, -51.4577, -15.7411, 9.6897, 37.7245, 80.5366, 127.897, 159.4287, -175.7609, -144.9013, -98.1208, -54.4171, -25.8897, -0.6323, 34.2281, 83.3552, 122.2521, 148.5389, 174.9685, -145.7177, -96.6524, -62.1403, -36.9474, -8.1984, 35.8414, 82.2965, 112.8676, 137.6887, 169.5336, -142.8202, -100.3658, -72.5312, -47.0156, -10.9383, 38.4078, 76.0054, 101.8723, 128.8179, 169.4477, -141.9553, -108.59, -83.5658, -54.0259, -8.832, 36.5913, 66.2762, 91.1759, 124.0776, 172.4353, -146.4025, -119.1847, -93.3404, -56.0014, -6.6334, 29.693, 55.2115, 82.7476, 124.681, 172.6321, -155.0845, -130.1602, -99.7532, -53.5028, -9.2147, 19.6599, 44.7064, 78.7319, 127.6293, 167.4787, -165.8453, -139.6007, -100.968, -51.7759, -16.679, 8.5615, 36.7636, 79.9666, 127.1102, 158.3818, -176.7256, -145.3761, -98.1904, -55.1168, -26.9762, -1.7142, 33.4959, 82.7475, 121.284, 147.4921, 174.2096, -145.8476, -97.0247, -63.1046, -38.0728, -9.1285, 35.2869, 81.4811, 111.8144, 136.7435, 169.1087, -142.9134, -101.1097, -73.6272, -48.0801, -11.6331, 37.778, 75.0194, 100.8322, 128.0967, 169.348, -142.3822, -109.5781, -84.6863, -54.9231, -9.3768, 35.748, 65.2185, 90.2525, 123.7031, 172.3108, -147.1876, -120.288, -94.3852, -56.6604, -7.2884, 28.691, 54.18, 82.0665]"
2024-01-13,25.0478,121.532,0.2041152263374457,ICEYE-X71,68494,25.0,"[-7.5496, -44.6363, -79.1754, -59.5493, -22.8094, 14.5105, 51.5887, 82.2736, 52.2985, 15.2501, -22.0542, -58.8058, -79.7001, -45.3909, -8.3005, 29.022, 65.6461, 73.8967, 37.9641, 0.7144, -36.4846, -72.4274, -67.3991, -31.0278, 6.2424, 43.4513, 78.4469, 60.337, 23.5027, -13.813, -50.782, -82.1605, -53.478, -16.5569, 20.7778, 57.7088, 80.2893, 46.1363, 8.9809, -28.2912, -64.7972, -74.8479, -39.2119, -2.028, 35.2612, 71.4763, 68.1985, 31.7358, -5.5563, -42.6738, -77.7077, -61.4633, -24.7945, 12.5171, 49.6326, 81.9336, 54.2474, 17.2421, -20.0677, -56.8801, -80.8881, -47.3486, -10.2931, 27.036, 63.7512, 75.6094, 39.9392, 2.7085, -34.5112, -70.6303, -69.2489, -33.0053, 4.2481, 41.4807, 76.9012, 62.2541, 25.4903, -11.8226, -48.8322, -81.5862, -55.4156, -18.5453, 18.7874, 55.7713, 81.3493, 48.0986, 10.9738, -26.3102, -62.9049, -76.5118, -41.179, -4.0214, 33.2812, 69.6526, 70.0452, 33.7167, -3.5638, -40.7094, -76.1136, -63.3652, -26.777, 10.5243, 47.6734, 81.1502, 56.1894, 19.2322, -18.0812, -54.9483, -81.7663, -49.3012, -12.2838, 25.0499, 61.8438, 77.2408, 41.9106, 4.7013, -32.5368, -68.8014, -71.0707, -34.9794, 2.2549, 39.5085, 75.2503, 64.1583, 27.4754, -9.8326, -46.8794, -80.623, -57.3455, -20.5314, 16.7973, 53.8284, 82.046, 50.0558, 12.9652, -24.3287, -61.0012, -78.0784, -43.142, -6.0132, 31.3006, 67.8014, 71.8604, 35.6946]","[-136.6676, -145.8463, 174.1875, 50.1377, 37.5589, 29.7638, 19.4149, -60.5883, -145.68, -156.1786, -163.9611, -176.2657, 62.3776, 19.5306, 10.2492, 2.2865, -13.3409, -150.438, -174.8836, 176.6254, 168.2587, 146.1557, 7.9764, -8.8654, -16.9084, -25.9532, -62.6227, 170.1547, 157.2497, 149.4438, 139.2765, 66.4692, -25.6541, -36.4076, -44.1818, -56.1354, -173.8983, 139.3196, 129.923, 121.9948, 106.9236, -28.8248, -55.0256, -63.617, -71.908, -92.7864, 128.3603, 110.8461, 102.765, 93.8252, 60.0233, -69.6001, -82.9602, -90.7914, -100.7584, -167.0985, 94.2304, 83.2734, 75.5073, 63.8375, -49.0164, -100.7473, -110.3146, -118.2083, -132.7123, 92.6066, 64.7207, 56.0548, 47.823, 27.9771, -110.9059, -129.3323, -137.477, -146.2996, -177.5584, 50.4773, 36.7345, 28.8866, 19.0785, -40.9108, -145.7037, -156.952, -164.7179, -176.0836, 75.8635, 19.0592, 9.3603, 1.4946, -12.5418, -145.2934, -175.4067, 175.8128, 167.6455, 148.7966, 9.632, -9.6142, -17.8044, -26.5349, -55.6, 170.805, 156.5307, 148.6489, 139.0165, 84.5454, -25.7856, -37.2685, -45.0321, -56.1522, -158.0404, 139.0175, 129.1249, 121.2848, 107.7306, -23.356, -55.6491, -64.5151, -72.6315, -90.6419, 130.5715, 110.2174, 101.9529, 93.3247, 66.2407, -69.0438, -83.7701, -91.6749, -101.1679, -150.5207, 94.3274, 82.5103, 74.7387, 63.8833, -32.0256, -101.1558, -111.1987, -119.0172, -132.1749, 99.397, 64.2401, 55.2436, 47.1814, 29.9929, -108.6907, -130.0569]"
2017-02-10,24.0,121.0,0.2041152263374457,SKYSAT 2,40072,17.8,"[-32.1903, -68.2211, -71.2661, -35.5647, 1.4068, 38.3874, 73.8472, 65.3609, 29.0417, -8.082, -44.9888, -78.9575, -59.1872, -22.714, 14.3461, 51.1272, 81.6114, 52.9148, 16.1142, -21.0251, -57.6118, -79.9411, -46.613, -9.8023, 27.2558, 63.6201, 75.3977, 40.1804, 3.1505, -33.9095, -69.8033, -69.7091, -33.8512, 3.1375, 40.0991, 75.2991, 63.7259, 27.3155, -9.816, -46.6907, -80.0016, -57.5226, -20.9901, 16.0747, 52.8169, 81.624, 51.2225, 14.3809, -22.7535, -59.2784, -78.8861, -44.9142, -8.0729, 28.9779, 65.2542, 73.9487, 38.465, 1.4148, -35.6271, -71.3601, -68.1268, -32.1357, 4.8682, 41.8088, 76.6854, 62.0787, 25.5878, -11.5498, -48.3895, -80.8387, -55.8513, -19.2651, 17.8028, 54.5022, 81.2874, 49.5258, 12.6468, -24.4809, -60.9375, -77.6799, -43.2123, -6.3429, 30.6989, 66.8744, 72.4485, 36.7472, -0.3211, -37.343, -72.8845, -66.5242, -30.4185, 6.5991, 43.5165, 77.9831, 60.4211, 23.8588, -13.2832, -50.085, -81.4081, -54.174, -17.539, 19.5305, 56.1827, 80.639, 47.8251, 10.912, -26.2074, -62.5877, -76.3623, -41.5077, -4.6124, 32.4189, 68.4777, 70.9091, 35.0273, -2.0571, -39.0571, -74.3673, -64.9051, -28.6996, 8.33, 45.2218, 79.1605, 58.7547, 22.1284, -15.0162, -51.7767, -81.6549, -52.4915, -15.8119, 21.2577, 57.8576, 79.7375, 46.1208, 9.1766, -27.9327, -64.2275, -74.9624, -39.8005, -2.8814, 34.1375, 70.06, 69.3391, 33.3053]","[-8.9739, -27.7162, -163.1115, 174.7831, 166.045, 157.0669, 130.8198, -2.6659, -19.1494, -27.5265, -37.275, -80.0436, 160.3393, 147.1148, 138.9327, 128.0889, 52.4183, -35.2911, -46.5609, -54.7337, -67.3797, 179.1701, 129.8638, 119.8781, 111.5803, 96.2062, -34.8928, -64.5319, -73.6959, -82.3288, -102.67, 121.643, 101.4149, 92.7964, 83.651, 54.264, -77.0251, -92.4706, -100.7816, -110.7896, -160.5936, 86.4317, 73.8265, 65.6658, 54.4298, -32.4824, -108.9543, -119.8287, -128.0231, -141.2934, 98.7153, 56.3515, 46.6237, 38.2603, 21.8589, -111.4968, -137.9497, -146.9453, -155.6984, -177.9387, 46.7075, 28.0613, 19.5469, 10.2134, -23.0339, -151.2352, -165.782, -174.0394, 175.6622, 117.3107, 12.6036, 0.5447, -7.6058, -19.2829, -116.9397, 177.4298, 166.9078, 158.6801, 144.6988, 19.6186, -17.1311, -26.6285, -35.0708, -52.6659, 172.4906, 148.652, 139.8057, 130.9156, 106.3991, -27.9773, -45.2793, -53.704, -63.2484, -101.2766, 134.6796, 120.9156, 112.6995, 102.0759, 33.7231, -61.156, -72.7312, -80.8829, -93.0572, 159.8115, 103.8553, 93.6477, 85.375, 70.5802, -58.3624, -90.5875, -99.8791, -108.414, -127.4064, 96.9441, 75.2711, 66.5566, 57.5115, 30.2403, -102.4569, -118.608, -126.9566, -136.7373, 179.297, 60.7001, 47.6212, 39.4346, 28.4465, -50.9063, -134.8562, -146.0019, -154.166, -166.9027, 78.1093, 30.3173, 20.3907, 12.0606, -3.6699, -135.457, -164.0204, -173.1285, 178.2293, 157.5883, 21.7678, 1.906]"
2020-04-15,24.0,121.0,0.2034293552812048,EOSSAT-1,55053,19.5,"[-28.5567, -65.9629, -73.3456, -36.5298, 1.4914, 39.5103, 76.0333, 62.9467, 25.3476, -12.8358, -50.7247, -82.6857, -52.0368, -14.2417, 23.8653, 61.4616, 77.3272, 41.0096, 2.9322, -35.1781, -72.159, -67.2129, -29.9253, 8.147, 46.0867, 80.9949, 56.4999, 18.6953, -19.4937, -57.2275, -80.5895, -45.5026, -7.5919, 30.4932, 67.8095, 71.5065, 34.4003, -3.7392, -41.776, -77.8921, -60.8628, -23.3022, 14.7991, 52.6274, 82.5946, 49.9794, 12.0323, -26.1395, -63.6523, -75.4742, -38.9324, -0.9368, 37.1038, 73.9218, 65.2698, 27.7688, -10.408, -48.3428, -82.0983, -54.4066, -16.6649, 21.444, 59.1146, 79.2145, 43.4119, 5.3626, -32.7689, -69.9342, -69.4827, -32.3354, 5.7198, 43.6913, 79.3936, 58.8606, 21.1204, -17.0702, -54.8666, -81.896, -47.8886, -10.0172, 28.0777, 65.5125, 73.7003, 36.8114, -1.3098, -39.3769, -75.8941, -63.192, -25.718, 12.3742, 50.2473, 82.6344, 52.3618, 14.4598, -23.7217, -61.3253, -77.4984, -41.3297, -3.3631, 34.6959, 71.7355, 67.5697, 30.1862, -7.9809, -45.9569, -80.8921, -56.7667, -19.0848, 19.0229, 56.7576, 80.8483, 45.8083, 7.7911, -30.3585, -67.6717, -71.714, -34.7411, 3.294, 41.2934, 77.5286, 61.2083, 23.5424, -14.6469, -52.499, -82.6255, -50.2675, -12.4399, 25.6618, 63.1951, 75.8194, 39.2176, 1.1182, -36.9758, -73.7852, -65.5024, -28.13, 9.9503, 47.8629, 81.9186, 54.7356, 16.8847, -21.3037, -58.9857, -79.3603]","[-24.6237, -39.8083, 179.6302, 157.247, 149.1047, 140.7263, 113.3287, -23.7609, -37.3032, -44.9619, -54.8041, -133.1867, 138.5845, 128.4962, 120.8769, 108.0054, -26.2685, -57.0512, -65.5762, -73.6387, -94.3898, 124.2127, 108.1982, 100.4119, 91.3125, 42.6524, -74.956, -86.1306, -93.7213, -105.099, 134.3121, 88.7952, 79.7783, 71.9669, 55.5018, -86.2798, -106.2467, -114.2648, -122.8615, -155.3999, 71.9189, 59.2998, 51.6903, 41.4731, -51.8057, -125.1702, -134.8833, -142.5592, -156.4387, 65.5672, 39.4125, 31.087, 22.9006, -0.3983, -140.4712, -155.2436, -162.9664, -172.4005, 126.2567, 21.115, 10.5018, 2.9128, -9.0675, -137.0936, -174.8154, 176.4081, 168.4828, 150.1987, 8.1428, -9.7081, -17.6012, -26.4002, -64.9567, 167.7953, 155.8924, 148.2946, 137.5595, 29.3812, -28.8781, -38.2322, -45.9541, -60.8623, 158.8456, 135.8935, 127.7183, 119.3455, 92.2711, -45.0124, -58.6545, -66.3095, -76.0611, -151.2186, 117.287, 107.1163, 99.4893, 86.674, -47.1155, -78.388, -86.9305, -94.9563, -115.1864, 103.1272, 86.8332, 79.024, 69.9376, 22.1298, -96.2506, -107.4845, -115.0633, -126.3021, 114.9455, 67.4662, 58.3946, 50.5805, 34.2214, -107.4004, -127.5918, -135.6173, -144.1603, -175.5419, 50.7027, 37.9267, 30.3015, 20.1085, -71.7937, -146.4891, -156.2383, -163.8932, -177.5462, 44.9865, 18.0637, 9.7006, 1.5168, -21.5564, -161.7021, -176.5939, 175.6844, 166.3289, 107.7309, -0.1675, -10.8772, -18.4761, -30.4134, -157.7708]"
2020-02-07,24.0,121.0,0.2034293552812048,FLOCK 4Y 32,55021,10.6,"[13.1842, -62.751, 82.6392, -2.6698, -81.5805, 57.8749, -18.4842, -38.8849, 36.0188, -35.5551, 23.9044, 18.1045, -55.6218, 75.8837, 2.0326, -80.0814, 65.9714, -13.6017, -55.7812, 42.2898, -30.0382, 2.9472, 23.4265, -48.7972, 61.7221, 6.9786, -71.9808, 75.0852, -8.6071, -70.5204, 49.3643, -24.5613, -18.7736, 29.2402, -42.2393, 43.6963, 12.2237, -63.5571, 82.5744, -3.4592, -81.4137, 57.4449, -19.0827, -39.5807, 35.6651, -35.8932, 22.2769, 17.8399, -55.5408, 74.7586, 1.8923, -79.4652, 66.7547, -13.556, -58.2178, 42.8617, -29.6988, -1.4541, 23.9211, -47.9638, 58.0102, 7.5099, -70.3322, 77.1795, -7.9287, -73.8756, 51.046, -23.5939, -25.4284, 30.5922, -40.7558, 36.7538, 13.4726, -61.1658, 81.8325, -2.1397, -82.6579, 60.4947, -17.5138, -47.5131, 38.022, -33.8287, 11.8951, 19.8827, -52.5737, 67.7028, 3.8841, -75.5608, 71.4459, -11.3897, -66.4327, 46.4412, -27.0926, -14.4798, 26.8755, -44.5162, 46.6349, 10.233, -65.4558, 82.0899, -5.1454, -80.6208, 56.1602, -20.4589, -39.4817, 34.6342, -36.8769, 20.9107, 17.022, -55.921, 73.6022, 1.3067, -78.9375, 67.5352, -13.8376, -61.0776, 43.4116, -29.5332, -7.3955, 24.4023, -47.0758, 52.448, 8.0722, -68.2439, 80.017, -7.1335, -78.0071, 53.5567, -22.3671, -34.7797, 32.5791, -38.7818, 25.6542, 15.2836, -57.8948, 76.4055, -0.2404, -80.513, 65.5041, -15.2638, -58.4548, 41.8381, -30.8807, -4.4499]","[-34.7642, -21.4704, -124.7672, -41.4643, 74.7491, -59.4994, -48.1139, 120.5285, -61.8073, -54.0724, 120.9925, -67.6203, -57.2749, 139.7649, -74.2419, -29.4403, -96.6281, -80.9673, 83.4004, -95.334, -87.2549, 85.9276, -100.5777, -91.8388, 90.6314, -107.0548, -85.7407, -140.9308, -113.8075, 40.7881, -129.4096, -120.3229, 50.8663, -133.6846, -125.754, 51.6742, -139.9217, -126.2312, 134.4828, -146.6497, -28.5989, -164.589, -153.315, 15.091, -167.0248, -159.2931, 15.4573, -172.8696, -162.5951, 31.8795, -179.5107, -138.3347, 157.428, 173.7398, -22.9675, 159.2426, 167.4002, -19.9264, 154.0598, 162.6288, -16.6085, 147.5893, 166.7691, 108.2283, 140.8171, -69.6033, 124.7688, 134.2413, -55.4215, 120.797, 128.6171, -55.1614, 114.6232, 127.0031, -5.5941, 107.8943, -165.0906, 88.608, 101.1751, -92.1667, 87.2133, 95.0249, -91.2983, 81.551, 90.9905, -83.3145, 74.947, 102.551, 47.0246, 68.162, -133.4301, 53.0379, 61.6804, -126.9303, 48.3077, 56.4059, -125.9568, 41.9453, 56.7428, -30.5979, 35.1694, 160.3131, 17.5752, 28.4863, -163.2865, 14.7757, 22.5045, -163.1454, 8.8476, 19.1636, -148.7743, 2.1664, 40.6366, -21.6706, -4.6199, 157.1518, -19.2895, -11.026, 160.905, -24.4125, -16.0223, 162.7379, -30.882, -13.923, -82.7383, -37.6844, 101.1265, -54.5065, -44.3424, 124.5599, -57.9538, -50.2127, 124.468, -64.0221, -53.078, 144.3423, -70.7468, -23.2542, -93.0534, -77.5361, 85.4086, -92.0246, -83.9052, 88.1764]"
2024-11-26,25.0478,121.532,0.2034293552812048,FLOCK 4V 17,46529,23.5,"[-63.9981, -31.6508, 43.5377, 67.4486, -1.486, -78.7091, -15.9779, 56.9126, 54.7632, -16.2225, -79.5242, -0.845, 69.5675, 41.7912, -31.1719, -65.2543, 13.6931, 80.4268, 28.613, -46.2468, -49.8537, 27.6243, 80.379, 15.2233, -61.2733, -34.574, 40.9645, 69.8658, 1.6123, -75.6339, -19.6619, 53.7326, 57.9996, -12.2136, -82.1953, -5.2294, 65.8875, 45.8427, -26.2243, -70.4675, 8.6656, 76.9927, 33.5176, -40.3594, -56.0804, 22.0032, 82.6743, 21.0307, -54.5114, -41.6227, 34.7903, 75.2378, 8.3726, -68.4245, -27.4324, 47.0464, 64.4595, -4.4584, -80.6474, -13.6388, 58.7756, 53.2103, -17.4481, -78.9293, -0.3112, 69.8798, 41.8, -30.5621, -66.3361, 12.5161, 79.5974, 30.2722, -43.7414, -52.8367, 24.8357, 81.9157, 18.6251, -56.8828, -39.4033, 36.6579, 73.7969, 6.8523, -69.7324, -26.2458, 48.0001, 63.7051, -5.0451, -80.8578, -13.4588, 58.8639, 53.2818, -17.0539, -79.4694, -1.0959, 69.1703, 42.7461, -29.1464, -68.0325, 10.8159, 78.4003, 32.1351, -41.2776, -55.6091, 22.2698, 82.6662, 21.4498, -53.3748, -43.2007, 33.2733, 76.6411, 10.6856, -65.2908, -31.016, 43.8411, 67.6504, -0.1578, -76.5039, -19.1451, 53.9836, 58.1993, -11.0728, -82.7274, -7.6391, 63.6804, 48.6355, -22.0429, -75.3264, 3.4729, 72.7881, 39.0281, -33.0408, -64.3502, 14.1784, 80.4858, 29.3893, -44.0263, -53.049, 24.4776, 82.14, 19.7184, -54.9367, -41.8443, 34.3796, 75.8791]","[131.1661, -70.8087, -61.7944, 91.0591, 106.6543, 143.5326, -80.4264, -69.5075, 86.489, 96.5603, -131.307, -90.4728, -72.8356, 78.3071, 86.8256, -115.9669, -100.6149, -55.9298, 68.8308, 78.018, -120.6602, -110.5994, 14.6528, 58.801, 71.7672, -129.0461, -120.1016, 30.8926, 48.5546, 76.0608, -138.6491, -128.4853, 27.4136, 38.3123, 146.5177, -148.7371, -133.9897, 19.6038, 28.301, -178.6517, -158.9843, -129.1395, 10.2728, 18.8871, 179.4101, -169.1736, -75.6562, 0.2778, 10.9272, 171.792, -179.0747, -35.3605, -10.016, 7.3729, 162.4683, 171.6824, -33.9784, -20.3994, 27.0396, 152.4595, 163.9147, -40.3632, -30.7012, 104.1655, 142.1638, 160.0856, -49.126, -40.7103, 115.7502, 131.7971, 171.5599, -58.8781, -50.0531, 110.9258, 121.5299, -127.6606, -69.101, -57.8313, 102.5582, 111.5628, -102.1864, -79.5434, -60.969, 92.9341, 102.2271, -103.1825, -90.0479, -41.03, 82.7604, 94.2344, -110.1122, -100.4791, 31.8233, 72.3412, 89.5795, -119.0699, -110.6724, 44.5232, 61.8495, 96.2864, -128.9249, -120.3548, 40.1562, 51.4194, 145.2878, -139.2299, -128.9414, 31.976, 41.1981, -178.3243, -149.7636, -134.7815, 22.4241, 31.4028, -176.0039, -160.3911, -130.887, 12.2547, 22.4384, 178.1507, -171.0079, -78.8711, 1.7844, 15.2351, 169.6575, 178.4945, -35.8507, -8.819, 12.5433, 160.0217, 168.2639, -34.2038, -19.4425, 25.5978, 149.8088, 158.5552, -40.6118, -29.987, 77.3434, 139.2817, 149.9069, -49.4443, -40.3367, 101.9462]"
2024-11-26,25.0478,121.532,0.2034293552812048,GRUS-1B,47934,19.9,"[78.0591, 42.4863, 4.9931, -32.4677, -68.933, -70.9794, -34.6487, 2.83, 40.3823, 76.3619, 62.7679, 25.684, -11.8844, -49.0904, -81.9272, -54.9651, -17.8645, 19.7389, 57.032, 80.7082, 46.2555, 8.8048, -28.6909, -65.3694, -74.3748, -38.416, -0.9848, 36.5959, 73.0513, 66.4081, 29.4842, -8.0799, -45.3581, -79.9066, -58.6513, -21.6625, 15.9265, 53.304, 82.3146, 50.0128, 12.6159, -24.9074, -61.7486, -77.5501, -42.1735, -4.7981, 32.8024, 69.5655, 69.9832, 33.2795, -4.2727, -41.6131, -77.0776, -62.3078, -25.4551, 12.1122, 49.5571, 82.2051, 53.755, 16.4257, -21.118, -58.0891, -80.2892, -45.9198, -8.6092, 29.0028, 65.9797, 73.4521, 37.0686, -0.4636, -37.8574, -73.8591, -65.9228, -29.2413, 8.2969, 45.7956, 80.4384, 57.4778, 20.2334, -17.3236, -54.4015, -82.1253, -49.6526, -12.4174, 25.1985, 62.332, 76.7329, 40.8504, 3.3467, -34.0925, -70.4413, -69.4764, -33.0205, 4.4812, 42.0223, 77.709, 61.1746, 24.0384, -13.5248, -50.6927, -82.3768, -53.3693, -16.2219, 21.3902, 58.6431, 79.6464, 44.6233, 7.1575, -30.3196, -66.9115, -72.9325, -36.7916, 0.6659, 38.2396, 74.5173, 64.8349, 27.8396, -9.7225, -46.9672, -80.9117, -57.0658, -20.0221, 17.5789, 54.9254, 81.7933, 48.3853, 10.9681, -26.5396, -63.313, -76.2196, -40.5535, -3.1481, 34.4491, 71.0952, 68.4413, 31.6363, -5.9171, -43.228, -78.3606, -60.7362, -23.8171, 13.7653, 51.1862, 82.4857]","[-164.8305, 161.0786, 152.2949, 144.3134, 126.6167, -13.4665, -33.2145, -41.325, -49.8985, -78.8461, 146.3158, 132.6072, 124.8722, 115.2036, 53.275, -50.2706, -61.1789, -68.8358, -80.3561, 162.4103, 114.2245, 104.9696, 97.152, 82.0793, -55.6713, -80.2766, -88.6573, -96.9143, -119.4147, 101.2041, 85.4112, 77.5542, 68.4469, 25.8962, -96.4474, -108.4482, -116.1159, -126.6547, 138.3005, 67.5144, 57.6548, 49.9442, 36.7498, -94.9818, -127.2547, -135.9885, -144.0064, -162.3478, 57.0091, 38.2647, 30.2267, 21.5574, -9.2587, -142.2358, -155.6875, -163.4167, -173.2001, 119.0841, 20.9941, 10.3558, 2.6996, -9.1085, -129.1304, -174.1257, 176.6856, 168.8408, 153.3272, 14.2901, -8.8195, -17.1055, -25.4353, -49.1372, 172.5371, 157.1115, 149.2674, 140.0709, 93.9333, -25.2703, -36.9218, -44.574, -55.3349, -155.1136, 139.1416, 129.3698, 121.6399, 108.132, -25.9043, -55.8253, -64.4382, -72.509, -91.6643, 128.1571, 109.9584, 101.9415, 93.2023, 60.3241, -71.1805, -84.1716, -91.87, -101.8263, -174.7064, 92.5905, 82.0691, 74.4008, 62.3628, -61.5785, -102.7312, -111.7668, -119.6471, -135.7371, 85.124, 62.8656, 54.6102, 46.2257, 21.2872, -116.5829, -131.3859, -139.1826, -148.5142, 161.6908, 46.2828, 34.789, 27.1314, 16.198, -89.6209, -149.5087, -159.0868, -166.8363, 179.2332, 44.3622, 15.8488, 7.278, -0.8355, -20.7782, -161.227, -178.5554, 173.4933, 164.6491, 129.5145, 0.3102, -12.4641, -20.1611, -30.2495, -109.7244]"
2015-02-08,25.0478,121.532,0.2034293552812048,SKYSAT C9,42989,29.4,"[28.9458, 71.8452, 61.7495, 18.2447, -25.7821, -68.782, -65.1186, -21.8992, 22.1366, 65.476, 68.2455, 25.0632, -18.9767, -62.3279, -71.4775, -28.6979, 15.3117, 58.9131, 74.4701, 31.8695, -12.1542, -55.7363, -77.3922, -35.4785, 8.4757, 52.2506, 79.9162, 38.6581, -5.3191, -49.0661, -81.843, -42.2347, 1.6332, 45.5274, 82.6041, 45.4217, 1.5243, -42.3436, -81.8888, -48.9584, -5.2114, 38.7624, 79.986, 52.1494, 8.3715, -35.5826, -77.4764, -55.6357, -12.0535, 31.9665, 74.5531, 58.8223, 15.218, -28.7914, -71.5624, -62.2404, -18.8889, 25.1469, 68.3209, 65.4016, 22.0593, -21.976, -65.1905, -68.7137, -25.713, 18.3092, 61.8075, 71.7932, 28.8907, -15.1414, -58.6305, -74.8966, -32.5211, 11.4585, 55.1634, 77.7095, 35.7068, -8.2923, -51.9716, -80.2328, -39.3076, 4.5992, 48.4448, 82.0205, 42.5011, -1.4329, -45.2509, -82.5929, -46.0654, -2.264, 41.6774, 81.6734, 49.2648, 5.4323, -38.4864, -79.6768, -52.7835, -9.1268, 34.8748, 77.0323, 55.9829, 12.2987, -31.6884, -74.1662, -59.4421, -15.9846, 28.0457, 71.0155, 62.6274, 19.1618, -24.8637, -67.9175, -66.0002, -22.833, 21.1961, 64.5746, 69.1346, 26.017, -18.0178, -61.4024, -72.3554, -29.6673, 14.3313, 57.9572, 75.3292, 32.859, -11.1552, -54.7603, -78.1871, -36.4824, 7.4561, 51.2469, 80.5819, 39.6822, -4.2805, -48.0439, -82.2235, -43.2719, 0.5749, 44.479, 82.5359, 46.4787, 2.6018, -41.2773]","[-38.6567, -60.3765, 154.4028, 140.3581, 131.7931, 113.3374, -33.3958, -49.1756, -57.7113, -73.7318, 139.2614, 121.2413, 112.685, 98.3938, -46.9982, -68.2363, -76.8656, -89.7793, 127.9808, 102.2454, 93.4968, 81.5962, -54.4636, -87.1474, -96.0819, -107.1424, 126.8678, 83.4321, 74.2617, 63.8284, -45.1799, -105.8326, -115.3302, -125.2336, 149.4334, 64.8969, 55.0075, 45.4981, -15.8373, -124.1698, -134.5844, -143.763, 172.387, 46.7984, 35.7595, 26.8184, -6.129, -141.9466, -153.819, -162.5714, 171.5397, 29.4256, 16.544, 7.9119, -13.4294, -158.7566, -173.0063, 178.4369, 160.3545, 13.365, -2.6089, -11.1445, -26.9678, -173.7175, 167.8873, 159.3241, 145.254, -0.0074, -21.6612, -30.2994, -43.0972, 175.425, 148.9064, 140.1335, 128.3743, -6.8259, -40.56, -49.5151, -60.5027, 175.4753, 130.115, 120.8983, 110.5586, 4.2766, -59.2264, -68.7617, -78.6178, -160.4232, 111.6126, 101.6461, 92.1984, 33.8341, -77.5336, -88.013, -97.1616, -139.2044, 93.566, 82.4024, 73.4991, 41.8609, -95.2589, -107.2432, -115.9788, -141.1384, 76.2814, 63.1938, 54.5799, 33.8604, -111.9721, -126.4241, -134.9758, -152.705, 60.3869, 44.0513, 35.5152, 20.0367, -126.7266, -145.5214, -154.0915, -167.9642, 47.3766, 25.0142, 16.3555, 3.769, -137.0579, -164.489, -173.2831, 175.0782, 41.5097, 6.1374, -2.862, -13.7129, -135.4322, 176.7395, 167.4824, 157.2196, 54.8957, -12.4962, -22.1078, -31.8741, -109.2605, 158.2683, 148.2325, 138.8339]"
2022-09-30,25.0478,121.532,0.2030864197530843,FLOCK 3P 57,41978,16.7,"[-49.25, 75.2043, -80.0275, -10.3388, -16.0887, -63.5392, 55.4401, -65.5319, -29.675, 19.8182, -76.8141, 19.8841, -46.2847, -46.1672, 66.9222, -81.7787, -6.4375, -20.9483, -61.1063, 61.6703, -68.1312, -26.9831, 14.4352, -75.0381, 23.6726, -48.8541, -44.2557, 62.1039, -82.4522, -4.2085, -23.412, -59.7645, 64.6857, -69.391, -25.675, 12.3209, -74.216, 25.085, -49.7474, -43.5549, 61.0673, -82.5862, -3.758, -23.6407, -59.5337, 64.3864, -69.3697, -25.7896, 13.3462, -74.399, 24.0483, -48.9965, -44.0754, 63.8343, -82.3832, -5.0901, -21.6247, -60.4161, 60.8119, -68.052, -27.308, 17.6077, -75.5811, 20.6685, -46.5352, -45.7969, 70.3012, -81.5457, -8.1064, -17.1834, -62.3971, 54.1585, -65.3445, -30.1581, 25.4189, -77.6867, 15.2131, -42.1859, -48.6738, 79.5136, -79.4888, -12.6269, -9.9322, -65.4484, 44.8709, -61.0745, -34.2305, 37.2537, -80.4363, 8.0628, -35.6226, -52.6467, 80.2394, -75.7719, -18.4262, 0.7739, -69.5242, 33.6269, -54.9708, -39.4013, 53.5048, -82.6795, -0.3578, -26.2971, -57.6553, 65.4177, -70.1888, -25.2752, 15.879, -74.5179, 21.1952, -46.6045, -45.556, 73.5421, -81.2473, -9.6566, -13.3184, -63.6467, 47.5996, -62.5141, -32.9795, 36.4475, -79.9577, 8.2571, -35.2707, -52.6112, 78.1505, -75.1895, -19.5319, 4.6845, -70.5518, 29.4561, -52.2866, -41.4063, 62.6528, -82.7199, -4.7185, -19.7873, -60.5241, 54.7891, -65.9497, -29.8011, 29.4261, -78.0377]","[-153.9862, 3.312, 75.1243, -154.6761, 26.1308, -173.2454, -150.5977, 32.3546, -170.4724, 8.448, 155.8532, -171.5266, 10.8447, 173.1058, -19.1582, 56.3559, 172.0506, -6.9625, 154.4476, 178.6055, 0.8041, 156.191, -24.5834, 126.4906, 155.2526, -22.2114, 139.8202, -49.4984, 33.9963, 138.5587, -40.375, 121.386, 146.7655, -31.6889, 122.6216, -58.0768, 94.3794, 121.6926, -55.7184, 106.2168, -82.6793, 3.871, 104.841, -74.1155, 87.7281, 112.779, -65.4864, 88.8292, -91.9873, 60.2516, 87.7599, -89.7187, 72.3155, -118.1392, -35.1328, 70.8979, -108.1884, 53.4984, 76.8009, -100.5953, 54.8156, -126.3404, 23.9512, 53.4871, -124.187, 38.105, -157.6651, -81.5003, 36.7389, -142.5925, 18.6018, 40.0345, -136.661, 20.5737, -161.2555, -15.7489, 18.9527, -159.0438, 3.5367, 146.2299, -130.5353, 2.3767, -177.3348, -17.2406, 3.4191, -173.1909, -13.9189, 162.9047, -62.7116, -15.7611, 165.805, -31.5007, 22.5879, -177.3204, -32.1844, 147.5303, -54.729, -32.7536, 150.2081, -48.7147, 124.8221, -127.2598, -50.6012, 130.4216, -67.2498, -42.3408, 139.5644, -66.9613, 111.8011, -95.8528, -68.5327, 113.7358, -83.9277, 75.5917, 153.3447, -85.5563, 94.7884, -104.284, -84.1766, 99.3246, -102.0122, 74.7427, -147.9748, -104.0573, 77.4167, -119.8092, -75.9398, 93.0186, -120.6609, 58.7155, -144.2367, -121.8006, 60.9092, -137.4733, 32.203, 124.8808, -139.4717, 41.1297, -156.9752, -136.3688, 47.1644, -156.0081, 21.4595, 166.3718]"
2022-09-30,25.0478,121.532,0.2030864197530843,ICEYE-X64,67373,19.7,"[69.6019, 33.3637, -3.8362, -40.9318, -76.2638, -63.1721, -26.6267, 10.5921, 47.6227, 81.0265, 56.4767, 19.6349, -17.611, -54.4536, -81.8909, -49.8268, -12.8817, 24.3555, 61.048, 77.9544, 42.962, 5.8578, -31.3361, -67.6452, -72.177, -36.2461, 0.9002, 38.0566, 73.8584, 65.7789, 29.2939, -7.9305, -44.9676, -79.3683, -59.2475, -22.5502, 14.6838, 51.6385, 82.2281, 52.4869, 15.5464, -21.6947, -58.423, -79.9288, -45.8094, -8.7905, 28.4331, 64.9574, 74.6113, 38.9142, 1.762, -35.3974, -71.4092, -68.4397, -32.1871, 4.9955, 42.1064, 77.2807, 61.8812, 25.2169, -12.0231, -48.989, -81.6056, -55.2847, -18.468, 18.7727, 55.6335, 81.428, 48.4745, 11.4543, -25.7733, -62.3572, -76.9546, -41.7766, -4.6968, 32.5043, 68.7994, 70.9786, 34.8556, -2.3342, -39.4495, -75.0105, -64.5975, -28.1196, 9.0902, 46.1441, 80.1894, 57.9346, 21.134, -16.1128, -52.9925, -82.192, -51.2943, -14.3811, 22.8578, 59.6006, 79.0563, 44.4445, 7.3597, -29.8457, -66.2406, -73.5059, -37.7311, -0.6016, 36.5678, 72.5311, 67.1929, 30.788, -6.4298, -43.4906, -78.2997, -60.6902, -24.0449, 13.1833, 50.1668, 82.0042, 53.954, 17.0462, -20.1989, -56.9728, -80.806, -47.2829, -10.2905, 26.938, 63.529, 75.8831, 40.4005, 3.2634, -33.9108, -70.0453, -69.8233, -33.6751, 3.4942, 40.6219, 76.0657, 63.3181, 26.7127, -10.5239, -47.5184, -80.933, -56.7393, -19.9642, 17.2739, 54.1706]","[-72.1761, -91.0427, -99.2318, -108.0125, -137.6247, 89.3703, 75.139, 67.2439, 57.5972, 4.0188, -106.978, -118.5793, -126.3626, -137.3956, 124.1007, 57.8525, 47.8323, 39.9923, 26.7513, -101.8187, -136.7329, -145.7401, -153.818, -170.9275, 50.9842, 29.1223, 20.7486, 12.2296, -12.2523, -149.0485, -164.8142, -172.8041, 177.943, 136.7018, 13.9709, 1.4573, -6.3503, -16.7353, -96.1304, 178.368, 167.7985, 160.0007, 147.7818, 28.1817, -16.3861, -25.7542, -33.7104, -48.9544, 175.1625, 149.2842, 140.6909, 132.3764, 111.516, -26.9274, -44.699, -52.8193, -61.7286, -94.3095, 135.0847, 121.4724, 113.6125, 103.7426, 42.8043, -60.9337, -72.1861, -79.9668, -91.3236, 162.3458, 103.9876, 94.2001, 86.3278, 72.5016, -58.9102, -90.4597, -99.3282, -107.4683, -125.5724, 95.7609, 75.4061, 67.1244, 58.487, 31.8142, -103.4342, -118.4514, -126.3942, -135.8158, 177.8165, 59.8662, 47.8044, 40.0115, 29.3344, -59.1641, -135.4938, -145.8003, -153.6132, -166.2685, 69.4536, 29.808, 20.6183, 12.608, -3.458, -140.5416, -164.4078, -172.8958, 178.7031, 156.3283, 18.3784, 1.6093, -6.4453, -15.5105, -51.7489, -179.07, 167.8502, 160.0179, 149.9273, 80.8518, -14.9136, -25.8284, -33.6143, -45.3582, -158.4319, 150.1939, 140.607, 132.7011, 118.2721, -15.5546, -44.2208, -52.9531, -61.1718, -80.4777, 140.8165, 121.741, 113.5374, 104.7841, 75.6648, -57.8054, -72.1239, -80.024, -89.6489, -142.249, 105.8653, 94.1939, 86.4103, 75.4423]"
2022-08-30,24.0,121.0,0.2027434842249638,GAOFEN 12 04,57654,17.5,"[-82.0343, -53.5399, -16.9045, 20.1347, 56.7764, 80.8416, 47.5785, 10.7195, -26.3122, -62.6583, -76.7849, -41.8474, -4.9864, 32.0221, 68.1671, 71.6492, 35.7818, -1.2201, -38.1491, -73.6553, -66.1943, -30.0413, 6.9466, 43.8438, 78.4389, 60.4459, 23.9056, -13.1522, -49.8892, -81.7473, -54.7698, -18.1667, 18.8715, 55.5465, 81.4176, 48.8223, 11.9849, -25.0533, -61.4506, -77.7708, -43.0938, -6.2514, 30.764, 66.9851, 72.7804, 37.0371, 0.0457, -36.898, -72.5436, -67.3772, -31.297, 5.6812, 42.5946, 77.4859, 61.6618, 25.1672, -11.8884, -48.6509, -81.2873, -55.9969, -19.4282, 17.6081, 54.3141, 81.8379, 50.0643, 13.2498, -23.7939, -60.2384, -78.7028, -44.3387, -7.516, 29.5054, 65.795, 73.892, 38.2912, 1.3114, -35.646, -71.4135, -68.5513, -32.5518, 4.4159, 41.3444, 76.4824, 62.873, 26.4281, -10.6244, -47.4111, -80.6798, -57.221, -20.689, 16.3446, 53.0795, 82.0778, 51.3043, 14.5143, -22.5341, -59.0225, -79.5666, -45.5821, -8.7802, 28.2463, 64.598, 74.9796, 39.5441, 2.5769, -34.3933, -70.2681, -69.7151, -33.8055, 3.1507, 40.0932, 75.4389, 64.0789, 27.6883, -9.3603, -46.1698, -79.9516, -58.4419, -21.9492, 15.0809, 51.8428, 82.121, 52.5421, 15.7784, -21.274, -57.8031, -80.3438, -46.8238, -10.044, 26.9867, 63.3948, 76.0378, 40.7959, 3.8423, -33.1398, -69.1098, -70.8667, -35.0582, 1.8857, 38.8412, 74.3634, 65.2787, 28.9477, -8.0961]","[101.7106, 11.0707, 0.1776, -7.653, -19.4501, -130.7479, 176.4008, 166.6818, 158.7449, 144.6397, 13.6952, -17.7758, -26.7142, -34.8826, -52.6255, 169.6727, 148.2429, 139.8385, 131.2558, 106.8475, -29.2837, -45.4773, -53.5454, -62.7276, -100.1313, 133.9783, 120.8627, 112.981, 102.8693, 37.4062, -61.4316, -72.6379, -80.4638, -91.8972, 163.5555, 103.7851, 93.8563, 85.9521, 72.42, -55.7476, -90.4641, -99.5452, -107.6506, -124.4403, 98.5251, 75.5047, 67.0059, 58.5248, 35.8849, -101.1786, -118.2494, -126.3759, -135.4072, -169.1471, 61.7122, 48.0663, 40.1569, 30.2692, -27.6452, -133.9025, -145.4506, -153.2775, -164.3782, 98.7484, 31.1891, 21.0324, 13.155, 0.1414, -124.5951, -163.1392, -172.3754, 179.5752, 163.634, 27.6276, 2.7754, -5.8266, -14.2151, -35.3172, -172.9583, 168.9847, 160.7928, 151.9004, 121.2669, -10.4935, -24.7257, -32.6689, -42.3504, -93.6068, 153.6616, 141.7396, 133.906, 123.1101, 34.6237, -41.3851, -51.7895, -59.6462, -72.1891, 167.2637, 124.1999, 114.7955, 106.7953, 91.6125, -42.9701, -69.9442, -78.659, -86.9632, -106.7206, 115.396, 96.2256, 87.961, 79.1961, 51.2076, -82.6307, -97.513, -105.4963, -114.9878, -160.5016, 81.2646, 68.9331, 61.0871, 50.5708, -29.1826, -113.9355, -124.6094, -132.4511, -144.5659, 99.9408, 51.5545, 41.9675, 34.0101, 19.5077, -113.207, -142.6533, -151.4911, -159.7189, -178.2942, 43.9074, 23.4738, 15.1286, 6.4809, -19.2435, -154.6896, -170.2953, -178.3249]"
2024-09-14,25.0478,121.532,0.2020576131687228,FLOCK 4H 30,66733,12.5,"[-31.9236, -68.907, -70.6368, -33.7785, 4.1382, 42.0505, 78.0491, 60.5493, 22.9982, -15.0046, -52.6208, -82.5407, -50.5274, -12.8604, 25.1469, 62.6296, 76.2929, 39.9153, 1.9868, -35.9027, -72.5808, -66.9047, -29.7942, 8.1573, 46.0219, 80.8566, 56.6485, 18.9868, -19.0112, -56.5272, -81.0619, -46.5909, -8.8471, 29.1523, 66.4668, 72.7822, 35.9286, -2.0315, -39.873, -76.083, -63.0975, -25.8021, 12.1761, 49.9808, 82.487, 52.7208, 14.9719, -23.0133, -60.4072, -78.3471, -42.6394, -4.8306, 33.1525, 70.2335, 69.0909, 31.9336, -6.0488, -43.833, -79.2466, -59.2415, -21.8029, 16.1938, 53.9236, 82.1672, 48.7729, 10.9543, -27.01, -64.2504, -75.0539, -38.6751, -0.8116, 37.1463, 73.8816, 65.2986, 27.9317, -10.0643, -47.7805, -81.6779, -55.3515, -17.7977, 20.2094, 57.8454, 80.0835, 44.8093, 6.935, -31.0003, -68.0394, -71.4869, -34.7, 3.209, 41.1322, 77.31, 61.4444, 23.9241, -14.0773, -51.713, -82.6152, -51.4362, -13.7873, 24.2222, 61.7383, 77.0607, 40.8331, 2.9147, -34.9834, -71.7423, -67.7761, -30.7154, 7.2304, 45.1085, 80.2846, 57.5491, 19.9117, -18.0867, -55.6266, -81.5458, -47.5014, -9.7726, 28.231, 65.5898, 73.6093, 36.8465, -1.1057, -38.9579, -75.2962, -63.9811, -26.7227, 11.2517, 49.0728, 82.2642, 53.6248, 15.8955, -22.0919, -59.5154, -79.0413, -43.5507, -5.7544, 32.2348, 69.3779, 69.9483, 32.8513, -5.1253, -42.9224, -78.563]","[-24.3055, -41.8226, 176.9276, 157.7451, 149.7178, 141.0252, 107.47, -24.0302, -36.6624, -44.3232, -54.6159, -145.5847, 139.1678, 129.2923, 121.592, 108.0663, -27.8635, -56.2498, -64.7332, -72.8913, -94.4207, 125.1472, 109.194, 101.3572, 92.1864, 43.7659, -73.7764, -85.0934, -92.7253, -103.986, 140.2788, 90.1546, 80.9192, 73.101, 57.418, -83.0712, -104.9187, -113.0877, -121.556, -149.3907, 74.4202, 60.6973, 52.9857, 43.1927, -29.7308, -123.1636, -133.4964, -141.155, -153.7072, 75.8929, 41.3005, 32.5574, 24.5569, 5.7584, -135.7957, -153.5079, -161.4446, -170.3221, 151.2817, 24.3657, 12.2433, 4.5977, -6.0081, -107.8962, -172.2942, 178.1213, 170.3792, 156.0644, 18.173, -7.4324, -15.7984, -24.0548, -47.5804, 172.9063, 157.9656, 150.1907, 140.7804, 84.1139, -25.237, -36.1775, -43.8133, -55.4927, -178.2796, 138.7639, 129.7537, 121.8673, 105.0697, -35.9344, -56.0717, -64.1534, -72.7528, -103.905, 122.4852, 109.4882, 101.813, 91.7092, 7.5558, -74.5234, -84.573, -92.2548, -105.3786, 120.3856, 89.9643, 81.3951, 73.2968, 52.853, -88.0444, -104.6377, -112.5127, -121.5621, -165.7946, 72.6352, 61.0494, 53.416, 42.4038, -68.5204, -123.581, -132.9498, -140.7356, -155.8542, 64.3575, 41.2735, 33.0402, 24.6517, -1.4431, -138.9745, -153.1462, -160.8815, -170.5169, 123.0222, 23.1753, 12.6403, 4.993, -7.226, -135.019, -172.4685, 178.686, 170.7332, 152.7608, 11.1802, -7.3327, -15.316, -24.0892, -59.517]"
2014-07-31,25.0478,121.532,0.2020576131687228,ICEYE-X38,59100,14.5,"[-22.0815, -58.9386, -79.456, -44.9864, -7.7942, 29.6071, 66.257, 73.2022, 37.1264, -0.2257, -37.5231, -73.4399, -66.1493, -29.61, 7.7613, 45.0233, 79.5745, 58.6189, 21.6493, -15.7697, -52.8035, -82.1614, -51.1896, -14.1181, 23.3001, 60.2169, 78.4141, 43.3905, 6.1063, -31.2525, -67.6966, -71.9741, -35.8862, 1.4295, 38.7664, 74.6442, 64.6916, 27.9597, -9.4479, -46.6118, -80.4835, -57.3419, -20.4328, 16.9814, 54.0751, 81.8821, 49.6232, 12.4363, -24.9622, -61.7156, -77.3439, -42.1384, -4.9015, 32.4848, 68.9618, 70.6009, 34.2551, -3.1196, -40.3812, -75.9087, -63.4145, -26.7347, 10.6548, 47.8727, 81.2198, 55.8112, 18.761, -18.6564, -55.6164, -81.3749, -48.3593, -11.2283, 26.1848, 62.9944, 76.1446, 40.5303, 3.2118, -34.1217, -70.3638, -69.3457, -33.0198, 4.3241, 41.6302, 77.0457, 61.9298, 25.0766, -12.3389, -49.448, -81.7861, -54.5371, -17.5474, 19.8712, 56.8921, 80.6582, 46.7785, 9.5429, -27.8401, -64.4693, -74.977, -39.2835, -2.0075, 35.3592, 71.6109, 67.9277, 31.3792, -6.0134, -43.2338, -78.1935, -60.6508, -23.8553, 13.548, 50.7143, 82.1191, 52.9888, 15.8702, -21.541, -58.4157, -79.8106, -45.5196, -8.3363, 29.0672, 65.7452, 73.6792, 37.6641, 0.3168, -36.9868, -72.9631, -66.6579, -30.1484, 7.219, 44.4885, 79.2083, 59.1431, 22.1902, -15.2287, -52.2752, -82.1993, -51.7187, -14.6591, 22.7595, 59.6943, 78.8076, 43.9254, 6.6482]","[-31.1945, -43.6661, -165.6949, 152.3016, 142.9929, 134.9399, 118.7502, -18.6645, -42.2023, -50.6994, -59.2211, -83.117, 139.8177, 123.7237, 115.6747, 106.3513, 63.6304, -57.8383, -70.2113, -78.0595, -88.7536, -176.925, 106.4036, 96.0593, 88.1884, 75.2112, -51.5714, -88.5481, -97.6624, -105.7849, -123.0332, 98.8246, 77.1128, 68.715, 60.0814, 33.9734, -101.8132, -116.9921, -124.9823, -134.5219, 176.5356, 61.1035, 49.1765, 41.3394, 30.3264, -67.6058, -134.5527, -144.6046, -152.5061, -166.1092, 63.6782, 30.7106, 21.7503, 13.5596, -4.8081, -143.5967, -163.643, -171.9375, 179.286, 150.4037, 16.8138, 2.374, -5.5735, -15.3214, -71.5528, 179.9762, 168.4975, 160.6654, 149.2563, 42.7772, -15.3804, -25.1981, -33.133, -47.3728, 179.4061, 149.8963, 141.0971, 132.8166, 113.0585, -25.6, -44.3087, -52.5239, -61.4372, -93.4895, 135.392, 121.672, 113.7655, 103.7572, 38.9286, -60.9901, -72.1075, -79.9422, -91.7427, 154.1847, 103.7177, 94.1426, 86.16, 71.1325, -64.0573, -90.8164, -99.4889, -107.8562, -129.1172, 92.4153, 74.9556, 66.8222, 57.7357, 21.6975, -105.8127, -118.9509, -126.8296, -137.0903, 148.5227, 57.9713, 47.2212, 39.3754, 27.0897, -92.9484, -137.0658, -146.4475, -154.4787, -170.3207, 52.7252, 28.3988, 19.8587, 11.3793, -11.7559, -149.2408, -165.6941, -173.7659, 176.9817, 136.2836, 12.9215, 0.3587, -7.4958, -18.071, -102.4865, 177.0769, 166.6222, 158.7598, 145.9888, 20.7971, -17.9231, -27.1034]"
2022-08-03,24.4798,118.082,0.2020576131687228,RADARSAT 2,32382,22.0,"[80.0381, 58.2464, 22.9726, -12.7994, -48.2628, -79.9966, -58.4573, -23.2956, 12.4455, 47.9712, 79.9036, 58.4936, 23.2286, -12.543, -48.0118, -79.8612, -58.7035, -23.5511, 12.189, 47.7193, 79.7645, 58.7407, 23.4845, -12.2867, -47.7607, -79.7212, -58.9495, -23.8065, 11.9324, 47.4674, 79.6208, 58.9876, 23.7404, -12.0303, -47.5095, -79.5769, -59.1954, -24.0619, 11.6758, 47.2154, 79.473, 59.2343, 23.9963, -11.774, -47.2583, -79.4283, -59.4411, -24.3173, 11.4192, 46.9633, 79.321, 59.4808, 24.2521, -11.5176, -47.007, -79.2758, -59.6866, -24.5727, 11.1627, 46.7112, 79.1651, 59.7272, 24.5079, -11.2612, -46.7556, -79.1194, -59.9319, -24.828, 10.9061, 46.459, 79.0054, 59.9734, 24.7637, -11.0048, -46.5041, -78.9594, -60.177, -25.0833, 10.6495, 46.2067, 78.8422, 60.2194, 25.0195, -10.7484, -46.2526, -78.7958, -60.422, -25.3386, 10.3929, 45.9544, 78.6755, 60.4652, 25.2753, -10.4919, -46.001, -78.6289, -60.6667, -25.5938, 10.1363, 45.702, 78.5055, 60.7108, 25.531, -10.2355, -45.7494, -78.4587, -60.9113, -25.849, 9.8797, 45.4495, 78.3324, 60.9561, 25.7867, -9.9791, -45.4977, -78.2855, -61.1556, -26.1042, 9.6231, 45.197, 78.1562, 61.2013, 26.0424, -9.7226, -45.2459, -78.1093, -61.3997, -26.3593, 9.3664, 44.9444, 77.9772, 61.4463, 26.298, -9.4661, -44.994, -77.9302, -61.6436, -26.6145, 9.1098, 44.6918, 77.7955, 61.6911, 26.5536, -9.2097]","[31.7795, -78.0286, -90.9296, -99.0473, -109.2937, -160.4123, 89.5026, 76.5404, 68.4211, 58.2185, 7.8624, -103.0644, -116.059, -124.1817, -134.3828, 175.6552, 64.468, 51.4112, 43.2865, 33.1287, -16.088, -128.0983, -141.1882, -149.3163, -159.4728, 151.6898, 39.4353, 26.2821, 18.1519, 8.0381, -40.0714, -153.1301, -166.3173, -174.4509, 175.4365, 127.6917, 14.4047, 1.1532, -6.9827, -17.0534, -64.0874, -178.1599, 168.5539, 160.4145, 150.345, 103.6614, -10.6238, -23.9755, -32.1175, -42.1456, -88.1357, 156.8125, 143.4252, 135.2797, 125.2527, 79.5993, -35.6502, -49.1041, -57.2523, -67.2385, -112.2155, 131.7869, 118.2967, 110.1449, 100.1596, 55.506, -60.6744, -74.2324, -82.3872, -92.3323, -136.3265, 106.7636, 93.1684, 85.01, 75.0657, 31.382, -85.6964, -99.3606, -107.5222, -117.4268, -160.4678, 81.7426, 68.0403, 59.875, 49.9712, 7.2281, -110.7161, -124.4886, -132.6572, -142.522, 175.3611, 56.7239, 42.9123, 34.74, 24.8758, -16.9552, -135.7335, -149.6163, -157.7923, -167.6179, 151.161, 31.7075, 17.7846, 9.6049, -0.2202, -41.167, -160.7484, -174.7439, 177.0725, 167.2855, 126.9326, 6.6936, -7.3429, -15.5303, -25.3169, -65.4067, 174.2391, 160.1287, 151.9373, 142.1881, 102.6766, -18.3178, -32.4703, -40.6655, -50.4143, -89.6734, 149.2291, 135.0016, 126.802, 117.0901, 78.394, -43.3267, -57.5974, -65.8008, -75.5124, -113.9666, 124.2217, 109.8746, 101.6667, 91.9914, 54.0853, -68.333, -82.7243, -90.9361]"
2022-08-03,24.4798,118.082,0.2020576131687228,SUPERVIEW NEO-2 03,62079,19.0,"[-53.896, -16.1695, 21.9428, 59.6013, 78.7388, 42.88, 4.8823, -33.1683, -70.2107, -69.1733, -32.0602, 5.9914, 43.968, 79.5376, 58.5365, 20.8396, -17.281, -54.9872, -81.757, -47.8244, -9.9714, 28.1296, 65.558, 73.5713, 36.7329, -1.327, -39.3144, -75.7358, -63.3207, -25.8929, 12.1975, 50.081, 82.5009, 52.4845, 14.6398, -23.4691, -60.9935, -77.7305, -41.7158, -3.7672, 34.3026, 71.3576, 67.8752, 30.5652, -7.5344, -45.4357, -80.4488, -57.3464, -19.711, 18.3987, 56.1533, 81.0948, 46.3848, 8.4338, -29.6439, -66.9037, -72.4224, -35.5799, 2.4402, 40.4573, 76.8001, 61.9672, 24.382, -13.7368, -51.5243, -82.6, -51.3027, -13.5179, 24.5917, 62.1634, 76.6325, 40.2522, 2.2247, -35.8017, -72.6283, -66.6886, -29.4227, 8.6477, 46.5879, 81.2053, 55.9538, 18.1871, -19.9311, -57.5669, -80.3033, -45.2137, -7.3168, 30.7731, 68.066, 71.1717, 34.0955, -3.9843, -41.9381, -77.9112, -60.7744, -23.2487, 14.8521, 52.6854, 82.4655, 49.8789, 11.9842, -26.114, -63.5386, -75.5409, -39.0925, -1.1108, 36.939, 73.7514, 65.3643, 27.9205, -10.19, -48.0466, -81.8548, -54.7662, -17.0616, 21.0502, 58.7347, 79.3939, 43.7636, 5.7763, -32.2821, -69.3857, -69.9997, -32.9468, 5.097, 43.0843, 78.8902, 59.4033, 21.7317, -16.3895, -54.1177, -82.1071, -48.7009, -10.8647, 27.2388, 64.7066, 74.3613, 37.6197, -0.4332, -38.4315, -74.9715, -64.1722, -26.7819, 11.3036]","[100.8954, 90.279, 82.6049, 70.2977, -58.7244, -95.0227, -103.8307, -111.8526, -130.6577, 87.9425, 70.1291, 62.1654, 53.2328, 13.2239, -112.3539, -124.2903, -131.9565, -142.8415, 109.0144, 51.0475, 41.5972, 33.7905, 18.6521, -121.1333, -144.2197, -152.4709, -160.9206, 171.9491, 35.1262, 21.2457, 13.5055, 3.6678, -70.4999, -162.7005, -173.0119, 179.2945, 166.4638, 34.1562, 1.622, -7.0534, -15.1435, -35.2178, -176.4685, 166.7852, 158.8851, 149.7751, 104.3194, -15.9918, -27.5341, -35.1939, -46.4011, -161.7796, 147.5628, 138.3151, 130.4562, 114.448, -26.14, -47.5275, -55.6927, -64.2513, -94.0296, 131.1885, 117.9287, 110.2178, 100.1151, 16.116, -66.1862, -76.244, -83.9577, -97.3043, 127.5399, 98.2091, 89.6686, 81.4876, 59.8184, -80.633, -96.4903, -104.3396, -113.615, -165.3161, 80.3203, 69.1673, 61.5057, 49.8947, -71.3669, -115.83, -124.9099, -132.8179, -149.7136, 68.9684, 49.108, 41.029, 32.3296, -0.8125, -132.5835, -145.3246, -153.0136, -163.3673, 102.9829, 30.2719, 20.4694, 12.7226, -1.2688, -138.4226, -165.1237, -173.5533, 178.1817, 154.8074, 15.1997, 0.1785, -7.6225, -17.1086, -76.4582, 176.7572, 165.9292, 158.2628, 146.2606, 20.0002, -19.2804, -28.1897, -36.1656, -54.1733, 164.4082, 145.8154, 137.8065, 128.9767, 92.0357, -36.3962, -48.6328, -56.3062, -66.9762, -169.6445, 126.831, 117.241, 109.4622, 94.8274, -44.1006, -68.5136, -76.8309, -85.2066, -110.7363, 111.236, 96.9136, 89.1505]"
2023-04-28,25.0478,121.532,0.2020576131687228,PELICAN-5 300C,66667,14.1,"[38.3755, 74.984, 64.0952, 26.654, -11.3767, -49.1112, -82.2303, -53.9396, -16.3089, 21.728, 59.3397, 78.9996, 43.2649, 5.3452, -32.6152, -69.599, -69.9113, -32.949, 5.0108, 42.9364, 78.7527, 59.6609, 22.0607, -15.974, -53.6108, -82.3293, -49.4415, -11.7115, 26.3222, 63.7783, 75.2703, 38.7048, 0.7386, -37.176, -73.7724, -65.6034, -28.3778, 9.6175, 47.4832, 81.6557, 55.1808, 17.4616, -20.5664, -58.0824, -80.0537, -44.9207, -7.1093, 30.9104, 68.1491, 71.156, 34.1322, -3.8677, -41.7248, -77.6628, -61.2108, -23.7969, 14.2232, 52.0118, 82.5947, 50.669, 12.8581, -25.1527, -62.5145, -76.5584, -40.3817, -2.5035, 35.4907, 72.4038, 66.8593, 29.5495, -8.4725, -46.2589, -80.9028, -56.7647, -19.2077, 18.8266, 56.5161, 80.9367, 46.134, 8.2515, -29.7314, -66.8871, -72.56, -35.8277, 2.1047, 40.0614, 76.435, 62.4637, 24.9584, -13.0745, -50.7747, -82.5865, -52.2821, -14.6116, 23.4262, 60.9864, 77.6885, 41.581, 3.6431, -34.3011, -71.1618, -68.333, -31.2612, 6.7138, 44.6198, 79.9722, 58.008, 20.3605, -17.6724, -55.2672, -81.7051, -47.7727, -10.0099, 28.0208, 65.4059, 73.7773, 37.0137, -0.9658, -38.86, -75.2563, -63.9864, -26.6838, 11.3228, 49.1628, 82.3032, 53.5128, 15.7574, -22.2649, -59.728, -78.85, -43.2423, -5.4037, 32.6086, 69.7435, 69.5787, 32.4349, -5.5739, -43.4059, -78.9713, -59.5691, -22.0973, 15.9302, 53.6856, 82.2505]","[153.6449, 128.1646, -10.0547, -24.3014, -32.0355, -41.6566, -107.1086, 152.1414, 141.5562, 133.9125, 121.7419, -6.4268, -43.688, -52.5079, -60.4694, -78.5999, 139.9692, 121.5395, 113.5603, 104.7771, 68.5762, -60.5677, -72.8536, -80.5005, -91.0088, 170.5068, 102.7669, 93.0895, 85.3639, 71.2838, -66.5117, -92.566, -100.9401, -109.1856, -132.4718, 87.9906, 72.9027, 65.1199, 55.7447, -0.5824, -110.453, -121.3609, -128.9947, -140.7208, 96.3143, 53.6508, 44.643, 36.7567, 19.8553, -121.5508, -141.3194, -149.371, -158.0142, 169.8171, 37.1992, 24.3316, 16.6626, 6.4863, -81.8045, -159.9232, -169.8352, -177.5294, 169.0329, 33.704, 4.721, -3.7917, -11.9281, -33.2337, -174.0423, 170.0211, 162.1917, 153.0068, 104.3389, -12.8657, -24.19, -31.8205, -43.0914, -160.1057, 150.8933, 141.7134, 133.8818, 117.9517, -22.587, -44.0713, -52.2224, -60.7151, -89.4214, 134.8693, 121.4329, 113.7399, 103.8228, 26.3802, -62.4577, -72.6747, -80.3401, -93.1368, 134.2073, 101.9148, 93.2761, 85.2215, 65.4769, -75.7376, -92.7603, -100.6568, -109.6386, -151.8617, 84.6198, 72.8985, 65.2651, 54.3521, -54.8268, -111.727, -121.1333, -128.9088, -143.9011, 76.4146, 53.0866, 44.8449, 36.467, 10.4777, -127.2052, -141.3711, -149.1028, -158.7468, 134.0995, 34.9063, 24.4044, 16.757, 4.4667, -124.2001, -160.768, -169.5748, -177.5427, 164.1605, 22.5107, 4.3707, -3.5877, -12.4126, -49.5056, -177.6896, 170.0774, 162.4311, 151.8888, 51.4974]"
2014-10-25,25.0478,121.532,0.2013717421124819,ICEYE-X41,62700,24.7,"[-52.0357, -82.3319, -52.3786, -15.5181, 21.7074, 58.4995, 79.9019, 45.5773, 8.495, -28.7097, -65.1492, -74.6247, -39.0115, -1.9225, 35.2521, 71.3708, 68.4557, 32.0952, -5.12, -42.1858, -77.2994, -62.0828, -25.518, 11.6845, 48.6997, 81.6048, 55.4211, 18.5284, -18.7157, -55.5139, -81.625, -48.8868, -11.9522, 25.2693, 61.9448, 77.2951, 42.0495, 4.9207, -32.2575, -68.498, -71.4665, -35.4787, 1.6497, 38.7943, 74.5459, 65.0931, 28.5396, -8.6927, -45.7032, -79.8961, -58.651, -21.9622, 15.2543, 52.2037, 82.3327, 51.9304, 14.9582, -22.2778, -58.9715, -79.6756, -45.3811, -8.3835, 28.8274, 65.3543, 74.3086, 38.5122, 1.3456, -35.7992, -71.7692, -68.1871, -31.9384, 5.2224, 42.3291, 77.511, 61.6792, 24.9788, -12.2637, -49.2095, -81.7539, -55.1922, -18.4017, 18.8223, 55.692, 81.4903, 48.4234, 11.3856, -25.8358, -62.4018, -77.0316, -41.864, -4.8126, 32.3811, 68.7117, 71.1208, 34.9671, -2.2296, -39.3337, -74.9134, -64.8327, -28.3914, 8.7951, 45.8552, 80.0772, 58.2297, 21.4136, -15.8325, -52.7022, -82.3171, -51.7128, -14.8374, 22.3878, 59.1599, 79.4466, 44.9033, 7.8111, -29.3891, -65.7944, -74.0335, -38.337, -1.2401, 35.9295, 71.989, 67.8174, 31.415, -5.8042, -42.86, -77.8333, -61.4289, -24.8386, 12.367, 49.3708, 81.8585, 54.7542, 17.8447, -19.3985, -56.178, -81.3296, -48.217, -11.2698, 25.9502, 62.6004, 76.7452, 41.3723, 4.2354]","[18.3492, -62.9491, -146.6941, -157.1282, -164.8594, -176.9936, 62.2724, 18.5534, 9.2937, 1.3963, -13.7893, -150.1034, -175.6686, 175.8125, 167.5769, 146.9845, 7.9346, -9.6743, -17.7256, -26.5591, -58.7434, 170.1291, 156.5789, 148.7822, 139.0465, 79.5511, -25.9151, -37.1077, -44.8245, -56.0288, -161.1393, 139.1082, 129.3514, 121.5581, 108.0542, -23.1761, -55.3786, -64.2055, -72.2604, -89.8839, 131.2501, 110.5651, 102.3202, 93.8131, 68.3717, -68.1595, -83.3302, -91.225, -100.4926, -144.1385, 95.1666, 82.9952, 75.2624, 64.854, -18.6897, -100.2914, -110.6436, -118.3832, -130.6701, 107.3794, 65.0649, 55.844, 47.9413, 32.6118, -104.2163, -129.2142, -137.6996, -145.9692, -167.0367, 54.2188, 36.8619, 28.8261, 19.971, -12.9281, -143.5581, -156.9444, -164.7337, -174.549, 123.6601, 20.5537, 9.439, 1.7251, -9.5397, -116.5739, -174.4709, 175.8374, 168.0298, 154.3276, 22.4993, -8.8584, -17.6546, -25.7182, -43.5482, 177.3224, 157.027, 148.8077, 140.2575, 114.117, -21.798, -36.7905, -44.6735, -53.9694, -98.8181, 141.5199, 129.4751, 121.7441, 111.236, 25.0967, -53.8035, -64.0954, -71.8349, -84.2028, 152.5687, 111.5, 102.331, 94.4075, 78.8144, -58.2159, -82.6872, -91.1482, -99.4304, -120.8064, 100.408, 83.3299, 75.3127, 66.4037, 32.4286, -97.1457, -110.4017, -118.1827, -128.035, 168.2731, 66.9368, 55.9215, 48.2037, 36.8131, -72.1454, -127.9688, -137.6132, -145.4236, -159.2364, 68.1463, 37.5879, 28.8328]"
2014-10-25,25.0478,121.532,0.2013717421124819,UMBRA-07,58297,21.4,"[54.3865, 16.6255, -21.4358, -58.9751, -79.4099, -43.924, -6.0548, 31.9868, 69.1821, 70.154, 33.0269, -5.0092, -42.8936, -78.6399, -59.9844, -22.4779, 15.5801, 53.363, 82.3773, 49.305, 11.4457, -26.5953, -63.9506, -75.2695, -38.8105, -0.8729, 37.1343, 73.9092, 65.2821, 27.8706, -10.1882, -47.9899, -81.8531, -54.9653, -17.3132, 20.7542, 58.4138, 79.7085, 44.1995, 6.2654, -31.7417, -68.8355, -70.645, -33.6827, 4.3079, 42.2651, 78.2602, 60.3102, 22.7076, -15.3601, -53.0581, -82.4888, -49.9091, -12.1441, 25.9194, 63.4111, 75.6174, 39.0766, 1.0865, -36.8729, -73.5564, -65.8115, -28.5438, 9.4856, 47.3752, 81.6364, 55.28, 17.5399, -20.5231, -58.0892, -80.045, -44.827, -6.9723, 31.0735, 68.3231, 71.0018, 33.9408, -4.0892, -41.986, -77.9287, -60.8716, -23.3961, 14.6584, 52.4593, 82.5725, 50.2129, 12.3697, -25.6754, -63.0675, -76.0578, -39.7257, -1.7996, 36.2144, 73.0819, 66.1639, 28.7953, -9.2599, -47.0774, -81.4129, -55.8699, -18.2417, 19.8246, 57.5086, 80.3363, 45.1203, 7.1987, -30.815, -67.9635, -71.4996, -34.6095, 3.3721, 41.3391, 77.519, 61.2149, 23.6426, -14.4239, -52.142, -82.6302, -50.8286, -13.0826, 24.9821, 62.5082, 76.4148, 40.0095, 2.0288, -35.9398, -72.7144, -66.7024, -29.4817, 8.5411, 46.4441, 81.1467, 56.2025, 18.485, -19.5793, -57.1717, -80.6538, -45.7598, -7.9205, 30.1291, 67.4304, 71.871, 34.8851, -3.1383]","[-102.2773, -112.9508, -120.572, -132.5577, 100.8355, 61.8982, 53.0365, 45.1213, 27.4157, -114.393, -133.0163, -140.9845, -149.7287, 174.7511, 44.9904, 32.6443, 25.0129, 14.5788, -83.7188, -151.8699, -161.5077, -169.2177, 176.6828, 38.7784, 12.8715, 4.5191, -3.7088, -27.1507, -166.8992, 178.2392, 170.4889, 161.0755, 102.6521, -5.1531, -15.9566, -23.5737, -35.3862, -160.629, 158.8647, 149.9612, 142.0625, 124.6821, -16.8926, -35.9974, -43.9963, -52.681, -86.7789, 142.0613, 129.5763, 121.9407, 111.5871, 16.5954, -54.785, -64.5165, -72.2119, -86.0536, 136.4923, 109.8257, 101.4439, 93.2415, 70.3917, -69.5867, -84.7515, -92.5205, -101.8507, -157.5015, 91.8702, 80.9727, 73.3576, 61.6654, -61.7039, -104.0777, -113.0492, -120.9217, -137.8964, 80.463, 60.9482, 52.9293, 44.282, 11.3857, -120.7332, -133.4215, -141.0651, -151.3018, 116.9565, 42.2083, 32.4113, 24.7242, 11.0693, -125.5076, -153.1362, -161.5669, -169.7292, 168.1112, 27.5967, 12.1879, 4.4066, -4.8695, -57.9657, -170.9903, 177.9699, 170.3571, 158.8318, 37.132, -7.1044, -16.1223, -23.979, -40.6465, 178.0315, 157.9721, 149.9194, 141.3296, 109.7324, -23.642, -36.4864, -44.1356, -54.2938, -142.4848, 139.3043, 129.4051, 121.731, 108.3227, -27.6554, -56.1765, -64.6401, -72.7776, -94.3891, 124.9484, 109.2014, 101.3988, 92.2034, 41.6848, -73.9533, -85.098, -92.7099, -104.1189, 136.3802, 89.9617, 80.8696, 73.0376, 56.7533, -84.5456, -105.0778, -113.1531]"
2024-10-22,25.0478,121.532,0.2013717421124819,JILIN-01 KUANFU 01C,52443,2.2,"[4.068, -33.7736, -70.5977, -68.8858, -32.0106, 5.722, 43.3263, 78.7346, 59.8619, 22.5176, -15.3705, -52.9421, -82.3844, -50.2134, -12.6914, 25.0643, 62.2317, 76.821, 40.8538, 3.1014, -34.7333, -71.4811, -67.9853, -31.0536, 6.6836, 44.2741, 79.4297, 58.931, 21.5548, -16.3363, -53.8865, -82.1504, -49.2676, -11.7297, 26.0216, 63.1523, 76.0229, 39.8999, 2.1346, -35.6928, -72.3563, -67.0797, -30.0962, 7.6452, 45.2214, 80.0816, 57.998, 20.5915, -17.3021, -54.8298, -81.8099, -48.3208, -10.7678, 26.9787, 64.0704, 75.2056, 38.9451, 1.1674, -36.652, -73.2221, -66.1695, -29.1382, 8.6069, 46.1681, 80.6809, 57.0629, 19.6275, -18.2679, -55.772, -81.3753, -47.373, -9.8056, 27.9356, 64.9855, 74.3721, 37.9895, 0.2, -37.6109, -74.0769, -65.2553, -28.1797, 9.5686, 47.1142, 81.217, 56.1259, 18.6631, -19.2338, -56.7128, -80.8602, -46.4242, -8.8432, 28.8924, 65.8975, 73.5248, 37.033, -0.7677, -38.5694, -74.919, -64.3375, -27.2208, 10.5304, 48.0596, 81.6775, 55.1871, 17.6982, -20.1996, -57.6523, -80.2771, -45.4744, -7.8806, 29.8489, 66.8058, 72.6657, 36.0758, -1.7356, -39.5276, -75.7459, -63.4163, -26.2614, 11.4921, 49.0044, 82.0491, 54.2467, 16.7327, -21.1654, -58.5902, -79.6375, -44.5238, -6.9178, 30.8053, 67.7101, 71.7963, 35.1177, -2.7038, -40.4854, -76.555, -62.4921, -25.3015, 12.4539, 49.9484, 82.3189, 53.3047, 15.7668, -22.1312]","[-16.6598, -24.7535, -44.1331, 175.1434, 157.4457, 149.4629, 140.5811, 103.9142, -24.2561, -36.7307, -44.4402, -54.9075, -148.0999, 139.1542, 129.2549, 121.5192, 108.075, -25.8627, -55.9866, -64.6203, -72.7718, -93.1566, 126.3813, 109.4391, 101.502, 92.5071, 52.5953, -72.5732, -84.7111, -92.4104, -103.0954, 157.1227, 91.0199, 81.2896, 73.5314, 59.6476, -75.9661, -104.0369, -112.5806, -120.7945, -142.2945, 77.6888, 61.4359, 53.5407, 44.4252, 0.8072, -120.865, -132.6896, -140.382, -151.2998, 102.8306, 42.897, 33.3252, 25.541, 11.1812, -125.8269, -152.0814, -160.5408, -168.8218, 168.4367, 29.0581, 13.4359, 5.5787, -3.6651, -51.5082, -169.1338, 179.3336, 171.6449, 160.4781, 49.1163, -5.2155, -14.6385, -22.452, -37.3283, -175.4787, 159.8797, 151.4991, 143.146, 119.0172, -19.5173, -34.5611, -42.3839, -51.7644, -104.4002, 142.6187, 131.3584, 123.6703, 112.2368, -3.9903, -53.3182, -62.6013, -70.4479, -85.8858, 135.0501, 111.8459, 103.5389, 95.1086, 69.424, -68.0431, -82.5552, -90.3473, -99.8734, -157.8959, 94.3907, 83.3848, 75.6939, 63.9745, -56.5054, -101.4117, -110.5636, -118.4469, -134.4966, 85.7354, 63.8171, 55.5787, 47.0657, 19.6295, -116.5243, -130.5466, -138.3115, -147.9926, 148.0164, 46.1808, 35.4127, 27.7158, 15.6894, -108.4728, -149.4967, -158.5252, -166.449, 176.8328, 36.5568, 15.7928, 7.6183, -0.9831, -30.3987, -164.9652, -178.5355, 173.7234, 163.877, 93.4059, -2.0125, -12.5581, -20.2643]"
2024-10-22,25.0478,121.532,0.2013717421124819,SUPERVIEW NEO-1 03,63125,7.6,"[-78.7404, -42.8897, -4.8881, 33.2597, 70.4759, 68.7869, 31.4593, -6.6889, -44.6554, -80.0223, -58.0534, -20.367, 17.8113, 55.6542, 81.4256, 46.8112, 8.8094, -29.3216, -66.66, -72.6767, -35.7732, 2.3143, 40.4042, 76.8477, 61.9406, 24.2886, -13.8822, -51.7202, -82.6848, -51.0419, -13.1815, 24.9978, 62.6315, 76.2464, 39.6965, 1.6085, -36.4627, -73.2956, -66.0069, -28.6279, 9.517, 47.5166, 81.7776, 54.9542, 17.1026, -21.0646, -58.7234, -79.5441, -43.9711, -5.9854, 32.1685, 69.4579, 69.81, 32.5508, -5.5917, -43.5746, -79.2521, -59.1147, -21.4608, 16.715, 54.5827, 81.9431, 47.8924, 9.9069, -28.231, -65.6229, -73.6571, -36.8596, 1.2166, 39.3171, 75.9262, 62.9958, 25.3828, -12.7864, -50.6469, -82.6549, -52.1147, -14.2772, 23.9035, 61.5752, 77.1589, 40.7833, 2.7062, -35.3761, -72.3105, -67.0421, -29.7182, 8.4196, 46.4352, 81.2231, 56.0251, 18.1987, -19.9708, -57.6615, -80.2922, -45.0513, -7.0823, 31.077, 68.4326, 70.825, 33.6417, -4.4945, -42.4931, -78.4309, -60.1733, -22.5539, 15.6187, 53.5097, 82.3388, 48.9723, 11.004, -27.1402, -64.5813, -74.6226, -37.9452, 0.1191, 38.2295, 74.9818, 64.0474, 26.4765, -11.6905, -49.5724, -82.4665, -53.186, -15.3725, 22.809, 60.5161, 78.0409, 41.8692, 3.8037, -34.289, -71.3139, -68.0718, -30.8078, 7.3223, 45.353, 80.5742, 57.0939, 19.2944, -18.8769, -56.5976, -80.9708, -46.1305, -8.179]","[-116.9492, -152.7236, -161.4539, -169.4241, 171.6826, 29.6564, 12.3472, 4.4684, -4.4663, -46.4984, -170.3558, 177.9883, 170.3812, 159.4088, 45.9671, -6.9591, -16.1893, -23.9756, -39.6512, 179.3941, 157.903, 149.7874, 141.3006, 111.767, -23.5487, -36.6685, -44.3195, -54.3722, -140.2338, 139.0688, 129.1473, 121.4812, 108.0491, -28.5329, -56.5335, -64.9551, -73.1162, -95.4926, 124.0304, 108.782, 101.019, 91.6844, 34.6681, -74.7678, -85.5582, -93.1678, -105.0411, 128.6438, 89.2164, 80.3632, 72.4493, 54.5469, -87.5517, -105.7824, -113.7142, -122.5202, -160.5265, 71.8317, 59.8244, 52.2105, 41.5114, -65.6773, -124.9789, -134.3696, -142.1181, -157.1263, 62.7261, 39.7937, 31.6034, 23.2137, -4.0389, -141.22, -154.8228, -162.496, -172.3422, 109.9917, 21.105, 10.9714, 3.3259, -9.6379, -144.22, -174.6178, 176.8609, 168.7723, 147.7719, 6.5815, -9.359, -17.1616, -26.3398, -77.2616, 167.3428, 156.2718, 148.6673, 137.1351, 14.8556, -28.8339, -37.8192, -45.682, -62.6969, 155.3533, 136.0927, 128.1027, 119.4164, 84.8597, -45.9483, -58.3372, -65.9619, -76.4079, -176.5283, 117.0141, 107.451, 99.7358, 85.3333, -53.7388, -78.3096, -86.5808, -94.8806, -120.1522, 101.1574, 87.0261, 79.3263, 69.672, -0.0323, -96.8413, -107.2032, -114.8323, -127.3669, 100.4811, 67.3058, 58.6772, 50.6551, 30.8729, -110.7898, -127.4961, -135.3431, -144.3756, 169.9948, 49.4781, 38.1037, 30.5003, 19.2829, -98.2224, -146.8737, -156.0009]"
2024-07-10,25.0478,121.532,0.2010288065843614,ICEYE-X65,66300,8.0,"[24.6614, 43.2662, 41.5822, 21.1554, -5.4956, -30.7137, -45.18, -37.6673, -14.8189, 12.068, 35.812, 45.4846, 32.6597, 7.8612, -18.911, -40.2657, -44.1799, -27.1134, -1.2208, 25.0199, 43.4182, 41.3824, 20.7825, -5.8964, -31.0388, -45.2421, -37.4038, -14.4297, 12.4618, 36.0943, 45.4523, 32.3459, 7.4617, -19.2894, -40.4868, -44.0559, -26.765, -0.8176, 25.377, 43.5654, 41.1781, 20.408, -6.2973, -31.3618, -45.2988, -37.1369, -14.0395, 12.8551, 36.3739, 45.4144, 32.0294, 7.0616, -19.667, -40.7041, -43.9269, -26.4146, -0.4142, 25.7328, 43.7077, 40.9696, 20.0322, -6.698, -31.6827, -45.3501, -36.8665, -13.6483, 13.248, 36.6505, 45.3709, 31.7104, 6.6609, -20.0436, -40.9174, -43.7928, -26.0624, -0.0105, 26.0872, 43.8453, 40.7568, 19.6551, -7.0986, -32.0015, -45.3959, -36.5928, -13.2562, 13.6405, 36.9241, 45.3219, 31.3889, 6.2596, -20.4193, -41.1267, -43.6536, -25.7082, 0.3935, 26.4401, 43.9778, 40.5398, 19.2765, -7.4992, -32.3181, -45.4361, -36.3158, -12.8631, 14.0325, 37.1946, 45.2672, 31.0649, 5.8578, -20.794, -41.332, -43.5095, -25.3522, 0.7977, 26.7914, 44.1055, 40.3186, 18.8967, -7.8996, -32.6324, -45.4709, -36.0355, -12.4691, 14.424, 37.4621, 45.207, 30.7384, 5.4555, -21.1678, -41.5331, -43.3603, -24.9944, 1.2021, 27.1413, 44.228, 40.0933, 18.5156, -8.2998, -32.9445, -45.5, -35.752, -12.0742, 14.8149, 37.7264]","[169.6386, -152.3194, -102.7033, -67.1013, -41.9489, -14.2941, 28.1804, 75.7559, 107.3579, 131.9341, 162.3047, -151.0683, -106.7921, -78.1922, -53.3428, -19.3748, 29.5611, 69.2077, 95.5866, 121.4589, 159.7653, -150.6612, -115.3074, -90.2087, -62.4186, -19.6881, 27.7222, 59.1209, 83.6893, 114.2471, 161.0723, -154.8967, -126.4486, -101.5598, -67.3568, -18.3361, 21.0448, 47.3234, 73.2824, 111.8541, 161.377, -163.5154, -138.4677, -110.5392, -67.5545, -20.3156, 10.8827, 35.4459, 66.1942, 113.2125, 156.9951, -174.7054, -149.7744, -115.3339, -66.2361, -27.1208, -0.9396, 25.1089, 63.947, 113.4112, 148.2747, 173.2741, -158.6559, -115.4189, -68.3573, -37.3568, -12.7959, 18.1459, 65.3519, 108.8836, 137.0373, 162.0133, -163.3063, -114.139, -75.2891, -49.2025, -23.0613, 16.0438, 65.4415, 100.0629, 125.0169, 153.2315, -163.2814, -116.403, -85.5973, -61.0361, -29.8976, 17.4906, 60.7686, 88.7796, 113.8034, 148.7262, -162.0449, -123.4599, -97.4651, -71.2284, -31.8556, 17.4678, 51.8493, 76.7605, 105.123, 148.8577, -164.4527, -133.8389, -109.2747, -77.9364, -30.3718, 12.6503, 40.5215, 65.5959, 100.7633, 150.0462, -171.6334, -145.7274, -119.3921, -79.7511, -30.5099, 3.6339, 28.5052, 57.0186, 100.9983, 147.4937, 177.9185, -157.5116, -125.9705, -78.2352, -35.4714, -7.7369, 17.3908, 52.8053, 102.1341, 140.1906, 166.0106, -167.5525, -127.643, -78.4917, -44.5831, -19.7492, 8.9184, 53.1404, 99.4362, 129.6749, 154.2532, -173.9997]"
2018-08-23,25.0478,121.532,0.2006858710562409,LEGION 3,60452,25.3,"[29.6462, 44.6238, 37.8276, 15.276, -11.4726, -35.1251, -45.1226, -33.0586, -8.7705, 17.8277, 39.4086, 44.0165, 27.4305, 1.7103, -24.3994, -42.8228, -41.3902, -21.4443, 4.8987, 30.0428, 44.712, 37.5187, 14.8099, -11.9457, -35.4669, -45.095, -32.6895, -8.2921, 18.2853, 39.6837, 43.8795, 27.0154, 1.2264, -24.8289, -43.0057, -41.1557, -20.9988, 5.3809, 30.4364, 44.7924, 37.2049, 14.3425, -12.418, -35.8045, -45.0594, -32.3167, -7.8129, 18.7416, 39.9533, 43.735, 26.5976, 0.7424, -25.2563, -43.1818, -40.9149, -20.5513, 5.8629, 30.8269, 44.8649, 36.8861, 13.8738, -12.8895, -36.1378, -45.0158, -31.9402, -7.333, 19.1965, 40.2172, 43.5831, 26.1771, 0.2581, -25.6814, -43.3509, -40.6679, -20.1019, 6.3447, 31.2142, 44.9294, 36.5624, 13.4039, -13.3601, -36.4666, -44.9642, -31.5601, -6.8524, 19.6499, 40.4754, 43.4239, 25.7539, -0.2263, -26.1042, -43.5129, -40.4149, -19.6507, 6.8261, 31.5983, 44.9861, 36.2341, 12.9328, -13.8298, -36.791, -44.9046, -31.1764, -6.3712, 20.1018, 40.7277, 43.2574, 25.3282, -0.7108, -26.5247, -43.6677, -40.1559, -19.1977, 7.3072, 31.9791, 45.0347, 35.901, 12.4606, -14.2986, -37.1108, -44.837, -30.7893, -5.8893, 20.5521, 40.9741, 43.0837, 24.9001, -1.1954, -26.9428, -43.8153, -39.891, -18.7429, 7.7879, 32.3564, 45.0752, 35.5635, 11.9873, -14.7664, -37.4258, -44.7615, -30.3987, -5.4068, 21.0008, 41.2143]","[-33.9868, 7.9519, 55.8665, 88.0955, 112.9396, 143.1299, -171.0151, -126.7269, -97.7757, -72.8579, -39.2712, 9.4329, 49.7296, 76.5429, 102.499, 140.2949, -170.6615, -134.9943, -109.6716, -82.0105, -39.7633, 7.9699, 39.9492, 64.779, 95.1865, 141.2817, -174.7098, -145.9458, -120.9877, -87.1269, -38.3051, 1.6751, 28.3624, 54.4175, 92.5238, 141.5229, 176.8964, -157.8483, -130.029, -87.4754, -39.9329, -8.1991, 16.6202, 47.2493, 93.5778, 137.302, 165.883, -169.1146, -134.9759, -86.047, -46.3836, -19.818, 6.3402, 44.7582, 93.7016, 128.784, 153.976, -178.042, -135.1848, -87.8417, -56.3494, -31.5366, -0.6816, 45.8728, 89.3084, 117.7109, 142.7616, 177.1816, -133.7932, -94.4466, -67.9985, -41.7329, -3.0021, 45.8743, 80.6686, 105.8012, 133.9503, 177.1084, -135.7565, -104.5016, -79.6913, -48.6062, -1.8335, 41.3097, 69.538, 94.6408, 129.3456, 178.4561, -142.5136, -116.1788, -89.8017, -50.7572, -1.9589, 32.5503, 57.6275, 85.9482, 129.4038, 176.3226, -152.6556, -127.844, -96.5243, -49.5413, -6.6942, 21.3642, 46.5233, 81.5161, 130.7009, 169.4153, -164.359, -137.866, -98.5073, -49.798, -15.5709, 9.4549, 37.9516, 81.7013, 128.3958, 159.1886, -175.9945, -144.436, -97.251, -54.7032, -26.8104, -1.5909, 33.6932, 82.941, 121.3403, 147.461, 174.0742, -146.2525, -97.6432, -63.6949, -38.7164, -10.0392, 34.0006, 80.463, 111.0312, 135.8572, 167.6588, -144.9627, -102.7172, -74.9856, -49.7018, -14.1234]"
2025-02-10,24.0,121.0,0.2006858710562409,ICEYE-X4,44390,15.1,"[80.0993, 45.2407, 7.2675, -30.8758, -68.0907, -70.8437, -33.9179, 4.0929, 42.0109, 77.7927, 60.3703, 22.7795, -15.3958, -53.2203, -81.8998, -49.212, -11.3975, 26.651, 64.0062, 74.7111, 38.2087, 0.1366, -37.9466, -74.5022, -64.2147, -26.8522, 11.1985, 49.0042, 81.8374, 53.4721, 15.6672, -22.511, -60.1278, -77.9655, -42.2149, -4.2908, 33.7142, 70.6386, 68.3228, 31.142, -6.996, -44.9857, -79.9541, -57.3864, -19.7672, 18.297, 55.9431, 80.8201, 46.4959, 8.5419, -29.6108, -66.9041, -71.9904, -35.1793, 2.8192, 40.7522, 76.795, 61.594, 24.0492, -14.1249, -51.9799, -82.125, -50.4565, -12.6684, 25.3835, 62.7932, 75.7846, 39.4685, 1.409, -36.6888, -73.4007, -65.4159, -28.1159, 9.9276, 47.7554, 81.3962, 54.7117, 16.9369, -21.2449, -58.9058, -78.892, -43.4659, -5.5607, 32.4526, 69.4746, 69.4983, 32.4044, -5.7264, -43.7368, -79.1214, -58.6113, -21.032, 17.0298, 54.7082, 81.4106, 47.7441, 9.8107, -28.3506, -65.7145, -73.1153, -36.4343, 1.551, 39.4979, 75.7587, 62.8079, 25.3129, -12.8591, -50.7428, -82.1514, -51.6937, -13.9333, 24.1209, 61.5804, 76.8191, 40.7217, 2.6759, -35.4356, -72.2825, -66.6051, -29.3734, 8.6621, 46.5104, 80.8035, 55.9434, 18.2007, -19.9839, -57.6857, -79.7434, -44.7101, -6.8249, 31.1957, 68.3041, 70.657, 33.6606, -4.4622, -42.4921, -78.2168, -59.8274, -22.2908, 15.7678, 53.4761, 81.845, 48.9853, 11.0737]","[-44.6338, -91.2091, -100.6971, -108.9389, -126.744, 94.0819, 73.5382, 65.1479, 56.0751, 21.1797, -107.8384, -121.0435, -129.0448, -139.9975, 123.2951, 54.7524, 44.648, 36.5813, 21.6322, -114.2688, -140.7916, -149.5082, -158.2038, 175.6861, 39.4708, 24.3996, 16.3266, 6.2612, -60.7524, -158.9575, -169.9689, -177.9669, 168.9241, 40.469, 4.9224, -4.1745, -12.5514, -32.8538, -172.063, 169.9351, 161.6811, 152.2264, 106.65, -12.4839, -24.5852, -32.5446, -44.1997, -156.5972, 150.8483, 141.1792, 132.9926, 116.1362, -22.5155, -44.5072, -52.9786, -61.9174, -93.53, 134.5982, 120.8618, 112.8399, 102.1705, 13.971, -63.1328, -73.4716, -81.5047, -95.804, 130.1061, 101.1935, 92.3645, 83.7689, 59.6457, -77.8765, -93.6814, -101.7948, -111.6469, -170.8793, 83.2453, 71.9185, 63.9332, 51.2939, -73.5384, -113.0572, -122.3009, -130.6055, -149.6668, 70.973, 51.8738, 43.5555, 34.2632, -6.4141, -130.1709, -142.6892, -150.6548, -161.9662, 92.371, 32.921, 23.0559, 14.9174, -1.0977, -138.9002, -162.5458, -171.1064, -179.9226, 151.2419, 17.0916, 2.7704, -5.2783, -15.6886, -95.1055, 179.0025, 168.4098, 160.404, 146.688, 14.8864, -16.8123, -25.7634, -34.2683, -56.6791, 164.8626, 148.2419, 140.0815, 130.425, 78.0447, -34.5226, -46.1924, -54.1709, -66.3847, 173.1679, 128.9752, 119.5727, 111.3325, 93.3608, -45.8436, -66.1817, -74.5716, -83.7151, -120.2628, 112.1836, 99.2091, 91.2316, 80.2335, -17.7847, -84.9897, -95.0668]"
2024-03-14,25.0478,121.532,0.2006858710562409,FLOCK 4G 33,62685,29.3,"[45.3798, 7.4641, -30.5408, -67.7031, -71.7163, -34.7913, 3.2692, 41.3196, 77.5499, 61.128, 23.5472, -14.51, -52.2194, -82.6061, -50.6843, -12.8626, 25.2866, 62.8724, 76.042, 39.5591, 1.5789, -36.375, -73.1082, -66.2447, -28.939, 9.1702, 47.1445, 81.5413, 55.4119, 17.673, -20.3796, -57.9447, -80.1175, -44.8973, -6.9676, 31.1623, 68.4713, 70.8047, 33.718, -4.306, -42.1904, -78.0908, -60.6206, -23.0706, 15.0689, 52.9388, 82.4548, 49.644, 11.792, -26.2394, -63.6062, -75.5463, -39.0806, -1.0675, 37.0241, 73.8663, 65.2795, 27.8613, -10.1881, -47.9816, -81.8429, -54.9128, -17.1895, 20.9623, 58.6891, 79.4587, 43.8412, 5.9067, -32.0866, -69.1578, -70.2877, -33.2407, 4.8351, 42.8674, 78.7676, 59.6201, 21.9926, -16.0649, -53.7406, -82.2913, -49.1524, -11.2985, 26.8475, 64.3707, 74.6981, 38.0132, 0.0199, -37.9178, -74.4875, -64.7633, -27.3822, 10.7372, 48.6865, 82.1921, 53.8866, 16.1149, -21.9337, -59.4534, -79.0215, -43.355, -5.4003, 32.7213, 69.9306, 69.3574, 32.1662, -5.866, -43.729, -79.2669, -59.1109, -21.5085, 16.6363, 54.472, 81.9619, 48.1069, 10.2311, -27.792, -65.0935, -74.1899, -37.53, 0.5023, 38.5801, 75.2381, 63.7861, 26.3046, -11.7484, -49.5142, -82.3844, -53.3853, -15.6229, 22.5293, 60.2086, 78.291, 42.2953, 4.3437, -33.6369, -70.6032, -68.8362, -31.6831, 6.4066, 44.419, 79.8957, 58.1018, 20.4318, -17.6249]","[-7.3012, -16.365, -24.2188, -40.7146, 178.1077, 157.7408, 149.656, 141.0457, 109.2691, -23.9372, -36.7674, -44.4235, -54.6118, -143.4984, 139.0057, 129.1093, 121.4074, 107.7944, -28.8482, -56.5293, -64.9634, -73.1401, -95.3551, 124.3331, 108.8549, 101.0512, 91.7313, 36.9963, -74.5196, -85.4683, -93.0909, -104.7546, 132.4276, 89.4937, 80.4909, 72.5932, 55.4548, -86.2051, -105.5417, -113.5574, -122.2366, -155.7688, 72.6998, 60.0806, 52.4203, 42.0543, -53.6121, -124.4045, -134.1145, -141.8236, -155.7682, 66.8377, 40.288, 31.8916, 23.6501, 0.2202, -139.518, -154.4043, -162.163, -171.5875, 129.9142, 22.2007, 11.3842, 3.7442, -8.1896, -134.5416, -173.8542, 177.2733, 169.3491, 151.6558, 10.0698, -8.7095, -16.705, -25.4775, -61.6489, 169.0866, 156.8383, 149.2027, 138.6804, 38.7594, -27.635, -37.2598, -45.0007, -59.3789, 161.8563, 136.9826, 128.6774, 120.387, 95.9288, -42.9856, -57.5622, -65.3152, -74.8744, -139.2099, 118.7242, 108.154, 100.5203, 88.3488, -39.8278, -77.0537, -85.8717, -93.8451, -112.2935, 105.9121, 88.015, 80.0818, 71.2319, 32.891, -94.2516, -106.3132, -113.9563, -124.6776, 129.2753, 68.9737, 59.5185, 51.7655, 37.0095, -102.2519, -126.1967, -134.4689, -142.8311, -168.7675, 53.2402, 39.1838, 31.4701, 21.7945, -46.893, -144.5416, -154.9936, -162.6485, -175.1258, 53.9025, 19.6112, 10.912, 2.9066, -16.1893, -157.7281, -175.1508, 176.9322, 167.9792, 126.3203, 2.1781, -9.5517, -17.1751]"
2015-02-04,25.0478,121.532,0.2006858710562409,PLEIADES 1B,39019,21.3,"[20.4167, -16.0317, -52.1002, -81.8145, -53.557, -17.5162, 18.943, 55.0291, 81.5066, 50.3601, 14.1746, -22.2631, -58.1563, -80.188, -47.4547, -11.2748, 25.1796, 61.0687, 78.1385, 44.217, 7.926, -28.4807, -64.1227, -75.7652, -41.3098, -5.0258, 31.4028, 66.9911, 73.0598, 38.04, 1.6744, -34.6802, -69.9269, -70.3482, -35.1337, 1.2272, 37.6078, 72.6826, 67.3925, 31.8381, -4.5767, -40.8567, -75.3839, -64.5604, -28.9339, 7.4809, 43.7884, 77.8238, 61.4821, 25.6178, -10.8241, -47.0028, -79.9234, -58.6019, -22.7156, 13.7319, 49.9356, 81.3767, 55.4495, 19.3839, -17.0642, -53.1076, -81.8436, -52.5499, -16.4831, 19.9766, 56.0348, 81.1613, 49.3459, 13.1404, -23.2936, -59.1518, -79.5807, -46.4394, -10.2401, 26.2114, 62.0594, 77.3689, 43.1964, 6.891, -29.5086, -65.0981, -74.9104, -40.2886, -3.9902, 32.4319, 67.9543, 72.1479, 37.0146, 0.6392, -35.7049, -70.8628, -69.4071, -34.1081, 2.2632, 38.6334, 73.5864, 66.4259, 30.8093, -5.6116, -41.8769, -76.2257, -63.5822, -27.9048, 8.5168, 44.8092, 78.5696, 60.4896, 24.5863, -11.8581, -48.0172, -80.4914, -57.6045, -21.6839, 14.767, 50.9497, 81.6561, 54.4427, 18.3505, -18.0968, -54.1137, -81.7437, -51.5409, -15.4493, 21.0104, 57.0389, 80.7134, 48.3302, 12.1057, -24.3242, -60.1451, -78.9109, -45.4226, -9.2049, 27.2431, 63.0471, 76.5638, 42.1744, 5.8556, -30.5365, -66.0691, -74.0347, -39.2663, -2.9542]","[-11.1171, -19.0498, -29.8112, -106.468, 166.9416, 155.8301, 147.9037, 136.3872, 39.2601, -26.8746, -37.2753, -45.2276, -57.7175, -170.9834, 139.5602, 129.7003, 121.6852, 108.0099, -16.49, -53.9945, -63.381, -71.498, -86.7333, 142.3007, 112.6379, 103.6106, 95.3549, 78.1414, -56.6123, -80.7466, -89.4588, -97.9041, -117.812, 106.3966, 86.0162, 77.5379, 68.8614, 45.3309, -89.7194, -107.2536, -115.5308, -124.5078, -153.2257, 75.0987, 59.5976, 51.4609, 42.1293, 5.9106, -119.7294, -133.5932, -141.6183, -151.4032, 161.2049, 45.9713, 33.3187, 25.3576, 15.0399, -48.4948, -148.1828, -159.8179, -167.744, -178.7427, 97.7406, 18.0016, 7.1349, -0.7962, -12.606, -115.7539, -175.7625, 174.0346, 166.0652, 153.207, 35.7322, -9.2888, -18.9865, -27.0304, -41.1724, -168.2911, 157.1899, 147.9351, 139.7757, 123.936, -8.5193, -36.1525, -45.0719, -53.3837, -71.3939, 153.2099, 130.4853, 121.8596, 113.3418, 92.3533, -43.3749, -62.735, -71.1438, -79.9107, -104.9491, 120.7913, 104.0105, 95.7866, 86.6974, 55.8048, -74.2017, -89.1267, -97.2237, -106.6922, -146.1378, 91.1117, 77.6931, 69.6944, 59.7411, 7.604, -103.0879, -115.3872, -123.3335, -133.857, 156.2089, 62.8373, 51.4834, 43.5598, 32.3066, -57.9915, -130.9203, -141.5586, -149.4984, -161.6239, 89.7812, 35.3639, 25.3456, 17.3553, 4.099, -117.0115, -158.1264, -167.6724, -175.7493, 169.6014, 40.284, 8.3834, -0.7483, -8.9546, -25.4554, -159.0977, 175.0646, 166.246]"
2023-04-09,26.0614,119.306,0.2006858710562409,GAOFEN 12 04,57654,15.9,"[81.8977, 50.2925, 13.4755, -23.5763, -60.0355, -78.8473, -44.5327, -7.7064, 29.3222, 65.6274, 74.0407, 38.4542, 1.469, -35.4972, -71.2846, -68.677, -32.6798, 4.2934, 41.2297, 76.3934, 62.9715, 26.5241, -10.5352, -47.3306, -80.6398, -57.2866, -20.7498, 16.2902, 53.0326, 82.0824, 51.3385, 14.5425, -22.5132, -59.0092, -79.5709, -45.5818, -8.7732, 28.2598, 64.6169, 74.9572, 39.5113, 2.5368, -34.4401, -70.3177, -69.6587, -33.7377, 3.2258, 40.1739, 75.5126, 63.989, 27.5874, -9.4686, -46.2833, -80.0269, -58.3168, -21.8132, 15.2239, 51.9892, 82.1265, 52.3831, 15.6091, -21.45, -57.9805, -80.2329, -46.6297, -9.8396, 27.197, 63.6022, 75.8528, 40.5676, 3.6045, -33.3826, -69.3416, -70.6319, -34.7948, 2.1585, 39.1176, 74.6087, 65.0021, 28.6501, -8.4019, -45.235, -79.3438, -59.3445, -22.8759, 14.1576, 50.9444, 82.0279, 53.4259, 16.6753, -20.3865, -56.9496, -80.82, -47.6762, -10.9056, 26.1341, 62.5836, 76.7233, 41.6229, 4.6719, -32.3246, -68.3576, -71.5951, -35.8511, 1.0913, 38.0607, 73.6856, 66.0104, 29.7122, -7.3354, -44.1859, -78.6032, -60.3693, -23.9381, 13.0914, 49.8985, 81.7916, 54.4669, 17.7411, -19.3229, -55.9168, -81.3172, -48.7214, -11.9712, 25.0709, 61.5617, 77.5636, 42.6772, 5.7392, -31.2663, -67.3668, -72.5468, -36.9065, 0.0243, 37.0034, 72.7464, 67.0133, 30.7736, -6.2688, -43.136, -77.8156, -61.3911, -24.9997, 12.0251]","[-101.5971, -170.7148, 179.0835, 171.209, 158.2762, 34.1578, -5.068, -14.3304, -22.3732, -38.2039, -174.0469, 160.8304, 152.2133, 143.8343, 122.892, -14.8005, -32.972, -41.1719, -50.0531, -80.442, 147.5929, 133.3091, 125.362, 115.6923, 64.7989, -48.2885, -60.2326, -68.0676, -78.8534, -167.0582, 116.6454, 106.2328, 98.3754, 85.8363, -34.6904, -77.782, -87.1873, -95.1889, -110.3841, 114.9943, 88.0664, 79.3536, 71.0455, 51.2324, -86.6554, -105.7697, -114.0312, -122.8049, -150.9656, 75.32, 60.4874, 52.5066, 42.9974, -3.0368, -120.7817, -133.0705, -140.9158, -151.4649, 127.6986, 44.0226, 33.3836, 25.5392, 13.3634, -102.9555, -150.4849, -160.0434, -168.0083, 177.3762, 44.2911, 15.3097, 6.4942, -1.7488, -20.5493, -158.3996, -178.5623, 173.1092, 164.4356, 138.2281, 3.1021, -12.3307, -20.3497, -29.7093, -71.4976, 166.7557, 154.0941, 146.2343, 135.9056, 62.4009, -28.5817, -39.464, -47.2996, -59.1392, -170.5814, 136.824, 127.1015, 119.1686, 105.0836, -26.1128, -57.439, -66.3649, -74.5482, -92.4374, 129.9834, 108.6507, 100.2494, 91.6688, 67.1808, -69.0539, -85.145, -93.2069, -102.4269, -140.5215, 94.3269, 81.2612, 73.383, 63.2594, -3.2123, -101.166, -112.3098, -120.1406, -131.669, 122.4597, 64.1458, 54.2474, 46.3423, 32.7435, -96.1658, -130.1792, -139.2236, -147.3524, -164.4187, 58.513, 35.8695, 27.3894, 18.8951, -4.0729, -141.1403, -157.9552, -166.0648, -175.1546, 149.9601, 21.9353, 8.4313, 0.5303]"
2025-07-12,25.1725,121.421,0.2006858710562409,FLOCK 3P 76,42019,20.1,"[-6.8355, 31.2631, 73.8657, -0.9708, 34.2179, 81.9363, 3.9429, 37.2457, 74.3749, 8.2195, 40.3954, 39.7911, 12.0534, 43.7258, -45.8803, 15.5738, 47.3122, -64.5917, 18.8726, 51.2567, -37.7729, 22.0193, 55.7058, -23.1886, 25.0699, 60.8804, -13.5286, 28.0722, 67.1288, -6.3406, 31.0709, 74.9447, -0.5838, 34.1099, 82.6947, 4.2665, 37.2366, 68.89, 8.5089, 40.5056, 22.0031, 12.3296, 43.984, -72.6085, 15.8537, 47.7597, -54.0185, 19.1709, 51.955, -32.4479, 22.35, 56.7501, -19.8696, 25.4473, 62.4264, -11.1718, 28.5125, 69.436, -4.52, 31.5923, 78.271, 0.9107, 34.7352, 80.4199, 5.5537, 37.9945, 52.7303, 9.6634, 41.4341, -25.3022, 13.4028, 45.1354, -71.6867, 16.884, 49.2091, -41.117, 20.1897, 53.8154, -25.3009, 23.3852, 59.2012, -15.1092, 26.5258, 65.7681, -7.6327, 29.6624, 74.1395, -1.6907, 32.8454, 82.7168, 3.2954, 36.1292, 65.772, 7.6492, 39.5775, 6.4376, 11.5699, 43.2702, -82.7475, 15.1907, 47.3142, -47.6584, 18.6069, 51.8634, -29.1014, 21.8922, 57.153, -17.7661, 25.1073, 63.5671, -9.6947, 28.3071, 71.7433, -3.3963, 31.545, 81.6439, 1.8255, 34.8778, 70.7777, 6.347, 38.3713, 18.086, 10.3943, 42.1074, -79.9228, 14.1158, 46.1959, -50.3976, 17.6161, 50.7947, -30.6488, 20.9749, 56.1462, -18.8565, 24.2574, 62.6505, -10.5569, 27.522, 70.99, -4.122, 30.8254, 81.3661, 1.1932, 34.2278]","[16.0143, 8.3988, -15.5473, 8.3168, 0.9179, -60.1711, 0.7434, -6.617, -156.3808, -6.7547, -14.2284, 175.7321, -14.2059, -21.9502, 155.2052, -21.6289, -29.8357, -8.7313, -29.037, -37.9773, -25.5297, -36.4412, -46.5512, -35.0063, -43.8515, -55.9471, -43.322, -51.2777, -67.2402, -51.2128, -58.731, -84.8437, -58.8957, -66.2252, -145.8852, -66.461, -73.7782, 128.652, -73.9552, -81.4157, 105.4405, -81.4055, -89.1765, 71.669, -88.83, -97.1243, -81.3215, -96.242, -105.3728, -93.7081, -103.6528, -114.151, -102.6566, -111.0725, -124.0064, -110.7981, -118.5122, -136.6677, -118.6084, -125.9841, -161.5475, -126.2475, -133.5043, 98.0469, -133.7877, -141.0942, 51.8901, -141.2674, -148.7855, 31.9051, -148.7107, -156.6285, -129.0585, -156.1338, -164.7093, -152.1891, -163.5495, -173.1929, -162.0587, -170.9691, 177.5554, -170.4834, -178.4035, 166.518, -178.4213, 174.1351, 149.4046, 173.8702, 166.6319, 85.3303, 166.2883, 159.0672, -1.5366, 158.7819, 151.4125, -24.0519, 151.3213, 143.624, -126.2967, 143.887, 135.6274, 149.2442, 136.4645, 127.2849, 138.341, 129.0418, 118.3005, 129.6718, 121.6073, 107.8947, 121.6349, 114.1488, 93.1031, 113.8755, 106.6516, 48.9426, 106.2637, 99.0965, -56.7796, 98.7383, 91.456, -82.7095, 91.2648, 83.6879, -137.5752, 83.8216, 75.7217, 89.8512, 76.3928, 67.426, 78.3918, 68.9654, 58.5209, 69.6145, 61.5274, 48.272, 61.537, 54.066, 33.905, 53.7572, 46.5662, -8.1867, 46.1334, 39.008]"
2023-05-25,25.0478,121.532,0.2006858710562409,ICEYE-X37,59102,11.0,"[-57.0662, -20.0283, 17.4587, 54.6133, 81.68, 48.7679, 11.2887, -26.4175, -63.3974, -75.7346, -40.0127, -2.6537, 34.7835, 71.171, 68.2417, 31.4743, -6.2185, -43.7457, -78.7794, -59.6991, -22.7441, 14.7371, 51.9505, 82.2118, 51.4507, 14.0262, -23.6918, -60.7839, -77.9155, -42.7023, -5.3782, 32.0769, 68.6653, 70.761, 34.1939, -3.4796, -41.0476, -76.6916, -62.3145, -25.4572, 12.0146, 49.2787, 81.8224, 54.1237, 16.7622, -20.9635, -58.151, -79.8376, -45.3859, -8.1016, 29.3673, 66.1124, 73.2148, 36.9093, -0.7403, -38.3441, -74.4094, -64.9073, -28.1672, 9.2913, 46.5993, 80.6263, 56.7851, 19.4962, -18.2331, -55.5027, -81.3274, -48.0628, -10.8237, 26.6552, 63.5259, 75.5706, 39.62, 1.9989, -35.6359, -72.0062, -67.4705, -30.8739, 6.5677, 43.9136, 78.8812, 59.4323, 22.228, -15.5008, -52.842, -82.1358, -50.732, -13.5444, 23.9408, 60.9144, 77.7727, 42.3253, 4.7379, -32.9235, -69.5242, -69.9931, -33.577, 3.8439, 41.2225, 76.8032, 62.0618, 24.9573, -12.7669, -50.1709, -82.0522, -53.3921, -16.2633, 21.2245, 58.284, 79.7227, 45.0246, 7.4762, -30.2072, -66.9884, -72.4584, -36.2759, 1.1203, 38.5266, 74.5257, 64.6689, 27.6836, -10.0317, -47.4912, -81.1018, -56.0415, -18.9801, 18.5066, 55.6387, 81.2516, 47.7171, 10.2136, -27.4876, -64.4144, -74.8389, -38.9703, -1.6029, 35.8267, 72.1249, 67.2464, 30.4067, -7.2956, -44.804, -79.5175, -58.6779]","[-155.7239, -167.5694, -175.4079, 173.4417, 71.2339, 8.4791, -1.449, -9.4247, -23.8899, -158.0352, 173.5084, 164.7636, 156.4339, 135.7283, -3.1194, -20.8678, -29.0398, -38.2229, -76.7872, 157.7922, 145.0301, 137.1661, 126.6495, 42.5956, -38.4455, -48.8851, -56.799, -70.0275, 161.2927, 126.3368, 117.3085, 109.1381, 91.0463, -47.9178, -68.1684, -76.4921, -85.3702, -116.3598, 111.5365, 97.6467, 89.7302, 79.7411, 14.298, -85.258, -96.3118, -104.1918, -116.4206, 123.4822, 79.2242, 69.8566, 61.8117, 45.7254, -91.8575, -115.4341, -123.9465, -132.571, -158.2198, 65.5784, 50.2837, 42.2864, 32.7381, -17.3833, -131.9314, -143.7269, -151.6, -163.0115, 89.6285, 32.1825, 22.4098, 14.4594, -0.0567, -134.5428, -162.6586, -171.4014, -179.8167, 158.3967, 20.0174, 2.9445, -5.1634, -14.3427, -53.3762, -178.4295, 168.872, 160.9788, 150.2417, 59.9432, -14.7733, -25.0301, -32.915, -46.1804, -175.353, 150.1658, 141.145, 132.8995, 113.9829, -25.0011, -44.3664, -52.6173, -61.488, -92.7915, 135.2967, 121.4877, 113.5471, 103.3701, 31.9657, -61.6244, -72.4612, -80.3081, -92.5631, 146.641, 103.0484, 93.6942, 85.5836, 68.8529, -69.2576, -91.6442, -100.0737, -108.6872, -134.5498, 89.3152, 74.1234, 66.107, 56.3974, 1.6182, -108.3459, -119.8813, -127.7169, -139.1461, 112.5502, 56.0008, 46.2482, 38.2403, 23.2108, -112.4123, -138.8829, -147.5308, -155.9318, -177.8673, 43.723, 26.7826, 18.6604, 9.3418, -33.0126, -154.9051]"
2026-04-02,25.0478,121.532,0.2,SUPERVIEW NEO-1 02,52322,19.9,"[74.9783, 64.2013, 26.7749, -11.265, -49.0409, -82.2883, -53.9486, -16.2875, 21.7461, 59.3353, 79.0974, 43.3743, 5.4581, -32.5297, -69.5774, -69.9421, -32.9296, 5.0406, 42.9485, 78.7702, 59.7564, 22.1688, -15.8794, -53.5615, -82.4047, -49.4312, -11.6754, 26.3511, 63.7846, 75.3568, 38.8029, 0.8364, -37.1096, -73.7773, -65.6116, -28.3419, 9.6596, 47.5049, 81.7051, 55.2657, 17.5566, -20.4891, -58.0543, -80.1067, -44.8919, -7.0593, 30.9494, 68.1668, 71.2303, 34.2189, -3.7853, -41.6777, -77.6967, -61.1976, -23.7452, 14.2768, 52.0428, 82.6702, 50.7435, 12.9396, -25.0931, -62.5082, -76.5809, -40.3353, -2.4403, 35.5394, 72.4342, 66.9221, 29.6244, -8.4059, -46.2314, -80.9664, -56.7314, -19.1411, 18.8909, 56.5563, 81.0071, 46.1979, 8.3191, -29.6897, -66.9031, -72.5549, -35.7644, 2.1802, 40.1192, 76.4804, 62.5156, 25.0212, -13.024, -50.7671, -82.6623, -52.2296, -14.5307, 23.5007, 61.0357, 77.7414, 41.6343, 3.6965, -34.2775, -71.2009, -68.3034, -31.1817, 6.801, 44.6863, 80.0352, 58.0495, 20.411, -17.6384, -55.2796, -81.7496, -47.7019, -9.9156, 28.1048, 65.4646, 73.8141, 37.0562, -0.927, -38.8548, -75.3191, -63.9345, -26.589, 11.4209, 49.2377, 82.3793, 53.544, 15.7951, -22.2477, -59.7607, -78.8507, -43.1541, -5.2968, 32.7015, 69.8121, 69.602, 32.4663, -5.5501, -43.4193, -79.0567, -59.4965, -21.9879, 16.0385, 53.7686, 82.3122, 49.0105]","[128.4265, -10.2081, -24.3877, -32.0737, -41.6162, -106.743, 151.9722, 141.4631, 133.8713, 121.8049, -6.5451, -43.8005, -52.5687, -60.4744, -78.4298, 139.718, 121.4188, 113.4944, 104.7755, 68.923, -60.7179, -72.9365, -80.5347, -90.9563, 170.4125, 102.6066, 93.0003, 85.3274, 71.3676, -66.7089, -92.6745, -100.9976, -109.1843, -132.2634, 87.756, 72.7871, 65.0578, 55.7516, -0.2144, -110.5976, -121.4404, -129.0247, -140.6544, 95.953, 53.4988, 44.5577, 36.7252, 19.9651, -121.7579, -141.4236, -149.4251, -158.006, 170.0523, 36.982, 24.2208, 16.6044, 6.5027, -81.7276, -160.0614, -169.9113, -177.5549, 169.1151, 33.326, 4.5766, -3.8732, -11.9542, -33.0929, -174.2411, 169.9211, 162.1412, 153.0227, 104.5029, -13.0669, -24.2961, -31.8747, -43.064, -160.3505, 150.7616, 141.6408, 133.8611, 118.0508, -22.9266, -44.2086, -52.3001, -60.7355, -89.2515, 134.6827, 121.3369, 113.6932, 103.847, 26.1643, -62.6449, -72.7764, -80.3901, -93.0972, 133.897, 101.7892, 93.2069, 85.2059, 65.5904, -76.0373, -92.8912, -100.7308, -109.6527, -151.7069, 84.4454, 72.8066, 65.2221, 54.3852, -55.4094, -111.9021, -121.2307, -128.9546, -143.8481, 76.1239, 52.9668, 44.7793, 36.4567, 10.5886, -127.4717, -141.496, -149.173, -158.7542, 134.0403, 34.7431, 24.3163, 16.718, 4.5089, -124.7698, -160.9325, -169.668, -177.584, 164.2257, 22.2507, 4.2563, -3.6499, -12.4172, -49.4683, -177.9297, 169.958, 162.3648, 151.8885, 51.0687, -14.5997]"
2022-04-08,28.5031,121.805,0.2,QPS-SAR-7 TSUKUYOMI-II,59447,24.5,"[-45.6797, -32.9445, -8.309, 18.4308, 40.0525, 44.583, 27.8954, 2.1261, -24.1511, -43.0918, -42.3089, -22.5217, 3.9251, 29.4178, 45.0349, 38.9839, 16.718, -10.0863, -34.3092, -45.7592, -34.8775, -10.8429, 15.9822, 38.5072, 45.1949, 30.054, 4.6919, -21.8164, -41.9462, -43.3991, -24.8395, 1.3575, 27.2358, 44.3593, 40.484, 19.1546, -7.5472, -32.345, -45.6118, -36.6973, -13.3542, 13.4994, 36.8208, 45.5877, 32.1275, 7.2482, -19.4305, -40.6252, -44.2959, -27.0949, -1.2123, 24.9824, 43.4771, 41.8237, 21.5478, -4.9932, -30.284, -45.2397, -38.3907, -15.8371, 10.9887, 35.0071, 45.7555, 34.1048, 9.7898, -17.0007, -39.1431, -44.9873, -29.2788, -3.7793, 22.6666, 42.4001, 42.9886, 23.8901, -2.4294, -28.1374, -44.6489, -39.9438, -18.2854, 8.4558, 33.0796, 45.6958, 35.9739, 12.3113, -14.5339, -37.5145, -45.4636, -31.3815, -6.3385, 20.2967, 41.1419, 43.9648, 26.1736, 0.1389, -25.9154, -43.848, -41.3425, -20.6926, 5.9062, 31.0508, 45.4095, 37.7219, 14.807, -12.0365, -35.7536, -45.7177, -33.3923, -8.8846, 17.8806, 39.7168, 44.7398, 28.3896, 2.7067, -23.6274, -42.8482, -42.5723, -23.0515, 3.3454, 28.9323, 44.9013, 39.3352, 17.271, -9.5143, -33.8739, -45.7457, -35.2996, -11.4124, 15.4252, 38.1394, 45.3026, 30.5285, 5.269, -21.282, -41.6625, -43.6192, -25.3545, 0.7783, 26.7348, 44.1787, 40.7995, 19.6968, -6.9731, -31.8882, -45.5472]","[172.2954, -143.7253, -115.3357, -90.7847, -57.3362, -8.5149, 31.5701, 57.9671, 83.3671, 120.557, 169.9429, -154.0164, -128.9315, -102.019, -60.7378, -12.449, 19.9907, 44.411, 73.5184, 118.5501, 164.0111, -166.5537, -142.1708, -110.1422, -62.1218, -20.338, 6.8104, 31.7757, 67.3328, 116.6693, 154.3614, 179.9153, -153.8873, -114.3118, -65.309, -31.4171, -6.7957, 21.3036, 64.8116, 111.5805, 142.1856, 166.5094, -162.7664, -115.8159, -72.3869, -44.3644, -19.7208, 14.2816, 63.2433, 102.6287, 128.7676, 154.3695, -167.7567, -118.3492, -82.9058, -57.9725, -30.7569, 11.1203, 58.975, 90.8712, 115.2449, 144.7863, -169.5596, -124.5886, -95.5675, -71.1347, -38.5895, 9.6879, 50.773, 77.6157, 102.7386, 138.9509, -171.5629, -134.4876, -109.1297, -82.675, -42.4862, 6.1898, 39.4921, 64.0246, 92.508, 136.6874, -176.9539, -146.8092, -122.4778, -91.2789, -43.9672, -1.2184, 26.4496, 51.2075, 85.8276, 135.0632, 173.8251, -160.2773, -134.4634, -95.9754, -46.7759, -11.9634, 12.8381, 40.3887, 82.9663, 130.5082, 161.8997, -173.7614, -143.7898, -97.6865, -53.3577, -24.741, -0.2364, 32.883, 81.5494, 122.0195, 148.5747, 173.8654, -149.3212, -99.9175, -63.5071, -38.325, -11.5833, 29.3162, 77.7915, 110.5484, 135.0035, 163.8711, -151.4306, -105.6561, -75.9661, -51.6049, -19.8793, 27.923, 70.0829, 97.4165, 122.2985, 157.4958, -153.2243, -115.1514, -89.4746, -63.4204, -24.2281, 24.8935, 59.1253, 83.8062, 111.6945, 154.8413]"
2022-08-09,24.9855,121.574,0.2,QPS-SAR-5 TSUKUYOMI-I,58578,26.7,"[-22.3647, 2.1716, 26.1886, 41.2241, 36.7025, 16.2786, -9.0899, -31.7919, -42.1619, -32.355, -10.1157, 14.9876, 35.7724, 41.5931, 27.4239, 3.373, -21.5614, -39.4327, -39.4499, -21.7698, 2.838, 26.7451, 41.385, 36.3191, 15.645, -9.746, -32.2724, -42.1621, -31.8763, -9.4612, 15.6235, 36.1704, 41.4537, 26.8741, 2.7059, -22.1587, -39.704, -39.1666, -21.1702, 3.5042, 27.296, 41.5312, 35.9247, 15.0082, -10.4008, -32.7446, -42.1469, -31.3893, -8.8048, 16.2569, 36.558, 41.2994, 26.318, 2.0381, -22.7518, -39.9623, -38.8704, -20.566, 4.1702, 27.8408, 41.6625, 35.5196, 14.3683, -11.054, -33.2086, -42.1162, -30.8941, -8.1464, 16.8876, 36.935, 41.1304, 25.7557, 1.3696, -23.3404, -40.2073, -38.5616, -19.9575, 4.8358, 28.3795, 41.7789, 35.1042, 13.7255, -11.7056, -33.6638, -42.0702, -30.391, -7.4864, 17.5153, 37.3009, 40.9467, 25.1874, 0.7006, -23.9243, -40.4388, -38.2404, -19.3447, 5.5009, 28.9117, 41.8802, 34.6785, 13.0799, -12.3554, -34.1102, -42.0087, -29.8801, -6.8246, 18.14, 37.6556, 40.7486, 24.6134, 0.0311, -24.5035, -40.6566, -37.907, -18.7277, 6.1653, 29.4374, 41.9662, 34.2429, 12.4316, -13.0032, -34.5475, -41.932, -29.3618, -6.1614, 18.7616, 37.9989, 40.5361, 24.0338, -0.6386, -25.0776, -40.8604, -37.5617, -18.1069, 6.8291, 29.9562, 42.0369, 33.7976, 11.7807, -13.649, -34.9753, -41.8399, -28.8361, -5.4968]","[176.6364, -156.5039, -128.5734, -88.6791, -41.991, -7.9658, 18.4576, 48.9102, 92.4743, 136.2017, 166.6686, -167.3372, -134.3846, -88.2157, -47.1766, -18.5148, 8.5236, 45.333, 92.2083, 128.7979, 155.5403, -176.3491, -136.0718, -89.5469, -55.8619, -29.4789, 1.2375, 45.1122, 88.53, 118.7329, 144.7608, 178.0437, -135.5992, -94.9402, -66.4687, -39.3161, -2.1282, 44.7376, 80.9529, 107.5858, 135.8845, 176.5422, -137.1134, -103.7626, -77.4122, -46.4242, -2.2496, 40.8484, 70.7947, 96.8641, 130.4837, 177.0122, -142.7123, -114.4231, -87.1482, -49.5793, -2.7424, 33.1015, 59.6327, 88.1278, 129.1624, 175.3094, -151.6675, -125.3419, -94.0745, -49.6117, -6.8433, 22.8543, 48.9729, 82.9355, 129.6177, 169.5073, -162.3777, -134.9725, -97.0207, -50.2321, -14.7561, 11.6812, 40.3808, 81.7882, 127.7214, 160.4234, -173.2679, -141.7134, -96.9747, -54.5447, -25.0882, 1.0874, 35.399, 82.2169, 121.7187, 149.6676, 177.2112, -144.4528, -97.7315, -62.6197, -36.2684, -7.3562, 34.4192, 80.1227, 112.5105, 138.81, 170.6592, -144.3394, -102.2558, -73.0326, -46.7921, -12.1259, 34.8094, 73.9222, 101.713, 129.4032, 168.1242, -145.2411, -110.4889, -84.2161, -55.083, -12.9453, 32.5133, 64.5939, 90.8921, 123.0434, 168.2938, -149.9763, -120.9786, -94.6655, -59.6392, -12.6054, 26.1179, 53.7588, 81.6036, 120.7098, 167.2392, -158.3638, -132.1615, -102.7994, -60.3059, -15.1068, 16.6738, 42.9786, 75.4393, 120.9241, 162.2937, -168.9261]"
2022-08-02,24.0,121.0,0.2,UMBRA-04,55050,17.0,"[-36.7568, -46.1257, -57.6639, -72.5875, -79.5543, -44.2786, 11.5604, 61.706, 81.4811, 64.7125, 51.0668, 40.4099, 31.6075, 23.9903, 17.1478, 10.8078, 4.7735, -1.111, -6.9836, -12.9805, -19.2529, -25.9874, -33.4378, -41.9798, -52.2127, -65.1245, -80.9483, -65.4376, -19.4939, 37.3673, 76.9303, 73.7585, 57.887, 45.773, 36.0676, 27.8764, 20.6682, 14.1061, 7.9588, 2.0529, -3.7546, -9.595, -15.6035, -21.9352, -28.7875, -36.4351, -45.2921, -56.0264, -69.6905, -82.491, -55.8366, -5.6936, 48.6743, 81.665, 69.68, 54.7386, 43.2665, 33.9652, 26.0422, 19.0211, 12.5949, 6.5494, 0.7217, -5.0246, -10.8165, -16.7862, -23.0867, -29.9136, -37.5397, -46.3764, -57.0835, -70.6721, -82.2516, -55.0916, -5.5153, 48.4466, 81.5765, 69.7598, 54.7546, 43.2432, 33.9226, 25.9951, 18.9817, 12.5741, 6.5583, 0.7722, -4.9183, -10.6367, -16.5094, -22.6803, -29.3305, -36.7076, -45.1787, -55.3231, -68.0494, -82.2461, -63.2719, -18.8821, 36.414, 76.1964, 74.1815, 58.0799, 45.8072, 36.0165, 27.7929, 20.5933, 14.0754, 8.0062, 2.2146, -3.4369, -9.0703, -14.805, -20.7719, -27.1287, -34.0835, -41.9335, -51.1332, -62.4057, -76.5579, -76.6854, -42.8573, 9.407, 59.0381, 82.1979, 65.6178, 51.5398, 40.6261, 31.6921, 24.0331, 17.2197, 10.9717, 5.0917, -0.5709, -6.1416, -11.736, -17.4723, -23.4837, -29.9358, -37.0523, -45.1582, -54.7558, -66.6252, -80.753, -69.521]","[137.9385, 137.2566, 138.4498, 148.1747, -103.7981, -69.2527, -63.3458, -53.8051, 49.4497, 90.5844, 94.4024, 94.4257, 93.3122, 91.7062, 89.8467, 87.8467, 85.7702, 83.6602, 81.5517, 79.4799, 77.4883, 75.6419, 74.0552, 72.9686, 73.0212, 76.7575, 112.1109, -141.705, -130.7323, -125.2955, -99.9049, 16.8502, 28.4793, 29.872, 29.2333, 27.8451, 26.0996, 24.1616, 22.1157, 20.0137, 17.8931, 15.7871, 13.7319, 11.7754, 9.9934, 8.5259, 7.6855, 8.378, 14.9159, 91.9591, 157.6507, 165.0476, 171.3913, -137.7291, -43.3275, -36.2748, -35.5925, -36.4678, -37.9641, -39.7678, -41.7404, -43.8075, -45.9225, -48.0501, -50.1581, -52.2103, -54.1579, -55.9224, -57.3569, -58.1306, -57.2701, -50.005, 33.111, 91.8487, 98.963, 105.2153, 155.0248, -109.5272, -102.3888, -101.6943, -102.5672, -104.0639, -105.8695, -107.8448, -109.9159, -112.0362, -114.171, -116.2892, -118.3564, -120.3269, -122.1295, -123.6341, -124.5593, -124.1289, -119.0395, -68.4877, 21.5304, 31.0328, 36.1867, 59.6712, 177.721, -169.9346, -168.46, -169.0791, -170.4634, -172.2114, -174.156, -176.2122, -178.3288, 179.5305, 177.3963, 175.2999, 173.2808, 171.3967, 169.7466, 168.5278, 168.2226, 170.4535, -173.935, -62.8711, -39.4388, -34.1741, -25.8006, 67.7433, 119.3529, 123.7054, 123.8393, 122.7598, 121.1627, 119.3001, 117.2886, 115.193, 113.0548, 110.9061, 108.7761, 106.6976, 104.7138, 102.8923, 101.3539, 100.3533, 100.5613, 104.5692, 137.0171, -118.9441]"
2024-12-06,25.0478,121.532,0.2,FLOCK 4X 29,51011,4.1,"[64.8324, -28.8448, -59.888, 35.2657, 47.6675, -45.622, -43.1132, 53.171, 30.1056, -62.0426, -25.6534, 70.5488, 12.3682, -77.4091, -7.6327, 82.7303, -5.3898, -80.2294, 10.7867, 70.6197, -23.0206, -65.3249, 29.3819, 53.2043, -40.4086, -48.3077, 47.9104, 35.1991, -57.4587, -30.4987, 66.052, 16.9621, -73.786, -12.0637, 81.5695, -1.3329, -82.2142, 6.8366, 73.9936, -19.5213, -68.4665, 25.9691, 56.3379, -37.4679, -51.1443, 45.0698, 37.8765, -55.0715, -32.9231, 63.8231, 19.1435, -72.0249, -14.0257, 80.5324, 0.3334, -82.6099, 5.3795, 75.1243, -18.3738, -69.409, 25.0435, 57.0963, -36.8283, -51.663, 44.6788, 38.1466, -54.9196, -32.9514, 63.9456, 18.9114, -72.319, -13.5302, 80.9275, -0.3972, -82.4278, 6.415, 74.1199, -19.5857, -68.1917, 26.61, 55.4892, -38.4949, -49.8701, 46.742, 36.012, -57.0044, -30.5814, 66.4157, 16.268, -74.6429, -10.5704, 82.3571, -3.5199, -81.071, 9.9481, 70.8855, -23.1463, -64.7628, 30.6653, 51.5029, -42.4503, -45.7361, 51.2402, 31.4689, -61.2918, -25.7835, 71.1351, 11.2184, -78.6831, -5.1227, 82.0869, -9.0172, -77.1947, 15.9858, 65.253, -29.0257, -59.0203, 37.1918, 45.1108, -48.6527, -39.2004, 58.1166, 24.5122, -67.6832, -18.5052, 77.6719, 3.7769, -82.5639, 2.8441, 76.7931, -16.8528, -70.3856, 24.5231, 57.1355, -37.1704, -50.8591, 46.1422, 36.2899, -57.0251, -30.1787, 67.2164, 15.1461, -75.8159, -8.6835]","[110.1526, 87.8768, -77.8717, -98.2503, 92.4829, 74.4461, -93.6894, -112.8483, 78.7084, 58.0586, -107.0041, -134.1812, 66.1032, 27.1535, -119.5037, 147.3734, 53.8439, -80.1198, -131.8418, 68.3218, 41.4593, -121.7949, -144.5336, 46.913, 28.3636, -139.6535, -158.4993, 32.2899, 13.096, -153.5466, -177.0372, 19.3909, -11.3687, -166.2601, 130.2959, 7.0246, -106.3025, -178.6644, 26.1233, -5.3643, -166.3908, 168.6844, 0.7978, -18.3506, 173.8852, 154.9345, -14.5168, -33.2343, 159.5441, 137.2753, -27.6392, -55.8372, 146.6657, 92.4502, -40.1006, -142.8572, 134.1858, -18.917, -52.5381, 147.2591, 121.4921, -46.2123, -65.5588, 126.72, 107.6975, -61.7984, -80.5114, 112.212, 89.855, -75.0094, -103.6101, 99.2617, 41.9965, -87.5306, 163.802, 86.7157, -68.3135, -100.0477, 98.6627, 73.9087, -94.2274, -113.2363, 78.8041, 59.8169, -109.5646, -128.713, 64.456, 40.6542, -122.7168, -155.0362, 51.5309, -24.2258, -135.2653, 97.0221, 38.92, -120.6932, -147.9079, 48.4366, 25.8999, -143.0256, -161.4502, 30.285, 11.1313, -157.7419, -178.1882, 16.3303, -11.6112, -170.7352, 145.6962, 3.4875, -113.0693, 176.6896, 29.52, -9.2264, -173.5586, 163.8243, -2.3348, -22.6508, 167.7684, 149.5807, -18.5988, -38.8935, 153.7808, 129.8384, -32.0896, -72.7313, 140.9638, 60.0539, -44.8642, 165.932, 128.3013, -30.9902, -57.8012, 134.4303, 114.9989, -52.9197, -72.0572, 118.4528, 99.2415, -67.6502, -92.0719, 105.0922, 70.2908, -80.7529]"
2023-10-27,25.0478,121.532,0.2,SUPERVIEW NEO-2 05,68377,24.7,"[-14.1268, 23.9411, 61.506, 77.2142, 40.98, 2.9969, -34.9881, -71.8337, -67.5764, -30.4194, 7.596, 45.5163, 80.5611, 57.0625, 19.356, -18.7199, -56.3349, -81.1013, -46.5856, -8.7645, 29.2914, 66.6362, 72.5749, 35.6559, -2.3742, -40.2984, -76.5207, -62.4876, -25.0833, 12.9643, 50.801, 82.584, 51.816, 13.9909, -24.0701, -61.5183, -77.3459, -41.2999, -3.3974, 34.6312, 71.6343, 67.614, 30.3173, -7.7433, -45.5893, -80.5085, -57.3163, -19.7362, 18.3291, 56.0543, 81.1653, 46.5356, 8.6216, -29.4099, -66.6269, -72.7442, -35.9938, 1.9723, 39.9575, 76.3589, 62.5025, 24.9673, -13.1084, -50.8556, -82.5755, -52.0932, -14.3802, 23.6883, 61.2619, 77.4189, 41.2305, 3.2502, -34.737, -71.6036, -67.814, -30.6713, 7.3426, 45.2666, 80.4027, 57.3084, 19.6085, -18.4675, -56.089, -81.2384, -46.8346, -9.0175, 29.0396, 66.3971, 72.8024, 35.9067, -2.1214, -40.0485, -76.3102, -62.7299, -25.3351, 12.7116, 50.5531, 82.5623, 52.0633, 14.2432, -23.8185, -61.2756, -77.5485, -41.5494, -3.6501, 34.3805, 71.404, 67.851, 30.5682, -7.4911, -45.3409, -80.3496, -57.5611, -19.9879, 18.0772, 55.8086, 81.2998, 46.7838, 8.8736, -29.1594, -66.3891, -72.9701, -36.2437, 1.72, 39.7081, 76.1477, 62.7441, 25.2182, -12.8569, -50.609, -82.5502, -52.3395, -14.6318, 23.4372, 61.0194, 77.6204, 41.4792, 3.5017, -34.4876, -71.3746, -68.0496, -30.9213, 7.091, 45.0186]","[93.7348, 86.0397, 72.9879, -60.7896, -91.7318, -100.3359, -108.4569, -129.0704, 90.0621, 73.5769, 65.6949, 56.5727, 10.2983, -109.3042, -120.7687, -128.4223, -139.6597, 105.0895, 54.4349, 45.1765, 37.335, 21.5028, -119.0862, -140.6958, -148.8665, -157.3971, 173.6076, 38.3252, 24.8563, 17.1415, 7.176, -72.1652, -159.1955, -169.3617, -177.0581, 169.9027, 36.5644, 5.2642, -3.3615, -11.4656, -31.8611, -172.9806, 170.4812, 162.5977, 153.4753, 107.6222, -12.2672, -23.7908, -31.4435, -42.6174, -157.3581, 151.3432, 142.0797, 134.2369, 118.4329, -21.8915, -43.7065, -51.892, -60.3987, -89.0161, 135.2565, 121.7601, 114.044, 104.0802, 25.6055, -62.177, -72.3857, -80.0765, -93.0254, 133.7299, 102.1703, 93.5415, 85.4362, 65.1043, -75.8677, -92.5345, -100.4272, -109.5166, -154.6683, 84.6513, 73.1127, 65.4587, 54.29, -59.6894, -111.6512, -120.9454, -128.7776, -144.4479, 75.1252, 53.1984, 45.0108, 36.5032, 8.0396, -127.6769, -141.2593, -148.9795, -158.8983, 123.6207, 34.7347, 24.5176, 16.8255, 3.8888, -128.9055, -160.8333, -169.4842, -177.573, 162.3062, 21.0898, 4.3696, -3.5246, -12.6141, -57.3635, -178.3107, 170.0906, 162.4372, 151.3307, 37.8797, -14.7433, -24.0423, -31.8758, -47.5191, 172.3252, 150.1879, 141.9852, 133.501, 105.4014, -30.7458, -44.3557, -52.0771, -61.9944, -138.6237, 131.7538, 121.4936, 113.8068, 100.9582, -31.7337, -63.9275, -72.5813, -80.6714, -100.7311, 118.2056, 101.3541, 93.4505, 84.3932]"
2020-08-17,25.0478,121.532,0.2,PELICAN-9 3010,69019,21.9,"[-39.5348, -1.6687, 36.2539, 73.0108, 66.3261, 29.0701, -8.9098, -46.6867, -81.1665, -56.3022, -18.7371, 19.2505, 56.8463, 80.806, 46.0001, 8.1782, -29.7847, -66.9526, -72.4799, -35.7281, 2.1772, 40.0634, 76.3563, 62.6597, 25.2401, -12.7536, -50.4624, -82.5579, -52.5541, -14.8991, 23.0865, 60.5719, 78.1164, 42.2046, 4.3314, -33.6045, -70.5359, -68.952, -31.9134, 6.0231, 43.8638, 79.3725, 58.9511, 21.405, -16.595, -54.2223, -82.1342, -48.7875, -11.0578, 26.9183, 64.2635, 74.9276, 38.3988, 0.4837, -37.4171, -74.0066, -65.3347, -28.0917, 9.8682, 47.6534, 81.6942, 55.2128, 17.5657, -20.4331, -57.9617, -80.1262, -45.0063, -7.2142, 30.7451, 67.9055, 71.4947, 34.5841, -3.364, -41.2215, -77.2742, -61.6611, -24.2641, 13.7118, 51.4298, 82.6335, 51.4525, 13.7229, -24.2672, -61.674, -77.2616, -41.2131, -3.3688, 34.5658, 71.4702, 67.9302, 30.762, -7.2111, -45.0159, -80.1367, -57.9494, -20.4314, 17.5531, 55.1895, 81.7068, 47.675, 9.8776, -28.0965, -65.3484, -73.993, -37.4097, 0.4776, 38.3795, 74.9042, 64.2877, 26.9335, -11.0568, -48.7986, -82.1399, -54.2103, -16.5944, 21.3913, 58.9276, 79.3917, 43.8838, 6.0303, -31.9201, -68.9665, -70.5216, -33.5977, 4.3243, 42.1848, 78.0957, 60.5949, 23.0995, -14.9004, -52.5668, -82.5554, -50.4507, -12.7539, 25.2258, 62.6364, 76.3778, 40.0813, 2.1819, -35.737, -72.4951, -66.9376, -29.7784, 8.1705]","[4.5329, -3.8942, -12.0677, -34.1786, -174.5126, 169.941, 162.1408, 152.903, 101.9726, -13.0721, -24.2548, -31.8734, -43.2182, -161.3112, 150.8551, 141.7085, 133.883, 117.9186, -22.7335, -44.0905, -52.2255, -60.7032, -89.1609, 134.9836, 121.4798, 113.7914, 103.9397, 28.6558, -62.3657, -72.631, -80.2787, -92.8858, 135.7505, 102.0606, 93.371, 85.3641, 66.3175, -75.1124, -92.6423, -100.5595, -109.4331, -148.3624, 85.07, 73.0566, 65.4262, 54.7818, -48.0448, -111.4299, -120.9883, -128.7172, -143.0278, 78.7003, 53.3746, 45.0386, 36.7824, 13.1294, -126.2252, -141.1374, -148.9005, -158.2841, 145.032, 35.5607, 24.6633, 17.0396, 5.3603, -117.2678, -160.3227, -169.3324, -177.1979, 166.1244, 24.8994, 4.7733, -3.2933, -11.8789, -42.8157, -176.5411, 170.4126, 162.7466, 152.7066, 69.627, -13.6609, -23.707, -31.375, -44.4285, -178.1871, 150.9151, 142.332, 134.2683, 114.1727, -27.0625, -43.761, -51.6291, -60.6417, -103.763, 133.672, 121.9982, 114.3766, 103.4868, -5.8249, -62.6716, -72.0602, -79.8253, -94.7472, 125.8828, 102.2542, 94.0003, 85.6676, 60.3886, -77.9169, -92.2422, -99.9734, -109.5353, -173.0289, 84.2517, 73.6118, 65.9835, 53.9799, -72.4984, -111.5238, -120.4015, -128.3208, -145.8649, 72.7028, 53.6727, 45.668, 36.9822, 3.3675, -128.0635, -140.6812, -148.3311, -158.6007, 110.252, 35.0946, 25.2468, 17.5605, 4.0692, -131.7418, -160.2547, -168.7358, -176.8732, 161.7477, 21.1063, 5.1541, -2.6694]"
2017-08-31,25.0478,121.532,0.2,QPS-SAR-5 TSUKUYOMI-I,58578,14.3,"[-41.8391, -34.7025, -13.0433, 12.3604, 34.0996, 42.0004, 29.5953, 6.0104, -19.3946, -38.5732, -40.005, -22.5723, 2.2996, 26.439, 41.3009, 36.5521, 16.0147, -9.5378, -32.3844, -42.1489, -31.0079, -7.8728, 17.3875, 37.2689, 40.9716, 25.2804, 0.7078, -24.1667, -40.6769, -37.6082, -17.743, 7.5455, 30.6238, 42.1066, 33.2152, 10.9045, -14.707, -35.8896, -41.4803, -26.826, -2.6222, 22.2048, 39.7357, 39.0546, 20.6153, -4.6048, -28.6092, -41.8877, -34.4816, -12.7055, 12.7052, 34.3357, 41.9602, 29.3216, 5.669, -19.7045, -38.7297, -39.8768, -22.2662, 2.6509, 26.7353, 41.3849, 36.3492, 15.6874, -9.8694, -32.6207, -42.1356, -30.7535, -7.5297, 17.718, 37.459, 40.8701, 24.9848, 0.3692, -24.4547, -40.7793, -37.4312, -17.4228, 7.8907, 30.8892, 42.1267, 32.9748, 10.5723, -15.0252, -36.0858, -41.407, -26.546, -2.2778, 22.5163, 39.8727, 38.899, 20.3047, -4.9371, -28.87, -41.9313, -34.2643, -12.376, 13.0404, 34.5632, 41.9167, 29.0527, 5.3361, -20.0053, -38.879, -39.749, -21.9672, 2.9928, 27.0224, 41.4627, 36.1484, 15.3677, -10.1918, -32.8485, -42.1189, -30.5043, -7.1954, 18.0391, 37.6413, 40.7672, 24.6952, 0.0393, -24.7337, -40.8754, -37.2564, -17.1104, 8.2265, 31.1458, 42.1422, 32.7382, 10.2481, -15.3342, -36.2742, -41.3323, -26.2723, -1.9425, 22.8185, 40.0026, 38.744, 20.0011, -5.2604, -29.1221, -41.9701, -34.0509, -12.0551]","[58.1138, 104.3363, 136.8294, 163.0928, -165.0882, -119.8895, -77.4343, -47.8309, -20.8409, 15.438, 63.239, 101.2779, 128.5813, 156.7825, -163.1246, -116.5913, -82.6817, -56.0739, -24.8751, 20.0769, 63.9709, 94.2075, 120.6582, 155.0341, -158.2137, -118.6864, -90.5969, -62.6762, -23.3215, 24.226, 59.2506, 85.7898, 115.6361, 158.6079, -156.6059, -125.147, -98.5791, -64.9543, -18.0276, 22.9458, 51.4309, 78.5591, 115.8296, 163.0194, -160.4577, -133.3737, -104.0064, -61.5887, -15.4792, 16.8643, 43.1341, 75.1183, 120.4494, 162.705, -167.8184, -140.7928, -104.3289, -56.5, -18.6485, 8.5995, 36.9025, 77.1995, 123.6364, 157.3587, -176.061, -144.7298, -99.6259, -55.8922, -25.7732, 0.7158, 35.2816, 82.094, 121.4083, 149.4062, 177.3947, -143.0579, -95.5588, -60.7048, -34.1884, -4.2083, 38.9407, 83.5679, 114.8709, 141.4434, 175.2286, -137.7504, -96.9594, -68.5585, -41.3603, -3.8866, 43.2816, 79.6001, 106.6266, 136.0935, 178.6916, -135.3126, -103.1127, -76.8341, -44.6866, 0.7698, 42.829, 72.184, 99.2458, 135.8902, -176.2588, -138.5888, -111.3923, -82.9875, -42.4921, 3.8463, 37.3874, 63.9426, 95.4041, 140.6525, -175.7718, -145.7648, -119.2361, -84.4836, -37.6172, 1.4891, 29.3996, 57.4557, 97.19, 144.6374, 179.3271, -154.1764, -124.0634, -80.7438, -36.2748, -5.1221, 21.4566, 55.399, 102.5072, 143.1203, 171.4416, -161.2895, -123.617, -76.4747, -40.3546, -13.3826, 16.1828, 58.9545, 104.8363, 136.8986]"
2014-11-27,25.0478,121.532,0.2,GRUS-1D,47936,19.6,"[-0.4623, -37.7249, -73.618, -66.3582, -29.9624, 7.2391, 44.394, 79.259, 59.4628, 22.4842, -14.9265, -51.9367, -82.4941, -52.489, -15.6118, 21.6536, 58.55, 79.9284, 45.2891, 8.0152, -29.3339, -65.8519, -74.0808, -38.3246, -1.2066, 36.0227, 72.2174, 67.5644, 30.9324, -6.4629, -43.638, -78.5639, -60.6691, -24.0246, 13.2158, 50.2899, 82.305, 53.6197, 16.4892, -20.9084, -57.758, -80.5981, -46.6415, -9.6465, 27.6173, 64.3174, 75.252, 39.3514, 2.0114, -35.2791, -71.4061, -68.6676, -32.4109, 4.7706, 41.9534, 77.3793, 61.8492, 24.9512, -12.458, -49.5209, -82.0259, -54.8923, -18.0732, 19.1895, 56.149, 81.3741, 47.7266, 10.4882, -26.8776, -63.5092, -76.1913, -40.7611, -3.6741, 33.5706, 69.9575, 69.8708, 33.3917, -3.991, -41.2028, -76.6197, -63.0323, -26.4789, 10.7487, 47.8619, 81.4144, 56.0334, 18.9592, -18.4446, -55.3636, -81.8359, -49.0612, -12.1108, 25.1575, 61.951, 77.3103, 41.7994, 4.4844, -32.8308, -69.1409, -70.9403, -34.8556, 2.3029, 39.5096, 75.3268, 64.2185, 27.4155, -9.9891, -47.0993, -80.9006, -57.2856, -20.532, 16.725, 53.739, 82.2862, 50.1577, 12.9599, -24.4197, -61.1479, -78.1701, -43.1926, -6.1401, 31.1165, 67.6549, 72.1333, 35.8475, -1.5194, -38.7641, -74.5321, -65.3762, -28.93, 8.282, 45.4292, 79.9842, 58.4365, 21.427, -15.9798, -52.9604, -82.4584, -51.4737, -14.573, 22.6968, 59.5689, 79.197, 44.2425]","[-98.6927, -106.996, -130.2781, 91.3209, 75.6508, 67.8212, 58.8546, 19.7842, -105.876, -118.1673, -125.8207, -136.0076, 143.1322, 58.515, 48.2286, 40.6056, 28.6514, -93.5861, -136.3074, -145.4063, -153.23, -168.5845, 53.4734, 29.4348, 21.1015, 12.9304, -8.3326, -148.0137, -164.6026, -172.5008, 178.623, 142.7058, 14.3542, 1.6479, -6.0068, -15.8752, -86.3156, 178.5078, 167.9281, 160.2931, 148.609, 30.8196, -16.3607, -25.6119, -33.3623, -47.8214, 175.5666, 149.2331, 140.7819, 132.6537, 112.4389, -27.3313, -44.7584, -52.7014, -61.3874, -93.1288, 134.6209, 121.3697, 113.6726, 103.9463, 40.2462, -61.4179, -72.2686, -79.8757, -91.0885, 157.9443, 103.526, 94.0768, 86.3355, 72.3243, -62.4784, -90.8735, -99.4242, -107.4398, -126.1025, 93.5926, 74.9997, 66.9762, 58.3647, 28.8544, -105.052, -118.8075, -126.5184, -135.972, 169.1681, 58.6325, 47.4356, 39.8082, 28.8186, -76.0933, -136.4963, -146.1266, -153.809, -167.0893, 60.4888, 28.9444, 20.2573, 12.2742, -5.5867, -145.4836, -165.1434, -173.2264, 178.3256, 151.8507, 15.3434, 0.9223, -6.8406, -16.1756, -65.8491, 178.7645, 167.2441, 159.632, 149.0406, 53.3081, -16.5741, -26.4348, -34.1166, -47.0348, -176.7718, 148.859, 140.0517, 132.1633, 115.5209, -24.2032, -45.3719, -53.5488, -61.936, -86.7992, 135.7944, 120.7541, 112.9644, 103.8635, 60.8186, -61.1136, -73.0462, -80.687, -91.0929, -179.505, 103.4405, 93.3648, 85.7283, 73.4141, -52.5141, -91.3]"
2022-08-04,39.9289,116.388,0.1662002743483359,ICEYE-X61,66754,17.9,"[37.2411, 73.849, 65.4598, 28.1998, -9.7388, -47.4436, -81.5179, -55.6981, -18.2002, 19.715, 57.2417, 80.5722, 45.6716, 7.8857, -30.0235, -67.1135, -72.3863, -35.7117, 2.1155, 39.9378, 76.2033, 62.8589, 25.486, -12.4611, -50.116, -82.4728, -53.0459, -15.4842, 22.4307, 59.8812, 78.686, 42.9829, 5.1606, -32.7287, -69.6558, -69.8997, -33.0131, 4.8377, 42.6303, 78.4014, 60.2363, 22.7695, -15.1823, -52.7806, -82.5193, -50.384, -12.7662, 25.1447, 62.5049, 76.5158, 40.2885, 2.435, -35.4306, -72.1493, -67.3622, -30.3107, 7.56, 45.3179, 80.3363, 57.5968, 20.0505, -17.9021, -55.4361, -81.6421, -47.7138, -10.0466, 27.8566, 65.1084, 74.1774, 37.5893, -0.291, -38.1286, -74.5708, -64.7887, -27.6047, 10.282, 48.0, 81.8192, 54.9439, 17.3295, -20.6202, -58.0806, -80.083, -45.0366, -7.3256, 30.5662, 67.6849, 71.7348, 34.8855, -3.017, -40.8224, -76.881, -62.1887, -24.8956, 13.0034, 50.6755, 82.5743, 52.2799, 14.6067, -23.3363, -60.7114, -78.1069, -42.3531, -4.6035, 33.273, 70.2243, 69.2243, 32.1779, -5.7429, -43.5114, -79.01, -59.5686, -22.1837, 15.7241, 53.3433, 82.3817, 49.6067, 11.8823, -26.0503, -63.325, -75.8874, -39.6642, -1.8805, 35.9768, 72.7106, 66.6672, 29.4667, -8.4683, -46.195, -80.8312, -56.9326, -19.4692, 18.4436, 56.0019, 81.3038, 46.9256, 9.1567, -28.7616, -65.9163, -73.5222, -36.9702, 0.8431, 38.6771, 75.1175]","[164.5881, 141.1529, 1.6843, -13.3316, -21.1054, -30.4593, -85.1572, 163.5607, 152.5388, 144.9201, 133.4494, 13.8117, -32.3525, -41.462, -49.3003, -65.3939, 154.0357, 132.7826, 124.648, 116.1788, 88.0521, -47.995, -61.6084, -69.306, -79.1002, -151.3001, 114.6958, 104.3202, 96.6813, 84.3271, -44.9432, -80.8733, -89.6538, -97.6169, -115.8058, 102.852, 84.4332, 76.4598, 67.7226, 32.9225, -97.3738, -109.8659, -117.5143, -127.836, 140.0164, 65.9501, 56.1114, 48.4265, 34.9837, -100.4276, -129.3368, -137.8427, -145.9634, -166.9099, 52.384, 36.1141, 28.2688, 19.2104, -25.3044, -146.5235, -158.107, -165.7322, -176.6887, 73.4721, 17.3009, 7.9104, 0.1526, -14.6492, -153.7603, -177.7524, 173.9698, 165.6548, 140.9824, 2.424, -12.1793, -19.9268, -29.3689, -87.9052, 164.5045, 153.6655, 146.038, 134.3125, 11.6018, -31.2693, -40.2846, -48.1437, -64.67, 154.3158, 133.8724, 125.7822, 117.2313, 87.3736, -47.1648, -60.4508, -68.1287, -78.0296, -155.0735, 115.6732, 105.4494, 97.7941, 85.1284, -46.0841, -79.774, -88.4753, -96.4663, -115.224, 103.3377, 85.5314, 77.5928, 68.7582, 31.4688, -96.4753, -108.7037, -116.3387, -126.7897, 136.2744, 66.9546, 57.2426, 49.5331, 35.705, -100.8614, -128.2241, -136.6634, -144.82, -166.5331, 53.0149, 37.2194, 29.4, 20.226, -27.8998, -145.5727, -156.9409, -164.5588, -175.6728, 70.7516, 18.3276, 9.043, 1.2522, -14.0337, -153.7359, -176.6285, 175.1495, 166.7897, 141.0538]"
2022-08-08,23.9769,121.604,0.1548957463262477,ICEYE-X64,67373,27.7,"[68.173, 31.7863, -5.4308, -42.4693, -77.4602, -61.8096, -25.2498, 11.9727, 49.0179, 81.6695, 54.9749, 18.0608, -19.1741, -55.9281, -81.3629, -48.4669, -11.5244, 25.7235, 62.4135, 76.7859, 41.4388, 4.2978, -32.858, -69.0135, -70.9102, -34.9053, 2.2408, 39.4128, 75.0907, 64.3642, 27.7663, -9.4659, -46.4378, -80.2829, -57.9315, -21.2301, 16.0103, 52.9791, 82.1764, 51.025, 14.0258, -23.1956, -59.8239, -79.0016, -44.505, -7.4891, 29.7478, 66.2573, 73.3563, 37.438, 0.259, -36.8544, -72.6719, -67.1907, -30.9032, 6.2812, 43.4096, 78.3402, 60.4938, 23.7405, -13.4983, -50.3908, -82.0232, -54.02, -17.2044, 20.0455, 56.9184, 80.7563, 47.0555, 9.9884, -27.2112, -63.6809, -75.8796, -40.5286, -3.451, 33.7661, 70.0244, 69.7041, 33.4279, -3.7791, -40.8407, -76.1356, -63.3847, -26.8926, 10.3214, 47.3941, 80.9406, 56.5822, 19.7099, -17.527, -54.3246, -81.9465, -50.0836, -13.1738, 24.0772, 60.8279, 78.0784, 43.0708, 5.9496, -31.2199, -67.4811, -72.3957, -36.5399, 0.5891, 37.777, 73.6631, 65.9292, 29.4102, -7.8157, -44.8153, -79.2174, -59.5232, -22.8748, 14.3606, 51.3635, 82.2131, 52.6413, 15.6756, -21.5512, -58.2335, -80.0946, -46.1277, -9.1391, 28.1045, 64.6951, 74.7924, 39.0738, 1.9102, -35.2205, -71.1921, -68.7255, -32.5408, 4.6302, 41.7787, 77.0664, 62.0802, 25.3861, -11.8499, -48.7756, -81.4936, -55.6234, -18.8506, 18.3976, 55.3132]","[-73.4969, -91.0614, -99.1653, -108.1059, -141.2408, 88.7534, 75.1918, 67.3335, 57.4473, -4.5776, -107.3517, -118.5338, -126.3142, -137.7395, 115.149, 57.6992, 47.9239, 40.05, 26.1786, -105.746, -136.8289, -145.6691, -153.8228, -172.0997, 49.38, 29.1301, 20.851, 12.2093, -14.6625, -149.8993, -164.7994, -172.733, 177.8133, 130.8036, 13.5786, 1.5333, -6.2596, -16.9466, -106.415, 178.1252, 167.862, 160.0461, 147.3222, 22.8789, -16.4618, -25.6499, -33.6605, -49.7588, 172.8899, 149.242, 140.7713, 132.3558, 109.8034, -27.9097, -44.6555, -52.711, -61.7755, -98.2133, 134.5293, 121.5143, 113.6863, 103.5653, 33.9985, -61.1732, -72.091, -79.8767, -91.6188, 154.7949, 103.8398, 94.2783, 86.3678, 71.8767, -61.8498, -90.4766, -99.2136, -107.4293, -126.7372, 94.3839, 75.406, 67.2122, 58.4456, 29.1804, -104.0445, -118.3792, -126.2817, -135.8976, 171.3859, 59.5064, 47.8684, 40.0862, 29.0933, -68.0955, -135.6256, -145.6896, -153.5258, -166.6813, 65.1286, 29.7312, 20.7087, 12.6399, -4.3288, -142.2236, -164.3794, -172.7729, 178.7274, 154.5691, 17.516, 1.6429, -6.3519, -15.5791, -56.0028, -179.444, 167.9456, 160.1329, 149.7991, 71.9007, -15.138, -25.7463, -33.5405, -45.686, -164.1961, 150.1408, 140.7307, 132.7837, 117.6883, -17.9925, -44.2434, -52.8527, -61.151, -81.7334, 139.8204, 121.805, 113.667, 104.7889, 72.8668, -58.352, -72.0632, -79.9267, -89.7532, -148.9846, 105.6489, 94.3082, 86.5263, 75.2512]"
2016-07-01,39.9289,116.388,0.1502253760081076,JILIN-01 KUANFU 01C,52443,9.7,"[-13.1673, 24.3419, 61.3269, 77.7247, 42.1234, 4.5455, -33.1241, -69.8022, -69.9105, -33.3682, 4.0952, 41.4874, 77.1294, 62.0123, 24.9006, -12.817, -50.2534, -82.357, -53.3657, -16.1707, 21.3435, 58.4206, 79.9332, 45.1027, 7.5671, -30.1241, -66.989, -72.653, -36.3512, 1.0877, 38.5112, 74.5935, 64.8953, 27.9086, -9.7977, -47.2905, -81.246, -56.2972, -19.1719, 18.3429, 55.497, 81.6349, 48.0742, 10.5878, -27.1202, -64.1325, -75.2964, -39.3292, -1.9197, 35.53, 71.9161, 67.7443, 30.9129, -6.7772, -44.3191, -79.3804, -59.2138, -22.1707, 15.3404, 52.5599, 82.4786, 51.0366, 13.6071, -24.1128, -61.2448, -77.7768, -42.3016, -4.9266, 32.5445, 69.1512, 70.5452, 33.913, -3.756, -41.3403, -77.0826, -62.1116, -25.1666, 12.3365, 49.6118, 82.1824, 53.9883, 16.6247, -21.1022, -58.334, -79.9734, -45.2674, -7.9326, 29.5552, 66.3293, 73.2747, 36.9083, -0.7343, -38.3552, -74.5436, -64.9845, -28.1593, 9.3314, 46.6547, 80.8566, 56.9269, 19.6401, -18.0891, -55.4053, -81.6595, -48.2258, -10.9375, 26.5626, 63.468, 75.8927, 39.8983, 2.2875, -35.3645, -71.8638, -67.8237, -31.1484, 6.3256, 43.6901, 78.8633, 59.8495, 22.653, -15.0736, -52.4625, -82.4835, -51.1755, -13.9409, 23.5671, 60.5786, 78.3249, 42.8821, 5.3089, -32.3688, -69.0967, -70.615, -34.1334, 3.3194, 40.719, 76.4948, 62.7514, 25.663, -12.0563, -49.508, -82.1685, -54.1148, -16.9424]","[-153.6285, -161.3151, -174.3263, 54.2022, 21.3631, 12.6204, 4.5865, -13.9377, -154.4779, -173.0847, 178.8948, 170.244, 139.2978, 6.1943, -7.1403, -14.8672, -24.7623, -96.4505, 169.4697, 158.9585, 151.3146, 139.3985, 16.9599, -25.7186, -34.813, -42.7028, -58.8689, 161.5075, 139.6652, 131.4559, 123.0799, 98.0881, -39.669, -54.4814, -62.2894, -71.6898, -124.5897, 122.8183, 111.5583, 103.9259, 92.8852, -15.2962, -72.718, -82.2408, -90.0241, -104.4051, 118.8443, 92.4613, 84.0161, 75.8628, 55.0029, -85.0623, -101.7945, -109.719, -118.7132, -158.345, 76.3624, 64.1741, 56.522, 46.1892, -42.1199, -119.6158, -129.6606, -137.3719, -150.3713, 78.3005, 45.313, 36.5777, 28.6016, 10.7123, -129.7881, -149.0742, -157.1535, -165.8145, 163.3556, 30.1626, 16.8093, 9.1059, -0.6496, -67.409, -166.3866, -177.0698, 175.2581, 163.3478, 41.1259, -1.7677, -10.8572, -18.6964, -34.3823, -173.532, 163.6862, 155.4092, 147.0204, 122.1004, -15.694, -30.5321, -38.3196, -47.6018, -96.8347, 147.0039, 135.5344, 127.8697, 116.8303, 8.9538, -48.7658, -58.2863, -66.025, -80.0335, 144.225, 116.4948, 107.9713, 99.8026, 78.9875, -61.0783, -77.8453, -85.752, -94.6454, -131.8206, 100.6024, 88.1552, 80.4665, 70.1313, -17.823, -95.6619, -105.7072, -113.3793, -126.0833, 104.3521, 69.3616, 60.5352, 52.541, 34.6794, -105.7916, -125.125, -133.1891, -141.7633, -170.952, 54.4749, 40.7962, 33.0513, 23.2902, -43.1675, -142.4305, -153.1174]"
2021-09-15,22.4178,120.549,0.1431579484656729,GLOBAL-4,44499,28.0,"[5.0244, 36.3312, -38.2492, -3.3368, 41.1207, -32.6978, -11.6018, 44.2147, -26.0767, -19.5499, 45.2751, -18.6819, -26.9453, 44.1576, -10.7658, -33.5191, 40.9856, -2.5497, -38.9548, 36.0834, 5.7576, -42.8938, 29.8405, 13.9457, -44.9867, 22.6201, 21.7913, -45.0041, 14.7336, 29.0398, -42.945, 6.4466, 35.3878, -39.0362, -2.0024, 40.4719, -33.6261, -10.3873, 43.8851, -27.0719, -18.4828, 45.2602, -19.6876, -26.048, 44.4128, -11.7382, -32.81, 41.4357, -3.4562, -38.4492, 36.6469, 4.9414, -42.5983, 30.4476, 13.2396, -44.8912, 23.2188, 21.2088, -45.0753, 15.2856, 28.5886, -43.1292, 6.9264, 35.0708, -39.2743, -1.6107, 40.2831, -33.8667, -10.0933, 43.8055, -27.2767, -18.2881, 45.2552, -19.8297, -25.9467, 44.4348, -11.8013, -32.7895, 41.4359, -3.4319, -38.4863, 36.5857, 5.0559, -42.6579, 30.2994, 13.4388, -44.9278, 22.969, 21.4791, -45.0396, 14.9298, 28.9081, -42.9809, 6.4677, 35.4039, -38.989, -2.1634, 40.5788, -33.435, -10.7227, 43.9986, -26.6988, -18.969, 45.2764, -19.1127, -26.6455, 44.2314, -10.9569, -33.4585, 40.9859, -2.4759, -39.0618, 35.8949, 6.0998, -43.0613, 29.3881, 14.5395, -45.0759, 21.8642, 22.5958, -44.8694, 13.6611, 29.9839, -42.469, 5.0673, 36.3623, -38.1503, -3.6575, 41.3207, -32.3045, -12.2663, 44.4096, -25.3174, -20.5098, 45.2562, -17.5208, -28.1164, 43.7312, -9.1943, -34.774, 40.0205, -0.5869, -40.1144, 34.52]","[164.9422, -69.3646, 26.1918, 148.9589, -90.1261, 6.6571, 132.8601, -112.4635, -11.5039, 116.3265, -135.8293, -28.6059, 99.0162, -159.2163, -44.9942, 80.5739, 178.389, -61.0006, 60.6888, 157.5467, -76.9391, 39.2369, 138.3, -93.1219, 16.4939, 120.3865, -109.8821, -6.7648, 103.441, -127.5834, -29.5203, 87.0956, -146.601, -50.9923, 71.009, -167.2362, -70.8998, 54.8565, 170.4813, -89.3633, 38.3088, 147.0313, -106.6939, 21.017, 123.4082, -123.2497, 2.6146, 100.6905, -139.3753, -17.2317, 79.5241, -155.3961, -38.6808, 60.0034, -171.6354, -61.4965, 41.8774, 171.5659, -84.9202, 24.7709, 153.8353, -107.9023, 8.3036, 134.7829, -129.6087, -7.8791, 114.0891, -149.7192, -24.1142, 91.7047, -168.3441, -40.7403, 68.1022, 174.1981, -58.1167, 44.2981, 157.5394, -76.6228, 21.4089, 141.3232, -96.6025, 0.1053, 125.2124, -118.2181, -19.5176, 108.8739, -141.2197, -37.7233, 91.9555, -164.8128, -54.8992, 74.0702, 172.0859, -71.4376, 54.8168, 150.3167, -87.7046, 33.8747, 130.1805, -104.0462, 11.2188, 111.5424, -120.8131, -12.6165, 94.0669, -138.3796, -36.5506, 77.3731, -157.1358, -59.4552, 61.0947, -177.426, -80.7032, 44.8863, 160.6172, -100.2534, 28.4027, 137.3198, -118.4036, 11.2752, 113.5656, -135.5597, -6.8987, 90.4686, -152.1238, -26.5296, 68.8176, -168.4678, -47.9181, 48.8343, 175.0513, -71.0067, 30.3285, 158.0678, -95.1262, 12.9363, 140.1924, -119.1017, -3.7351, 121.0237, -141.8406, -20.057, 100.2342, -162.8345]"
2022-10-22,39.9289,116.388,0.1360219478737339,GLOBAL-5,55983,29.9,"[-7.7106, 17.6781, 37.5816, 40.7009, 24.3265, -0.4336, -25.0179, -40.8937, -37.3403, -17.381, 7.9993, 31.1441, 42.1488, 32.3209, 9.55, -15.9444, -36.5151, -41.2883, -26.2918, -1.9869, 22.9266, 40.1526, 38.4003, 19.158, -6.1815, -29.7116, -42.0177, -33.8698, -11.8864, 13.6243, 35.1111, 41.7353, 27.9131, 3.8347, -21.2736, -39.3799, -39.3765, -21.2937, 3.7647, 27.8199, 41.7115, 35.191, 13.7107, -11.8471, -33.8692, -42.0165, -29.717, -6.2312, 19.0668, 38.3365, 40.2013, 23.0213, -1.9268, -26.28, -41.2909, -36.5126, -15.9738, 9.4714, 32.2339, 42.1524, 31.2345, 8.0784, -17.3519, -37.3426, -40.8906, -25.03, -0.4937, 24.2336, 40.6585, 37.6507, 17.7706, -7.661, -30.8481, -42.1271, -32.8498, -10.4298, 15.0569, 36.0241, 41.4427, 26.6881, 2.3436, -22.6079, -39.9737, -38.7178, -19.9381, 5.253, 29.0152, 41.9356, 34.2323, 12.2665, -13.2933, -34.8432, -41.8302, -28.5447, -4.7463, 20.437, 39.0307, 39.6333, 21.6921, -3.4184, -27.5127, -41.6152, -35.6309, -14.5515, 10.9353, 33.2819, 42.0784, 30.1086, 6.5998, -18.7429, -38.1133, -40.4218, -23.7409, 1.0002, 25.5149, 41.0942, 36.8428, 16.366, -9.1339, -31.9463, -42.1595, -31.7864, -8.9638, 16.4757, 36.8846, 41.0761, 25.4331, 0.8504, -23.9187, -40.5006, -37.9971, -18.5628, 6.7369, 30.176, 42.0833, 33.2264, 10.8113, -14.7274, -35.7685, -41.5683, -27.3387, -3.2572, 21.787, 39.6615]","[48.1034, 74.7486, 109.7794, 157.2172, -163.5019, -135.6353, -107.6528, -68.2121, -21.2158, 13.4079, 39.9969, 70.3695, 114.3096, 159.0537, -169.8928, -143.3562, -109.4602, -62.7685, -22.5066, 5.8022, 33.2816, 71.5739, 119.2237, 155.1825, -177.9494, -148.3153, -105.6605, -60.3504, -28.5148, -2.1104, 30.7407, 77.1111, 118.866, 147.8648, 175.014, -147.9884, -100.5942, -63.6396, -36.5398, -7.6253, 34.0209, 80.4524, 113.4084, 139.871, 171.7516, -142.9129, -100.2924, -70.7038, -43.9017, -8.0569, 39.5741, 77.9817, 105.5341, 133.8898, 174.1919, -139.13, -105.2781, -78.7952, -47.8383, -3.1826, 40.8502, 71.3157, 97.9572, 132.6257, 179.6353, -140.9635, -113.0282, -85.2375, -46.0729, 1.3921, 36.5341, 63.243, 93.4066, 136.8318, -178.478, -147.2831, -120.8341, -87.2543, -40.4328, 0.4709, 29.0385, 56.4457, 94.2979, 141.6432, 177.7585, -155.3604, -125.9773, -83.5016, -37.5941, -5.3353, 21.12, 53.679, 99.5656, 141.3804, 170.4799, -162.5213, -125.84, -78.1129, -40.5724, -13.2936, 15.4759, 56.6279, 102.9005, 136.0113, 162.4272, -165.9922, -120.6779, -77.4055, -47.488, -20.7021, 14.7665, 62.0021, 100.5386, 128.1408, 156.2834, -163.6795, -116.4939, -82.1423, -55.5531, -24.82, 19.3308, 63.3405, 93.9328, 120.4658, 154.8069, -158.006, -117.9687, -89.7912, -62.0858, -23.3703, 23.8291, 59.125, 85.8269, 115.7196, 158.9933, -155.6962, -124.0977, -97.6105, -64.3379, -17.9761, 23.0058, 51.6567, 78.892, 116.4277]"
2022-10-22,39.9289,116.388,0.1360219478737339,FLOCK 4S 22,47452,26.8,"[-7.6076, 61.517, 43.7009, -82.5023, 13.5743, 77.3712, 16.0423, -54.8698, 32.1734, 79.2086, -17.9644, -25.8152, 49.2975, 60.8306, -56.9942, -1.971, 65.6707, 37.5307, -79.6596, 18.2522, 80.5157, 8.9121, -47.8602, 36.2257, 75.6949, -25.9551, -20.3233, 52.9368, 56.3106, -64.787, 2.4095, 68.9742, 32.4321, -74.0322, 21.8884, 82.2324, 3.1468, -42.593, 39.3637, 72.6348, -32.1783, -16.2471, 55.7271, 52.764, -70.435, 5.6393, 71.4366, 28.5466, -69.553, 24.5432, 82.6927, -1.0869, -38.9315, 41.6184, 70.3378, -36.5123, -13.4744, 57.6815, 50.2863, -74.0051, 7.7865, 73.077, 25.9832, -66.6972, 26.254, 82.5314, -3.6725, -36.7789, 43.0077, 68.93, -38.8936, -11.937, 58.8085, 48.9407, -75.6572, 8.8901, 73.9225, 24.8107, -65.5223, 27.0407, 82.3462, -4.5462, -36.0827, 43.5408, 68.4659, -39.2975, -11.6034, 59.113, 48.756, -75.5421, 8.9646, 73.9959, 25.0533, -66.0369, 26.9086, 82.3987, -3.6953, -36.8356, 43.2189, 68.9555, -37.7261, -12.4769, 58.5959, 49.7259, -73.6429, 8.0022, 73.3015, 26.6891, -68.2546, 25.8493, 82.6245, -1.1584, -39.0747, 42.0355, 70.3715, -34.2071, -14.5949, 57.2541, 51.8102, -69.7921, 5.9712, 71.8233, 29.6517, -72.1704, 23.8391, 82.6287, 2.9744, -42.8836, 39.9751, 72.6456, -28.8066, -18.0335, 55.0787, 54.9378, -63.8429, 2.8126, 69.5365, 33.8352, -77.5722, 20.8355, 81.7574, 8.5616, -48.3919, 37.0103]","[100.3006, 112.2062, -91.2469, -10.0121, 92.0749, 122.4651, -97.3025, 71.5658, 83.9465, -145.7019, -103.7882, 67.5281, 76.9113, -127.6863, -105.7679, 59.8503, 73.8328, -131.0397, 7.2256, 51.5458, 96.5084, -137.5202, 32.7405, 43.5313, -174.792, -143.771, 27.1839, 36.9349, -166.6735, -142.5289, 19.2342, 35.6662, -171.2383, -15.9304, 10.8972, 75.249, -177.9499, -7.0603, 3.0016, 150.012, 176.1004, -13.4132, -3.1717, 153.5256, -178.3613, -21.527, -2.5517, 148.2576, -50.6015, -29.8764, 53.259, 141.4161, -47.4133, -37.6725, 112.0117, 135.7424, -54.2094, -43.5001, 113.1809, 145.8841, -62.4247, -41.2501, 107.4978, -88.9819, -70.7838, 24.8628, 100.5715, -88.1449, -78.521, 72.4254, 95.0562, -95.1786, -84.1431, 72.4203, 108.2329, -103.4565, -80.9342, 66.5061, -129.198, -111.8334, -10.9122, 59.5081, -129.1824, -119.5671, 31.727, 53.9668, -136.3099, -125.1686, 31.2998, 66.7818, -144.6224, -121.9723, 25.2926, -170.7826, -153.0304, -53.413, 18.2229, -170.5078, -160.8213, -9.9527, 12.4606, -177.6023, -166.5975, -10.1704, 21.6895, 174.0763, -164.3971, -16.1421, 146.0588, 165.6251, -102.804, -23.2779, 147.8531, 157.7216, -52.732, -29.4064, 140.9355, 151.6043, -52.022, -25.0022, 132.6374, 152.1113, -57.8067, 100.1423, 124.1371, -159.4861, -64.9824, 105.8156, 116.0804, -97.0589, -71.5376, 99.2822, 109.5126, -94.3419, -71.4281, 91.0559, 108.0473, -99.7253, 46.8843, 82.5123, 139.2392, -106.8805, 63.18, 74.2826]"
2022-12-08,24.05,123.783,0.1349794238682887,FLOCK 4H 30,66733,28.3,"[-61.2962, -24.042, 13.7978, 51.4114, 82.6159, 51.5829, 13.9121, -23.9999, -61.306, -77.6685, -41.8765, -4.1889, 33.6318, 70.5254, 68.9352, 31.884, -6.0168, -43.7434, -79.1386, -59.4625, -22.146, 15.7004, 53.2776, 82.4006, 49.7102, 12.0045, -25.8989, -63.1329, -76.1091, -39.9968, -2.2849, 35.5235, 72.2675, 67.1453, 29.9853, -7.9247, -45.6211, -80.438, -57.6209, -20.2485, 17.6028, 55.1397, 81.743, 47.8333, 10.096, -27.7969, -64.9493, -74.4755, -38.1144, -0.3803, 37.4139, 73.9742, 65.3378, 28.0849, -9.8325, -47.4961, -81.5125, -55.7725, -18.3494, 19.505, 56.997, 80.7363, 45.9527, 8.1867, -29.6938, -66.7529, -72.7887, -36.2294, 1.5249, 39.3028, 75.6328, 63.5162, 26.1827, -11.74, -49.3681, -82.2678, -53.9182, -16.449, 21.4067, 58.8486, 79.48, 44.0686, 6.2768, -31.5894, -68.5406, -71.0627, -34.342, 3.4305, 41.19, 77.2246, 61.6829, 24.2788, -13.6473, -51.2366, -82.6053, -52.0585, -14.5473, 23.3081, 60.6936, 78.0522, 42.1814, 4.3664, -33.4836, -70.3082, -69.307, -32.4523, 5.3366, 43.0754, 78.721, 59.8399, 22.3735, -15.5542, -53.1012, -82.4685, -50.1942, -12.6444, 25.2088, 62.5307, 76.5069, 40.2912, 2.4554, -35.3763, -72.0498, -67.5283, -30.5606, 7.2429, 44.9587, 80.0787, 57.9886, 20.4668, -17.4605, -54.9615, -81.881, -48.3256, -10.7403, 27.1089, 64.3581, 74.8799, 38.3984, 0.5441, -37.2674, -73.7572, -65.7314, -28.6668]","[-176.6524, 170.4548, 162.7995, 152.7597, 70.3578, -13.5258, -23.608, -31.2724, -44.1774, -176.6463, 151.1536, 142.5084, 134.502, 115.4326, -25.9281, -43.4823, -51.406, -60.2653, -98.1425, 134.513, 122.3293, 114.701, 104.2674, 7.9855, -61.9719, -71.703, -79.407, -93.1376, 130.7653, 102.8893, 94.4262, 86.3043, 65.1881, -75.5175, -91.6524, -99.4916, -108.5854, -153.7804, 85.7811, 74.2114, 66.5976, 55.7151, -52.8344, -110.373, -119.7945, -127.5513, -142.2483, 79.1378, 54.6477, 46.3446, 38.089, 14.4428, -124.8644, -139.8101, -147.5796, -156.939, 148.4021, 37.1354, 26.1002, 18.4884, 7.0928, -111.3098, -158.7348, -167.883, -175.7065, 168.4562, 28.2254, 6.4264, -1.7369, -10.1459, -36.9656, -174.0168, 172.0433, 164.3295, 154.6691, 88.2076, -11.4371, -22.0052, -29.6273, -41.6121, -167.4987, 152.9378, 144.0308, 136.1259, 118.9309, -22.1482, -41.7769, -49.819, -58.403, -89.2641, 136.9888, 123.9066, 116.235, 106.2333, 26.1615, -59.9472, -70.1054, -77.7505, -90.4151, 138.1772, 104.6405, 95.9464, 87.9447, 69.1162, -72.1096, -89.9642, -97.9021, -106.6851, -142.7659, 88.1242, 75.7786, 68.1364, 57.7468, -36.2716, -108.4036, -118.2012, -125.882, -139.3357, 85.2668, 56.3698, 47.8633, 39.748, 18.9311, -121.7507, -138.1373, -145.9868, -154.9955, 162.1171, 39.3673, 27.6585, 20.0328, 9.2016, -97.3874, -156.8136, -166.2932, -174.0229, 171.6014, 33.4041, 8.1226, -0.2192, -8.4659, -31.7353, -171.139, 173.7025]"
2020-02-06,23.2656,116.054,0.1344520804265641,SUPERVIEW NEO-2 04,62080,26.0,"[19.0421, 56.7727, 80.7294, 45.7619, 7.8045, -30.2617, -67.4759, -71.8876, -35.0112, 2.9988, 40.9995, 77.2438, 61.4463, 23.844, -14.2705, -52.0364, -82.575, -50.823, -13.0453, 25.0507, 62.5987, 76.2567, 39.8073, 1.7785, -36.2354, -73.0082, -66.305, -29.0362, 9.0217, 46.9469, 81.3936, 55.6041, 17.8308, -20.2809, -57.8956, -80.0931, -44.9135, -7.0284, 31.0482, 68.3192, 70.9259, 33.8304, -4.2471, -42.1883, -78.0979, -60.5612, -23.0456, 15.0417, 52.8627, 82.4301, 49.7056, 11.8103, -26.2802, -63.6862, -75.4231, -38.974, -1.0069, 37.0311, 73.8288, 65.2829, 27.8367, -10.2694, -48.1147, -81.877, -54.7309, -17.0427, 21.0558, 58.7327, 79.3974, 43.7697, 5.7855, -32.2654, -69.3578, -70.0433, -33.0116, 5.0164, 42.9947, 78.8192, 59.4969, 21.8301, -16.2856, -54.0055, -82.1513, -48.8471, -11.0304, 27.0611, 64.5301, 74.5255, 37.8068, -0.2409, -38.2327, -74.7854, -64.3935, -27.0309, 11.0387, 48.9327, 82.2252, 53.6329, 15.8141, -22.2926, -59.8453, -78.6639, -42.9266, -5.0116, 33.0543, 70.1972, 69.058, 31.8237, -6.2658, -44.1776, -79.5906, -58.6153, -21.0358, 17.0572, 54.8352, 81.7683, 47.7202, 9.7917, -28.2877, -65.6038, -73.667, -36.9787, 1.0109, 39.0313, 75.5862, 63.3557, 25.8251, -12.2864, -50.0933, -82.4783, -52.7645, -15.0294, 23.0688, 60.685, 77.8771, 41.7741, 3.7659, -34.2674, -71.2141, -68.1704, -31.0097, 7.0343, 44.9873, 80.2343]","[89.1032, 77.7203, -40.6523, -88.2164, -97.378, -105.2608, -121.6818, 97.4422, 76.7515, 68.6249, 60.0155, 28.9765, -104.7314, -117.765, -125.4656, -135.6709, 136.5923, 58.0444, 48.0815, 40.36, 26.8142, -109.1239, -137.4997, -145.9992, -154.2087, -176.4148, 43.4293, 27.8339, 20.0009, 10.6748, -42.9491, -155.4356, -166.4936, -174.1557, 174.1317, 51.5952, 8.4814, -0.5577, -8.4764, -25.5756, -166.968, 173.448, 165.3849, 156.6603, 122.8677, -8.3117, -20.9656, -28.6499, -39.0412, -133.9473, 154.6075, 144.836, 137.0858, 123.0206, -14.3134, -40.7591, -49.1767, -57.4471, -80.947, 139.5268, 124.5547, 116.7569, 107.2614, 47.585, -58.8665, -69.6834, -77.348, -89.3485, 144.4097, 105.1113, 96.2016, 88.2275, 70.2476, -71.1495, -89.7824, -97.7929, -106.6115, -143.2468, 88.0423, 75.7721, 68.0985, 57.4567, -44.36, -108.7346, -118.3467, -126.1186, -140.6531, 80.6248, 55.9155, 47.584, 39.2255, 14.0582, -124.2153, -138.6556, -146.4238, -156.0606, 137.9783, 37.6327, 27.0658, 19.3885, 7.0062, -122.2201, -158.1745, -166.9771, -174.9948, 166.1953, 24.654, 6.923, -1.034, -9.9838, -50.2369, -175.4784, 172.5757, 164.912, 154.0558, 46.014, -12.1461, -21.5903, -29.3995, -44.5481, 175.8782, 152.6671, 144.4068, 135.9774, 109.1534, -28.0138, -41.9286, -49.67, -59.4998, -132.6757, 134.2365, 123.8788, 116.1927, 103.4738, -28.4735, -61.5278, -70.217, -78.3003, -98.1859, 120.6577, 103.7002, 95.7876, 86.73, 42.6879]"
2020-02-07,23.2656,116.054,0.1332688132589728,FLOCK 4BE 14,60517,21.4,"[-82.5, -51.4058, -11.9703, 27.795, 66.8266, 70.9112, 32.1491, -7.599, -47.1192, -82.1763, -52.5348, -13.1248, 26.6431, 65.7306, 71.9694, 33.2992, -6.4423, -45.9822, -81.705, -53.664, -14.281, 25.4888, 64.6275, 73.017, 34.4507, -5.2835, -44.842, -81.1089, -54.7934, -15.4388, 24.332, 63.5179, 74.0516, 35.6035, -4.1226, -43.6989, -80.4104, -55.9228, -16.5983, 23.173, 62.4024, 75.07, 36.7576, -2.9595, -42.5527, -79.6296, -57.052, -17.7594, 22.0115, 61.2813, 76.0684, 37.9129, -1.7944, -41.4036, -78.7829, -58.1808, -18.9221, 20.8478, 60.1551, 77.0414, 39.0695, -0.6273, -40.2516, -77.8836, -59.309, -20.0864, 19.6817, 59.024, 77.9825, 40.2272, 0.5419, -39.0968, -76.942, -60.4363, -21.2523, 18.5134, 57.8882, 78.8829, 41.386, 1.7131, -37.9392, -75.9662, -61.5625, -22.4196, 17.3428, 56.7482, 79.7314, 42.5459, 2.8863, -36.7787, -74.9621, -62.6871, -23.5885, 16.17, 55.6039, 80.5132, 43.7068, 4.0615, -35.6155, -73.9348, -63.8097, -24.7589, 14.995, 54.4557, 81.2098, 44.8687, 5.2386, -34.4496, -72.8879, -64.9299, -25.9307, 13.8178, 53.3037, 81.7988, 46.0314, 6.4176, -33.281, -71.8245, -66.0471, -27.1039, 12.6384, 52.148, 82.2545, 47.1949, 7.5986, -32.1098, -70.7467, -67.1605, -28.2785, 11.4569, 50.9887, 82.5516, 48.3592, 8.7814, -30.9359, -69.6567, -68.2693, -29.4545, 10.2732, 49.826, 82.6699, 49.5241, 9.9661, -29.7594]","[-40.4312, -136.0187, -146.2472, -154.2148, -170.3303, 46.4529, 26.7548, 18.6175, 9.122, -54.8248, -158.2923, -168.7528, -176.6886, 167.9196, 25.247, 4.303, -3.893, -13.2274, -69.9977, 179.4552, 168.7433, 160.8343, 146.0967, 4.2179, -18.1429, -26.4039, -35.5887, -86.0563, 157.2258, 146.2413, 138.3539, 124.2096, -16.6018, -40.5824, -48.915, -57.9612, -102.9927, 135.0219, 123.7413, 115.8707, 102.2657, -37.1718, -63.015, -71.4264, -80.3439, -120.7321, 112.8462, 101.2435, 93.3846, 80.2714, -57.4424, -85.4403, -93.9378, -102.7361, -139.1724, 90.7017, 78.7481, 70.8961, 58.2322, -77.3524, -107.8577, -116.4491, -125.1372, -158.2082, 68.5919, 56.2553, 48.4052, 36.1528, -96.8267, -130.2667, -138.9603, -147.5466, -177.743, 46.5207, 33.7653, 25.9121, 14.0373, -115.7747, -152.6664, -161.4711, -169.9636, 162.3065, 24.4929, 11.2783, 3.4171, -8.1108, -134.0908, -175.0562, 176.0185, 167.6123, 142.0097, 2.5138, -11.2055, -19.0798, -30.2883, -151.6588, 162.5647, 153.5087, 145.1816, 121.424, -19.4103, -33.6859, -41.5783, -52.4923, -168.366, 140.1971, 130.9996, 122.7446, 100.5961, -41.2722, -56.1625, -64.0784, -74.7206, 175.8676, 117.8421, 108.4914, 100.3019, 79.5643, -63.0632, -78.6352, -86.5797, -96.9708, 161.0427, 95.5008, 85.9841, 77.8539, 58.3595, -84.7729, -101.1035, -109.0823, -119.2412, 147.0247, 73.1743, 63.4778, 55.4008, 37.0075, -106.3893, -123.5673, -131.5859, -141.53, 133.513, 50.8639, 40.9729, 32.9431]"
2020-08-23,39.9289,116.388,0.1294084749885787,SUPERVIEW NEO-1 04,63126,19.8,"[26.4577, 64.0012, 75.0445, 38.3243, 0.2337, -37.8149, -74.4909, -64.7424, -27.3342, 10.7803, 48.7229, 82.2478, 53.807, 15.9427, -22.2134, -59.8268, -78.7174, -42.8888, -4.9234, 33.186, 70.3748, 68.9111, 31.6077, -6.5306, -44.4911, -79.8977, -58.2503, -20.6032, 17.5362, 55.3491, 81.5961, 47.1666, 9.1814, -28.9441, -66.2905, -73.0436, -36.2083, 1.8376, 39.894, 76.3895, 62.4896, 24.872, -13.2895, -51.1307, -82.6851, -51.6708, -13.8585, 24.2831, 61.907, 76.8962, 40.486, 2.4161, -35.6553, -72.5527, -66.8074, -29.5023, 8.5991, 46.5747, 81.2813, 55.9377, 18.1222, -20.039, -57.7178, -80.2632, -45.0374, -7.1041, 31.0168, 68.3429, 70.9348, 33.7768, -4.3492, -42.3413, -78.3, -60.3566, -22.7766, 15.357, 53.2169, 82.4279, 49.3139, 11.3629, -26.7751, -64.2209, -74.9667, -38.3666, -0.3441, 37.7322, 74.5136, 64.58, 27.0465, -11.1104, -48.9941, -82.2961, -53.8003, -16.0358, 22.1074, 59.8009, 78.6335, 42.6446, 4.5983, -33.4933, -70.5665, -68.8513, -31.6681, 6.4177, 44.4227, 79.9323, 58.061, 20.3005, -17.8635, -55.6006, -81.5342, -47.1818, -9.284, 28.846, 66.2855, 72.9209, 35.9435, -2.1675, -40.1882, -76.5435, -62.4521, -24.9481, 13.1773, 51.0791, 82.6876, 51.4564, 13.5437, -24.6045, -62.136, -76.8145, -40.5218, -2.5253, 35.568, 72.5688, 66.654, 29.2191, -8.9306, -46.8529, -81.3665, -55.9232, -18.2117, 19.9307, 57.685, 80.196]","[-145.2225, -159.3293, 62.1029, 36.7044, 28.3974, 20.1363, -4.2017, -143.4082, -157.901, -165.6199, -175.1408, 120.3044, 18.3238, 7.8094, 0.1891, -12.0724, -141.8284, -177.5175, 173.7547, 165.7914, 147.002, 4.9974, -12.421, -20.3076, -29.2234, -70.5544, 164.9452, 153.2277, 145.6229, 134.7326, 23.1707, -31.6535, -40.9362, -48.7099, -64.1428, 155.2034, 133.1943, 125.0522, 116.6146, 88.2603, -48.0055, -61.373, -69.0361, -78.975, -160.2057, 114.4855, 104.4434, 96.7946, 83.6898, -51.4821, -81.1536, -89.6478, -97.7555, -119.0821, 99.9112, 84.1342, 76.3429, 67.1476, 15.6502, -99.1611, -110.2098, -117.8152, -129.3667, 108.2115, 64.6936, 55.7123, 47.8553, 30.9138, -110.9685, -130.352, -138.3505, -147.0218, 178.8985, 47.683, 35.2258, 27.6018, 17.2237, -80.6227, -149.3509, -158.9723, -166.6783, 179.1126, 40.5286, 15.3087, 7.0068, -1.2513, -25.652, -164.9312, -179.3525, 172.9314, 163.3732, 97.8463, -3.0833, -13.5824, -21.1997, -33.4636, -163.5969, 161.0192, 152.308, 144.33, 125.3611, -16.4697, -33.815, -41.6976, -50.6107, -92.1675, 143.4512, 131.7787, 124.1719, 113.2256, 1.0317, -53.0538, -62.3274, -70.0981, -85.5431, 133.5961, 111.7373, 103.6051, 95.1451, 66.4288, -69.4333, -82.7658, -90.4256, -100.3626, 177.7953, 93.0086, 82.996, 75.3401, 62.1475, -73.1289, -102.5502, -111.0384, -119.1432, -140.5116, 78.3742, 62.6816, 54.8946, 45.6662, -6.6431, -120.5717, -131.6017, -139.2041, -150.7562, 86.3574]"
2022-08-31,26.545,117.843,0.1254777070046709,ZHUHAI-1 03E,44539,18.4,"[8.9668, 47.0273, 81.4046, 55.2447, 17.3667, -20.8576, -58.5739, -79.4031, -43.8534, -5.7937, 32.4225, 69.7035, 69.359, 32.067, -6.129, -44.1631, -79.6137, -58.2753, -20.532, 17.7158, 55.6031, 81.2184, 46.6686, 8.6229, -29.5657, -66.9286, -72.1819, -35.2038, 2.9619, 41.1023, 77.377, 61.0628, 23.3559, -14.8706, -52.7439, -82.3313, -49.7514, -11.7952, 26.4475, 64.0519, 74.7693, 38.0244, -0.1269, -38.2394, -74.8764, -64.0384, -26.5124, 11.7156, 49.7292, 82.3468, 52.5624, 14.6231, -23.5946, -61.2209, -77.3326, -41.1428, -3.0452, 35.1515, 72.2153, 66.7901, 29.3364, -8.8738, -46.8646, -81.2684, -55.6116, -17.7917, 20.4583, 58.2718, 79.5421, 43.9628, 5.8781, -32.2915, -69.4884, -69.6764, -32.4803, 5.7089, 43.8151, 79.4447, 58.4119, 20.6191, -17.6093, -55.4172, -81.3703, -47.058, -9.0516, 29.1806, 66.6557, 72.343, 35.3046, -2.8701, -40.9502, -77.1678, -61.4151, -23.7803, 14.4583, 52.4183, 82.3718, 49.8753, 11.8831, -26.3242, -63.844, -75.0536, -38.4319, -0.3012, 37.8717, 74.6455, 64.1907, 26.6077, -11.6128, -49.5545, -82.2878, -52.9408, -15.0543, 23.1938, 60.921, 77.4921, 41.2561, 3.1378, -35.0089, -71.9935, -67.1237, -29.7579, 8.4506, 46.5172, 81.1426, 55.751, 17.8852, -20.3412, -58.0742, -79.7578, -44.3624, -6.3119, 31.9057, 69.2203, 69.8425, 32.5858, -5.608, -43.6511, -79.2519, -58.777, -21.0505, 17.1947, 55.093, 81.4764]","[-157.9366, -167.4043, 137.4054, 26.6679, 15.5518, 7.7869, -4.3213, -129.5062, -169.5996, -178.6339, 173.2732, 154.6589, 13.5537, -4.7288, -12.8007, -21.8699, -63.0786, 172.7842, 160.7741, 153.0076, 141.7926, 29.0672, -24.0878, -33.4998, -41.4573, -57.73, 162.0424, 140.6257, 132.3747, 123.6373, 91.6256, -40.9775, -54.0373, -61.8298, -72.331, -166.3111, 121.5943, 111.6873, 103.8268, 89.3379, -48.4521, -74.0388, -82.4961, -90.9661, -116.7428, 105.6938, 91.2251, 83.3648, 73.454, 0.7615, -92.694, -103.164, -110.959, -124.0737, 103.2649, 71.4134, 62.6775, 54.4259, 32.9472, -107.3535, -123.5415, -131.4929, -140.9268, 165.4211, 53.2523, 42.0447, 34.2782, 22.2587, -102.2955, -143.1406, -152.1916, -160.2715, -178.6604, 40.3507, 21.7788, 13.6864, 4.6507, -35.6823, -160.7178, -172.7817, 179.4542, 168.3015, 57.2254, 2.4544, -7.0108, -14.9591, -31.055, -171.2752, 167.0768, 158.8179, 150.1038, 118.7571, -14.3394, -27.5395, -35.3405, -45.7817, -138.2482, 148.0651, 138.1305, 130.2782, 115.9165, -21.3858, -47.5201, -56.0086, -64.4563, -89.8073, 132.2343, 117.6719, 109.81, 99.9407, 29.299, -66.1244, -76.672, -84.465, -97.4683, 130.245, 97.8711, 89.1208, 80.8852, 59.7178, -80.6199, -97.0367, -105.0047, -114.3972, -166.7858, 79.7423, 68.4894, 60.7269, 48.7857, -74.5877, -116.6061, -125.7026, -133.7692, -151.9252, 66.9776, 48.2295, 40.1309, 31.1235, -8.2063, -134.1049, -146.2854, -154.0546, -165.1331, 84.9566]"
2017-10-16,23.2656,116.054,0.1216322517193052,FLOCK 4X 24,51056,14.1,"[30.9773, 57.9361, 59.7612, -31.7607, 81.8245, 36.6616, 45.9508, 63.5293, -10.0844, 82.5291, 41.7561, 28.3413, 67.2738, 4.3317, 79.9585, 46.4312, -0.5982, 71.022, 14.8965, 74.8902, 50.8092, -50.082, 74.77, 23.2163, 67.9152, 54.9824, -69.3904, 78.418, 30.1227, 58.6941, 59.0236, -31.9591, 81.5193, 36.0898, 45.9842, 62.993, -9.6612, 82.5861, 41.4109, 26.844, 66.9393, 4.976, 79.9675, 46.2803, -5.739, 70.8963, 15.6426, 74.4779, 50.8356, -61.1154, 74.8618, 24.0283, 66.7985, 55.1797, -59.2387, 78.713, 30.9933, 56.4219, 59.3939, -25.1323, 81.8573, 37.0229, 41.5939, 63.5448, -4.9277, 82.347, 42.4162, 17.9553, 67.6866, 8.6032, 78.6966, 47.3715, -24.6643, 71.8532, 18.6464, 72.1289, 52.0296, -82.6428, 76.0224, 26.6629, 63.0101, 56.4967, -40.8723, 79.9596, 33.408, 50.2497, 60.8581, -13.9959, 82.5384, 39.3153, 30.7394, 65.1838, 2.6367, 81.0938, 44.6567, -3.5459, 69.528, 14.3278, 75.5312, 49.6162, -63.9273, 73.9102, 23.3295, 67.1143, 54.3275, -54.2211, 78.2263, 30.7191, 55.301, 58.8945, -20.9916, 81.8162, 37.079, 37.544, 63.4021, -1.6073, 82.1603, 42.7574, 6.9089, 67.9193, 11.4371, 77.4773, 47.9813, -50.3643, 72.488, 21.2073, 69.3646, 52.9109, -61.978, 77.0579, 29.0858, 57.7693, 57.6678, -24.6279, 81.154, 35.7863, 40.3012, 62.3502, -3.5688, 82.4879, 41.7213, 10.0441, 67.0393, 10.2417]","[-170.0771, 22.9881, 175.0557, -170.8387, 117.4266, 172.5475, 2.4603, 156.5194, 169.5884, 64.6778, 155.1376, -17.5204, 137.289, 151.407, 15.4707, 137.6497, -37.8943, 116.8888, 133.6935, -19.0595, 120.0332, -62.9934, 94.3303, 116.1813, -45.3689, 102.2208, 129.6311, 67.296, 98.7541, -67.9673, 84.1141, 97.8792, 30.0954, 81.3442, -88.8483, 65.5556, 78.2147, -23.8125, 63.9004, -109.0841, 46.2713, 60.0062, -75.7901, 46.374, -129.8769, 25.7361, 42.2732, -111.2407, 28.7078, -158.9634, 2.8176, 24.7398, -137.7082, 10.8253, 30.7706, -25.2779, 7.286, -160.325, -7.3887, 5.4164, -65.69, -10.1592, 178.7385, -26.1243, -13.7222, -123.8612, -27.651, 158.2527, -45.7259, -31.7841, -173.7297, -45.245, 136.1546, -66.8902, -49.4669, 153.3516, -63.0089, 35.6745, -91.2344, -66.9922, 128.1337, -81.0385, -66.6519, -123.0949, -84.4653, 106.078, -99.4851, -87.525, -172.6977, -101.9547, 85.2487, -118.6126, -106.014, 126.4761, -119.5196, 64.0848, -138.9346, -123.8678, 84.7566, -137.2257, 32.9506, -161.5924, -141.4749, 56.2486, -155.161, -137.7571, 170.4304, -158.9878, 32.8854, -173.4595, -161.5375, 128.5902, -176.4919, 11.5318, 167.6501, 179.5269, 65.6041, 165.9464, -9.5683, 147.7319, 161.5183, 15.2613, 148.2594, -35.7292, 125.8357, 143.8389, -16.5191, 130.3605, 150.9527, 99.512, 126.2873, -41.0515, 112.1201, 124.0097, 61.3685, 108.761, -62.8828, 93.3192, 104.7748, -0.9012, 91.1863, -84.1602, 73.5409, 86.6727]"
2017-05-25,39.9289,116.388,0.1213869859748476,SUPERVIEW NEO-1 02,52322,11.5,"[81.4153, 56.1767, 18.8579, -18.8047, -56.0311, -81.5687, -47.7112, -10.2977, 27.3673, 64.427, 75.0763, 38.8378, 1.249, -36.3133, -72.7045, -67.1167, -30.3038, 7.319, 44.8497, 79.9117, 58.5672, 21.311, -16.3535, -53.6391, -82.485, -50.1211, -12.7527, 24.9178, 62.0696, 77.1542, 41.2716, 3.7067, -33.879, -70.4675, -69.4136, -32.7429, 4.8611, 42.4215, 78.0913, 60.9463, 23.7624, -13.901, -51.2394, -82.6702, -52.5243, -15.2062, 22.4668, 59.6967, 79.0779, 43.7014, 6.1641, -31.4418, -68.1868, -71.6728, -35.1788, 2.4032, 39.9894, 76.0778, 63.3111, 26.2119, -11.4474, -48.8331, -82.0733, -54.92, -17.6581, 20.0145, 57.3115, 80.7512, 46.1266, 8.621, -29.002, -65.8746, -73.8789, -37.6113, -0.0544, 37.5539, 73.9434, 65.6579, 28.6593, -8.993, -46.4211, -80.8459, -57.3068, -20.1082, 17.5609, 54.9162, 82.0155, 48.5468, 11.0773, -26.5599, -63.5389, -76.0074, -40.04, -2.5116, 35.1154, 71.7303, 67.9813, 31.1043, -6.5378, -44.004, -79.2011, -59.6831, -22.5563, 15.1065, 52.5128, 82.657, 50.9612, 13.5328, -24.1157, -61.1851, -78.0175, -42.4646, -4.9682, 32.6743, 69.4637, 70.2736, 33.5467, -4.0822, -41.5826, -77.2997, -62.0465, -25.0022, 12.6512, 50.1023, 82.514, 53.3689, 15.9872, -21.6695, -58.8171, -79.8393, -44.8846, -7.4239, 30.2307, 67.1594, 72.523, 35.9862, -1.6262, -39.1572, -75.2405, -64.394, -27.4457, 10.1955, 47.6859, 81.6268]","[-154.4001, 92.1691, 81.1362, 73.6102, 62.6306, -49.1198, -103.3459, -112.627, -120.2809, -134.5248, 87.2158, 61.8882, 53.6102, 45.5297, 24.119, -116.4332, -132.3271, -140.0818, -148.9785, 169.7648, 45.4073, 33.6545, 26.1176, 15.7327, -80.558, -150.4611, -160.1377, -167.7291, 179.181, 44.8286, 14.5853, 6.0872, -1.8408, -20.5937, -161.9985, -179.734, 172.3984, 163.7818, 130.5792, -1.1977, -13.8152, -21.3834, -31.2659, -109.4643, 162.4999, 152.3579, 144.8076, 132.6641, 4.4073, -32.6764, -41.434, -49.2371, -65.931, 152.9732, 132.883, 124.8761, 116.4976, 89.0293, -47.6047, -61.2709, -68.8914, -78.3476, -139.3837, 115.5526, 104.8612, 97.3314, 85.9721, -33.1469, -79.8898, -88.9522, -96.6556, -111.7232, 108.6928, 85.5279, 77.3527, 69.1754, 45.879, -93.7574, -108.7103, -116.405, -125.4984, -172.9382, 68.7174, 57.3738, 49.844, 39.1405, -66.893, -127.046, -136.4664, -144.0933, -157.8548, 65.4817, 38.2051, 29.8293, 21.8207, 1.6375, -139.577, -156.1308, -163.923, -172.7073, 149.6867, 22.0206, 9.8974, 2.3474, -7.8042, -96.9047, -174.1342, 176.0249, 168.4525, 155.7547, 23.8354, -9.08, -17.693, -25.5619, -43.3651, 175.0491, 156.4706, 148.556, 140.0348, 109.4001, -24.5032, -37.5662, -45.1571, -54.8414, -125.6948, 138.8594, 128.523, 120.9839, 109.1628, -15.5037, -56.3209, -65.213, -72.9687, -88.913, 130.2868, 109.0973, 101.033, 92.7352, 67.1089, -70.807, -85.0147, -92.6679, -101.9552, -156.8886]"
2022-05-15,39.9289,116.388,0.1153578781854045,FLOCK 4Y 5,55028,22.3,"[32.361, 49.3786, 65.8562, 80.5555, 76.2659, 59.0879, 39.7458, 18.5996, -4.4422, -29.2269, -55.0545, -79.3373, -70.6545, -47.4071, -25.4306, -5.1025, 13.8027, 31.6296, 48.718, 65.2731, 80.1983, 76.6795, 59.5014, 40.091, 18.8572, -4.2875, -29.1829, -55.1141, -79.4418, -70.4697, -47.1813, -25.1876, -4.8472, 14.0737, 31.9252, 49.0495, 65.6477, 80.5024, 76.2003, 58.8206, 39.2352, 17.8024, -5.5568, -30.6501, -56.703, -80.5814, -68.9194, -45.6201, -23.7083, -3.4475, 15.4172, 33.2426, 50.3702, 66.9763, 81.373, 74.785, 57.0272, 37.1578, 15.4118, -8.2727, -33.6426, -59.8112, -82.183, -65.9889, -42.7498, -21.0204, -0.9269, 17.8152, 35.57, 52.6727, 69.2427, 82.3911, 72.341, 54.0837, 33.8185, 11.6417, -12.4744, -38.18, -64.403, -82.3806, -61.6788, -38.6145, -17.1677, 2.6787, 21.2415, 38.8905, 55.946, 72.4028, 82.4854, 68.7701, 49.9334, 29.1564, 6.4288, -18.2134, -44.2782, -70.3666, -78.9911, -56.0282, -33.2771, -12.2076, 7.324, 25.6648, 43.185, 60.1737, 76.3253, 80.3372, 63.9872, 44.5009, 23.0887, -0.3074, -25.5452, -51.9302, -77.284, -72.6275, -49.1164, -26.8179, -6.2079, 12.9589, 31.0523, 48.4345, 65.3267, 80.5058, 75.8412, 57.911, 37.6886, 15.511, -8.6592, -34.5141, -61.0653, -82.5735, -64.3715, -41.0535, -19.33, 0.7592, 19.5334, 37.3742, 54.6203, 71.3241, 82.6321, 69.4952, 50.4457, 29.3745, 6.2999, -18.7159]","[-8.6471, -15.4613, -26.3858, -63.31, -163.5733, 174.1771, 165.0433, 158.5198, 152.6034, 146.1851, 136.8357, 101.4157, -16.7203, -33.0527, -40.4549, -46.1659, -51.4968, -57.0923, -63.8375, -74.5045, -109.3494, 149.0039, 125.8099, 116.5428, 109.9804, 104.047, 97.6161, 88.2355, 52.2918, -65.5276, -81.6928, -89.0696, -94.7753, -100.1101, -105.7214, -112.5135, -123.3723, -160.0644, 99.0984, 76.892, 67.7797, 61.2535, 55.3063, 48.7879, 38.9955, -3.5171, -115.8759, -130.6956, -137.8757, -143.5323, -148.8709, -154.5369, -161.5009, -173.0584, 143.5939, 47.16, 27.4786, 18.7685, 12.3424, 6.3758, -0.3273, -11.0626, -70.9439, -167.1657, -179.9963, 173.1435, 167.5673, 162.2172, 156.4456, 149.1468, 136.1418, 78.4452, -5.819, -22.3055, -30.4585, -36.7468, -42.759, -49.7984, -62.4439, -155.2763, 141.2791, 130.4954, 124.0122, 118.528, 113.145, 107.1925, 99.3103, 83.4719, 2.2437, -58.8977, -72.3147, -79.8625, -86.0103, -92.1296, -99.7753, -116.5888, 123.2098, 89.8968, 80.8654, 74.7543, 69.3505, 63.8922, 57.6382, 48.7385, 26.8898, -74.8011, -111.5332, -122.4262, -129.4096, -135.4555, -141.8041, -150.5996, -178.8111, 57.4784, 38.8579, 31.1757, 25.3865, 20.0269, 14.4189, 7.656, -3.1363, -40.1044, -141.8426, -163.5579, -172.561, -179.0822, 174.8866, 168.0703, 156.8174, 86.1091, 0.1636, -11.8312, -18.5414, -24.0873, -29.4669, -35.3526, -43.016, -57.8285, -133.0313, 159.0229, 144.9861, 137.3125, 131.1109, 124.9365]"
2022-05-15,39.9289,116.388,0.1153578781854045,JILIN-01 KUANFU 02B 4,61192,16.3,"[-41.7529, -4.1293, 33.6211, 70.3722, 69.186, 32.4643, -5.1058, -42.5411, -77.9813, -60.9434, -23.7708, 14.011, 51.5249, 82.4882, 51.816, 14.4695, -23.1217, -60.1797, -78.6099, -43.2664, -5.6651, 32.0952, 68.952, 70.6018, 33.9852, -3.5756, -41.0309, -76.7604, -62.4143, -25.2993, 12.4761, 50.0194, 82.3116, 53.3147, 15.9984, -21.5972, -58.7029, -79.7042, -44.7779, -7.2003, 30.5684, 67.5175, 71.9992, 35.5049, -2.0455, -39.5194, -75.4828, -63.8783, -26.8268, 10.9411, 48.5117, 81.8484, 54.8101, 17.5267, -20.0722, -57.2217, -80.6779, -46.2871, -8.7351, 29.0409, 66.0713, 73.3735, 37.0232, -0.5155, -38.0065, -74.1624, -65.3343, -28.353, 9.4061, 47.0019, 81.1434, 56.302, 19.0543, -18.5467, -55.7366, -81.4896, -47.7939, -10.2692, 27.5126, 64.6153, 74.7187, 38.54, 1.0144, -36.4925, -72.809, -66.7809, -29.878, 7.871, 45.4902, 80.2489, 57.7898, 20.5812, -17.0208, -54.248, -82.0896, -49.2983, -11.8027, 25.9838, 63.151, 76.0266, 40.0553, 2.5441, -34.9774, -71.4297, -68.2163, -31.4017, 6.336, 43.9767, 79.2122, 59.2732, 22.1073, -15.4946, -52.7563, -82.4276, -50.7999, -13.3356, 24.4544, 61.6797, 77.2857, 41.5689, 4.0735, -33.4613, -70.03, -69.6385, -32.924, 4.8011, 42.4617, 78.0701, 60.7514, 23.6325, -13.968, -51.2619, -82.4684, -52.2985, -14.8677, 22.9244, 60.2025, 78.4803, 43.0808, 5.6027, -31.9442, -68.6138, -71.0446, -34.4449]","[-171.5577, 179.7114, 171.619, 152.4338, 11.9071, -6.0926, -14.0968, -22.8886, -56.7222, 172.753, 159.837, 152.1051, 141.9233, 59.8512, -23.9115, -34.1301, -41.8247, -54.4138, 177.2474, 140.9786, 132.0817, 124.0715, 106.2611, -34.2308, -53.6386, -61.7275, -70.3616, -100.3736, 125.8087, 112.2473, 104.4851, 94.5927, 23.5283, -71.2021, -81.7471, -89.423, -101.4743, 135.0706, 93.5336, 84.453, 76.5147, 59.8864, -80.1151, -101.1743, -109.359, -117.8507, -144.7341, 78.9555, 64.6637, 56.8625, 47.2315, -13.7045, -118.4534, -129.3608, -137.0262, -148.5977, 94.1373, 46.1092, 36.8257, 28.9493, 13.3448, -125.6865, -148.6985, -156.9908, -165.3544, 170.3462, 32.2094, 17.0868, 9.2378, -0.1569, -52.3404, -165.6603, -176.9709, 175.3662, 164.2241, 54.6446, -1.2922, -10.8, -18.624, -33.3363, -170.8681, 163.7897, 155.3772, 147.1286, 124.9837, -14.4103, -30.4827, -38.3888, -47.5697, -92.4841, 147.1835, 135.4231, 127.7546, 116.9978, 16.6395, -48.6681, -58.4237, -66.2043, -80.1347, 144.4406, 116.2916, 107.7454, 99.5995, 79.2675, -60.8794, -78.0441, -86.0169, -95.0045, -133.9987, 100.0851, 87.8217, 80.1394, 69.7294, -20.1446, -96.0154, -106.0452, -113.7911, -127.0328, 100.3697, 68.8086, 60.114, 52.0594, 33.2662, -107.1674, -125.5967, -133.6463, -142.459, -176.6587, 53.0533, 40.2253, 32.5211, 22.4235, -56.3713, -143.3307, -153.664, -161.3838, -174.0161, 57.0864, 21.3423, 12.4834, 4.5093, -12.9672, -153.2359, -173.1396]"
2018-06-07,39.9289,116.388,0.1118688227531704,FLOCK 4H 7,66710,16.4,"[75.8204, 63.5227, 26.4311, -11.2383, -48.6336, -81.9306, -55.073, -17.8214, 19.8491, 57.1455, 80.7754, 46.2417, 8.7293, -28.9043, -65.7776, -73.9047, -37.6655, -0.1124, 37.4944, 73.8705, 65.6633, 28.6661, -8.9967, -46.4312, -80.8032, -57.2512, -20.0583, 17.6089, 54.959, 81.9157, 48.4515, 10.9726, -26.6741, -63.6465, -75.8452, -39.8828, -2.356, 35.2681, 71.8547, 67.784, 30.8991, -6.7544, -44.2245, -79.3258, -59.4205, -22.2936, 15.3679, 52.7655, 82.5439, 50.6564, 13.2152, -24.4421, -61.4999, -77.6884, -42.0967, -4.599, 33.0396, 69.7925, 69.8788, 33.1299, -4.5117, -42.014, -77.6232, -61.5792, -24.5271, 13.1262, 50.566, 82.53, 52.8558, 15.457, -22.2085, -59.3408, -79.3844, -44.3068, -6.8413, 30.809, 67.6966, 71.9393, 35.3583, -2.2688, -39.8001, -75.7758, -63.725, -26.7585, 10.8841, 48.3613, 81.8774, 55.0488, 17.6977, -19.9734, -57.1714, -80.8511, -46.5128, -9.0829, 28.5765, 65.5755, 73.9524, 37.5841, -0.0256, -37.5831, -73.8331, -65.8547, -28.9878, 8.6416, 46.1521, 80.72, 57.2344, 19.9373, -17.737, -54.9936, -81.9626, -48.7141, -11.3235, 26.3425, 63.4352, 75.8982, 39.8069, 2.2175, -35.3633, -71.8254, -67.9642, -31.2147, 6.3989, 43.9389, 79.2191, 59.4111, 22.1755, -15.4995, -52.8085, -82.5583, -50.9102, -13.5629, 24.107, 61.2797, 77.7452, 42.0266, 4.4606, -33.1409, -69.7718, -70.0473, -33.4391, 4.1562, 41.7223, 77.4978]","[-168.6884, 54.6985, 40.8015, 33.1183, 23.618, -36.4296, -142.2729, -153.0923, -160.6756, -172.0819, 69.8522, 22.2232, 13.0722, 5.3147, -9.8327, -148.9525, -172.401, 179.3585, 171.1243, 147.705, 8.4288, -6.6672, -14.4198, -23.5874, -71.3983, 170.8174, 159.3941, 151.8104, 141.0065, 34.8762, -24.9847, -34.4663, -42.1531, -56.0948, 167.439, 140.2364, 131.8114, 123.7335, 103.1947, -37.5605, -54.12, -61.9616, -70.8417, -109.5183, 124.0235, 111.8897, 104.2885, 93.9994, 2.9973, -72.1356, -82.0002, -89.635, -102.5774, 125.1018, 92.9052, 84.2651, 76.3189, 58.033, -83.1847, -101.5545, -109.5061, -118.138, -150.1248, 77.3717, 64.3959, 56.76, 46.9127, -27.5399, -119.2192, -129.5285, -137.1292, -149.2351, 84.5725, 45.6103, 36.7207, 28.8835, 12.3913, -128.3235, -148.9683, -157.0524, -165.4704, 167.4826, 30.8961, 16.9145, 9.2258, -0.2409, -59.5283, -166.2229, -177.0501, 175.366, 163.9662, 46.5552, -1.6425, -10.8211, -18.57, -33.6116, -172.8029, 163.6419, 155.4004, 147.1658, 123.8346, -15.3575, -30.5529, -38.3129, -47.4511, -94.6468, 146.8695, 135.4362, 127.852, 117.0524, 11.7016, -48.8462, -58.3592, -66.0395, -79.892, 143.6329, 116.2794, 107.8532, 99.7747, 79.2968, -61.3269, -78.0042, -85.8551, -94.7096, -132.9112, 100.0784, 87.9316, 80.33, 70.0437, -20.1269, -95.9924, -105.8927, -113.5228, -126.3894, 101.3629, 68.9484, 60.3069, 52.3599, 34.1165, -106.9258, -125.4371, -133.4, -142.0095, -173.6322]"
2020-06-07,39.9044,116.391,0.1112920946029566,FLOCK 4BE 31,60488,23.8,"[25.177, -16.0074, -56.7176, -78.8546, -40.1162, 0.9255, 42.0087, 80.3105, 54.5243, 13.6507, -27.5073, -67.7547, -68.8568, -28.6809, 12.4698, 53.3691, 81.0341, 43.1776, 2.1087, -38.9475, -77.9472, -57.8653, -17.1906, 23.9934, 64.5419, 71.8194, 31.7363, -9.4282, -50.2968, -82.4296, -46.6083, -5.668, 35.4741, 75.1675, 60.9318, 20.2414, -20.9394, -61.4889, -74.8228, -35.2303, 5.8663, 46.8833, 82.5266, 49.689, 8.7183, -32.4042, -72.296, -64.215, -23.7808, 17.3918, 58.1688, 77.5571, 38.3073, -2.8114, -43.798, -81.2897, -53.0906, -12.2867, 28.8875, 69.1778, 67.2615, 26.852, -14.3273, -55.0804, -80.0525, -41.7853, -0.7692, 40.3294, 79.1304, 56.1851, 15.3549, -25.8089, -66.146, -70.4414, -30.3854, 10.7513, 51.6829, 81.8973, 44.8832, 3.839, -37.2346, -76.5427, -59.5443, -18.9268, 22.2542, 62.8705, 73.3975, 33.4778, -7.6747, -48.5757, -82.6613, -48.3382, -7.4328, 33.7179, 73.6125, 62.6393, 22.0143, -19.1661, -59.7751, -76.3438, -36.9994, 4.0758, 45.1156, 81.9934, 51.4543, 10.5193, -30.6145, -70.652, -65.9308, -25.584, 15.5789, 56.4015, 78.9678, 40.1133, -0.9856, -41.9965, -80.193, -54.8765, -14.1206, 27.0555, 67.4515, 68.9924, 28.6922, -12.4798, -53.2763, -81.1884, -43.6167, -2.6307, 38.483, 77.6962, 58.0035, 17.2253, -23.9432, -64.3666, -72.1556, -32.254, 8.8655, 49.8294, 82.4992, 46.7509, 5.7363, -35.3547, -74.9277, -61.3772]","[38.0999, 29.9945, 18.2808, -112.1096, -149.2136, -158.0795, -167.1384, 148.0514, 24.8957, 13.7599, 5.605, -11.4189, -156.1369, -174.0646, 177.7461, 166.8865, 49.0447, -1.2361, -10.4223, -19.1862, -52.8213, 173.5818, 161.5172, 153.4305, 138.5053, -5.2345, -26.2698, -34.581, -44.7956, -142.7148, 146.9189, 137.3046, 128.7894, 102.4414, -37.5871, -50.778, -58.8419, -72.2485, 147.2867, 121.6461, 113.1524, 103.4879, 29.8739, -64.9133, -75.0299, -83.3676, -104.9881, 111.744, 97.0196, 88.9372, 76.7589, -58.0836, -90.4669, -99.1855, -108.434, -161.0544, 83.4949, 72.712, 64.5128, 46.2777, -98.5552, -115.2291, -123.3697, -134.6323, 100.7213, 57.569, 48.5422, 39.6491, 1.2931, -128.027, -139.6024, -147.7171, -163.5958, 52.0686, 32.6295, 24.3803, 13.8851, -94.5018, -154.4044, -163.7955, -172.4248, 158.1165, 20.8056, 8.1682, 0.0991, -13.954, -156.3295, -179.5493, 172.0533, 162.1381, 77.0698, -6.1851, -16.0617, -24.4722, -48.0287, 169.8306, 155.8881, 147.8206, 135.0983, -2.6445, -31.5998, -40.2118, -49.6326, -110.9955, 142.0609, 131.6121, 123.3539, 103.692, -40.5565, -56.2953, -64.4054, -76.042, 153.9527, 116.3261, 107.4533, 98.4049, 54.388, -69.4255, -80.6354, -88.7807, -105.595, 109.5465, 91.4777, 83.2852, 72.4608, -43.947, -95.5877, -104.8145, -113.5469, -146.3752, 79.1866, 67.0626, 58.9787, 44.1716, -99.2005, -120.6363, -128.9662, -139.1073, 125.1095, 52.4987, 42.8539, 34.353, 8.5109, -131.793]"
2026-01-02,39.9289,116.388,0.1064800289435671,LEGION 3,60452,7.9,"[-12.3471, 14.5578, 37.4191, 44.7227, 29.9944, 4.669, -21.8631, -41.7276, -42.4314, -23.3141, 3.0978, 28.7101, 44.4178, 38.3934, 16.0623, -10.7934, -34.7629, -45.1351, -33.0503, -8.4953, 18.3011, 39.7826, 43.7967, 26.6999, 0.7564, -25.3816, -43.309, -40.5962, -19.7157, 7.0023, 31.8872, 45.036, 35.8311, 12.2736, -14.6081, -37.4422, -44.717, -29.9573, -4.6017, 21.9455, 41.7748, 42.3892, 23.2369, -3.1598, -28.7445, -44.4248, -38.3702, -16.0077, 10.8731, 34.8348, 45.1307, 32.9781, 8.4231, -18.3475, -39.8012, -43.7869, -26.6593, -0.6856, 25.464, 43.3455, 40.5429, 19.6372, -7.0611, -31.9172, -45.0388, -35.8043, -12.2152, 14.6901, 37.5087, 44.6984, 29.8804, 4.5314, -21.9876, -41.7891, -42.3756, -23.1925, 3.2342, 28.8259, 44.4487, 38.3073, 15.9291, -10.9282, -34.8604, -45.1294, -32.9479, -8.3608, 18.4312, 39.8603, 43.7543, 26.5789, 0.6179, -25.5016, -43.3555, -40.5259, -19.589, 7.1387, 31.9963, 45.0486, 35.7333, 12.1373, -14.741, -37.5297, -44.6934, -29.8465, -4.4652, 22.0725, 41.8388, 42.33, 23.1099, -3.2986, -28.8589, -44.4546, -38.2869, -15.8769, 11.0089, 34.9356, 45.1242, 32.8704, 8.2846, -18.4777, -39.877, -43.7459, -26.5414, -0.5477, 25.5868, 43.3937, 40.4685, 19.5054, -7.1993, -32.0246, -45.0508, -35.7096, -12.0811, 14.8245, 37.5993, 44.6729, 29.7641, 4.3913, -22.1143, -41.8513, -42.3184, -23.0686, 3.3727, 28.9432]","[-89.4667, -64.4881, -32.4753, 15.3833, 57.8267, 85.6388, 111.2539, 147.6632, -162.7697, -125.3279, -99.4265, -72.0695, -30.6045, 17.7996, 50.602, 75.608, 105.7663, 151.8456, -163.328, -134.111, -108.9271, -74.7908, -25.7282, 14.1724, 40.87, 67.2137, 106.1289, 155.4768, -169.5035, -144.1708, -115.5266, -71.5933, -24.7683, 6.0706, 31.0263, 63.0398, 110.9071, 153.3457, -178.8347, -153.1833, -116.6944, -67.1266, -29.7683, -3.9056, 23.4426, 64.916, 113.3196, 146.1224, 171.1506, -158.628, -112.4865, -67.7354, -38.5779, -13.4139, 20.7242, 69.7927, 109.6899, 136.3995, 162.7865, -158.2145, -108.8892, -73.9505, -48.652, -20.0149, 23.9257, 70.7489, 101.5919, 126.5754, 158.6609, -153.4252, -111.0713, -83.3052, -57.6712, -21.1798, 28.3913, 65.7485, 91.6276, 119.0272, 160.5847, -151.0569, -118.3305, -93.3326, -63.1168, -16.9696, 27.7796, 56.9451, 82.143, 116.3615, 165.4562, -154.7358, -128.0743, -101.7023, -62.7008, -13.3744, 21.5663, 46.8859, 75.5832, 119.6031, 166.3614, -162.8662, -137.9096, -105.8285, -57.9108, -15.5577, 12.2203, 37.8951, 74.4738, 124.0471, 161.3147, -172.8491, -145.4626, -103.9031, -55.5447, -22.813, 2.2112, 32.4964, 78.7122, 123.3812, 152.4823, 177.6564, -148.1289, -99.0321, -59.2231, -32.5455, -6.1251, 32.968, 82.2715, 117.1252, 142.4066, 171.0923, -144.8867, -98.1284, -67.3473, -42.3587, -10.1988, 37.7708, 80.0336, 107.7533, 133.4069, 169.982, -140.444, -103.1727, -77.316, -49.8728]"
2018-08-10,39.9289,116.388,0.1041277883234685,FLOCK 4G 4,62659,24.8,"[9.0846, 46.8528, 81.2919, 56.0402, 18.448, -19.4881, -56.9575, -80.8487, -46.2206, -8.5175, 29.4066, 66.6217, 72.7507, 35.9806, -1.9063, -39.7037, -75.9252, -63.3257, -26.074, 11.8403, 49.5654, 82.3987, 53.3483, 15.695, -22.2346, -59.6231, -79.0022, -43.5087, -5.7628, 32.1486, 69.2106, 70.2329, 33.2433, -4.6619, -42.4233, -78.168, -60.684, -23.3314, 14.5946, 52.2699, 82.5991, 50.6472, 12.9412, -24.9781, -62.2722, -76.844, -40.7914, -3.0078, 34.8868, 71.7522, 67.6612, 30.5032, -7.4163, -45.137, -80.1596, -58.0251, -20.5867, 17.3472, 54.965, 81.8265, 47.9385, 10.187, -27.7183, -64.9003, -74.5037, -38.0696, -0.2527, 37.621, 74.2244, 65.052, 27.7606, -10.1692, -47.8439, -81.718, -55.3527, -17.8402, 20.0979, 57.6487, 80.3114, 45.2235, 7.4325, -30.4549, -67.5008, -72.0523, -35.3436, 2.5021, 40.3505, 76.5895, 62.4156, 25.0158, -12.9203, -50.5432, -82.5663, -52.6695, -15.0922, 22.8463, 60.3185, 78.3397, 42.5031, 4.6781, -33.1875, -70.0637, -69.5293, -32.614, 5.2566, 43.0749, 78.7807, 59.7591, 22.2693, -15.6693, -53.2336, -82.4619, -49.9772, -12.3429, 25.5922, 62.971, 76.1046, 39.778, 1.924, -35.9159, -72.5735, -66.958, -29.8812, 8.0103, 45.7935, 80.6754, 57.0869, 19.5214, -18.416, -55.9138, -81.4399, -47.2774, -9.5926, 28.3353, 65.601, 73.7139, 37.0489, -0.8294, -38.6395, -75.0043, -64.3526, -27.1455, 10.763, 48.5055]","[-136.1631, -145.4136, 162.5534, 48.5155, 37.4161, 29.8123, 18.4666, -99.3522, -147.3818, -156.5333, -164.3308, 179.9503, 39.3702, 17.665, 9.5237, 1.0994, -26.2533, -162.8953, -176.6801, 175.6301, 165.9501, 96.8516, -0.3827, -10.812, -18.4332, -30.6479, -158.8234, 164.0762, 155.2666, 147.3493, 129.6081, -11.9835, -30.6977, -38.672, -47.3613, -81.1406, 147.6669, 135.0513, 127.4159, 117.2207, 27.8846, -49.1552, -59.0297, -66.6945, -79.9807, 145.2382, 115.5944, 107.07, 98.9999, 78.5982, -62.5643, -79.0288, -86.8704, -95.8777, -139.0314, 98.4721, 86.7999, 79.1923, 68.3764, -39.546, -97.8262, -107.2392, -114.9749, -129.5993, 91.6252, 67.163, 58.8752, 50.6156, 26.6198, -112.6018, -127.333, -135.0732, -144.4612, 158.7487, 49.465, 38.563, 30.9572, 19.3885, -102.2545, -146.4145, -155.4422, -163.2776, -179.6008, 39.5243, 18.7739, 10.6806, 2.1901, -26.8093, -162.2456, -175.6143, 176.7178, 166.874, 91.7627, 0.6056, -9.6619, -17.2919, -29.7816, -160.4925, 165.0655, 156.3593, 148.3932, 129.8713, -11.5699, -29.5795, -37.5155, -46.2844, -82.4684, 148.4037, 136.1236, 128.5008, 118.1099, 22.819, -48.1359, -57.877, -65.5578, -79.1871, 144.4015, 116.6021, 108.1638, 100.033, 78.5975, -61.9717, -77.9026, -85.7146, -94.8175, -141.5343, 99.276, 87.8778, 80.2737, 69.2227, -43.2561, -96.7819, -106.0843, -113.8434, -128.9029, 91.3319, 68.1861, 59.9695, 51.6359, 26.2326, -111.8817, -126.2001, -133.9186, -143.4213]"
2025-07-10,23.3657,116.137,0.1034293552812047,ICEYE-X5,44389,3.2,"[60.8986, 22.8463, -15.7366, -53.8962, -81.5879, -47.8319, -9.5401, 29.0224, 66.7912, 71.6325, 34.235, -4.3071, -42.6959, -78.6192, -58.954, -20.9544, 17.6155, 55.8225, 80.593, 45.5561, 7.1351, -31.3866, -68.8843, -69.7491, -32.3246, 6.1817, 44.6097, 80.0289, 56.7568, 18.5695, -20.0101, -58.0465, -79.2768, -43.6246, -5.2574, 33.2838, 70.7605, 67.6918, 29.9742, -8.592, -46.9084, -81.2043, -54.8102, -16.6814, 21.8942, 59.9746, 77.6999, 41.3236, 2.8466, -35.6347, -72.7643, -65.7667, -28.0696, 10.4692, 48.8301, 81.9438, 52.5775, 14.285, -24.2813, -62.1618, -76.021, -39.3983, -0.9691, 37.5399, 74.5677, 63.6414, 25.7023, -12.8775, -51.1061, -82.1685, -50.6332, -12.3999, 26.1716, 64.085, 74.1664, 37.0747, -1.4455, -39.8752, -76.4185, -61.6978, -23.8028, 14.7583, 53.0346, 81.8217, 48.3697, 9.9941, -28.5488, -66.2245, -72.3314, -35.1557, 3.3238, 41.7888, 78.0554, 59.5222, 21.4206, -17.1625, -55.284, -80.9722, -46.4301, -8.111, 30.4462, 68.1302, 70.3312, 32.8116, -5.7399, -44.1061, -79.6048, -57.572, -19.5255, 19.048, 57.2169, 79.7304, 44.1395, 5.6979, -32.8115, -70.2023, -68.426, -30.8987, 7.6201, 46.028, 80.8478, 55.3563, 17.1305, -21.4459, -59.4342, -78.2537, -42.2056, -3.8157, 34.7166, 72.0656, 66.3374, 28.5363, -10.0357, -48.3246, -81.7584, -53.4058, -15.239, 23.3371, 61.3671, 76.5556, 39.8906, 1.3974, -37.0678, -74.0317]","[-61.3522, -74.8475, -82.9048, -94.067, 162.6589, 100.4947, 90.5714, 82.3562, 65.5135, -73.844, -95.4524, -103.9304, -113.1411, -151.4488, 82.3139, 69.6129, 61.5765, 49.8806, -64.8785, -115.4149, -125.0034, -133.3175, -151.8773, 68.3375, 48.9333, 40.5728, 31.1149, -15.0487, -134.0179, -145.9947, -154.0284, -166.4085, 70.3566, 28.8195, 19.4984, 11.0788, -9.4576, -149.201, -166.7465, -175.0012, 175.2217, 118.4722, 9.8805, -1.5177, -9.5627, -22.6733, -152.3419, 172.9961, 163.9283, 155.3642, 132.1987, -6.2305, -22.3269, -30.5036, -40.6094, -110.314, 153.7513, 142.8903, 134.8118, 120.7611, -13.145, -42.6999, -51.567, -60.2812, -86.602, 136.8566, 122.0259, 113.9141, 103.3864, 18.9044, -62.1895, -72.6206, -80.7434, -95.8215, 127.0919, 101.5421, 92.864, 83.9511, 53.344, -79.6968, -93.5283, -101.5973, -112.5637, 148.4959, 81.8254, 71.7986, 63.6041, 47.1931, -91.5719, -114.1012, -122.6316, -131.7487, -167.7386, 63.7837, 50.8497, 42.8079, 31.2796, -79.8788, -134.0004, -143.7039, -151.9782, -169.8896, 50.2423, 30.1909, 21.7971, 12.4145, -30.9838, -152.4646, -164.6845, -172.7163, 175.1624, 54.3256, 10.1199, 0.7225, -7.6655, -27.5488, -167.2683, 174.5881, 166.2981, 156.6426, 103.745, -8.723, -20.2873, -28.3283, -41.2102, -168.8782, 154.3788, 145.225, 136.717, 114.5305, -24.5669, -41.0809, -49.2791, -59.2858, -124.5665, 135.2341, 124.1936, 116.1301, 102.4293, -30.3981, -61.4221, -70.3451, -79.0151, -104.2853]"
2021-08-17,28.0355,119.794,0.1020576131687228,FLOCK 4G 21,62651,25.6,"[-51.7916, -14.1945, 23.744, 61.1876, 77.6277, 41.6095, 3.7738, -34.0846, -70.8952, -68.6853, -31.7127, 6.1658, 43.9736, 79.446, 58.8747, 21.358, -16.5815, -54.1252, -82.2088, -49.0779, -11.4256, 26.5082, 63.8518, 75.3164, 38.8638, 1.0005, -36.8307, -73.3996, -66.0832, -28.9595, 8.9388, 46.7094, 81.211, 56.1791, 18.59, -19.347, -56.8205, -80.9272, -46.3565, -8.6553, 29.2699, 66.4915, 72.871, 36.1138, -1.7726, -39.5723, -75.8118, -63.4496, -26.203, 11.7111, 49.4386, 82.362, 53.4715, 15.8204, -22.1102, -59.5029, -79.0898, -43.6283, -5.8839, 32.0287, 69.098, 70.3411, 33.3599, -4.5453, -42.3089, -78.0764, -60.7926, -23.4436, 14.4824, 52.1602, 82.6066, 50.7541, 13.0495, -24.8709, -62.1692, -76.9285, -40.8943, -3.1116, 34.7843, 71.6576, 67.7552, 30.6026, -7.3171, -45.0399, -80.0925, -58.1175, -20.6816, 17.2526, 54.8728, 81.8629, 48.0284, 10.2777, -27.6288, -64.8149, -74.5785, -38.1551, -0.3388, 37.5362, 74.1484, 65.1303, 27.8423, -10.0879, -47.7646, -81.6781, -55.4282, -17.9173, 20.0214, 57.5744, 80.3567, 45.2958, 7.5051, -30.3835, -67.4334, -72.1137, -35.4113, 2.4344, 40.2839, 76.5325, 62.4771, 25.0794, -12.8574, -50.4821, -82.5535, -52.7272, -15.1508, 22.7883, 60.2625, 78.3806, 42.5571, 4.7321, -33.1347, -70.0145, -69.5751, -32.6632, 5.2075, 43.0269, 78.7427, 59.8029, 22.3141, -15.6253, -53.1912, -82.4671, -50.0167, -12.3827]","[-163.0439, -173.1328, 179.2208, 166.38, 33.5108, 1.5106, -7.1054, -15.1246, -34.521, -175.8172, 166.9128, 159.0185, 150.1424, 110.9006, -15.3857, -27.3582, -34.9746, -45.5754, -147.0902, 148.2436, 138.6539, 130.9474, 116.8709, -20.8664, -46.9389, -55.3012, -63.4986, -86.1374, 133.9469, 118.597, 110.817, 101.5835, 50.2977, -64.4581, -75.6005, -83.2068, -94.5171, 148.3324, 99.6215, 90.4477, 82.6526, 67.0144, -73.4575, -95.343, -103.4964, -111.9123, -139.0223, 84.1583, 70.3057, 62.6099, 52.948, -15.2658, -113.3684, -123.8298, -131.4523, -143.6291, 88.5883, 51.0736, 42.2469, 34.3326, 16.6835, -124.8757, -143.7091, -151.6926, -160.373, 166.1542, 34.6992, 22.0352, 14.3954, 4.2189, -84.2959, -162.1501, -172.0487, -179.714, 167.0403, 32.4788, 2.587, -5.9504, -14.0171, -34.314, -175.4992, 167.9572, 160.1085, 151.1101, 108.3409, -14.5112, -26.2178, -33.8286, -44.6257, -151.9779, 149.1716, 139.7409, 132.0052, 117.4229, -21.2375, -45.8483, -54.1459, -62.4021, -86.2793, 134.4344, 119.6508, 111.9051, 102.5256, 46.1884, -63.5299, -74.4561, -82.0643, -93.6149, 145.0679, 100.5775, 91.5369, 83.7017, 67.4209, -73.4017, -94.2406, -102.3412, -110.8287, -139.6971, 84.7704, 71.3675, 63.6955, 53.8591, -20.8102, -112.3982, -122.6822, -130.3142, -142.7878, 86.6691, 52.0529, 43.3376, 35.3715, 16.8891, -124.5358, -142.5966, -150.538, -159.3049, 164.6471, 35.4052, 23.1038, 15.4778, 5.0921, -89.8929, -161.1464, -170.8984]"
2021-11-10,39.9289,116.388,0.1003566529492041,FLOCK 4H 35,66738,27.3,"[-0.2731, 37.571, 74.1506, 65.1332, 27.8743, -10.0248, -47.6665, -81.5967, -55.5928, -18.1251, 19.7805, 57.3114, 80.5239, 45.6007, 7.8433, -30.014, -67.0446, -72.5072, -35.8878, 1.9175, 39.7421, 76.0442, 63.0393, 25.6917, -12.2127, -49.8135, -82.3921, -53.4612, -15.9402, 21.9668, 59.4376, 79.0235, 43.4378, 5.6525, -32.1879, -69.0913, -70.5158, -33.718, 4.1085, 41.9108, 77.8409, 60.931, 23.5072, -14.3999, -51.9558, -82.6133, -51.3229, -13.7537, 24.1522, 61.5542, 77.3236, 41.2711, 3.4613, -34.3598, -71.1092, -68.4885, -31.5454, 6.2997, 44.0766, 79.491, 58.8111, 21.3212, -16.5863, -54.0927, -82.211, -49.1787, -11.5658, 26.3366, 63.6591, 75.4936, 39.1011, 1.2697, -36.5295, -73.0883, -66.434, -29.3702, 8.4911, 46.2391, 80.9141, 56.6815, 19.1336, -18.7718, -56.2232, -81.2707, -47.0293, -9.3768, 28.5198, 65.7493, 73.5768, 36.9279, -0.922, -38.6967, -75.0132, -64.3587, -27.1925, 10.6825, 48.3981, 81.9885, 54.5437, 16.9447, -20.9563, -58.3462, -79.9419, -44.8752, -7.1866, 30.7016, 67.8208, 71.5999, 34.752, -3.1138, -40.8611, -76.8606, -62.2669, -25.0126, 12.8737, 50.5528, 82.5612, 52.399, 14.7547, -23.1395, -60.4605, -78.3564, -42.7169, -4.9954, 32.8818, 69.868, 69.5801, 32.5735, -5.3055, -43.0227, -78.5926, -60.1618, -22.8306, 15.0646, 52.7028, 82.516, 50.2482, 12.5636, -25.3214, -62.5641, -76.6049, -40.5548, -2.8034, 35.0603]","[173.1648, 164.8936, 140.9524, 1.8034, -13.0132, -20.7705, -30.1496, -85.7456, 163.8889, 152.9007, 145.2836, 133.7918, 13.8081, -31.9994, -41.0949, -48.9255, -64.9577, 154.5948, 133.1896, 125.0463, 116.5952, 88.8489, -47.5071, -61.2034, -68.8996, -78.6311, -148.1807, 115.2199, 104.7562, 97.1242, 84.9316, -43.022, -80.3898, -89.2173, -97.1454, -114.804, 103.9686, 84.9363, 76.9272, 68.2668, 35.4756, -96.6195, -109.3809, -117.0335, -127.1723, 147.3323, 66.6304, 56.6183, 48.9547, 35.9345, -97.595, -128.7421, -137.3375, -145.384, -165.0615, 53.8448, 36.7035, 28.8063, 19.9038, -19.6914, -145.5735, -157.5473, -165.1733, -175.7841, 83.2384, 18.1077, 8.4859, 0.7736, -13.2321, -150.5482, -177.0614, 174.5435, 166.356, 144.1313, 4.0997, -11.5115, -19.3169, -28.4992, -77.3272, 165.6014, 154.2959, 146.68, 135.5201, 21.6809, -30.3581, -39.642, -47.4208, -62.6112, 157.6451, 134.6481, 126.425, 118.0717, 92.5746, -45.3547, -59.7107, -67.4435, -76.9486, -138.0347, 116.882, 106.1474, 98.5251, 86.7234, -36.7641, -78.7754, -87.7664, -95.6304, -112.261, 106.6581, 86.3826, 78.3061, 69.7595, 39.9752, -94.5815, -107.8962, -115.5744, -125.4524, 158.3613, 68.2505, 58.006, 50.3609, 37.8043, -92.5596, -127.151, -135.8881, -143.8572, -162.2615, 56.2685, 38.1391, 30.1861, 21.4152, -14.0941, -143.6277, -156.0696, -163.7105, -174.02, 93.6183, 19.6926, 9.8707, 2.1858, -11.2652, -146.3893, -175.4905, 175.9921, 167.8963]"
2025-04-04,39.9289,116.388,0.1002918385133059,GLOBAL-19,55982,13.6,"[5.1603, 29.0409, 41.9526, 34.0724, 11.9001, -13.8244, -35.3205, -41.6674, -27.5859, -3.3808, 21.8017, 39.7124, 38.8962, 20.0184, -5.416, -29.2715, -41.9827, -33.9531, -11.8242, 13.8281, 35.3139, 41.6602, 27.4762, 3.1497, -22.0595, -39.8222, -38.7998, -19.9164, 5.4398, 29.2617, 41.9848, 33.886, 11.6282, -14.0928, -35.4929, -41.6147, -27.3566, -3.0999, 22.0535, 39.8228, 38.7682, 19.7619, -5.6942, -29.4901, -42.0124, -33.7651, -11.55, 14.0992, 35.488, 41.6069, 27.2463, 2.8698, -22.3093, -39.9299, -38.67, -19.6579, 5.7208, 29.4825, 42.0146, 33.697, 11.3544, -14.3621, -35.6644, -41.5591, -27.125, -2.8174, 22.306, 39.9313, 38.6373, 19.5033, -5.9737, -29.7085, -42.0395, -33.5745, -11.274, 14.3713, 35.6611, 41.5505, 27.014, 2.5882, -22.5596, -40.0357, -38.5372, -19.3973, 6.003, 29.7031, 42.0417, 33.5054, 11.0788, -14.6325, -35.835, -41.5005, -26.891, -2.5333, 22.5589, 40.038, 38.5035, 19.2426, -6.2545, -29.9268, -42.0641, -33.3812, -10.9962, 14.6444, 35.8334, 41.4912, 26.7794, 2.3051, -22.8105, -40.1397, -38.4016, -19.1347, 6.2866, 29.9236, 42.0662, 33.3111, 10.8014, -14.9038, -36.0046, -41.439, -26.6547, -2.2476, 22.8123, 40.1428, 38.3667, 18.9798, -6.5367, -30.1449, -42.0859, -33.1853, -10.7165, 14.9185, 36.0046, 41.4289, 26.5424, 2.0203, -23.0618, -40.2418, -38.263, -18.87, 6.5714, 30.144, 42.0879, 33.1141]","[-133.7955, -104.2633, -61.5655, -15.5386, 16.7645, 43.4262, 76.5857, 123.1589, 164.7231, -166.3419, -138.9501, -101.2007, -53.2929, -16.5854, 10.5856, 40.2555, 83.0521, 128.8428, 160.949, -172.4745, -139.3373, -92.6668, -50.9932, -21.9905, 5.5139, 43.4153, 91.1846, 127.6483, 154.7071, -175.6679, -132.8183, -86.901, -54.7241, -28.057, 5.2378, 51.8991, 93.3055, 122.1595, 149.6002, -172.4879, -124.5948, -88.0464, -60.913, -31.1492, 11.799, 57.4806, 89.4628, 116.0457, 149.3191, -163.9238, -122.4114, -93.4905, -65.9362, -27.8717, 19.8821, 56.1892, 83.2116, 112.9314, 155.9325, -158.2629, -126.2115, -99.5377, -66.1056, -19.3586, 21.8885, 50.6623, 78.1538, 116.2295, 164.1042, -159.5066, -132.4096, -102.55, -59.4507, -13.8811, 17.9778, 44.5684, 77.98, 124.8213, 166.1709, -164.9889, -137.3831, -99.1543, -51.4195, -15.2693, 11.7182, 41.5347, 84.6868, 130.3757, 162.3022, -171.0159, -137.4445, -90.6145, -49.5282, -20.8334, 6.7107, 44.9513, 92.8041, 129.0339, 156.0958, -173.9468, -130.697, -85.2424, -53.5062, -26.9063, 6.6455, 53.5685, 94.7537, 123.5142, 151.1733, -170.4325, -122.7203, -86.7269, -59.7733, -29.858, 13.4446, 59.0146, 90.817, 117.5085, 151.2211, -161.8684, -120.9444, -92.3275, -64.7292, -26.3223, 21.5048, 57.5752, 84.6033, 114.6604, 158.0602, -156.6033, -124.989, -98.3784, -64.6845, -17.6824, 23.337, 52.0188, 79.7329, 118.2938, 165.9797, -158.1839, -131.2627, -101.2466, -57.7941, -12.346]"
2025-04-04,39.9289,116.388,0.1002918385133059,FLOCK 4V 1,46313,18.5,"[42.9986, -65.796, -10.585, 78.9802, -2.1012, -67.3425, 29.1835, 58.0438, -49.3718, -25.5635, 66.7087, 14.8154, -80.8493, 14.9919, 72.0253, -32.4139, -40.6615, 53.3808, 31.1092, -77.2257, 0.5608, 82.3987, -15.2666, -55.7872, 39.7731, 46.6323, -62.0998, -14.0834, 76.3535, 1.7604, -70.6704, 25.944, 61.2998, -45.723, -28.8904, 63.7757, 18.3663, -82.4273, 11.8852, 74.7786, -28.9101, -43.7947, 50.5354, 34.3243, -74.465, -2.3986, 82.7259, -11.9687, -58.6969, 37.0561, 49.5102, -59.1297, -16.8769, 74.0902, 4.7998, -73.2323, 23.3659, 63.8352, -42.8599, -31.4989, 61.4484, 21.1122, -82.7473, 9.4566, 76.8137, -26.2187, -46.2002, 48.3275, 36.7651, -72.2645, -4.6633, 82.2651, -9.4935, -60.8729, 34.9924, 51.6507, -56.9169, -18.9614, 72.3402, 7.0232, -75.0518, 21.4562, 65.6714, -40.7957, -33.3875, 59.744, 23.0644, -82.4145, 7.7119, 78.1835, -24.3456, -47.8787, 46.7642, 38.4448, -70.7331, -6.2295, 81.6381, -7.8409, -62.321, 33.5873, 53.0674, -55.4793, -20.335, 71.1629, 8.4356, -76.1675, 20.2193, 66.8262, -39.5385, -34.5561, 58.672, 24.2308, -82.0236, 6.6543, 78.9576, -23.2947, -48.8322, 45.8501, 39.3721, -69.9161, -7.0954, 81.2079, -7.011, -63.0476, 32.8443, 53.7689, -54.8264, -20.9975, 70.5846, 9.0398, -76.6214, 19.6577, 67.3118, -39.0931, -35.0061, 58.2379, 24.6151, -81.8859, 6.2852, 79.1988, -23.0685, -49.0632, 45.5877, 39.5504]","[8.9461, -16.7651, 178.5213, 133.8485, -8.0867, -172.5815, 163.1247, -3.523, -26.2889, 163.2214, 140.0418, -23.3198, -155.6544, 147.8227, -9.6223, -39.8272, 148.5786, 129.9543, -38.2725, -79.2391, 132.2789, 22.3674, -54.6146, 135.6587, 116.3099, -52.3608, -76.465, 116.7536, 80.811, -69.8304, 128.7007, 101.4167, -64.0875, -87.4943, 101.5237, 80.0309, -85.0622, 162.9333, 86.0069, -67.065, -101.4579, 87.0764, 68.6883, -99.9268, -134.5871, 70.4216, -18.0742, -116.4049, 74.7156, 54.6426, -113.7655, -137.0862, 54.9025, 23.6741, -131.6769, 70.1725, 39.5809, -124.7498, -149.0123, 39.7351, 19.2442, -146.9016, 121.0142, 24.0933, -124.2844, -163.2557, 25.4595, 7.1271, -161.6895, 166.9694, 8.4771, -64.1818, -178.3129, 13.6023, -7.1875, -175.3151, 161.7051, -7.038, -35.6026, 166.3749, 11.4162, -22.3678, 174.3525, 149.2296, -22.1601, -42.0644, 151.1542, 72.9869, -37.9131, 178.0493, 134.8023, -36.31, -54.665, 136.4191, 106.829, -53.5552, -116.8344, 119.6684, -47.7936, -69.1577, 122.9417, 100.0731, -69.0741, -96.1769, 104.3244, -48.1689, -84.4205, 113.066, 87.2714, -84.1764, -103.7644, 89.098, 18.267, -100.0095, 119.0525, 72.7288, -98.2657, -116.652, 74.3817, 45.576, -115.6766, -174.4582, 57.5426, -109.5739, -131.2551, 60.9637, 38.0985, -131.2107, -157.6723, 42.17, -109.1763, -146.5725, 51.2598, 25.1336, -146.3241, -165.7908, 26.9241, -41.9265, -162.1947, 57.957, 10.5301, -160.4295, -178.8156, 12.1871]"
2025-07-11,23.3657,116.137,0.1,SUPERVIEW NEO-1 01,52320,28.0,"[80.463, 45.3315, 7.4758, -30.4654, -67.5621, -71.9949, -35.2169, 2.6922, 40.611, 76.8929, 62.0424, 24.5542, -13.4411, -51.1033, -82.6833, -52.0483, -14.3982, 23.6075, 61.134, 77.6598, 41.547, 3.6468, -34.2623, -71.1123, -68.4688, -31.4209, 6.5225, 44.3989, 79.8353, 58.3379, 20.734, -17.2616, -54.8381, -81.9831, -48.3001, -10.5741, 27.4258, 64.8115, 74.4208, 37.7528, -0.1826, -38.0518, -74.5433, -64.8611, -27.6176, 10.3527, 48.1764, 82.0046, 54.606, 16.9101, -21.0786, -58.5521, -79.8128, -44.5374, -6.7468, 31.2396, 68.4378, 70.9661, 33.9505, -4.0117, -41.8328, -77.7561, -61.2011, -23.8077, 14.182, 51.941, 82.6783, 50.8536, 13.0833, -24.8913, -62.2385, -76.8817, -40.7625, -2.9173, 35.048, 71.9832, 67.3932, 30.1412, -7.8397, -45.6038, -80.5276, -57.505, -19.9923, 18.0096, 55.6892, 81.4932, 47.0852, 9.2542, -28.6989, -65.886, -73.5914, -36.9773, 0.914, 38.8499, 75.3899, 63.7494, 26.3261, -11.666, -49.363, -82.3628, -53.7828, -16.1719, 21.8348, 59.4158, 79.0356, 43.304, 5.4238, -32.5007, -69.4754, -70.1181, -33.1831, 4.7461, 42.6439, 78.535, 60.0593, 22.5061, -15.4897, -53.1075, -82.5359, -50.0405, -12.3474, 25.6568, 63.1128, 75.9575, 39.5122, 1.5926, -36.2956, -72.9717, -66.5416, -29.3811, 8.5784, 46.4285, 81.137, 56.3372, 18.682, -19.3103, -56.8337, -80.9506, -46.2822, -8.5195, 29.4748, 66.7674, 72.5839, 35.7116]","[31.9159, -12.8459, -21.8472, -29.6501, -45.9203, 172.852, 152.3075, 144.2562, 135.777, 106.1828, -28.9834, -42.1136, -49.7414, -59.6414, -139.2371, 133.9151, 123.8275, 116.2153, 103.4686, -29.7632, -61.6087, -70.1776, -78.1697, -97.672, 120.7508, 103.773, 95.9271, 87.0417, 46.1232, -78.7963, -90.5243, -98.1033, -108.8184, 144.602, 84.8929, 75.4781, 67.7781, 53.2652, -86.09, -110.2693, -118.5038, -126.7535, -151.1185, 69.8107, 55.2923, 47.5903, 38.1824, -21.9048, -128.2333, -138.9069, -146.4872, -158.2673, 76.7845, 36.0326, 27.1411, 19.2981, 2.3197, -139.4805, -158.8497, -166.8303, -175.4184, 152.4654, 19.6087, 6.8545, -0.7589, -10.8391, -98.2954, -177.4013, 172.732, 165.1002, 151.9037, 16.8236, -12.7039, -21.1882, -29.2359, -49.7954, 168.8041, 152.6333, 144.8388, 135.8134, 90.6505, -30.0995, -41.5494, -49.1257, -60.0768, -172.8428, 133.6289, 124.387, 116.6513, 101.5236, -38.5724, -61.3441, -69.5144, -77.8379, -103.8711, 118.1072, 104.1667, 96.4988, 86.9116, 20.1424, -79.4632, -89.9268, -97.516, -109.6105, 121.7896, 84.8087, 76.0528, 68.1565, 50.3084, -91.4481, -109.9086, -117.8417, -126.526, -161.4424, 68.0669, 55.7401, 48.1448, 37.8344, -56.9257, -128.5781, -138.2839, -145.9368, -159.5618, 63.3685, 36.1035, 27.725, 19.604, -2.2427, -142.8603, -158.4131, -166.1747, -175.3244, 134.6518, 18.4711, 7.345, -0.2284, -11.4783, -129.1363, -177.5085, 173.3737, 165.604, 149.8743, 8.8266, -12.5121]"
2020-02-10,39.9289,116.388,0.0992385986627899,WNISAT 1R,42835,14.5,"[-48.1503, -10.9751, 26.5058, 63.4493, 75.9319, 39.9842, 2.5381, -34.8645, -71.1523, -68.8308, -32.3843, 5.0109, 42.4026, 77.9166, 61.1113, 24.0584, -13.4577, -50.6111, -82.4133, -53.5412, -16.4828, 20.9982, 58.1169, 80.1641, 45.4493, 8.0631, -29.3904, -66.0263, -73.8362, -37.8456, -0.5091, 36.9303, 73.2313, 66.3979, 29.5652, -7.9418, -45.1998, -79.8218, -58.8901, -21.982, 15.4841, 52.727, 82.5019, 50.8899, 13.5866, -23.9023, -60.7692, -78.4119, -43.2878, -6.0269, 31.4427, 68.1571, 71.5464, 35.0608, -2.4211, -39.7624, -75.53, -64.176, -27.4705, 9.966, 47.2994, 81.2648, 56.2966, 19.1063, -18.4028, -55.4374, -81.8109, -48.7059, -11.5401, 25.9434, 62.9095, 76.4043, 40.5419, 3.1024, -34.3043, -70.6347, -69.3563, -32.9456, 4.446, 41.8453, 77.4704, 61.6533, 24.62, -12.8941, -50.0577, -82.2841, -54.0926, -17.0467, 20.4353, 57.5703, 80.5208, 46.004, 8.6265, -28.8295, -65.4917, -74.3324, -38.4047, -1.0736, 36.3716, 72.7276, 66.9289, 30.125, -7.3785, -44.6442, -79.4314, -59.4358, -22.5446, 14.9211, 52.1762, 82.5504, 51.441, 14.1489, -23.341, -60.2258, -78.8358, -43.8442, -6.5906, 30.883, 67.6299, 72.0567, 35.6185, -1.8583, -39.2053, -75.0468, -64.7129, -28.0313, 9.403, 46.7459, 80.9597, 56.8428, 19.6673, -17.8413, -54.889, -82.0284, -49.259, -12.1029, 25.383, 62.3709, 76.8681, 41.0972, 3.6646, -33.7461, -70.1167, -69.8777]","[-48.7735, -58.2242, -65.9275, -79.8614, 144.1808, 116.5414, 108.0676, 99.9979, 80.2065, -60.1083, -77.5837, -85.5087, -94.2198, -127.4803, 101.2851, 88.419, 80.7679, 70.889, -1.1535, -94.8133, -105.2975, -112.903, -124.6669, 113.8081, 70.0404, 60.9594, 53.1632, 37.7848, -100.8724, -124.3478, -132.6228, -140.8403, -163.4088, 57.1487, 41.4884, 33.6782, 24.6475, -16.9846, -140.3327, -152.3268, -159.9397, -170.2649, 99.9479, 23.8245, 13.8714, 6.2269, -6.4691, -135.9293, -170.9419, -179.7358, 172.3765, 155.4243, 14.9603, -5.3382, -13.4308, -21.8705, -48.5531, 174.9888, 160.708, 152.9821, 143.6433, 91.0547, -21.965, -33.181, -40.7819, -51.7374, -158.1626, 142.7061, 133.1655, 125.477, 111.8101, -23.2322, -52.0198, -60.5455, -68.5807, -87.7992, 131.7783, 113.8331, 105.8786, 97.2265, 65.4351, -67.0841, -80.1795, -87.8414, -97.6183, -165.7257, 96.7097, 86.0959, 78.4941, 66.9038, -52.2943, -98.4966, -107.6524, -115.4276, -130.4694, 91.4103, 67.0838, 58.764, 50.5866, 28.7532, -111.0746, -127.1011, -134.9338, -143.8935, 176.5753, 51.2584, 39.0721, 31.4523, 21.2446, -64.4439, -144.677, -154.7376, -162.3726, -174.8553, 57.2554, 20.5106, 11.6517, 3.7897, -12.7492, -152.982, -173.9152, 177.9558, 169.5654, 143.8883, 6.6936, -7.8852, -15.6292, -24.8866, -74.5913, 169.5878, 158.2144, 150.6124, 139.7991, 36.8322, -25.8112, -35.4447, -43.1197, -56.5327, 169.4386, 139.4207, 130.8412, 122.8389, 104.1586, -36.3089]"
2025-04-02,39.9289,116.388,0.0984575223490588,CARBSAR,67397,21.9,"[-55.7193, -81.4589, -47.3507, -9.5901, 28.4526, 65.8422, 73.3047, 36.4715, -1.52, -39.3934, -75.6796, -63.5054, -26.2036, 11.8095, 49.6643, 82.4042, 52.9258, 15.1428, -22.8727, -60.29, -78.3982, -42.7001, -4.86, 33.1655, 70.2846, 68.9695, 31.7667, -6.2504, -44.0552, -79.4058, -58.968, -21.4944, 16.5419, 54.3086, 81.9777, 48.2754, 10.4116, -27.5776, -64.8093, -74.5024, -38.0317, -0.1265, 37.8692, 74.5575, 64.4941, 27.0528, -10.9779, -48.6994, -82.0447, -54.384, -16.777, 21.2714, 58.9222, 79.2509, 43.6039, 5.6785, -32.2731, -69.2472, -70.2576, -33.3487, 4.6091, 42.5615, 78.4733, 59.9392, 22.3315, -15.7011, -53.3211, -82.3709, -49.767, -12.0526, 25.9963, 63.4911, 75.4641, 38.9161, 0.9448, -36.9576, -73.5411, -65.8445, -28.6531, 9.3453, 47.2391, 81.5249, 55.3346, 17.6045, -20.4188, -57.9132, -80.1513, -45.1251, -7.3227, 30.715, 67.9897, 71.2472, 34.2155, -3.7881, -41.629, -77.5451, -61.3384, -23.9468, 14.0808, 51.8975, 82.5609, 50.6961, 12.8733, -25.1294, -62.4635, -76.5944, -40.4636, -2.5887, 35.4257, 72.3662, 66.8323, 29.5045, -8.5189, -46.2844, -80.8734, -56.7745, -19.2314, 18.814, 56.5303, 80.8676, 46.0333, 8.1394, -29.8316, -66.9506, -72.495, -35.7859, 2.148, 40.1263, 76.5045, 62.312, 24.7853, -13.2461, -50.9201, -82.5587, -52.1715, -14.5084, 23.5434, 61.1265, 77.5087, 41.3519, 3.4043, -34.5237, -71.332, -68.1541]","[-108.6065, 139.928, 85.4845, 76.1057, 68.2851, 52.9467, -86.9946, -109.7046, -117.9394, -126.3934, -153.4234, 69.8383, 55.86, 48.1118, 38.3386, -32.7242, -127.9652, -138.3812, -146.0634, -158.6159, 71.3808, 36.4272, 27.6472, 19.6176, 0.6869, -140.7574, -158.4352, -166.3909, -175.3246, 145.3069, 19.3644, 7.2929, -0.3767, -11.1155, -115.7896, -177.3238, 173.1382, 165.3537, 150.673, 12.204, -12.4602, -20.8029, -29.1443, -53.9562, 167.4551, 152.9208, 145.1467, 135.5579, 72.9416, -30.4937, -41.2287, -48.8982, -60.98, 172.2399, 133.572, 124.6768, 116.7044, 98.8159, -42.3584, -61.2221, -69.2531, -78.0323, -113.3337, 116.7881, 104.3418, 96.6641, 86.1812, -9.9907, -79.9449, -89.7176, -97.4652, -111.4671, 111.2601, 84.6507, 76.2258, 67.9668, 44.935, -94.5832, -109.8899, -117.7117, -127.0912, 177.6406, 66.8083, 55.8116, 48.1512, 36.4319, -85.556, -129.1151, -138.1842, -146.0936, -162.9549, 55.8413, 35.864, 27.7765, 19.1117, -12.8617, -145.5106, -158.4869, -166.1877, -176.3865, 95.8961, 17.2764, 7.3167, -0.4042, -13.875, -148.849, -178.0849, 173.3621, 165.1966, 143.8254, 3.1747, -12.8223, -20.6793, -29.9018, -78.6921, 164.3434, 152.9692, 145.3091, 133.9815, 16.8574, -31.9496, -41.1537, -49.0168, -65.0627, 154.5943, 133.0921, 124.9127, 116.3783, 87.3247, -48.0026, -61.433, -69.1504, -79.1331, -157.4877, 114.6996, 104.4644, 96.7671, 83.8508, -49.0475, -80.9591, -89.6092, -97.7057, -117.7406, 101.3349]"
2020-09-04,24.0,109.0,0.0979003239330823,SKYSAT C7,42991,14.3,"[77.5106, 61.0963, 23.4767, -14.6317, -52.3784, -82.5279, -50.4744, -12.6686, 25.4586, 63.0228, 75.8531, 39.3255, 1.2941, -36.7044, -73.419, -65.8597, -28.5539, 9.5355, 47.4865, 81.6646, 55.0166, 17.2264, -20.8762, -58.4619, -79.6911, -44.3269, -6.4092, 31.6972, 68.9583, 70.2659, 33.1109, -4.9671, -42.8872, -78.6288, -59.8779, -22.3219, 15.7979, 53.6363, 82.2059, 48.8792, 10.969, -27.1081, -64.4674, -74.7098, -38.1475, -0.1449, 37.9192, 74.6412, 64.3723, 26.8791, -11.2239, -49.0402, -82.2048, -53.8075, -16.0767, 22.0534, 59.7331, 78.6086, 42.7037, 4.7079, -33.3238, -70.3318, -69.0589, -31.9439, 6.1208, 44.1191, 79.657, 58.3395, 20.6348, -17.4731, -55.1526, -81.6798, -47.6826, -9.8218, 28.2987, 65.7431, 73.3692, 36.5013, -1.5537, -39.5193, -75.8883, -63.1535, -25.7211, 12.3849, 50.2893, 82.5255, 52.2309, 14.3815, -23.7116, -61.2049, -77.5623, -41.52, -3.5604, 34.5296, 71.5883, 67.6096, 30.279, -7.8126, -45.6889, -80.5876, -57.126, -19.4833, 18.6439, 56.4171, 80.9174, 46.0751, 8.1227, -29.9359, -67.157, -72.1875, -35.3295, 2.7043, 40.7417, 77.0532, 61.6416, 24.0418, -14.0657, -51.8245, -82.5793, -51.0286, -13.2339, 24.8946, 62.4796, 76.3302, 39.8871, 1.8617, -36.1424, -72.9134, -66.3952, -29.1172, 8.969, 46.9286, 81.3916, 55.5701, 17.7936, -20.3097, -57.9122, -80.0743, -44.8856, -6.9762, 31.1332, 68.4283, 70.7889, 33.6757]","[179.1148, 46.1754, 33.2718, 25.5704, 15.2836, -74.9562, -150.9679, -160.8793, -168.6219, 177.6076, 40.9547, 13.491, 5.0256, -3.2241, -26.0767, -165.8263, 178.845, 171.0174, 161.5961, 104.6573, -4.5733, -15.4905, -23.1621, -35.071, -159.711, 159.4261, 150.4474, 142.4862, 124.8164, -16.6864, -35.5948, -43.6254, -52.4336, -88.3039, 142.4223, 130.0124, 122.3253, 111.7428, 11.227, -54.5517, -64.1922, -71.9714, -86.4708, 135.2164, 110.1557, 101.7941, 93.4429, 68.4797, -70.0479, -84.5157, -92.2917, -101.9471, -167.6544, 91.8725, 81.2644, 73.5788, 61.2047, -68.2347, -104.0606, -112.858, -120.8944, -139.8444, 78.8427, 61.1089, 53.141, 44.1775, 3.4595, -121.4379, -133.3234, -140.9943, -151.9313, 99.1008, 42.0111, 32.5715, 24.7485, 9.4714, -130.4612, -153.2667, -161.5089, -169.983, 162.5054, 26.029, 12.2145, 4.4685, -5.4215, -81.342, -171.7852, 177.9454, 170.2423, 157.3124, 24.6146, -7.4244, -16.0901, -24.2051, -44.586, 174.295, 157.7304, 149.8356, 140.6848, 94.1451, -25.0859, -36.5754, -44.245, -55.5433, -172.3239, 138.477, 129.2629, 121.3867, 105.181, -35.4773, -56.5821, -64.7408, -73.3386, -103.8757, 122.0004, 108.8665, 101.1557, 90.9841, 4.8811, -75.2787, -85.295, -93.0253, -106.5373, 117.7242, 89.1216, 80.6064, 72.3962, 50.2988, -89.8745, -105.5524, -113.4001, -122.7382, -176.4719, 71.1596, 60.0976, 52.4289, 40.699, -81.8423, -124.9225, -133.971, -141.9059, -159.1229, 59.4789, 40.0178]"
2023-04-12,39.9289,116.388,0.0966608475143372,OBJECT A,44486,8.6,"[33.5262, 58.9704, -16.1723, -55.0982, 59.8363, 39.6464, -40.1872, -20.7748, 80.7028, 20.101, -66.9714, 11.9333, 72.7651, -0.3039, -78.1785, 41.015, 53.6906, -22.3417, -46.226, 66.0444, 34.5229, -46.8082, -12.2941, 82.6619, 15.011, -73.7359, 19.3821, 68.0945, -5.5124, -71.4203, 47.3016, 49.0953, -27.8176, -38.5053, 71.1458, 30.071, -52.6435, -5.1274, 81.3089, 10.588, -79.0664, 25.5737, 64.0294, -10.0315, -65.1129, 52.4804, 45.1852, -32.5469, -32.0032, 75.1801, 26.2953, -57.6203, 0.7614, 78.7099, 6.8504, -82.187, 30.5864, 60.6292, -13.8273, -59.7572, 56.629, 41.9601, -36.4805, -26.7421, 78.1743, 23.2031, -61.6783, 5.4169, 76.1784, 3.8175, -82.4724, 34.4871, 57.9112, -16.8684, -55.5076, 59.8105, 39.4205, -39.5758, -22.723, 80.1827, 20.8028, -64.7753, 8.8815, 74.1232, 1.5067, -81.1514, 37.3283, 55.8804, -19.1283, -52.429, 62.0745, 37.5679, -41.7999, -19.9374, 81.3431, 19.1018, -66.8892, 11.1894, 72.6744, -0.0681, -79.8089, 39.1476, 54.5384, -20.5874, -50.5516, 63.4578, 36.404, -43.1306, -18.3762, 81.8826, 18.1058, -68.016, 12.3632, 71.8791, -0.8977, -79.1125, 39.9671, 53.8859, -21.2345, -49.8883, 63.9825, 35.93, -43.557, -18.0338, 82.0154, 17.8174, -68.1607, 12.4123, 71.7555, -0.979, -79.2525, 39.7935, 53.9242, -21.0673, -50.4422, 63.6542, 36.1464, -43.0799, -18.9109, 81.8154, 18.2361, -67.3297, 11.332, 72.3085]","[73.5126, -126.4877, -114.7331, 49.7453, 70.4361, -131.2363, -121.6126, 46.5974, 98.5188, -138.7956, -121.2068, 39.9731, -168.8574, -147.0389, -7.7902, 33.8604, -165.4084, -155.028, 11.469, 33.2939, -171.381, -161.1615, 6.601, 94.7606, -179.2616, -153.8376, -0.1781, 155.8024, 172.4459, -33.5352, -5.7361, 154.9486, 164.6462, -27.8752, -2.5881, 148.237, 159.4783, -33.6408, 86.8822, 140.1502, -179.4148, -40.4293, 117.9629, 131.8514, -68.3141, -45.2918, 114.8618, 124.2769, -67.7985, -36.806, 107.6772, 120.2956, -74.0682, 62.9215, 99.4557, 167.382, -80.7845, 78.8781, 91.1751, -106.1461, -84.8588, 74.4727, 83.8394, -108.09, -69.1636, 66.974, 81.2157, -114.6536, 30.3401, 58.6629, 159.3953, -121.2616, 39.0668, 50.4098, -145.3749, -124.5319, 33.8586, 43.2988, -148.6478, -100.2165, 26.1475, 42.0687, -155.3869, -6.2056, 17.7746, 139.4191, -161.8877, -1.2245, 9.5455, 174.6047, -164.4458, -6.9361, 2.6139, 170.58, -131.7351, -14.7904, 2.5812, 163.7336, -44.8515, -23.2086, 108.2898, 157.3081, -41.8701, -31.4279, 134.051, 155.2473, -47.886, -38.2549, 129.6197, -166.1443, -55.8333, -37.566, 122.7057, -84.8289, -64.2874, 70.8274, 116.301, -82.8059, -72.5178, 93.0766, 114.4189, -88.9774, -79.3357, 88.4832, 154.7799, -96.9775, -78.61, 81.527, -125.8365, -105.4622, 28.9494, 75.0777, -124.0055, -113.7277, 51.7156, 73.0088, -130.2052, -120.6376, 47.1725, 110.5022, -138.2221, -120.5812, 40.1969, -167.8369]"
2016-12-13,39.9289,116.388,0.095585678761542,WORLDVIEW 1,32060,28.3,"[-11.7175, 26.0683, 63.2874, 75.9523, 39.7453, 2.0394, -35.6548, -72.2035, -67.4838, -30.583, 7.1551, 44.8035, 79.9319, 58.3504, 20.9669, -16.8235, -54.217, -82.2326, -49.2784, -11.7782, 26.0079, 63.2292, 76.0037, 39.8054, 2.1001, -35.5947, -72.1487, -67.5407, -30.6433, 7.0945, 44.7436, 79.8906, 58.4093, 21.0274, -16.763, -54.1579, -82.2517, -49.3379, -11.8387, 25.9474, 63.1711, 76.055, 39.8654, 2.1608, -35.5347, -72.0939, -67.5975, -30.7034, 7.0339, 44.6838, 79.8491, 58.4681, 21.0878, -16.7026, -54.0989, -82.2705, -49.3972, -11.8992, 25.8871, 63.113, 76.1062, 39.9254, 2.2213, -35.4747, -72.0391, -67.6543, -30.7635, 6.9733, 44.624, 79.8075, 58.5268, 21.1482, -16.6422, -54.04, -82.2887, -49.4565, -11.9596, 25.8268, 63.055, 76.1573, 39.9853, 2.2818, -35.4148, -71.9844, -67.7109, -30.8235, 6.9129, 44.5643, 79.7657, 58.5855, 21.2086, -16.5819, -53.9811, -82.3066, -49.5157, -12.02, 25.7666, 62.997, 76.2082, 40.0451, 2.3422, -35.355, -71.9297, -67.7675, -30.8835, 6.8525, 44.5047, 79.7238, 58.6441, 21.2688, -16.5217, -53.9223, -82.324, -49.5748, -12.0803, 25.7064, 62.9391, 76.259, 40.1049, 2.4026, -35.2952, -71.875, -67.824, -30.9434, 6.7921, 44.4452, 79.6818, 58.7026, 21.329, -16.4615, -53.8635, -82.3409, -49.6339, -12.1405, 25.6463, 62.8812, 76.3097, 40.1646, 2.4629, -35.2355, -71.8203, -67.8805, -31.0032, 6.7319]","[-83.5206, -91.1912, -104.9474, 118.4371, 91.0344, 82.6202, 74.5278, 53.6187, -87.0603, -103.3406, -111.1601, -120.1127, -161.8823, 74.2983, 62.5311, 54.9431, 44.3482, -56.7716, -121.7528, -131.3503, -139.0194, -152.747, 70.7313, 43.2097, 34.7901, 26.7017, 5.8632, -134.8454, -151.168, -158.9901, -167.9351, 150.5323, 26.4886, 14.7022, 7.1137, -3.4671, -104.1863, -169.5725, -179.18, 173.1524, 159.4533, 23.0263, -4.615, -13.0399, -21.1245, -41.8929, 177.3697, 161.0047, 153.18, 144.2424, 102.9446, -21.3209, -33.1268, -40.7157, -51.2824, -151.5994, 142.6079, 132.9902, 125.3241, 111.6534, -24.6779, -52.4397, -60.87, -68.9507, -89.6495, 129.5851, 113.1773, 105.35, 96.4198, 55.3545, -69.1305, -80.9557, -88.5451, -99.0979, 160.9891, 94.7883, 85.1605, 77.4959, 63.8533, -72.3813, -100.2643, -108.7001, -116.7769, -137.4066, 81.8006, 65.3499, 57.52, 48.5973, 7.7623, -116.9399, -128.7846, -136.3745, -146.9134, 113.579, 46.9687, 37.3307, 29.6676, 16.0529, -120.0838, -148.089, -156.5302, -164.6031, 174.8356, 34.0163, 17.5226, 9.69, 0.7746, -39.8323, -164.7493, -176.6136, 175.796, 165.271, 66.1704, -0.8509, -10.4991, -18.1608, -31.7476, -167.7856, 164.0864, 155.6397, 147.5706, 127.0773, -13.7678, -30.3048, -38.14, -47.0481, -87.4291, 147.4414, 135.5575, 127.9666, 117.4553, 18.7633, -48.6704, -58.3288, -65.9891, -79.5482, 144.5135, 116.2617, 107.8096, 99.7443, 79.3185, -61.5517, -78.1322, -85.97]"
2024-10-14,21.4167,121.5,0.0944955527311273,FLOCK 4BE 17,60492,24.3,"[-23.8016, -61.5146, -77.1868, -40.8108, -2.6329, 35.6516, 72.8108, 66.2028, 28.5741, -9.7449, -47.8114, -81.8888, -54.6358, -16.7117, 21.6215, 59.5136, 78.6925, 42.561, 4.3442, -33.907, -71.0919, -68.1392, -30.7394, 7.541, 45.7207, 80.8791, 56.4049, 18.4294, -19.8974, -57.7349, -80.1176, -44.6737, -6.5513, 31.7574, 69.2139, 69.8813, 32.4731, -5.8286, -43.9592, -79.621, -58.438, -20.619, 17.7097, 55.705, 81.2842, 46.4292, 8.2624, -30.0201, -67.4587, -71.754, -34.6249, 3.6228, 41.8508, 78.1407, 60.2075, 22.3393, -15.9908, -53.9296, -82.1683, -48.5222, -10.4657, 27.859, 65.5232, 73.4523, 36.3634, -1.9128, -40.0971, -76.5918, -62.2087, -24.5194, 13.797, 51.8753, 82.6188, 50.2824, 12.1773, -26.1284, -63.7524, -75.2263, -38.5002, -0.2934, 37.9729, 74.885, 63.974, 26.2431, -12.0825, -50.1056, -82.5751, -52.3535, -14.3752, 23.9573, 61.7753, 76.8317, 40.2438, 2.0018, -36.227, -73.2089, -65.9361, -28.4122, 9.8842, 48.0299, 82.0404, 54.1176, 16.0883, -22.233, -59.9996, -78.4317, -42.3639, -4.2068, 34.0888, 71.3817, 67.689, 30.1398, -8.1734, -46.2672, -81.1122, -56.1639, -18.2792, 20.0534, 57.99, 79.8312, 44.1128, 5.9145, -32.3503, -69.6478, -69.5994, -32.2964, 5.9722, 44.1728, 79.874, 57.9302, 19.9945, -18.3347, -56.2154, -81.0828, -46.2144, -8.1166, 30.1997, 67.7477, 71.3245, 34.0286, -4.2642, -42.4176, -78.4723, -59.9478]","[-23.6697, -36.658, -170.9682, 158.417, 149.8553, 141.6994, 119.8846, -21.0605, -36.5328, -44.3384, -53.7557, -112.7199, 139.8286, 129.0741, 121.4159, 109.1908, -20.6087, -56.421, -65.1683, -73.211, -92.8436, 125.4381, 108.5928, 100.7072, 91.579, 43.3286, -74.6922, -85.9271, -93.5747, -105.1891, 131.7157, 88.8575, 79.8737, 71.9377, 54.1632, -87.9475, -106.3433, -114.3141, -123.2108, -163.2642, 70.9857, 59.1459, 51.4952, 40.4522, -74.0556, -125.9223, -135.147, -143.0025, -159.3257, 59.2188, 38.8124, 30.7272, 22.0543, -11.6588, -143.3618, -155.8428, -163.5078, -174.092, 82.9808, 19.4291, 9.8997, 2.1171, -12.9275, -153.3352, -176.0932, 175.7031, 167.2082, 138.2219, 2.5376, -10.7536, -18.4499, -28.5983, -117.9932, 164.7258, 154.8842, 147.1536, 133.1204, -5.0355, -30.8994, -39.2576, -47.5807, -72.8003, 148.4411, 134.2741, 126.5378, 116.7396, 41.9585, -49.8267, -60.0616, -67.7499, -80.8672, 143.8843, 114.2336, 105.7177, 97.5297, 75.1661, -65.3346, -80.616, -88.4131, -97.8752, -159.2154, 95.5724, 84.9307, 77.2681, 64.8815, -65.7713, -100.5241, -109.2423, -117.3014, -137.2893, 80.9492, 64.4324, 56.568, 47.3757, -2.8323, -118.851, -130.0048, -137.6536, -149.3638, 85.8819, 44.6586, 35.7345, 27.7748, 9.6248, -132.3265, -150.4315, -158.3889, -167.3207, 151.2158, 26.6889, 14.9981, 7.3499, -3.8178, -120.0918, -170.0369, -179.2224, 172.9104, 156.3486, 14.5644, -5.3569, -13.412, -22.1356, -57.0435, 172.4443]"
2024-02-15,39.9289,116.388,0.0935279805317112,REAKTOR HELLO WORLD,43743,12.5,"[-19.9641, -44.0557, 78.3701, -53.6212, -17.0545, 64.4842, -78.9344, 12.8574, 26.6925, -71.7381, 44.1896, -14.2021, -47.9202, 74.5158, -49.2453, -21.2137, 69.1527, -76.0876, 8.5362, 32.1556, -74.6771, 40.0305, -9.121, -51.2018, 70.928, -45.3748, -24.7307, 72.9354, -73.3888, 4.8783, 36.7065, -77.0227, 36.5083, -4.7874, -53.9239, 67.8298, -42.0667, -27.6277, 75.8702, -71.0337, 1.8765, 40.3709, -78.7877, 33.6316, -1.2488, -56.1054, 65.3003, -39.3707, -29.9241, 78.0049, -69.1147, -0.4778, 43.1777, -80.0136, 31.4058, 1.4635, -57.7618, 63.3743, -37.3275, -31.6359, 79.4185, -67.683, -2.1925, 45.1535, -80.7777, 29.8348, 3.3308, -58.9051, 62.07, -35.9678, -32.775, 80.2252, -66.7688, -3.2738, 46.3184, -81.1785, 28.9212, 4.3429, -59.5444, 61.3977, -35.3115, -33.3494, 80.5424, -66.3888, -3.7254, 46.6849, -81.2989, 28.6676, 4.4954, -59.6852, 61.3628, -35.3674, -33.3631, 80.4356, -66.5479, -3.5477, 46.2564, -81.1721, 29.0764, 3.7874, -59.3297, 61.9671, -36.133, -32.8158, 79.8819, -67.2409, -2.7377, 45.0272, -80.7683, 30.1503, 2.2223, -58.4765, 63.2086, -37.5946, -31.7027, 78.7826, -68.4512, -1.2889, 42.9825, -80.0092, 31.8919, -0.1918, -57.1204, 65.0802, -39.7268, -30.0145, 77.0141, -70.1506, 0.8088, 40.0998, -78.802, 34.3033, -3.4382, -55.2525, 67.5663, -42.4936, -27.7369, 74.4765, -72.2941, 3.568, 36.3508, -77.0741, 37.3847, -7.4881]","[-7.9125, 179.7681, 129.8367, -22.9735, 167.264, -1.5097, -63.0861, 155.7666, -21.1895, 176.4692, 142.672, -34.3078, 153.629, 114.0743, -48.676, 140.6596, -24.4887, -79.8701, 129.1323, -47.4639, 154.5693, 116.4523, -60.8373, 127.4666, 92.871, -74.7693, 113.9887, -46.4971, -101.0658, 102.3969, -73.8027, 133.6308, 89.9853, -87.4856, 101.2497, 69.1945, -101.1469, 87.2454, -67.5228, -124.5676, 75.5698, -100.2315, 113.4025, 63.3286, -114.2457, 74.9373, 44.1943, -127.7463, 60.4218, -87.903, -149.4171, 48.6561, -126.7832, 93.2324, 36.517, -141.1154, 48.4814, 18.3802, -154.5302, 33.5092, -108.4994, -175.1474, 21.658, -153.494, 72.1254, 9.5713, -168.0954, 21.8336, -7.9993, 178.5239, 6.4995, -130.5817, 158.48, -5.4236, 179.6031, 49.0548, -17.4963, 164.8127, -5.0479, -34.821, 151.4283, -20.6137, -155.3406, 131.5832, -32.5888, 152.4846, 23.3082, -44.6799, 137.6075, -32.1899, -62.0326, 124.1886, -47.8341, 176.6188, 104.2058, -59.8378, 125.1421, -5.3503, -71.9783, 110.2886, -59.5985, -89.6333, 96.8045, -75.1619, 145.499, 76.3317, -87.1711, 97.5843, -36.6613, -99.3949, 82.8569, -87.2581, -117.6727, 69.2696, -102.5942, 112.24, 47.8805, -114.5893, 69.8346, -69.9069, -126.9386, 55.3137, -115.1349, -146.2699, 41.5707, -130.1254, 78.1431, 18.679, -142.0936, 41.9261, -104.0785, -154.6248, 27.6599, -143.1838, -175.6651, 13.6842, -157.748, 44.3179, -11.6076, -169.6866, 13.8946, -138.2084, 177.5201, -0.1052]"
2024-03-12,39.9289,116.388,0.0915441896892863,ICEYE-X65,66300,8.3,"[-45.533, -33.4065, -8.9407, 17.8365, 39.6428, 44.4647, 27.865, 2.0162, -24.3129, -43.0822, -41.8745, -21.841, 4.6678, 30.0332, 45.0484, 38.0798, 15.3336, -11.5892, -35.4358, -45.5241, -33.2652, -8.757, 18.0127, 39.7503, 44.414, 27.7068, 1.8312, -24.4783, -43.1551, -41.7861, -21.6701, 4.8534, 30.1859, 45.0825, 37.9612, 15.1551, -11.7705, -35.5677, -45.5141, -33.1231, -8.5729, 18.189, 39.857, 44.3622, 27.5479, 1.6459, -24.6437, -43.2271, -41.6966, -21.4988, 5.0391, 30.3383, 45.1155, 37.8417, 14.9763, -11.9518, -35.6991, -45.5028, -32.9804, -8.3886, 18.3652, 39.9632, 44.3092, 27.3885, 1.4604, -24.8088, -43.2983, -41.6061, -21.3271, 5.225, 30.4904, 45.1474, 37.7213, 14.797, -12.1333, -35.83, -45.4904, -32.8369, -8.2039, 18.5415, 40.0686, 44.255, 27.2284, 1.2746, -24.9739, -43.3684, -41.5146, -21.1548, 5.411, 30.6423, 45.1782, 37.6001, 14.6174, -12.3148, -35.9604, -45.4767, -32.6927, -8.0189, 18.7178, 40.1733, 44.1997, 27.0678, 1.0886, -25.1389, -43.4377, -41.422, -20.982, 5.5973, 30.7938, 45.2078, 37.478, 14.4373, -12.4965, -36.0904, -45.4619, -32.5477, -7.8335, 18.8941, 40.2773, 44.1432, 26.9066, 0.9023, -25.3037, -43.506, -41.3284, -20.8088, 5.7837, 30.9452, 45.2363, 37.355, 14.2569, -12.6782, -36.2199, -45.4458, -32.4021, -7.6478, 19.0704, 40.3806, 44.0855, 26.7448, 0.7158, -25.4684, -43.5733, -41.2338]","[81.6016, 126.1706, 155.0308, 179.7359, -146.883, -98.0181, -57.5646, -30.8779, -5.1646, 32.4743, 81.8915, 117.7144, 142.8878, 170.2682, -147.6458, -99.5887, -67.5451, -42.9085, -12.8211, 33.3115, 77.7725, 106.5595, 131.2793, 164.7655, -146.3211, -105.991, -79.3541, -53.6042, -15.8447, 33.5595, 69.2675, 94.4137, 121.8534, 164.0594, -147.9548, -116.0079, -91.3772, -61.2061, -14.9783, 29.3738, 58.0884, 82.8233, 116.4153, 165.3757, -154.4177, -127.8301, -102.043, -64.1625, -14.773, 20.8203, 45.9398, 73.4397, 115.7656, 163.6786, -164.4709, -139.8454, -109.5899, -63.2677, -19.0253, 9.6172, 34.368, 68.0665, 117.0724, 157.1552, -176.3059, -150.4809, -112.4791, -63.106, -27.6271, -2.5336, 25.027, 67.4727, 115.3115, 147.0661, 171.6869, -157.9724, -111.5568, -67.425, -38.8538, -14.0866, 19.719, 68.7689, 108.7278, 135.2184, 161.0821, -160.7944, -111.4395, -76.0747, -51.0068, -23.3845, 19.1806, 66.9438, 98.603, 123.2197, 153.6463, -159.8456, -115.8251, -87.3248, -62.5406, -28.6271, 20.4652, 60.3, 86.743, 112.6459, 150.8915, -159.7735, -124.5226, -99.4795, -71.795, -29.1106, 18.5755, 50.1399, 74.753, 105.2663, 151.8658, -164.2257, -135.7957, -110.9939, -76.9719, -27.8387, 11.8718, 38.2678, 64.2106, 102.5786, 151.892, -172.9706, -147.952, -120.2044, -77.401, -29.7934, 1.6766, 26.2868, 56.8875, 103.5775, 147.3731, 175.7334, -159.4465, -125.3153, -76.1428, -36.5567, -10.2071, 15.7762, 54.2669, 103.557]"
2022-02-24,39.9289,116.388,0.0903583689727874,FLOCK 4G 35,62683,4.1,"[12.229, -29.1742, -69.55, -66.8034, -26.2501, 15.1692, 56.2534, 78.8743, 39.7447, -1.6169, -42.8737, -80.8956, -53.5011, -12.4526, 28.9776, 69.4969, 66.6849, 25.9914, -15.4452, -56.4153, -78.8848, -39.9188, 1.3787, 42.707, 80.893, 53.333, 12.1805, -29.2205, -69.5914, -66.7631, -26.2093, 15.2083, 56.2898, 78.8478, 39.7114, -1.6487, -42.9031, -80.9119, -53.4755, -12.4282, 29.0001, 69.5161, 66.6671, 25.9745, -15.4603, -56.4281, -78.8763, -39.9093, 1.3864, 42.7128, 80.8954, 53.3309, 12.1802, -29.2189, -69.5882, -66.768, -26.2163, 15.1994, 56.2793, 78.8572, 39.7258, -1.6323, -42.8852, -80.9002, -53.4969, -12.452, 28.9745, 69.4906, 66.6948, 26.0056, -15.4273, -56.3943, -78.9036, -39.9474, 1.346, 42.671, 80.8694, 53.3759, 12.228, -29.1695, -69.5405, -66.8182, -26.2713, 15.1423, 56.2218, 78.9026, 39.7878, -1.5678, -42.8198, -80.8603, -53.5651, -12.5238, 28.9011, 69.4203, 66.7681, 26.0847, -15.3463, -56.3137, -78.9664, -40.0331, 1.2574, 42.5816, 80.8147, 53.468, 12.324, -29.0723, -69.4483, -66.9137, -26.3741, 15.0371, 56.1175, 78.9835, 39.8976, -1.4551, -42.707, -80.7914, -53.6803, -12.6437, 28.7797, 69.3051, 66.8867, 26.2117, -15.2172, -56.1865, -79.0642, -40.1662, 1.1207, 42.4446, 80.7304, 53.6071, 12.4681, -28.9274, -69.3113, -67.0544, -26.5247, 14.8839, 55.9663, 79.0994, 40.0549, -1.2943, -42.5467, -80.6925, -53.8423, -12.8116]","[33.7919, 25.5387, 6.9017, -137.8359, -154.234, -162.4067, -174.0584, 55.5816, 18.2056, 9.3177, 0.1262, -49.1601, -167.982, -178.9125, 172.8373, 154.227, 9.3262, -7.0102, -15.1797, -26.8625, -157.1041, 165.5093, 156.6138, 147.4318, 98.1282, -20.7788, -31.684, -39.9386, -58.6144, 156.6595, 140.2901, 132.1185, 120.4567, -10.0093, -47.2711, -56.1558, -65.3503, -114.7723, 126.5392, 115.6148, 107.3641, 88.736, -56.1585, -72.4823, -80.6512, -92.3374, 137.3875, 100.0378, 91.1434, 81.961, 32.6384, -86.249, -97.1535, -105.4077, -124.0803, 91.1944, 74.8218, 66.6504, 54.9918, -75.4354, -112.7374, -121.6231, -130.8154, 179.8604, 61.0777, 50.1486, 41.899, 23.2953, -121.604, -137.9467, -146.116, -157.7923, 72.0439, 34.5768, 25.6792, 16.5017, -32.6065, -151.7018, -162.6164, -170.8687, 170.5042, 25.7688, 9.3613, 1.1889, -10.4531, -140.696, -178.1931, 172.9158, 163.731, 114.7362, -4.3664, -15.3111, -23.5579, -42.0956, 172.9901, 156.5966, 148.4259, 136.7728, 6.8674, -30.8736, -39.7788, -48.9463, -97.6107, 142.8628, 131.9272, 123.6784, 105.1382, -39.6168, -56.0916, -64.266, -75.8782, 154.2129, 116.3616, 107.461, 98.2889, 49.8486, -69.7929, -80.7642, -89.0069, -107.4377, 107.6245, 91.1476, 82.9744, 71.3577, -58.1363, -96.3135, -105.2305, -114.3829, -162.3829, 77.445, 66.4773, 58.2335, 39.8205, -104.9615, -121.5367, -129.7142, -141.2839, 89.2984, 50.927, 42.0124, 32.8579, -14.8132, -135.2015, -146.2108]"
2021-01-01,39.9289,116.388,0.0897256515774693,FLOCK 4S 1,47543,23.3,"[40.0013, 52.1551, -40.8924, -71.6294, -19.6242, 39.9505, 52.3192, -40.7687, -71.687, -19.6932, 39.7938, 52.6337, -40.5248, -71.8231, -19.8432, 39.5318, 53.0982, -40.1599, -72.0376, -20.0739, 39.1651, 53.7121, -39.6731, -72.3303, -20.3851, 38.6948, 54.4745, -39.0628, -72.7007, -20.7766, 38.1219, 55.3844, -38.3276, -73.1483, -21.2482, 37.4475, 56.4402, -37.4656, -73.672, -21.7996, 36.6732, 57.6402, -36.4747, -74.2704, -22.4306, 35.8004, 58.9821, -35.3525, -74.9412, -23.1406, 34.8308, 60.463, -34.0963, -75.6813, -23.9295, 33.7664, 62.0792, -32.7032, -76.4859, -24.797, 32.6089, 63.8258, -31.17, -77.3477, -25.7428, 31.3604, 65.6966, -29.4934, -78.256, -26.7666, 30.0231, 67.6831, -27.6697, -79.1936, -27.8683, 28.5991, 69.7739, -25.6951, -80.1342, -29.0476, 27.0907, 71.952, -23.5656, -81.0361, -30.3044, 25.5003, 74.1916, -21.2769, -81.8342, -31.6388, 23.83, 76.4497, -18.8249, -82.433, -33.0508, 22.0821, 78.6495, -16.2052, -82.7112, -34.5405, 20.259, 80.6436, -13.4136, -82.5542, -36.1084, 18.3628, 82.1477, -10.4461, -81.908, -37.7546, 16.3955, 82.7172, -7.2987, -80.7982, -39.4799, 14.3593, 82.0345, -3.9682, -79.2945, -41.2849, 12.256, 80.2765, -0.4517, -77.468, -43.1704, 10.0875, 77.8402, 3.2528, -75.3719, -45.1374, 7.8551, 75.0072, 7.1461, -73.0411, -47.1873, 5.5605, 71.9292, 11.2281, -70.4961, -49.321, 3.2046, 68.6867, 15.4969, -67.7481]","[116.6443, -81.8746, -68.951, 79.1672, 96.2908, 102.1505, -96.414, -83.4615, 64.6039, 81.7983, 87.6337, -111.0064, -97.9985, 49.9289, 67.294, 73.0943, -125.6542, -112.5618, 35.1367, 52.7781, 58.533, -140.3608, -127.1506, 20.2188, 38.2505, 43.9508, -155.131, -141.7642, 5.1626, 23.7109, 29.3485, -169.9716, -156.4017, -10.0494, 9.1593, 14.7275, 175.1086, -171.0618, -25.4409, -5.4045, 0.0891, 160.0977, 174.2566, -41.0434, -19.9809, -14.5653, 144.98, 159.5548, -56.8999, -34.57, -29.2344, 129.7344, 144.8341, -73.0682, -49.1722, -43.9166, 114.3324, 130.0956, -89.6276, -63.7882, -58.6107, 98.7343, 115.3405, -106.6874, -78.4183, -73.3152, 82.8842, 100.5701, -124.4005, -93.0633, -88.029, 66.7014, 85.7851, -142.9805, -107.724, -102.7509, 50.0646, 70.9864, -162.7242, -122.4013, -117.4799, 32.7865, 56.1746, 175.975, -137.0965, -132.2152, 14.5648, 41.35, 152.6587, -151.811, -146.9559, -5.1076, 26.5127, 126.9732, -166.5464, -161.7015, -27.1069, 11.6625, 99.0755, 178.6952, -176.4514, -52.9062, -3.2012, 70.0605, 163.9113, 168.7945, -84.4384, -18.0792, 41.674, 149.0988, 154.0367, -121.7957, -32.9729, 15.2692, 134.2541, 139.275, -159.5403, -47.8844, -8.761, 119.3727, 124.5096, 168.2447, -62.816, -30.6777, 104.4486, 109.7401, 141.9146, -77.7713, -50.937, 89.4749, 94.9662, 119.5588, -92.7545, -69.9582, 74.4424, 80.1875, 99.6349, -107.7714, -88.0658, 59.3393, 65.4033, 81.2161, -122.8296, -105.4959]"
2024-06-11,39.9289,116.388,0.0890376074809824,FLOCK 4EP 9,46815,23.1,"[77.3796, -35.8606, 3.4256, 70.8502, -79.2069, 37.0343, 38.1004, -56.3889, 64.8548, -8.4454, -16.7544, 81.6263, -58.6087, 20.0785, 56.8966, -75.8221, 50.8347, 17.5798, -37.4921, 76.2115, -33.5405, 1.5847, 72.1475, -77.9831, 35.6197, 39.72, -57.8353, 63.7919, -6.741, -18.112, 81.8681, -57.4439, 19.0129, 57.8262, -76.537, 50.0707, 18.5295, -38.2583, 75.7275, -32.9138, 0.9758, 72.558, -77.7594, 35.2257, 40.0329, -57.984, 63.5806, -6.7734, -18.1606, 81.8744, -57.7848, 19.0785, 57.6802, -76.1608, 50.2402, 17.9198, -37.6995, 75.9666, -33.9995, 1.6004, 72.101, -78.5801, 35.8564, 39.0382, -56.847, 64.2243, -8.558, -16.9096, 81.6662, -59.6195, 20.2686, 56.4449, -74.6652, 51.3384, 15.7151, -35.8257, 76.9101, -36.7867, 3.4417, 70.7462, -80.2212, 37.4965, 36.6839, -54.4244, 65.7101, -12.1235, -14.3777, 80.9999, -62.8809, 22.5557, 54.0634, -71.9537, 53.3448, 11.8321, -32.6466, 78.4642, -41.2256, 6.4643, 68.4188, -81.8866, 40.1123, 32.8627, -50.7084, 68.0077, -17.4924, -10.5962, 79.4841, -67.4324, 25.8924, 50.4308, -67.9413, 56.2249, 6.1506, -28.1767, 80.362, -47.209, 10.6133, 65.0071, -81.5889, 43.6544, 27.4077, -45.6896, 71.06, -24.6451, -5.614, 76.7965, -73.0128, 30.213, 45.3835, -62.5864, 59.9313, -1.4574, -22.443, 81.8501, -54.5541, 15.8126, 60.3616, -77.8235, 48.0609, 20.0951, -39.3654, 74.7479, -33.4692, 0.4964]","[-27.9202, -177.3938, 5.2892, -153.097, 134.874, -7.6632, -177.9632, 5.3068, -26.3897, 167.2846, -11.6688, -124.8405, 148.1026, -24.3508, 168.3168, 6.5303, -38.721, 151.116, -27.7899, -71.0634, 136.0546, -41.4747, 161.8973, 93.7065, -54.3797, 135.398, -41.0071, -72.5928, 120.5021, -58.4788, -165.3021, 101.6591, -71.2037, 121.7686, -38.3703, -85.4787, 104.245, -74.6308, -116.7243, 89.1567, -88.4077, 115.6025, 47.5492, -101.3181, 88.4606, -87.9363, -119.468, 73.4806, -105.4855, 148.1686, 54.4647, -118.2327, 74.689, -86.4732, -132.5629, 57.1378, -121.7654, -164.4525, 41.9231, -135.51, 67.8365, -3.0856, -148.4733, 41.2152, -135.4928, -166.9886, 26.2172, -152.6883, 95.4986, 6.477, -165.4377, 27.083, -137.2914, -179.9803, 9.7936, -169.1795, 145.5258, -5.6725, 177.2197, 18.7783, -60.2132, 164.1465, -6.3244, 176.4317, 144.753, -21.2999, 159.9226, 37.7116, -42.5633, 147.1765, -20.9743, 170.5778, 132.2243, -37.7842, 143.1666, 92.1428, -53.7064, 129.7832, -31.1298, -129.4255, 116.5169, -54.1263, 128.0124, 95.4945, -69.0984, 112.3628, -22.5088, -93.3527, 99.5978, -69.3661, 118.4389, 83.9507, -85.5946, 95.3245, 32.7338, -102.3463, 82.1799, -81.3962, 147.7194, 68.5888, -102.1526, 79.422, 44.6348, -117.2375, 64.6481, -81.8904, -147.8559, 51.8011, -117.9721, 66.9555, 34.9969, -133.6492, 47.3431, -37.6182, -151.9677, 34.4014, -131.6495, 71.5575, 20.27, -150.3735, 30.7863, -9.2794, -165.8434, 16.7881]"
2024-06-11,39.9289,116.388,0.0890376074809824,FLOCK 4Q 26,58284,26.0,"[-21.7492, -59.965, -78.1047, -41.5108, -2.893, 35.8391, 73.3788, 65.1686, 27.0438, -11.7313, -50.2027, -82.6293, -51.3762, -12.929, 25.8491, 64.0248, 74.4404, 37.029, -1.6934, -40.3262, -77.1478, -61.1205, -22.945, 15.8261, 54.3008, 81.7651, 46.9609, 8.3514, -30.3804, -68.2182, -70.5968, -32.9274, 5.7848, 44.4299, 80.3391, 56.8038, 18.3898, -20.3873, -58.6456, -79.1382, -42.8595, -4.2611, 34.4802, 72.1457, 66.4689, 28.4081, -10.3626, -48.8601, -82.3982, -52.7156, -14.2985, 24.4813, 62.7095, 75.6307, 38.3908, -0.3196, -38.969, -76.0084, -62.4391, -24.3141, 14.4516, 52.955, 82.2864, 48.3164, 9.7284, -29.0123, -66.9263, -71.8547, -34.2939, 4.4056, 43.0673, 79.396, 58.1456, 19.7683, -19.0107, -57.3089, -80.1032, -44.2208, -5.6433, 33.1062, 70.8818, 67.7746, 29.786, -8.9794, -47.5017, -81.936, -54.0665, -15.6817, 23.0988, 61.3753, 76.7985, 39.7655, 1.0684, -37.5966, -74.8196, -63.7662, -25.6966, 13.0627, 51.5929, 82.5899, 49.6842, 11.1195, -27.6293, -65.6124, -73.108, -35.6736, 3.0122, 41.6894, 78.3558, 59.4977, 21.1604, -17.6195, -55.9551, -80.9713, -45.5946, -7.0394, 31.7173, 69.5897, 69.0839, 31.1772, -7.5817, -46.1275, -81.2725, -55.4285, -17.0787, 21.7017, 60.0227, 77.9323, 41.1532, 2.4707, -36.2089, -73.5887, -65.1007, -27.0924, 11.6594, 50.2147, 82.6408, 51.064, 12.5245, -26.2314, -64.2776, -74.3521, -37.0661, 1.6046]","[-23.407, -35.8615, -167.7539, 158.5411, 149.8445, 141.6105, 118.8477, -21.9029, -36.8251, -44.6506, -54.537, -133.5011, 138.6175, 128.5095, 120.7147, 106.433, -33.1559, -57.6754, -65.9926, -74.5749, -105.2195, 120.1915, 107.2845, 99.5437, 88.784, -20.4142, -77.9782, -87.3475, -95.2843, -112.2903, 105.4881, 86.2874, 78.2319, 69.2018, 24.7106, -97.2075, -108.6331, -116.3538, -128.3411, 103.5753, 65.7114, 56.873, 48.7251, 27.6925, -114.0077, -129.7488, -137.616, -147.2699, 143.6668, 45.9319, 35.5479, 27.7817, 14.1581, -123.6712, -150.5421, -158.9641, -167.4267, 164.8814, 27.8266, 14.3465, 6.5853, -3.8634, -104.3908, -170.7379, 179.6859, 171.8015, 155.7668, 14.0339, -6.6062, -14.7375, -23.6075, -62.7279, 170.2551, 158.4174, 150.698, 139.1369, 15.8547, -27.1006, -36.0961, -44.1661, -63.6969, 154.0144, 137.3359, 129.4189, 119.9797, 60.0432, -46.7193, -57.4095, -65.1537, -78.1832, 146.3052, 116.6051, 108.0662, 99.7134, 74.5215, -64.4571, -78.5847, -86.3734, -96.5362, 172.7633, 96.5278, 86.7227, 78.8835, 63.7131, -77.1578, -99.4888, -107.7057, -116.4283, -151.0821, 77.7725, 65.4735, 57.7486, 46.5769, -70.7049, -119.8931, -129.0625, -137.0626, -155.2828, 62.1882, 44.4294, 36.4543, 27.213, -24.7247, -139.3316, -150.3624, -158.0913, -170.5833, 56.9045, 23.7674, 15.0986, 6.8459, -16.2161, -156.6457, -171.5086, -179.3324, 170.7678, 90.5276, 3.822, -6.2367, -14.0379, -28.4365, -168.0242, 167.6408, 159.3274]"
2022-08-06,39.9289,116.388,0.0872748347734406,GLOBAL-17,49949,25.0,"[-15.6173, -37.0507, -40.6328, -23.019, 3.4011, 28.8198, 42.0672, 32.3068, 8.1844, -18.4647, -38.5951, -39.5292, -20.285, 6.4485, 31.1736, 42.1461, 30.0465, 5.1732, -21.2356, -39.8859, -38.1569, -17.4678, 9.4712, 33.3601, 41.9006, 27.6362, 2.1476, -23.9155, -40.9023, -36.5384, -14.5821, 12.4575, 35.3566, 41.3372, 25.0967, -0.8817, -26.4888, -41.6267, -34.6973, -11.6416, 15.3953, 37.1396, 40.4682, 22.4473, -3.9042, -28.9381, -42.0457, -32.6573, -8.6588, 18.2715, 38.6852, 39.3113, 19.7055, -6.9093, -31.2451, -42.1514, -30.4417, -5.6457, 21.0723, 39.9705, 37.8881, 16.8871, -9.8865, -33.3895, -41.9423, -28.0724, -2.6135, 23.7826, 40.9744, 36.2221, 14.0067, -12.8246, -35.35, -41.423, -25.5696, 0.4267, 26.3859, 41.6791, 34.3381, 11.0775, -15.7123, -37.1046, -40.6044, -22.9522, 3.4642, 28.8644, 42.0717, 32.2606, 8.1119, -18.5373, -38.6306, -39.5021, -20.2373, 6.4882, 31.1987, 42.1451, 30.0132, 5.1214, -21.2864, -39.9061, -38.1357, -17.4408, 9.4877, 33.3679, 41.8988, 27.6181, 2.1168, -23.9455, -40.9111, -36.5273, -14.5771, 12.4514, 35.3499, 41.339, 25.0958, -0.8911, -26.4992, -41.6281, -34.6998, -11.6593, 15.3673, 37.1215, 40.4778, 22.4652, -3.8923, -28.9306, -42.0443, -32.6766, -8.6999, 18.2228, 38.6595, 39.3327, 19.7433, -6.8763, -31.2216, -42.152, -30.4803, -5.7104, 21.0043, 39.9414, 37.9245, 16.9458, -9.8327, -33.3527]","[-116.8018, -80.849, -31.3197, 9.5389, 38.7277, 69.8253, 115.2966, 162.9749, -164.4266, -136.2053, -98.574, -48.6824, -9.6307, 19.0732, 51.2691, 98.3528, 144.5048, 175.9127, -155.4925, -116.0901, -66.2454, -28.937, -0.5424, 32.9281, 81.3862, 125.8195, 156.2158, -174.6433, -133.422, -84.0295, -48.3589, -20.0996, 14.8133, 64.3367, 106.9371, 136.5015, 166.3624, -150.6064, -102.0443, -67.8759, -39.5787, -3.0713, 47.1506, 87.8777, 116.7884, 147.5437, -167.6903, -120.29, -87.4679, -58.9596, -20.7301, 29.7847, 68.6622, 97.0951, 128.9181, 175.2715, -138.759, -107.1152, -78.2218, -38.1781, 12.2078, 49.3119, 77.44, 110.5003, 158.2202, -157.4385, -126.7988, -97.3446, -55.4423, -5.599, 29.8477, 57.8419, 92.3006, 141.098, -176.3118, -146.4998, -116.3076, -72.5618, -23.6432, 10.29, 38.3199, 74.3234, 123.853, 164.6402, -166.1995, -135.0911, -89.5863, -41.9228, -9.3412, 18.8933, 56.5649, 106.442, 145.4375, 174.1206, -153.6773, -106.5733, -60.4287, -29.0266, -0.4183, 39.0117, 88.8331, 126.1006, 154.4794, -172.0512, -123.5833, -79.1466, -48.7475, -19.5951, 21.6391, 71.0061, 106.65, 134.8958, 169.7979, -140.6753, -98.0588, -68.4854, -38.6177, 4.4112, 52.9518, 87.1058, 115.3891, 151.874, -157.9017, -117.1456, -88.2221, -57.4673, -12.7179, 34.67, 67.4876, 95.979, 134.1728, -175.3052, -136.3864, -107.9396, -76.1269, -29.8021, 16.1682, 47.8147, 76.6856, 116.6798, 167.0837, -155.7606, -127.6197, -94.5821]"
2021-01-05,39.9289,116.388,0.086541604738695,FLOCK 4G 18,62680,8.3,"[-27.3412, -64.5605, -74.8046, -38.4267, -0.6432, 37.2004, 73.8257, 65.4832, 28.2003, -9.7536, -47.4615, -81.5363, -55.7184, -18.2386, 19.666, 57.198, 80.6094, 45.6901, 7.8848, -30.0334, -67.1215, -72.408, -35.7501, 2.0616, 39.8812, 76.1703, 62.8959, 25.5012, -12.4603, -50.1175, -82.4888, -53.0836, -15.5402, 22.3652, 59.8229, 78.7367, 43.0157, 5.1749, -32.7225, -69.6484, -69.9374, -33.0693, 4.7667, 42.558, 78.3625, 60.2873, 22.7994, -15.1658, -52.7659, -82.5435, -50.4393, -12.8398, 25.0627, 62.4326, 76.5806, 40.3357, 2.4645, -35.4083, -72.1273, -67.4166, -30.3847, 7.4719, 45.2301, 80.2983, 57.6618, 20.0953, -17.8698, -55.4052, -81.6824, -47.7869, -10.1377, 27.7584, 65.0227, 74.2568, 37.6509, -0.2462, -38.0902, -74.5359, -64.8602, -27.6965, 10.1769, 47.8969, 81.7947, 55.023, 17.3891, -20.5722, -58.0336, -80.1424, -45.1274, -7.4342, 30.4518, 67.5865, 71.8288, 34.9617, -2.957, -40.7679, -76.8358, -62.2776, -25.0052, 12.8816, 50.5575, 82.5804, 52.3733, 14.6812, -23.2725, -60.6487, -78.1857, -42.4617, -4.7295, 33.1427, 70.1144, 69.3328, 32.2686, -5.6674, -43.4408, -78.9597, -59.675, -22.3109, 15.5855, 53.2107, 82.4306, 49.7144, 11.9718, -25.9706, -63.2468, -75.9854, -39.7905, -2.0237, 35.8307, 72.5911, 66.7903, 29.572, -8.3773, -46.1083, -80.7853, -57.0567, -19.6141, 18.2886, 55.8549, 81.3936, 47.0477, 9.2612, -28.6661, -65.8232]","[-0.8953, -15.3414, -153.7, -178.7359, 172.947, 164.7189, 141.3795, 1.7651, -13.2348, -20.9969, -30.3357, -85.0057, 163.6467, 152.6447, 145.041, 133.6068, 14.0166, -32.2614, -41.3584, -49.1843, -65.246, 154.1078, 132.882, 124.7617, 116.3137, 88.3398, -47.9051, -61.5097, -69.196, -78.9715, -151.0577, 114.7883, 104.4278, 96.8044, 84.4974, -44.7429, -80.7789, -89.549, -97.4984, -115.6363, 102.9435, 84.5352, 76.5751, 67.8624, 33.3092, -97.2774, -109.7656, -117.4028, -127.7007, 140.3407, 66.0476, 56.2205, 48.5521, 35.1711, -100.2375, -129.2398, -137.7366, -145.842, -166.7076, 52.4874, 36.2182, 28.3856, 19.3561, -24.7595, -146.4228, -158.0053, -165.619, -176.5449, 73.8174, 17.4022, 8.021, 0.2811, -14.4385, -153.5807, -177.6533, 174.0772, 165.7797, 141.2361, 2.535, -12.0733, -19.8082, -29.216, -87.1376, 164.6085, 153.7686, 146.1531, 134.4673, 11.9233, -31.165, -40.1726, -48.0119, -64.427, 154.4862, 133.9732, 125.8908, 117.3604, 87.71, -47.049, -60.3431, -68.0082, -77.8677, -154.1027, 115.7793, 105.5537, 97.9113, 85.2979, -45.797, -79.6673, -88.3619, -96.3307, -114.9349, 103.5001, 85.6337, 77.7028, 68.8926, 31.9404, -96.3565, -108.5946, -116.2161, -126.6165, 137.2618, 67.0623, 57.3479, 49.6528, 35.8944, -100.605, -128.1156, -136.5486, -144.6799, -166.1762, 53.1707, 37.3229, 29.5115, 20.3667, -27.2149, -145.4519, -156.8306, -164.4338, -175.4855, 71.5781, 18.4365, 9.1495, 1.3747, -13.817]"
2017-11-28,39.9289,116.388,0.0854960025944445,FLOCK 4H 4,66707,27.1,"[-31.1706, 6.4402, 43.9939, 79.2773, 59.2997, 22.0392, -15.6417, -52.9365, -82.5398, -50.8233, -13.486, 24.1892, 61.3796, 77.6355, 41.8652, 4.2825, -33.3148, -69.9168, -69.9213, -33.3225, 4.2699, 41.8482, 77.6199, 61.3977, 24.2043, -13.4758, -50.8174, -82.5392, -52.9422, -15.6516, 22.0243, 59.2817, 79.2913, 44.0109, 6.453, -31.1628, -67.9009, -71.9049, -35.4719, 2.0997, 39.6996, 75.8259, 63.4839, 26.368, -11.309, -48.6932, -81.9433, -55.0549, -17.8159, 19.8584, 57.1744, 80.7362, 46.153, 8.623, -29.0087, -65.8609, -73.8449, -37.6185, -0.0703, 37.5484, 73.9409, 65.5554, 28.5299, -9.1416, -46.5646, -80.868, -57.1604, -19.9787, 17.6917, 55.0592, 81.8572, 48.2911, 10.7926, -26.8528, -63.8022, -75.7236, -39.762, -2.2398, 35.3949, 71.9934, 67.6086, 30.69, -6.9735, -44.4319, -79.459, -59.2577, -22.1399, 15.5243, 52.9375, 82.5081, 50.4246, 12.9616, -24.6952, -61.7288, -77.5138, -41.9023, -4.4088, 33.2393, 70.0016, 69.6381, 32.8481, -4.8051, -42.2956, -77.8316, -61.345, -24.2993, 13.3564, 50.8101, 82.5645, 52.553, 15.1297, -22.5361, -59.6434, -79.1722, -44.039, -6.5771, 31.0819, 67.9772, 71.6365, 35.0039, -2.6363, -40.1561, -76.062, -63.4205, -26.4568, 11.188, 48.6779, 82.014, 54.6756, 17.297, -20.3755, -57.5482, -80.6286, -46.1718, -8.7446, 28.9228, 65.9284, 73.5927, 37.1574, -0.4673, -38.0137, -74.1977, -65.4815, -28.6122]","[-132.3382, -140.1893, -149.0554, 172.4377, 45.6996, 33.5843, 25.9809, 15.6642, -75.2871, -150.3445, -160.2305, -167.8655, 179.2175, 46.6675, 14.5856, 5.9559, -2.0029, -20.3916, -161.392, -179.7845, 172.2569, 163.6296, 131.5982, -0.9959, -13.921, -21.5569, -31.4424, -106.4687, 162.549, 152.2317, 144.6291, 132.5207, 5.8457, -32.7292, -41.5979, -49.4493, -66.0821, 153.3711, 132.7888, 124.7015, 116.2807, 89.0726, -47.5279, -61.4149, -69.1, -78.6122, -138.9089, 115.5173, 104.7002, 97.1138, 85.6914, -32.6437, -80.005, -89.1492, -96.9129, -112.1164, 108.7417, 85.3843, 77.1452, 68.9025, 45.35, -93.8558, -108.8959, -116.6474, -125.8359, -174.2005, 68.5748, 57.1761, 49.5898, 38.7533, -68.1797, -127.2356, -136.6973, -144.3917, -158.4169, 64.9448, 38.0053, 29.5889, 21.4986, 0.7714, -139.9246, -156.362, -164.1983, -173.1057, 147.5417, 21.7395, 9.6606, 2.0583, -8.275, -100.7682, -174.4136, 175.7588, 168.1163, 155.073, 22.3084, -9.3446, -17.9666, -25.9278, -44.4302, 174.3407, 156.1887, 148.2482, 139.5846, 106.9028, -24.9652, -37.8451, -45.4795, -55.3788, -131.877, 138.4703, 128.22, 120.6126, 108.3955, -18.6966, -56.661, -65.5205, -73.3739, -90.0946, 129.0451, 108.7585, 100.6929, 92.2406, 64.527, -71.5092, -85.3394, -93.0226, -102.5464, -164.0434, 91.4273, 80.6872, 73.0987, 61.5822, -57.4476, -103.9387, -113.072, -120.8372, -136.1098, 84.3384, 61.3502, 53.1366, 44.8665, 20.9149, -117.8526, -132.8209]"
2024-10-17,39.9289,116.388,0.0848792611044645,ICEYE-X53,64584,24.4,"[38.7339, 1.2512, -36.213, -72.4333, -67.1512, -30.4979, 7.0218, 44.4418, 79.3268, 58.9717, 21.8644, -15.7016, -52.8918, -82.2312, -50.8418, -13.6011, 23.9675, 61.0092, 77.7749, 42.3577, 4.9148, -32.5839, -69.103, -70.5383, -34.1313, 3.3581, 40.8231, 76.5406, 62.4979, 25.5165, -12.0447, -49.3134, -81.8766, -54.4131, -17.257, 20.3135, 57.4695, 80.3313, 45.9715, 8.5777, -28.9483, -65.683, -73.8141, -37.7571, -0.3056, 37.1958, 73.4161, 65.9833, 29.164, -8.3854, -45.7206, -80.0993, -57.9638, -20.9092, 16.6563, 53.9046, 81.9924, 49.5734, 12.2393, -25.3069, -62.2055, -76.8969, -41.3742, -3.9685, 33.561, 70.1114, 69.4086, 32.806, -4.7244, -42.1159, -77.4915, -61.4873, -24.5568, 12.9968, 50.3206, 82.1672, 53.1606, 15.8988, -21.6607, -58.6888, -79.6153, -44.9813, -7.63, 29.9202, 66.7023, 72.7393, 36.4416, -1.0623, -38.5012, -74.4654, -64.9739, -28.1992, 9.3356, 46.7217, 80.7712, 56.7293, 19.5557, -18.0103, -55.1438, -81.6092, -48.5764, -11.2894, 26.2741, 63.228, 75.91, 40.0696, 2.6001, -34.8782, -71.2214, -68.4071, -31.8355, 5.6735, 43.1108, 78.3563, 60.2738, 23.2091, -14.3564, -51.5776, -82.2956, -52.1572, -14.9461, 22.6236, 59.7101, 78.7857, 43.6887, 6.2623, -31.2478, -67.8542, -71.7584, -35.4649, 2.011, 39.4901, 75.4197, 63.7854, 26.8584, -10.6998, -47.9947, -81.3576, -55.7202, -18.5994, 18.9697, 56.1615, 81.0783, 47.2971]","[20.6337, 12.0605, 3.6932, -18.4218, -156.9482, -173.6116, 178.3501, 169.1684, 128.4398, 4.7388, -7.6561, -15.4609, -26.094, -116.0646, 168.7199, 158.5215, 150.6845, 137.4915, 7.6977, -26.3426, -35.2739, -43.4139, -61.7111, 159.0, 139.2478, 131.0184, 122.2491, 92.0469, -41.0297, -54.8973, -62.7672, -72.6785, -137.4246, 122.2227, 111.2226, 103.4301, 91.5447, -26.2266, -73.2149, -82.6029, -90.5769, -106.2134, 116.4341, 92.1686, 83.6828, 75.2356, 51.6109, -86.2497, -102.1018, -110.0874, -119.4315, -164.7416, 75.9782, 63.945, 56.1493, 45.2646, -52.634, -119.9544, -129.9222, -137.7849, -151.4975, 76.3501, 45.1662, 36.3475, 28.1475, 8.8333, -130.6536, -149.2605, -157.4171, -166.3144, 160.6457, 30.0799, 16.6946, 8.8479, -1.2595, -73.7161, -166.5209, -177.2272, 174.9711, 162.6906, 40.5466, -1.7396, -10.9835, -19.0004, -35.3519, -173.7836, 163.6377, 155.2481, 146.7011, 121.258, -15.3292, -30.5215, -38.4689, -47.9668, -98.5344, 147.1417, 135.4871, 127.6984, 116.508, 11.5992, -48.5221, -58.306, -66.1963, -80.429, 145.1822, 116.6071, 107.9121, 99.6361, 79.0982, -60.0201, -77.6947, -85.7963, -94.8144, -131.0582, 101.1155, 88.2264, 80.4032, 70.0563, -10.4406, -95.1454, -105.6157, -113.4307, -126.0999, 107.7504, 69.6659, 60.579, 52.5068, 35.2946, -103.6084, -124.8145, -133.1301, -141.7713, -169.2054, 55.5248, 40.9976, 33.0911, 23.4041, -33.2794, -141.5588, -152.9076, -160.6958, -172.1827, 76.3751, 22.8382]"
2023-04-25,39.9289,116.388,0.0831046478704128,GLOBAL-14,49469,22.0,"[-1.7945, -26.6128, -41.5129, -35.6338, -14.155, 11.6212, 33.8945, 41.9783, 29.0655, 4.8871, -20.7806, -39.3928, -39.1358, -20.3742, 5.0953, 29.0594, 41.966, 33.9271, 11.4803, -14.5268, -35.9783, -41.3771, -26.1962, -1.5206, 23.5428, 40.4599, 37.8642, 17.8628, -8.0041, -31.5105, -42.1631, -31.4439, -8.1157, 17.5359, 37.5983, 40.6345, 23.8958, -1.3431, -26.234, -41.4145, -35.9032, -14.5767, 11.197, 33.6021, 42.0245, 29.4149, 5.3375, -20.3657, -39.1988, -39.3298, -20.7777, 4.6585, 28.7139, 41.9114, 34.2227, 11.9217, -14.0872, -35.7027, -41.4786, -26.5705, -1.9628, 23.1571, 40.3094, 38.0897, 18.2861, -7.5493, -31.1699, -42.1608, -31.775, -8.5561, 17.121, 37.3638, 40.7736, 24.2905, -0.8818, -25.844, -41.3068, -36.1742, -15.0072, 10.7619, 33.299, 42.0649, 29.7686, 5.7973, -19.9398, -38.9941, -39.5222, -21.1889, 4.211, 28.3573, 41.8488, 34.5204, 12.3716, -13.6368, -35.4159, -41.5753, -26.9508, -2.4152, 22.7603, 40.1492, 38.3145, 18.7167, -7.0842, -30.8178, -42.1509, -32.1098, -9.0061, 16.695, 37.1188, 40.9091, 24.6912, -0.4105, -25.4426, -41.1895, -36.4463, -15.4465, 10.3158, 32.9849, 42.0989, 30.1264, 6.2663, -19.5027, -38.7785, -39.7125, -21.6077, 3.7529, 27.9896, 41.7778, 34.8198, 12.8297, -13.1755, -35.1177, -41.6667, -27.3369, -2.878, 22.3523, 39.9792, 38.5383, 19.1546, -6.6086, -30.4542, -42.1329, -32.4482, -9.4657]","[-140.574, -111.5277, -69.8831, -22.5794, 11.019, 37.7533, 69.9571, 116.0098, 159.0747, -171.0445, -143.4161, -105.6835, -57.2873, -20.092, 7.2073, 36.845, 79.7067, 125.8958, 158.3432, -174.6337, -140.535, -92.9843, -51.8577, -23.1933, 4.6831, 43.7198, 91.6417, 127.3859, 154.6024, -174.2863, -129.2874, -84.4915, -53.6439, -26.7242, 8.5418, 56.3485, 95.8718, 124.0832, 153.0047, -165.6111, -118.1689, -84.3421, -57.5905, -25.5786, 20.2932, 63.5862, 93.6078, 121.1659, 158.6368, -152.9566, -115.4945, -88.1245, -58.6266, -16.0104, 30.3363, 62.9773, 89.9837, 123.8534, 171.2833, -147.317, -118.5261, -90.7355, -51.9596, -3.9928, 31.9876, 59.2412, 90.1732, 134.9518, 179.9778, -148.991, -122.1036, -87.0752, -39.3512, 0.4264, 28.7297, 57.5272, 98.6433, 146.2187, -179.7175, -152.9448, -121.1255, -75.444, -31.9208, -1.7515, 25.7383, 62.9428, 111.3501, 149.0867, 176.5327, -154.1084, -111.7453, -65.2438, -32.4016, -5.4085, 28.23, 75.5275, 117.205, 146.1292, 173.836, -147.6538, -99.6495, -63.4253, -36.1301, -5.3776, 39.1702, 84.4259, 115.6488, 142.507, 177.2954, -135.073, -95.0357, -66.6347, -37.9598, 2.8805, 50.5831, 84.8923, 111.6907, 143.3168, -171.2017, -127.4467, -97.1226, -69.6987, -32.765, 15.6326, 53.6512, 81.179, 110.3997, 152.5022, -160.845, -127.7937, -100.8103, -67.4048, -20.2516, 21.708, 50.7726, 78.3977, 116.6375, 164.6715, -158.8531, -131.5115, -100.9384, -56.6319, -11.1475, 20.2754]"
2018-06-07,24.1098,113.005,0.0817384845059415,FLOCK 4H 25,66728,18.0,"[-81.0379, -46.7676, -9.2753, 28.4511, 65.5178, 73.9496, 37.5187, -0.1545, -37.7735, -74.0593, -65.5493, -28.6009, 9.0979, 46.6669, 81.0618, 56.6017, 19.2256, -18.511, -55.8103, -81.5664, -47.7612, -10.2862, 27.4434, 64.5541, 74.8373, 38.5219, 0.8574, -36.7725, -73.1635, -66.5051, -29.606, 8.0862, 45.6695, 80.4574, 57.5859, 20.2356, -17.5021, -54.8267, -82.0035, -48.7535, -11.2968, 26.4355, 63.5871, 75.7088, 39.5242, 1.8691, -35.7713, -72.2562, -67.4563, -30.6104, 7.0747, 44.6714, 79.7893, 58.5681, 21.2451, -16.493, -53.8419, -82.3336, -49.7445, -12.3069, 25.4276, 62.6172, 76.5611, 40.5257, 2.8806, -34.7696, -71.3391, -68.4023, -31.6141, 6.0634, 43.6728, 79.0694, 59.5481, 22.2541, -15.484, -52.8559, -82.5426, -50.7343, -13.3166, 24.4195, 61.6447, 77.3903, 41.5264, 3.8918, -33.7677, -70.4137, -69.3425, -32.6172, 5.0522, 42.6737, 78.3072, 60.5258, 23.2626, -14.475, -51.8688, -82.6202, -51.7228, -14.3259, 23.4114, 60.6698, 78.1916, 42.5262, 4.9029, -32.7654, -69.4811, -70.2761, -33.6194, 4.0413, 41.6741, 77.5105, 61.5009, 24.2706, -13.4659, -50.8808, -82.5625, -52.7097, -15.3346, 22.4033, 59.6928, 78.9591, 43.525, 5.9136, -31.7629, -68.5422, -71.2023, -34.621, 3.0305, 40.6741, 76.6855, 62.4732, 25.278, -12.4569, -49.8918, -82.3727, -53.6952, -16.343, 21.3951, 58.7139, 79.6853, 44.5229, 6.9241, -30.7601, -67.5978, -72.1198]","[-95.6442, -145.4509, -154.6748, -162.4285, -177.4462, 43.314, 19.7494, 11.5046, 3.2469, -20.4749, -159.4795, -174.497, 177.7477, 168.5282, 118.4695, 2.7108, -8.5463, -16.1378, -27.1606, -137.8189, 166.9946, 157.6233, 149.9024, 135.4468, -2.728, -27.8769, -36.2011, -44.3842, -66.6868, 153.4679, 137.8372, 130.045, 120.9633, 75.6741, -44.6851, -56.2352, -63.8299, -74.5968, -179.3141, 119.4509, 109.9222, 102.2303, 88.2898, -48.5552, -75.4973, -83.9067, -92.0205, -113.0594, 106.4775, 90.1748, 82.3416, 73.3889, 32.2538, -92.0566, -103.9223, -111.5237, -122.052, 139.8221, 71.9189, 62.2221, 54.5552, 41.0881, -94.1308, -123.1115, -131.6122, -139.6618, -159.5709, 59.5569, 42.5159, 34.6375, 25.8056, -11.7234, -139.4015, -151.6074, -159.2189, -169.5248, 99.46, 24.3995, 14.5229, 6.8775, -6.154, -139.4114, -170.7191, -179.3175, 172.6923, 153.797, 12.7155, -5.1391, -13.067, -21.786, -56.1854, 173.2828, 160.7097, 153.0845, 142.9863, 59.3865, -23.1065, -33.1751, -40.8027, -53.4324, 175.6543, 141.6805, 132.9774, 125.0419, 107.0598, -34.0361, -52.7902, -60.772, -69.3854, -101.064, 125.9993, 113.0291, 105.3866, 95.4824, 19.332, -70.5978, -80.872, -88.4853, -100.7437, 131.1256, 94.0876, 85.2728, 77.3873, 60.2306, -80.6852, -100.4369, -108.4773, -116.9921, -146.2982, 78.7513, 65.3509, 57.6875, 47.9646, -20.9768, -118.0733, -128.5675, -136.1702, -148.0848, 87.0691, 46.5028, 37.5686, 29.7289, 13.3204, -127.2169]"
2022-01-01,39.9289,116.388,0.0811522633744573,ICEYE-X7,46496,15.1,"[-15.9201, 22.0654, 59.5412, 78.6512, 43.1925, 5.4398, -32.3983, -69.2686, -70.0009, -33.1317, 4.7901, 42.6343, 78.264, 60.0617, 22.6725, -15.2203, -52.7662, -82.184, -50.1795, -12.4996, 25.479, 62.829, 75.9625, 39.8166, 2.0235, -35.7859, -72.3781, -66.824, -29.7315, 8.2156, 46.0098, 80.562, 56.7553, 19.2647, -18.6296, -56.0922, -80.975, -46.8218, -9.0767, 28.8886, 66.08, 73.0152, 36.4329, -1.3933, -39.1673, -75.3579, -63.5885, -26.3257, 11.64, 49.3748, 82.0261, 53.428, 15.8538, -22.0362, -59.3987, -78.8241, -43.4526, -5.6519, 32.2935, 69.278, 69.9222, 33.0427, -4.8099, -42.5415, -78.1111, -60.3128, -22.9151, 15.063, 52.7272, 82.1741, 50.0842, 12.4404, -25.4395, -62.6793, -76.163, -40.0735, -2.2259, 35.693, 72.3953, 66.7408, 29.6467, -8.2259, -45.9072, -80.4404, -57.0078, -19.5002, 18.4839, 56.0639, 80.9415, 46.7274, 9.025, -28.8388, -65.9242, -73.2318, -36.6861, 1.2009, 39.0861, 75.3813, 63.5021, 26.2457, -11.6408, -49.263, -81.9687, -53.6807, -16.0817, 21.902, 59.3805, 78.7738, 43.3596, 5.6082, -32.2336, -69.1179, -70.1487, -33.2913, 4.6279, 42.4717, 78.1381, 60.2241, 22.8403, -15.0541, -52.6065, -82.209, -50.3363, -12.6601, 25.3168, 62.6708, 76.1015, 39.9828, 2.1903, -35.623, -72.2335, -66.9738, -29.8901, 8.0545, 45.8487, 80.4657, 56.9177, 19.4313, -18.4651, -55.9349, -81.0565, -46.9778, -9.2362, 28.7277]","[-10.0776, -17.9519, -30.6293, -157.4427, 164.94, 155.8617, 147.6793, 129.1381, -10.5992, -29.8787, -38.1133, -47.1382, -83.1485, 148.5753, 135.7079, 127.8395, 117.1744, 25.2888, -48.2612, -58.4007, -66.3348, -80.4418, 145.0992, 116.2887, 107.5673, 99.1775, 77.0405, -61.8301, -78.3433, -86.4131, -95.8697, -144.8298, 99.0693, 87.3481, 79.5047, 67.9869, -44.4784, -97.14, -106.711, -114.7496, -130.7493, 90.7985, 67.7139, 59.2747, 50.6164, 23.2305, -112.2762, -126.7667, -134.721, -144.7175, 146.7935, 49.8347, 39.0096, 31.1496, 18.5443, -107.5091, -145.8961, -155.0124, -163.2038, 178.2244, 38.3998, 19.201, 10.9809, 1.982, -33.4044, -162.1863, -175.1565, 176.9593, 166.2861, 73.9619, 0.8039, -9.3121, -17.2313, -31.2449, -165.2457, 165.4451, 156.6916, 148.2937, 126.1096, -12.8096, -29.2616, -37.3176, -46.7438, -94.7063, 148.2833, 136.4808, 128.6237, 117.0966, 4.2687, -48.0707, -57.6212, -65.6439, -81.5188, 140.2841, 116.8642, 108.3977, 99.7318, 72.2696, -63.2405, -77.6832, -85.6242, -95.5846, -162.628, 99.0302, 88.1399, 80.2677, 67.6511, -58.6598, -96.8232, -105.9215, -114.0955, -132.4951, 87.7802, 68.3461, 60.1026, 51.0964, 15.5804, -113.1396, -126.0715, -133.9425, -144.572, 124.6512, 49.9852, 39.816, 31.886, 17.8578, -116.3221, -145.479, -154.2163, -162.595, 175.4683, 36.5026, 19.8791, 11.803, 2.3697, -45.818, -162.6617, -174.4327, 177.7234, 166.2504, 54.5907, 1.0995, -8.495, -16.5273]"
2018-10-25,39.9289,116.388,0.0807665746081364,FLOCK 4H 35,66738,12.7,"[45.6241, 80.4558, 57.5451, 20.1499, -17.6316, -54.9956, -81.9177, -48.4973, -10.9917, 26.7839, 63.9638, 75.3337, 39.0471, 1.3435, -36.335, -72.8074, -66.8389, -29.9144, 7.8199, 45.4504, 80.3438, 57.7162, 20.3256, -17.456, -54.8244, -81.9873, -48.6698, -11.1675, 26.6086, 63.7955, 75.4848, 39.2214, 1.5194, -36.1609, -72.6496, -67.0043, -30.089, 7.6441, 45.2769, 80.23, 57.887, 20.5011, -17.2806, -54.6533, -82.0535, -48.8421, -11.343, 26.4335, 63.6274, 75.6352, 39.3954, 1.6951, -35.987, -72.4918, -67.1694, -30.2634, 7.4685, 45.1037, 80.1146, 58.0576, 20.6763, -17.1055, -54.4825, -82.1164, -49.0141, -11.5183, 26.2587, 63.4593, 75.7848, 39.5692, 1.8705, -35.8134, -72.3339, -67.3341, -30.4375, 7.2931, 44.9307, 79.9976, 58.2278, 20.8512, -16.9307, -54.3119, -82.1758, -49.1859, -11.6933, 26.084, 63.2915, 75.9336, 39.7427, 2.0457, -35.6399, -72.1759, -67.4984, -30.6113, 7.118, 44.7579, 79.8792, 58.3977, 21.0259, -16.7561, -54.1414, -82.2317, -49.3574, -11.8681, 25.9097, 63.1237, 76.0816, 39.916, 2.2207, -35.4667, -72.0178, -67.6623, -30.7849, 6.9432, 44.5853, 79.7593, 58.5673, 21.2004, -16.5817, -53.9712, -82.284, -49.5286, -12.0426, 25.7355, 62.9561, 76.2287, 40.089, 2.3954, -35.2937, -71.8597, -67.8258, -30.9583, 6.7685, 44.4129, 79.6381, 58.7366, 21.3746, -16.4075, -53.8011, -82.3327, -49.6995, -12.2169, 25.5616, 62.7887]","[-167.8981, 146.8088, 26.4237, 14.8793, 7.2785, -3.5377, -109.605, -169.4983, -178.9916, 173.3007, 159.1573, 21.6752, -4.4734, -12.8475, -21.0056, -42.8029, 177.0486, 161.1813, 153.3708, 144.3121, 99.7843, -21.3334, -32.9309, -40.5325, -51.3055, -156.2948, 142.7173, 133.196, 125.4931, 111.4378, -25.8053, -52.2718, -60.6608, -68.8068, -90.384, 129.3589, 113.3754, 105.558, 96.5219, 52.7401, -69.0898, -80.7411, -88.3437, -99.0739, 157.0334, 94.9331, 85.3835, 77.6854, 63.7168, -73.279, -100.07, -108.4741, -116.6083, -137.97, 81.671, 65.5697, 57.745, 48.7314, 5.6766, -116.8457, -128.5512, -136.1549, -146.8431, 110.3787, 47.1492, 37.5711, 29.8776, 15.9943, -120.7458, -147.8681, -156.2874, -164.4099, 174.4394, 33.9849, 17.7639, 9.932, 0.9406, -41.4056, -164.6008, -176.3614, 176.0338, 165.3872, 63.7408, -0.6344, -10.2414, -17.9303, -31.7298, -168.2054, 164.334, 155.8992, 147.7882, 126.8442, -13.6994, -30.0417, -37.881, -46.8506, -88.5063, 147.6447, 135.8285, 128.2225, 117.6168, 17.1188, -48.4177, -58.0538, -65.7384, -79.4552, 144.3423, 116.5362, 108.0858, 99.9862, 79.2446, -61.3817, -77.8473, -85.6941, -94.6421, -135.6249, 99.8908, 88.0184, 80.411, 69.8457, -29.488, -96.2007, -105.8663, -113.5466, -127.1821, 96.8975, 68.7385, 60.2724, 52.1839, 31.6407, -109.0621, -125.6528, -133.5072, -142.434, 177.239, 52.1377, 40.2084, 32.5995, 22.0741, -76.0805, -143.9834, -153.6788, -161.3549, -174.9104]"
2021-12-01,39.9289,116.388,0.0805952808364905,LEGION 3,60452,17.2,"[43.8057, 39.775, 18.3373, -8.3482, -32.8093, -45.1095, -35.2652, -11.6282, 15.16, 37.7851, 44.6223, 29.557, 4.1974, -22.1856, -41.8092, -42.4385, -23.4977, 2.7548, 28.3559, 44.3135, 38.6765, 16.5439, -10.209, -34.2207, -45.1565, -33.9001, -9.776, 16.9692, 38.9457, 44.2028, 27.9771, 2.3122, -23.8902, -42.615, -41.6097, -21.7858, 4.6395, 29.9253, 44.7049, 37.4973, 14.7303, -12.0581, -35.5712, -45.0815, -32.4751, -7.9122, 18.7579, 40.0243, 43.6676, 26.355, 0.4245, -25.5618, -43.318, -40.6844, -20.0447, 6.5194, 31.4475, 44.9766, 36.243, 12.8991, -13.8932, -36.8558, -44.8849, -30.995, -6.0392, 20.5231, 41.0152, 43.0208, 24.6944, -1.4636, -27.1971, -43.9133, -39.6683, -18.2775, 8.3924, 32.9178, 45.1264, 34.9193, 11.0527, -15.7117, -38.0689, -44.5686, -29.4644, -4.159, 22.2619, 41.9124, 42.2671, 22.999, -3.3501, -28.7923, -44.3964, -38.567, -16.4871, 10.2562, 34.3316, 45.1529, 33.5314, 9.1935, -17.5112, -39.2051, -44.1349, -27.8876, -2.2738, 23.9712, 42.7105, 41.4117, 21.2724, -5.2328, -30.3434, -44.7636, -37.386, -14.6762, 12.1086, 35.6837, 45.0559, 32.0845, 7.3239, -19.289, -40.2587, -43.5872, -26.2687, -0.3857, 25.6475, 43.4038, 40.46, 19.5178, -7.1096, -31.8461, -45.0119, -36.1311, -12.8474, 13.9472, 36.9688, 44.8361, 30.5835, 5.4461, -21.0422, -41.224, -42.9296, -24.6116, 1.5032, 27.2872, 43.9876, 39.4179]","[67.3373, 116.3654, 150.4372, 175.513, -155.5623, -111.3107, -65.2514, -34.9337, -10.0541, 22.1965, 70.2365, 112.299, 139.8826, 165.4331, -158.2452, -109.0318, -71.7964, -45.9963, -18.8389, 22.2944, 70.8192, 103.8325, 128.771, 158.4549, -156.2394, -111.1662, -81.6588, -56.6879, -23.4234, 25.2372, 66.0726, 93.0989, 118.9748, 156.4818, -154.3245, -118.267, -92.7779, -65.0474, -22.6925, 25.1761, 57.19, 82.0512, 112.5609, 158.8305, -157.1684, -128.4049, -103.2825, -68.9459, -19.8204, 19.7756, 46.3102, 72.5744, 111.2917, 160.2934, -164.7889, -139.5492, -111.1785, -67.637, -20.5631, 10.5142, 35.3581, 66.7589, 113.8831, 156.746, -175.1677, -149.833, -114.3718, -64.9477, -26.5872, -0.4795, 26.2367, 66.1763, 114.8181, 148.6427, 173.694, -157.2277, -112.5538, -66.3965, -36.1903, -11.3041, 21.0513, 68.9032, 110.5812, 138.0569, 163.6654, -159.7038, -110.154, -73.0106, -47.2661, -20.0331, 21.1256, 69.2476, 102.0325, 126.9559, 156.8094, -157.4587, -112.3212, -82.9192, -57.9308, -24.5604, 23.8769, 64.3421, 91.2729, 117.2177, 155.0538, -155.4468, -119.4896, -94.0456, -66.2302, -23.8722, 23.5814, 55.3852, 80.2406, 110.9369, 157.632, -158.3335, -129.6683, -104.5174, -70.0759, -21.2087, 18.0335, 44.4845, 70.8288, 109.8944, 159.1687, -166.0192, -140.8138, -112.3498, -68.8308, -22.1795, 8.7054, 33.5526, 65.1579, 112.7024, 155.5707, -176.4332, -151.0592, -115.4966, -66.3643, -28.3398, -2.3044, 24.5039, 64.8097, 113.6891]"
2023-07-14,24.1098,113.005,0.0805581005336842,FLOCK 4H 26,66729,11.5,"[-0.444, -38.2713, -74.6616, -64.7439, -27.6073, 10.2558, 47.9855, 81.831, 54.8705, 17.2166, -20.7406, -58.1713, -80.056, -45.0502, -7.377, 30.5103, 67.6592, 71.7166, 34.8194, -3.1068, -40.8996, -76.9107, -62.2092, -24.9648, 12.9131, 50.6008, 82.5715, 52.265, 14.5556, -23.3921, -60.7368, -78.1282, -42.4337, -4.7204, 33.1551, 70.1434, 69.261, 32.172, -5.7692, -43.5232, -78.9867, -59.655, -22.3194, 15.57, 53.2092, 82.4055, 49.6506, 11.8931, -26.0414, -63.2859, -75.9682, -39.8116, -2.0626, 35.7973, 72.5777, 66.7606, 29.5213, -8.4312, -46.1416, -80.7724, -57.0855, -19.6711, 18.2263, 55.8091, 81.3846, 47.0286, 9.2296, -28.6881, -65.8139, -73.6673, -37.1844, 0.5963, 38.4366, 74.9382, 64.2279, 26.8676, -11.0923, -48.754, -82.0695, -54.5035, -17.0202, 20.8818, 58.3988, 79.7609, 44.4001, 6.5651, -31.3321, -68.3138, -71.2769, -34.5527, 3.2558, 41.0725, 77.1841, 61.6711, 24.2111, -13.7524, -51.3596, -82.6158, -51.9111, -14.3671, 23.5361, 60.9757, 77.7717, 41.7658, 3.9001, -33.973, -70.7753, -68.8267, -31.9168, 5.9159, 43.7045, 79.2435, 59.0958, 21.5522, -16.4112, -53.9572, -82.2508, -49.3099, -11.7118, 26.1891, 63.5362, 75.5666, 39.1265, 1.2346, -36.6104, -73.1819, -66.3347, -29.2771, 8.5763, 46.3319, 80.9877, 56.5057, 18.8913, -19.0685, -56.5453, -81.0854, -46.7011, -9.0547, 28.8403, 66.0754, 73.2302, 36.4827, -1.4309, -39.2439]","[-13.7143, -22.0387, -46.8668, 174.7241, 160.1562, 152.4126, 142.9722, 84.2747, -23.1907, -34.0152, -41.6437, -53.3931, -176.2467, 141.0689, 132.0576, 124.2024, 107.6929, -33.3785, -53.8056, -61.8938, -70.4498, -100.3753, 125.1812, 111.8952, 104.2195, 94.3317, 17.5288, -71.998, -82.2224, -89.8785, -102.5482, 126.3277, 92.5798, 83.8753, 75.8919, 57.2127, -84.2897, -102.1349, -110.0751, -118.9081, -156.0772, 75.9032, 63.6519, 56.0187, 45.5967, -50.7031, -120.6976, -130.4208, -138.1294, -151.9313, 71.6758, 44.1429, 35.6956, 27.5518, 6.0188, -134.5713, -150.4365, -158.2595, -167.4228, 144.9429, 26.8292, 15.4235, 7.8082, -3.2547, -116.0478, -169.3094, -178.6122, 173.6006, 158.3872, 18.8578, -4.2501, -12.4832, -20.8229, -46.2083, 175.6004, 161.2856, 153.5512, 143.995, 81.5848, -22.0844, -32.7922, -40.4138, -52.2512, -176.8125, 142.1514, 133.2017, 125.3082, 108.3063, -32.7405, -52.606, -60.6624, -69.2384, -99.9766, 126.1071, 113.0278, 105.3554, 95.3313, 14.2424, -70.8701, -80.9976, -88.6499, -101.4313, 126.2443, 93.6724, 85.0193, 76.9895, 57.6772, -83.5059, -100.9302, -108.8434, -117.7024, -156.0873, 76.8677, 64.7871, 57.1515, 46.5681, -53.5747, -119.5524, -129.1944, -136.9024, -150.8478, 71.925, 45.2439, 36.8391, 28.6402, 6.2736, -133.685, -149.2274, -157.028, -166.2239, 144.3161, 27.8244, 16.5609, 8.9374, -2.3177, -117.8768, -168.15, -177.3846, 174.8257, 159.4252, 19.3328, -3.1419, -11.3405, -19.7454]"
2021-12-14,39.9289,116.388,0.0804453184321929,PNEO3,48268,27.0,"[14.4767, -22.5438, -59.0126, -79.6, -45.6169, -8.8122, 28.2162, 64.5667, 75.0378, 39.6284, 2.6907, -34.2545, -70.1276, -69.8805, -33.9802, 2.9779, 39.9224, 75.2935, 64.2805, 27.9233, -9.0956, -45.8863, -79.7736, -58.7507, -22.2649, 14.7671, 51.5339, 82.1187, 52.8942, 16.1654, -20.86, -57.3823, -80.6141, -47.2762, -10.5012, 26.5327, 62.9572, 76.4428, 41.3004, 4.3811, -32.5795, -68.5749, -71.4146, -35.6541, 1.2872, 38.2487, 73.8441, 65.8808, 29.6055, -7.4067, -44.2253, -78.6259, -60.3756, -23.9478, 13.078, 49.8777, 81.7979, 54.5434, 17.8532, -19.1757, -55.7467, -81.4176, -48.9323, -12.1894, 24.8486, 61.3386, 77.7766, 42.9701, 6.0711, -30.9033, -67.0044, -72.9209, -37.326, -0.4031, 36.5737, 72.3529, 67.468, 31.2861, -5.7176, -42.5621, -77.3596, -61.993, -25.6293, 11.3889, 48.2185, 81.1625, 56.188, 19.5401, -17.4909, -54.1065, -81.9474, -50.5849, -13.8767, 23.1639, 59.7125, 79.0135, 44.6372, 7.7607, -29.2261, -65.4194, -74.3916, -38.9957, -2.0929, 34.8973, 70.8298, 69.0392, 32.9652, -4.0286, -40.8969, -76.0067, -63.6016, -27.3094, 9.6997, 46.5567, 80.2743, 57.8272, 21.226, -15.8056, -52.4623, -82.1481, -52.2337, -15.5631, 21.4786, 58.08, 80.1172, 46.3017, 9.4497, -27.5478, -63.8226, -75.8157, -40.6632, -3.7823, 33.2199, 69.2817, 70.5906, 34.6427, -2.3397, -39.23, -74.5901, -65.2, -28.9879, 8.0106, 44.8926, 79.1954]","[-14.981, -22.8201, -35.3299, -155.8699, 161.0081, 151.616, 143.6307, 128.5007, -6.0993, -33.1223, -41.8252, -50.1021, -69.6577, 152.3622, 133.066, 124.8049, 116.0726, 88.4884, -45.7024, -60.6633, -68.6367, -78.0658, -122.2553, 118.2104, 105.7944, 97.9576, 87.5282, 10.067, -77.0092, -87.7388, -95.559, -107.5074, 138.9513, 88.487, 78.8474, 70.9176, 56.6763, -75.2917, -105.7294, -114.5995, -122.7774, -140.8129, 81.4524, 60.4018, 52.0301, 43.4498, 18.7491, -117.4076, -133.3689, -141.4071, -150.6105, 171.313, 46.1009, 33.0609, 25.1967, 15.0978, -51.0666, -149.356, -160.4923, -168.3039, -179.7557, 75.4251, 15.9971, 6.0814, -1.8041, -15.2719, -143.6467, -178.3156, 172.6272, 164.5351, 147.7912, 10.9012, -12.2479, -20.7451, -29.1902, -51.5222, 171.0592, 153.9357, 145.8206, 136.8194, 103.6358, -25.915, -39.6655, -47.5676, -57.3709, -113.4939, 138.3525, 126.7589, 118.946, 107.935, 13.4712, -56.4575, -66.6816, -74.5335, -87.3245, 149.0703, 109.1214, 99.8554, 91.8366, 76.1989, -59.1974, -84.8814, -93.5203, -101.8459, -122.2115, 99.7353, 81.2515, 73.0469, 64.2266, 34.973, -97.8205, -112.384, -120.3348, -129.8734, -177.5823, 66.1248, 54.0155, 46.1911, 35.5724, -47.4495, -128.8723, -139.4412, -147.2698, -159.4657, 83.1288, 36.5846, 27.0854, 19.1281, 4.4447, -128.7189, -157.4972, -166.295, -174.5157, 166.7672, 28.6687, 8.5797, 0.2722, -8.3866, -34.4578, -169.5947, 174.9063, 166.8955, 157.5941, 116.709]"
2026-01-07,39.9289,116.388,0.0801994846692487,FLOCK 4Y 29,55030,23.6,"[-51.7296, 30.8076, -45.357, 22.7447, -38.2582, 14.399, -30.4992, 5.8958, -22.1573, -2.6331, -13.3326, -11.0566, -4.1549, -19.2531, 5.215, -27.1164, 14.5948, -34.5578, 23.796, -41.5029, 32.6387, -47.8856, 40.9576, -53.6418, 48.5984, -58.7036, 55.4074, -62.9977, 61.2212, -66.4523, 65.868, -69.0189, 69.2065, -70.7086, 71.2179, -71.6243, 72.0998, -71.9546, 72.2366, -71.9256, 72.0424, -71.7447, 71.8298, -71.5684, 71.7713, -71.4939, 71.906, -71.56, 72.1462, -71.7475, 72.2711, -71.973, 71.9323, -72.0781, 70.7238, -71.827, 68.3306, -70.9333, 64.6442, -69.1315, 59.7374, -66.2564, 53.7628, -62.2654, 46.8817, -57.2, 39.2419, -51.134, 30.9814, -44.1457, 22.2396, -36.3128, 13.1664, -27.7205, 3.9258, -18.4759, -5.3095, -8.7233, -14.3708, 1.3488, -23.1064, 11.5142, -31.3893, 21.5303, -39.1163, 31.1622, -46.2018, 40.1976, -52.5678, 48.4448, -58.1359, 55.7198, -62.8237, 61.8331, -66.5531, 66.5967, -69.2786, 69.8819, -71.0325, 71.7406, -71.9608, 72.4869, -72.3032, 72.5959, -72.3233, 72.4969, -72.2406, 72.452, -72.1974, 72.5341, -72.2514, 72.6323, -72.3721, 72.4543, -72.4335, 71.566, -72.2068, 69.5329, -71.3796, 66.1086, -69.6289, 61.2904, -66.7255, 55.2208, -62.5858, 48.0803, -57.2372, 40.0428, -50.7553, 31.2728, -43.227, 21.9387, -34.7427, 12.2247, -25.4079, 2.3351, -15.3634, -7.5155, -4.8038, -17.1206, 6.0184, -26.3001, 16.8114, -34.908]","[-106.7659, 61.9337, -115.2817, 55.0232, -123.0967, 48.3629, -130.4071, 41.8501, -137.3689, 35.4002, -144.1068, 28.9374, -150.7261, 22.3866, -157.3234, 15.6663, -163.9968, 8.6813, -170.8579, 1.3131, -178.0454, -6.5882, 174.2553, -15.2109, 165.7888, -24.7754, 156.2085, -35.4998, 145.0906, -47.5101, 132.0578, -60.6903, 117.1136, -74.554, 101.0664, -88.3167, 85.4201, -101.2203, 71.4553, -112.8534, 59.512, -123.2199, 49.1312, -132.6116, 39.4924, -141.4651, 29.6814, -150.2778, 18.8109, -159.5716, 6.1722, -169.8584, -8.4362, 178.4448, -24.3231, 165.2, -40.0537, 150.7752, -54.3372, 136.0638, -66.6831, 122.0873, -77.2537, 109.4943, -86.4494, 98.4225, -94.6617, 88.6863, -102.1986, 79.994, -109.286, 72.0659, -116.0894, 64.6721, -122.7352, 57.6313, -129.3276, 50.798, -135.9615, 44.0463, -142.7336, 37.2555, -149.7524, 30.294, -157.1504, 23.0014, -165.0962, 15.1643, -173.8039, 6.486, 176.4698, -3.4392, 165.4639, -15.1039, 153.0229, -28.9107, 139.285, -44.7246, 124.8357, -61.4243, 110.5813, -77.3091, 97.3143, -91.3002, 85.3536, -103.4753, 74.53, -114.6688, 64.3708, -125.976, 54.2641, -138.4542, 43.5594, -152.8038, 31.6661, -168.877, 18.2403, 174.5673, 3.4669, 159.1428, -11.8049, 145.7554, -26.4239, 134.4146, -39.5767, 124.7027, -51.0518, 116.1547, -61.047, 108.3954, -69.8979, 101.1505, -77.927, 94.2216, -85.3969, 87.4587, -92.5131, 80.738, -99.4419, 73.9452, -106.3306, 66.9612, -113.3278, 59.647]"
2026-01-07,39.9289,116.388,0.0801994846692487,FLOCK 4Q 36,58274,22.8,"[58.0629, 79.3858, 42.9778, 4.257, -34.4999, -72.1142, -66.5583, -28.4927, 10.3944, 49.1036, 82.5147, 51.9866, 13.4033, -25.4149, -63.5659, -74.917, -37.581, 1.2268, 40.0593, 77.1387, 60.8946, 22.5376, -16.2996, -54.7356, -81.5901, -46.6171, -7.9386, 30.9626, 68.9975, 69.5904, 31.6493, -7.1646, -45.7809, -81.1295, -55.5751, -17.0915, 21.8314, 60.2724, 77.6488, 40.726, 1.9804, -36.755, -74.1483, -64.3965, -26.2217, 12.6784, 51.3461, 82.6098, 49.7496, 11.1256, -27.6819, -65.7342, -72.903, -35.3179, 3.5145, 42.3217, 78.9286, 58.6862, 20.2612, -18.5756, -56.9541, -80.2829, -44.3664, -5.6498, 33.2388, 71.1152, 67.4513, 29.3769, -9.4471, -48.0259, -82.1726, -53.345, -14.8042, 24.1177, 62.4801, 75.7531, 38.461, -0.3063, -39.0173, -76.1204, -62.2073, -23.9385, 14.9717, 53.5926, 82.0273, 47.4975, 8.8371, -29.9569, -67.8918, -70.8229, -33.0418, 5.8122, 44.5905, 80.5154, 56.4581, 17.9735, -20.8603, -59.1737, -78.6614, -42.1013, -3.3502, 35.5227, 73.1992, 65.2775, 27.0925, -11.739, -50.2759, -82.6431, -51.0979, -12.5055, 26.4124, 64.6829, 73.7498, 36.1832, -2.603, -41.2865, -77.9944, -59.9941, -21.6432, 17.2743, 55.842, 80.8887, 45.2309, 6.5381, -32.2398, -70.0322, -68.6923, -30.7528, 8.1199, 46.8651, 81.7724, 54.2118, 15.6745, -23.1537, -61.3926, -76.8358, -39.8223, -1.0401, 37.8138, 75.231, 63.0745, 24.7963, -14.0402, -52.5304]","[156.1932, 29.0618, -10.0108, -18.8759, -27.0249, -47.9999, 170.3151, 154.5171, 146.6335, 136.9131, 64.1593, -30.0727, -40.3207, -48.109, -62.1411, 158.9386, 133.5428, 125.1751, 116.5943, 85.9311, -48.8323, -61.6697, -69.4128, -80.2725, 168.3795, 113.0336, 103.708, 95.7259, 78.0275, -64.607, -82.8341, -90.8363, -100.0364, -150.6174, 93.38, 82.2943, 74.5462, 61.944, -71.4706, -103.675, -112.3077, -120.6042, -144.5929, 75.4882, 61.0077, 53.1894, 43.0604, -46.6135, -123.9438, -133.7657, -141.6123, -156.8658, 62.0041, 39.9524, 31.7423, 22.9384, -14.0383, -143.1241, -155.1461, -162.8728, -174.3347, 63.3979, 19.3004, 10.2713, 2.1783, -17.6276, -159.9267, -176.3674, 175.7258, 166.2, 102.2728, -0.6231, -11.1622, -18.9394, -32.4712, -170.1612, 162.6929, 154.2601, 145.7877, 117.8248, -19.0978, -32.4892, -40.2617, -50.869, -156.357, 142.2468, 132.7927, 124.8673, 108.1113, -34.1549, -53.6154, -61.6933, -70.7583, -116.4621, 122.7175, 111.3859, 103.6571, 91.4817, -38.5633, -74.3913, -83.1643, -91.3931, -113.9003, 105.1078, 90.1149, 82.2825, 72.3766, -7.8464, -94.5438, -104.6136, -112.4391, -127.0963, 92.44, 69.0889, 60.8265, 52.1465, 18.8209, -113.4931, -125.9752, -133.7209, -144.891, 97.0224, 48.4899, 39.3536, 31.3273, 12.6953, -129.7484, -147.1635, -155.1326, -164.503, 137.8409, 28.6683, 17.9248, 10.1753, -2.8521, -138.2592, -168.0473, -176.5999, 175.0082, 148.964, 10.4151, -3.3893, -11.1671, -21.5179]"
2025-11-17,39.9289,116.388,0.0794262347097012,FLOCK 4BE 24,60505,20.8,"[38.3153, -0.1651, -38.5864, -75.4944, -63.2324, -25.3329, 13.2402, 51.5824, 82.6303, 50.1072, 11.7766, -26.7441, -64.5541, -74.2967, -37.1951, 1.2854, 39.7951, 76.6677, 61.7435, 23.7019, -14.8458, -53.026, -82.3886, -48.9702, -10.6659, 27.9193, 65.8236, 72.9574, 35.5869, -2.9151, -41.3026, -77.7698, -60.5925, -22.5912, 15.9928, 54.2789, 81.8788, 47.4005, 9.0262, -29.4784, -67.1569, -71.8372, -34.4673, 4.0416, 42.5219, 78.8552, 59.0829, 20.956, -17.5918, -55.7066, -81.2507, -46.2653, -7.9114, 30.6636, 68.4245, 70.4451, 32.8514, -5.6678, -44.0169, -79.8227, -57.9318, -19.8436, 18.7475, 56.9683, 80.3749, 44.6839, 6.2718, -32.2127, -69.7277, -69.3054, -31.7322, 6.801, 45.2468, 80.7445, 56.4042, 18.2051, -20.3392, -58.3789, -79.5064, -43.5504, -5.1524, 33.4081, 70.9866, 67.8741, 30.1094, -8.423, -46.7287, -81.4877, -55.2539, -17.0902, 21.5038, 59.6482, 78.4052, 41.9584, 3.5137, -34.9467, -72.2516, -66.7233, -28.9899, 9.5634, 47.9691, 82.1153, 53.7103, 15.4493, -23.0877, -61.0401, -77.4025, -40.8262, -2.3892, 36.1525, 73.4907, 65.261, 27.3612, -11.1805, -49.4371, -82.4985, -52.5613, -14.3315, 24.2616, 62.3153, 76.1652, 39.2246, 0.7523, -37.6801, -74.7044, -64.1043, -26.241, 12.3285, 50.6876, 82.6675, 51.0032, 12.6889, -25.837, -63.6865, -75.0883, -38.0935, 0.3778, 38.8964, 75.9046, 62.6166, 24.6072, -13.9399, -52.1411, -82.5793]","[-11.5174, -19.8907, -28.2788, -54.7235, 167.3549, 153.5527, 145.8091, 135.6908, 46.595, -31.1551, -40.9888, -48.7602, -63.2477, 157.1544, 133.0077, 124.722, 116.2178, 86.9733, -48.8156, -61.9444, -69.6537, -80.0564, -178.421, 113.2503, 103.6194, 95.8046, 80.5431, -60.5063, -82.5563, -90.7311, -99.3634, -131.7986, 95.2863, 82.6432, 74.9443, 64.2344, -43.6125, -102.4521, -111.8411, -119.6999, -135.8297, 82.5247, 61.9849, 53.8802, 45.1083, 8.5951, -120.7463, -132.8442, -140.5235, -151.5769, 93.4938, 41.9898, 32.7691, 24.8528, 7.7236, -134.572, -153.5595, -161.5737, -170.5005, 148.3443, 23.4554, 11.7495, 4.0685, -7.3585, -129.1214, -173.6709, 177.3118, 169.3349, 151.0827, 8.861, -9.0048, -16.9643, -26.0586, -73.2561, 167.5296, 156.2703, 148.5945, 136.7497, 10.2872, -29.1992, -38.0769, -46.1266, -65.6985, 152.1529, 135.4675, 127.5801, 118.2996, 64.3678, -48.1914, -59.131, -66.8206, -79.1242, 149.8818, 115.1749, 106.4679, 98.3398, 77.2803, -64.1354, -79.9664, -87.8135, -97.2945, -159.8803, 95.9669, 85.3966, 77.6979, 64.8811, -69.0457, -100.3287, -108.9203, -117.1386, -139.9882, 79.4331, 64.5201, 56.7283, 47.0237, -24.5456, -119.6931, -130.0006, -137.7256, -151.1128, 72.0576, 44.0746, 35.6258, 27.3092, 2.4327, -136.656, -150.9044, -158.669, -168.6144, 109.1054, 24.5326, 14.5326, 6.7838, -7.2413, -145.7901, -171.4085, -179.7627, 171.8108, 144.43, 7.1149, -6.4057, -14.1309, -24.345, -116.2993]"
2025-11-17,39.9289,116.388,0.0794262347097012,FLOCK 4G 7,62624,25.1,"[33.4302, -4.7956, -42.869, -78.7618, -59.6072, -21.8596, 16.4426, 54.4421, 81.9035, 47.7806, 9.7013, -28.5177, -65.967, -73.2157, -36.2759, 1.9294, 40.1524, 76.725, 61.9269, 24.1802, -14.0767, -51.9878, -82.6116, -50.5665, -12.5804, 25.7269, 63.4533, 75.3757, 38.5984, 0.4104, -37.7286, -74.4859, -64.5985, -27.0465, 11.2337, 49.3338, 82.4297, 52.894, 14.9048, -23.3398, -61.0006, -77.6484, -41.4251, -3.2824, 34.9846, 72.1735, 66.8971, 29.3665, -8.8783, -46.8886, -81.4056, -55.6469, -17.7806, 20.5295, 58.4272, 79.5267, 43.7494, 5.6153, -32.5742, -69.7911, -69.4915, -32.2203, 6.0239, 44.2006, 79.8615, 57.9716, 20.102, -18.1547, -55.9703, -81.2374, -46.5531, -8.4898, 29.8056, 67.3461, 71.7388, 34.5409, -3.6778, -41.767, -77.9028, -60.6828, -22.9713, 15.3278, 53.3511, 82.3017, 48.8789, 10.8172, -27.4085, -64.9102, -74.2022, -37.3787, 0.8152, 39.049, 75.7885, 62.9976, 25.291, -12.9643, -50.8991, -82.6355, -51.6547, -13.6911, 24.6183, 62.3861, 76.3214, 39.7005, 1.5229, -36.6284, -73.507, -65.6524, -28.1505, 10.1237, 48.2419, 82.0943, 53.9803, 16.0143, -22.2341, -59.9323, -78.5131, -42.5187, -4.3907, 33.8837, 71.1624, 67.9415, 30.4698, -7.7705, -45.7995, -80.7896, -56.7219, -18.8843, 19.425, 57.3524, 80.28, 44.8422, 6.7221, -31.4764, -68.7651, -70.5114, -33.3162, 4.9191, 43.1094, 79.0756, 59.0435, 21.2047, -17.0529, -54.8968]","[-12.2378, -20.263, -29.0407, -65.1845, 165.5167, 153.2554, 145.5872, 134.8509, 27.8598, -31.605, -41.0355, -48.8384, -64.1585, 155.4822, 133.0657, 124.8638, 116.3447, 86.9143, -48.4359, -61.6349, -69.3289, -79.496, -168.0668, 114.0023, 104.1062, 96.373, 82.45, -55.4524, -81.7009, -90.0786, -98.3797, -122.8728, 98.0867, 83.5767, 75.8123, 66.1237, -3.9468, -100.4479, -110.8201, -118.4986, -131.288, 95.7721, 63.6807, 55.0481, 46.9247, 25.9272, -115.3184, -131.2813, -139.1185, -148.405, 158.357, 45.3683, 34.3389, 26.6792, 14.809, -111.3054, -151.0062, -159.8935, -167.8677, 173.8197, 32.0112, 13.9751, 6.0118, -2.9354, -44.4407, -168.8539, 179.4297, 171.7794, 160.6687, 46.0273, -5.5163, -14.7611, -22.6222, -38.9127, 179.6076, 159.1618, 151.0724, 142.4116, 109.4875, -22.7179, -35.3861, -43.0668, -53.5467, -153.374, 139.9095, 130.3036, 122.5358, 107.855, -31.5221, -55.5208, -63.802, -72.2238, -99.3698, 123.4219, 109.7295, 102.0133, 92.0609, 11.7448, -74.4464, -84.5523, -92.2617, -105.6726, 118.1188, 89.7273, 81.2553, 73.0353, 50.1809, -89.9223, -105.0512, -112.849, -122.3578, 175.0931, 71.1437, 60.5244, 52.8599, 40.4853, -89.7227, -124.872, -133.618, -141.6753, -161.4491, 56.8341, 40.0991, 32.2178, 23.083, -24.5524, -142.9848, -154.3126, -161.9689, -173.4989, 64.4952, 20.4616, 11.4414, 3.5203, -13.864, -155.594, -174.6339, 177.346, 168.526, 130.9829, 2.8552, -9.2173, -16.8737, -27.7027]"
2024-12-11,39.9289,116.388,0.0784087791494935,FLOCK 4V 23,46737,21.3,"[-1.1331, 45.6349, -64.4584, -30.032, 82.5823, -38.6832, -55.2452, 49.9193, -8.3359, -77.4752, 13.5407, 27.789, -74.7365, -17.5819, 68.2015, -50.7199, -44.3262, 67.1568, -22.4318, -68.1009, 28.8599, 11.2771, -82.1801, -4.6381, 50.5598, -61.716, -33.1653, 81.8509, -35.1801, -58.1715, 44.692, -3.7769, -79.8178, 8.8399, 33.5516, -71.6926, -21.7039, 74.3101, -46.7728, -48.0681, 60.7507, -17.4168, -71.5671, 22.8406, 17.672, -80.0195, -9.8849, 58.0399, -57.3733, -37.8148, 76.1756, -29.7758, -62.4701, 37.2834, 3.0864, -82.2846, 2.3283, 41.9114, -67.0689, -27.3762, 81.3963, -41.0167, -53.2096, 51.9993, -10.1978, -76.1439, 14.9385, 26.6541, -75.7201, -16.7109, 67.9811, -51.2928, -43.8744, 66.6517, -22.2661, -68.0444, 27.9047, 12.4955, -82.02, -5.7881, 52.9536, -60.7203, -34.457, 79.8734, -33.2463, -59.6584, 41.1337, -0.4975, -81.0565, 5.4033, 38.417, -69.3359, -24.9323, 79.3705, -43.2738, -51.232, 54.4662, -12.3543, -74.6736, 16.8475, 24.7318, -76.9411, -15.2776, 66.5552, -52.4687, -42.8037, 67.605, -23.1591, -67.2908, 28.4981, 12.0334, -82.2244, -5.4806, 53.0515, -60.9197, -34.3687, 79.445, -33.0193, -59.7761, 40.2749, 0.3554, -81.2697, 4.4558, 40.0294, -68.6584, -25.9153, 80.8871, -42.0433, -52.2909, 52.0585, -10.3327, -75.7793, 14.5114, 27.7507, -75.5735, -17.4346, 70.2009, -50.3279, -44.8698, 63.662, -20.0983, -69.3479, 24.647, 16.3189]","[-119.682, 50.5972, 71.0506, -131.0138, -25.8837, 54.1964, -144.6233, -127.8203, 42.1608, -176.2531, -141.9951, 30.0023, 59.1883, -153.3159, 8.1038, 33.0893, -165.4046, -143.1862, 19.8919, 176.0213, -163.9461, 8.1755, 75.0347, -175.8072, -6.4985, 13.6083, 172.7561, -122.684, -2.1832, 158.4361, 175.0428, -14.1033, 117.9106, 161.7063, -26.6674, -1.6636, 150.414, -55.9148, -23.7584, 137.913, 156.7094, -36.5085, 116.3546, 139.4306, -48.3687, -2.1952, 127.837, -65.032, -44.2829, 116.1811, 150.4117, -58.8313, 100.458, 117.7002, -70.6528, 37.4636, 105.1934, -84.0546, -62.453, 93.8622, -141.641, -80.8609, 80.5829, 97.2897, -93.16, 52.0697, 82.6306, -105.3787, -74.1746, 71.2423, -127.2483, -102.2873, 59.1445, 80.8169, -115.6954, 40.5125, 60.3351, -127.5481, -63.2269, 48.4834, -142.863, -122.5155, 36.9551, 84.7218, -138.106, 22.1477, 38.6346, -150.0814, -26.488, 25.7021, -163.1752, -140.1241, 14.3652, 152.876, -160.2185, 1.3794, 18.2929, -172.7583, -24.4243, 3.0096, 175.0389, -150.7848, -8.4434, 154.1389, 178.2277, -20.479, 1.7735, 164.5555, -38.6719, -19.4502, 152.6308, -139.5809, -31.3595, 137.2199, 157.7118, -42.9107, 2.4985, 141.9706, -57.795, -41.4375, 129.9284, -108.3704, -54.3009, 116.6009, 139.283, -65.6701, 63.2815, 119.6085, -78.8587, -62.454, 107.0932, -106.7798, -77.1914, 94.6812, 125.7119, -88.6226, 70.6394, 97.6375, -100.8694, -81.1845, 84.2239, -120.5818, -99.9426, 72.1717]"
2021-06-16,39.9289,116.388,0.0784087791470498,GLOBAL-5,55983,9.1,"[-27.2221, -2.921, 22.1917, 39.8495, 38.7999, 19.9793, -5.3049, -29.1015, -41.9528, -34.12, -12.0485, 13.5999, 35.1268, 41.7349, 27.952, 3.8981, -21.2741, -39.4446, -39.2205, -20.76, 4.5257, 28.5031, 41.848, 34.682, 12.9704, -12.6204, -34.4736, -41.8854, -28.6665, -4.7018, 20.5876, 39.1168, 39.5682, 21.5899, -3.5319, -27.675, -41.6848, -35.2673, -13.7766, 11.8731, 33.9759, 41.9845, 29.3646, 5.6694, -19.6524, -38.6565, -39.9445, -22.3666, 2.7437, 27.0574, 41.5341, 35.789, 14.6811, -10.8871, -33.2807, -42.0766, -30.0642, -6.4795, 18.9518, 38.2927, 40.2447, 23.1712, -1.7529, -26.2016, -41.3091, -36.3441, -15.4891, 10.1284, 32.7572, 42.1259, 30.7288, 7.4358, -18.0016, -37.7791, -40.5732, -23.9422, 0.9557, 25.5656, 41.1141, 36.8239, 16.3745, -9.1382, -32.0229, -42.1575, -31.4109, -8.2518, 17.287, 37.3813, 40.825, 24.72, 0.0302, -24.6849, -40.8279, -37.3451, -17.1833, 8.3683, 31.475, 42.1578, 32.0404, 9.1949, -16.3244, -36.8169, -41.1022, -25.4833, -0.8362, 24.0313, 40.5905, 37.7817, 18.0479, -7.3761, -30.7045, -42.1272, -32.7019, -10.0162, 15.5961, 36.3869, 41.3051, 26.2325, 1.815, -23.1286, -40.2441, -38.2651, -18.8563, 6.5951, 30.1337, 42.0792, 33.2948, 10.9444, -14.6235, -35.7743, -41.5275, -26.986, -2.6296, 22.458, 39.9662, 38.6572, 19.6984, -5.6031, -29.33, -41.9855, -33.9323, -11.7705, 13.8818, 35.3141]","[-2.6721, 26.1533, 53.5967, 91.4422, 139.0788, 175.4599, -157.5444, -128.0609, -85.4631, -39.5601, -7.3151, 19.2523, 52.1749, 98.5071, 140.1923, 169.1894, -163.59, -126.3095, -78.5211, -41.494, -14.2939, 14.9774, 57.0993, 103.1671, 135.7042, 162.1936, -165.3733, -119.3001, -76.9523, -47.585, -20.4273, 16.4034, 64.0716, 101.4608, 128.7212, 157.644, -160.7541, -114.2275, -81.149, -54.5753, -22.4702, 23.2292, 65.893, 95.4535, 122.4131, 158.6776, -153.5879, -115.5317, -88.0321, -59.2886, -18.1634, 28.4784, 61.8646, 88.384, 120.0189, 165.3868, -151.3047, -121.3361, -94.4076, -58.569, -11.0079, 27.4096, 54.9923, 83.4122, 123.986, 171.0211, -155.0164, -128.3801, -97.0408, -52.0752, -8.4791, 21.7035, 48.4587, 83.7357, 131.2757, 170.3752, -161.7675, -133.4942, -93.3918, -46.2935, -12.0096, 14.5959, 45.4864, 90.0544, 134.2673, 164.8959, -168.3482, -133.4706, -86.1537, -46.698, -18.735, 9.24, 48.7677, 96.1857, 131.0786, 157.834, -171.5384, -127.3941, -82.9274, -52.0645, -25.4573, 8.8681, 56.0768, 96.2225, 124.4962, 152.357, -168.5761, -121.1482, -85.9227, -59.1745, -28.9726, 14.7152, 59.7603, 91.1071, 117.7469, 151.7014, -161.3583, -120.8664, -92.4644, -64.8763, -26.3996, 21.2673, 57.1316, 84.0632, 114.0351, 157.2845, -157.455, -125.8546, -99.3389, -65.9229, -19.1761, 22.0057, 50.7552, 78.2612, 116.2926, 163.9157, -159.8789, -132.9312, -103.3606, -60.6182, -14.8283, 17.2936, 43.8738, 76.9488]"
2021-06-16,39.9289,116.388,0.0784087791470498,FLOCK 4H 26,66729,20.5,"[-51.8043, -14.3137, 23.4943, 60.7982, 78.0553, 42.3036, 4.6062, -33.1552, -69.95, -69.6999, -32.8952, 4.8551, 42.5372, 78.2342, 60.5742, 23.2527, -14.5693, -52.0657, -82.6103, -51.2999, -13.7991, 24.0078, 61.2945, 77.6484, 41.7943, 4.0905, -33.667, -70.4256, -69.2216, -32.3834, 5.3705, 43.046, 78.6287, 60.0767, 22.7386, -15.0845, -52.5701, -82.5657, -50.7949, -13.2841, 24.5215, 61.7905, 77.2337, 41.2845, 3.5744, -34.1791, -70.8997, -68.7414, -31.8712, 5.8862, 43.5551, 79.0137, 59.5782, 22.224, -15.5999, -53.0746, -82.4862, -50.2892, -12.7687, 25.0355, 62.2862, 76.8118, 40.7742, 3.058, -34.6913, -71.372, -68.2593, -31.3585, 6.4022, 44.0643, 79.3881, 59.0788, 21.7089, -16.1157, -53.579, -82.373, -49.783, -12.2529, 25.5497, 62.7814, 76.3833, 40.2633, 2.5412, -35.2038, -71.8423, -67.7755, -30.8454, 6.9186, 44.5736, 79.7508, 58.5785, 21.1935, -16.6318, -54.0835, -82.2275, -49.2761, -11.7367, 26.0642, 63.2763, 75.9488, 39.7519, 2.024, -35.7164, -72.3105, -67.29, -30.3319, 7.4353, 45.083, 80.1003, 58.0774, 20.6776, -17.1481, -54.5879, -82.0513, -48.7686, -11.2202, 26.5789, 63.7706, 75.5088, 39.24, 1.5065, -36.2293, -72.7764, -66.803, -29.8179, 7.9523, 45.5926, 80.4352, 57.5754, 20.1613, -17.6648, -55.0922, -81.8464, -48.2606, -10.7033, 27.0939, 64.2645, 75.0638, 38.7275, 0.9887, -36.7423, -73.2398, -66.3144, -29.3034]","[-168.6248, -178.723, 173.6384, 160.9501, 29.5789, -3.9187, -12.6071, -20.5758, -39.0252, 179.7361, 161.5296, 153.5765, 144.8647, 110.7252, -20.0727, -32.6738, -40.3105, -50.4636, -136.4639, 143.3684, 133.3706, 125.7234, 112.8325, -19.7469, -51.8747, -60.5098, -68.5068, -87.4355, 131.3643, 113.6003, 105.6737, 96.9059, 61.2483, -68.1782, -80.588, -88.2174, -98.4765, 171.7346, 95.3652, 85.4645, 77.8077, 64.7056, -68.9792, -99.8288, -108.4124, -116.439, -135.8736, 83.0152, 65.672, 57.7707, 48.945, 11.6554, -116.2759, -128.5017, -136.1247, -146.4936, 119.9957, 47.3655, 37.5587, 29.8913, 16.569, -118.1253, -147.7812, -156.315, -164.3724, 175.6586, 34.6874, 17.7446, 9.8676, 0.9819, -38.0629, -164.3661, -176.4148, 175.9675, 165.4849, 68.3525, -0.6308, -10.347, -18.0258, -31.5779, -167.1917, 164.2681, 155.7824, 147.6929, 127.1586, -13.6203, -30.1818, -38.0357, -46.9835, -87.9163, 147.5508, 135.6725, 128.0594, 117.4588, 16.833, -48.624, -58.2523, -65.9437, -79.7355, 143.8152, 116.319, 107.8798, 99.7569, 78.6243, -61.9092, -78.1073, -85.9392, -94.9513, -137.9148, 99.4746, 87.7603, 80.1508, 69.4279, -34.5405, -96.614, -106.1575, -113.8623, -127.9047, 94.8898, 68.3715, 59.9772, 51.8195, 30.0528, -110.1803, -126.0319, -133.8428, -142.9215, 171.9319, 51.4048, 39.8486, 32.2417, 21.392, -85.7517, -144.6011, -154.0625, -161.7818, -176.0859, 46.0269, 20.4256, 12.0746, 3.8808, -18.5587, -158.4349, -173.9557]"
2021-06-16,39.9289,116.388,0.0784087791470498,LEGION 4,60453,27.9,"[14.4684, 37.2949, 44.7767, 30.3946, 5.3918, -20.9438, -41.1179, -43.0316, -24.8545, 1.239, 27.0458, 43.8878, 39.6961, 18.3629, -8.1532, -32.5551, -45.0845, -35.5742, -12.053, 14.7371, 37.4753, 44.7303, 30.1675, 5.113, -21.2017, -41.2547, -42.9276, -24.6077, 1.5173, 27.2848, 43.9675, 39.5381, 18.0986, -8.4301, -32.7696, -45.1031, -35.3785, -11.781, 15.0056, 37.6542, 44.6813, 29.9392, 4.8339, -21.4592, -41.3895, -42.8211, -24.3599, 1.7957, 27.5232, 44.0448, 39.378, 17.8336, -8.707, -32.9831, -45.1191, -35.1813, -11.5084, 15.2739, 37.8317, 44.6296, 29.7096, 4.5545, -21.7162, -41.5224, -42.7122, -24.1112, 2.0744, 27.7609, 44.1196, 39.216, 17.5679, -8.984, -33.1956, -45.1323, -34.9824, -11.2353, 15.5421, 38.0076, 44.5752, 29.4788, 4.2747, -21.9729, -41.6532, -42.601, -23.8615, 2.3532, 27.9979, 44.192, 39.052, 17.3015, -9.2609, -33.4069, -45.1429, -34.782, -10.9617, 15.81, 38.182, 44.5182, 29.2468, 3.9946, -22.2291, -41.782, -42.4874, -23.6109, 2.6322, 28.2341, 44.2619, 38.8861, 17.0344, -9.5379, -33.6172, -45.1508, -34.58, -10.6876, 16.0778, 38.3548, 44.4586, 29.0136, 3.7141, -22.4849, -41.9088, -42.3715, -23.3593, 2.9114, 28.4696, 44.3293, 38.7182, 16.7666, -9.8149, -33.8263, -45.1561, -34.3765, -10.413, 16.3454, 38.5261, 44.3963, 28.7792, 3.4333, -22.7403, -42.0335, -42.2532, -23.1068, 3.1908, 28.7044]","[37.5072, 69.3158, 116.8585, 159.271, -172.9913, -147.7944, -112.4912, -63.4729, -25.2792, 0.8213, 27.5384, 67.5207, 116.2659, 150.0697, 174.9744, -156.3657, -112.4644, -66.2397, -35.7206, -10.8586, 21.0919, 68.745, 110.9818, 138.6283, 163.8633, -160.665, -111.6195, -73.6056, -47.5629, -20.7735, 19.3917, 68.0713, 101.7168, 126.5975, 155.3639, -160.5724, -114.485, -84.0928, -59.2234, -27.1296, 20.6309, 62.6913, 90.2478, 115.5224, 151.1637, -159.7674, -121.9331, -95.9468, -69.0837, -28.7355, 19.8749, 53.3633, 78.2212, 107.0957, 151.3204, -162.7319, -132.4652, -107.5873, -75.3486, -27.4836, 14.3993, 41.8674, 67.1829, 102.9948, 152.0834, -170.2616, -144.3304, -117.392, -76.8608, -28.3232, 5.0092, 29.8456, 58.8297, 103.2139, 149.0195, 179.162, -155.9501, -123.5652, -75.5986, -33.894, -6.5131, 18.8447, 54.8284, 103.9328, 141.4089, 167.2863, -165.6985, -124.9844, -76.5231, -43.3456, -18.5294, 10.5659, 55.1082, 100.7693, 130.7889, 155.6881, -171.7793, -123.7142, -82.1887, -54.8935, -29.492, 6.6643, 55.7809, 93.0785, 118.9034, 145.9968, -173.1062, -124.7248, -91.701, -66.9036, -37.6955, 7.0031, 52.5175, 82.4156, 107.3274, 140.0092, -171.8305, -130.4847, -103.2739, -77.8272, -41.4973, 7.6275, 44.7471, 70.5209, 97.694, 138.7737, -172.9282, -140.057, -115.2772, -85.9547, -41.1014, 4.2641, 34.042, 58.9677, 91.8001, 140.0526, -178.782, -151.6542, -126.161, -89.6566, -40.5273, -3.5852, 22.1387, 49.3931]"
2021-10-06,39.9289,116.388,0.0779480603368701,FLOCK 4Q 26,58284,17.3,"[18.0933, -34.2193, -81.9498, -40.8463, 11.3865, 63.1602, 62.738, 10.9461, -41.2793, -81.7626, -33.7877, 18.5261, 69.8977, 55.836, 3.8051, -48.2881, -76.9541, -26.7116, 25.6415, 76.246, 48.8638, -3.3241, -55.2319, -70.725, -19.6246, 32.7266, 81.3565, 41.8517, -10.4361, -62.0838, -64.0824, -12.5324, 39.7751, 82.2536, 34.8154, -17.5254, -68.7824, -57.2768, -5.4405, 46.7785, 77.9783, 27.7647, -24.5868, -75.1558, -50.3906, 1.6458, 53.7239, 71.8924, 20.7065, -31.6148, -80.5733, -43.4579, 8.7209, 60.588, 65.3042, 13.647, -38.6037, -82.5869, -36.4956, 15.7795, 67.32, 58.5291, 6.5918, -45.5462, -79.1349, -29.5134, 22.8162, 73.7858, 51.6663, -0.4537, -52.4311, -73.3336, -22.5186, 29.8256, 79.5249, 44.7555, -7.4843, -59.2391, -66.8933, -15.5167, 36.8016, 82.6447, 37.8162, -14.4946, -65.9292, -60.2266, -8.5133, 43.7372, 80.2319, 30.8595, -21.4796, -72.3978, -53.4563, -1.5134, 50.6222, 74.7279, 23.893, -28.4342, -78.3145, -46.6293, 5.4778, 57.4398, 68.3834, 16.9229, -35.3529, -82.3379, -39.7674, 12.455, 64.1565, 61.7619, 9.9548, -42.2297, -81.3018, -32.8825, 19.413, 70.6929, 55.0212, 2.9939, -49.056, -76.3276, -25.9825, 26.3466, 76.8137, 48.219, -3.9545, -55.8179, -70.1946, -19.0732, 33.2505, 81.6089, 41.3814, -10.8855, -62.4888, -63.7037, -12.1601, 40.1183, 82.1456, 34.5222, -17.7941, -69.0084, -57.0659, -5.2481, 46.9423, 77.8673]","[25.5629, 15.6094, -47.4582, -158.0102, -168.4065, 175.8183, 22.5148, 6.9524, -3.4837, -116.6975, -177.0858, 172.9799, 152.335, 1.3544, -11.6104, -22.9258, -163.3747, 164.06, 154.2829, 123.5669, -18.7317, -30.156, -42.9359, 166.8433, 145.35, 135.4534, 79.7824, -38.2124, -48.7129, -63.9383, 142.9765, 126.7322, 116.4204, 11.2555, -57.3246, -67.3108, -86.8702, 121.5444, 108.1682, 97.0718, -40.3634, -76.2015, -85.9845, -114.1946, 101.3093, 89.6272, 77.216, -72.0057, -94.925, -104.7795, -153.6127, 81.7396, 71.0809, 56.4906, -96.5617, -113.5498, -123.7606, 141.4082, 62.5713, 52.501, 34.121, -118.3054, -132.1152, -143.0278, 84.1344, 43.6583, 33.8546, 8.1575, -138.7035, -150.6526, -162.7492, 49.8464, 24.912, 15.0999, -27.3301, -158.3672, -169.1899, 176.7662, 24.3097, 6.2741, -3.8212, -86.8307, -177.593, 172.2453, 154.8804, 2.1254, -12.2967, -22.997, -150.0202, 163.4576, 153.6221, 130.0613, -18.5035, -30.8326, -42.5722, 172.0756, 144.6885, 134.902, 97.874, -38.3013, -49.3615, -62.8062, 145.2735, 126.0373, 116.0323, 45.5778, -57.6104, -67.9101, -84.2166, 122.5568, 107.4605, 96.935, -21.5474, -76.6132, -86.5077, -107.9906, 101.6629, 88.925, 77.4851, -64.5345, -95.417, -105.1895, -137.3918, 81.717, 70.4027, 57.4645, -93.1717, -114.0896, -124.0026, 177.515, 62.3188, 51.8673, 36.4531, -116.6442, -132.6778, -143.0151, 109.6795, 43.2596, 33.2913, 13.5318, -137.9097, -151.2165, -162.3335, 59.868]"
2020-03-25,39.9289,116.388,0.0761017756376452,CAPELLA-14 (ACADIA),59444,16.9,"[27.7512, 44.6766, 39.5579, 17.1673, -10.037, -34.5373, -45.7611, -34.174, -9.5426, 17.6592, 39.867, 44.5296, 27.3024, 0.9886, -25.504, -43.8003, -41.2493, -20.2018, 6.8345, 32.1713, 45.6451, 36.0767, 11.9921, -15.2438, -38.2191, -45.2312, -29.9739, -4.2366, 22.6546, 42.6181, 42.5579, 22.5373, -4.3534, -30.0617, -45.2502, -38.153, -15.1358, 12.1129, 36.1698, 45.6325, 32.0678, 6.7144, -20.3035, -41.3015, -43.7646, -25.4102, 1.1054, 27.4122, 44.5674, 39.7906, 17.5424, -9.652, -34.2492, -45.7617, -34.4637, -9.93, 17.2814, 39.6333, 44.6416, 27.6458, 1.3846, -25.1562, -43.6588, -41.4503, -20.5697, 6.4375, 31.8525, 45.6058, 36.3588, 12.3843, -14.86, -37.9648, -45.3035, -30.3009, -4.6371, 22.2838, 42.4354, 42.7376, 22.908, -3.9511, -29.731, -45.1732, -38.4079, -15.5247, 11.7136, 35.8804, 45.6687, 32.3916, 7.1202, -19.9254, -41.0918, -43.9069, -25.7687, 0.6951, 27.0546, 44.4475, 40.0309, 17.9353, -9.247, -33.9438, -45.7568, -34.7651, -10.336, 16.8842, 39.3843, 44.7535, 28.0044, 1.8003, -24.7892, -43.5054, -41.657, -20.9545, 6.021, 31.5157, 45.5587, 36.6515, 12.7953, -14.4563, -37.6943, -45.3738, -30.6417, -5.0567, 21.8938, 42.239, 42.921, 23.2953, -3.5288, -29.382, -45.0868, -38.6716, -15.9313, 11.2947, 35.574, 45.7003, 32.7284, 7.5453, -19.5277, -40.8675, -44.0507, -26.1425, 0.2654, 26.6782, 44.3161, 40.2784]","[-92.1909, -51.248, -1.671, 31.8099, 56.682, 86.2798, 132.1226, 177.6994, -152.8955, -127.9739, -94.1808, -44.4562, -3.8805, 22.7724, 48.857, 87.6537, 137.4192, 172.5071, -162.3534, -133.8428, -89.3659, -41.919, -11.2243, 13.5423, 45.6622, 94.036, 136.3137, 163.7855, -170.6568, -133.5639, -83.1403, -46.1434, -20.6175, 6.8775, 49.2149, 97.5532, 129.6281, 154.4033, -174.8302, -127.3118, -82.9263, -54.474, -29.3332, 5.8074, 55.5852, 94.3228, 120.3947, 147.0908, -172.2366, -122.5498, -88.8412, -63.94, -34.5032, 11.1222, 56.9156, 86.4803, 111.3711, 144.9329, -165.4515, -124.6034, -97.8437, -71.8405, -33.3019, 16.515, 51.8394, 77.022, 105.3827, 149.6027, -162.7513, -131.8635, -107.1032, -75.187, -26.9667, 15.5673, 43.1617, 68.651, 105.4776, 155.8979, -166.8383, -141.2426, -113.8698, -71.7934, -23.3067, 8.9753, 33.7582, 64.3294, 111.6403, 156.2851, -175.108, -150.0104, -115.1125, -65.3956, -26.3926, -0.2353, 26.3515, 66.7404, 116.5342, 150.4847, 175.419, -155.3102, -109.9169, -63.8999, -34.1643, -9.3028, 24.0192, 73.5123, 114.6459, 141.5207, 167.4414, -154.2901, -104.427, -68.852, -43.621, -15.4141, 28.5336, 76.3821, 107.4758, 132.2322, 163.9377, -148.0095, -105.208, -77.4815, -52.0608, -15.5113, 34.8963, 72.4415, 98.1134, 125.3611, 167.1624, -144.202, -111.6994, -86.9055, -56.5353, -9.4476, 35.4654, 64.2376, 89.2928, 123.9387, 173.5836, -147.1342, -120.884, -94.4083, -54.3165, -4.4194]"
2021-10-07,39.9289,116.388,0.0760161321905984,GLOBAL-9,47971,24.6,"[-16.5173, -39.3651, -43.6578, -25.3293, 2.0271, 28.872, 44.7083, 36.5276, 11.9919, -16.0812, -39.1011, -43.7966, -25.7298, 1.5693, 28.4874, 44.6255, 36.8355, 12.4404, -15.6423, -38.8312, -43.9294, -26.1296, 1.1096, 28.0988, 44.5352, 37.1402, 12.8898, -15.2005, -38.5556, -44.056, -26.5286, 0.6482, 27.7062, 44.4375, 37.4417, 13.34, -14.7559, -38.2741, -44.1763, -26.9269, 0.1851, 27.3096, 44.3323, 37.7398, 13.791, -14.3086, -37.9869, -44.2903, -27.3242, -0.2798, 26.9091, 44.2196, 38.0344, 14.2427, -13.8585, -37.694, -44.3976, -27.7205, -0.7463, 26.5047, 44.0993, 38.3253, 14.6951, -13.4057, -37.3953, -44.4983, -28.1158, -1.2145, 26.0965, 43.9715, 38.6124, 15.1481, -12.9502, -37.091, -44.5922, -28.5098, -1.6843, 25.6844, 43.8362, 38.8956, 15.6017, -12.4921, -36.7811, -44.6791, -28.9026, -2.1557, 25.2685, 43.6932, 39.1747, 16.0558, -12.0313, -36.4655, -44.759, -29.2941, -2.6286, 24.8488, 43.5427, 39.4496, 16.5104, -11.5678, -36.1445, -44.8317, -29.6841, -3.103, 24.4254, 43.3846, 39.72, 16.9654, -11.1018, -35.8178, -44.8971, -30.0726, -3.5789, 23.9983, 43.2189, 39.986, 17.4207, -10.6333, -35.4857, -44.9551, -30.4594, -4.0562, 23.5676, 43.0455, 40.2472, 17.8763, -10.1622, -35.1482, -45.0055, -30.8444, -4.5349, 23.1332, 42.8646, 40.5035, 18.3321, -9.6886, -34.8052, -45.0483, -31.2276, -5.015, 22.6952, 42.6761, 40.7549, 18.7881]","[124.8283, 159.8206, -149.1529, -108.1089, -80.5556, -51.8623, -7.6711, 42.271, 74.984, 101.2926, 136.0262, -173.0581, -131.7085, -104.0552, -75.4983, -31.6151, 18.5183, 51.4622, 77.7572, 112.2346, 163.0294, -155.3139, -127.5562, -99.1322, -55.5598, -5.2429, 27.9369, 54.2219, 88.4458, 139.1099, -178.9252, -151.0589, -122.764, -79.505, -29.0125, 4.408, 30.6868, 64.6598, 115.1835, 157.4575, -174.5631, -146.3938, -103.4505, -52.7907, -19.1245, 7.1518, 40.8769, 91.2502, 133.834, 161.931, -170.0216, -127.396, -76.5776, -42.6608, -16.3832, 17.0969, 67.3103, 110.2043, 138.4234, 166.3526, -151.3412, -100.3732, -66.2009, -39.9181, -6.6801, 43.3638, 86.5681, 114.914, 142.7287, -175.2861, -124.1776, -89.7449, -63.4531, -30.4539, 19.411, 62.9255, 91.4027, 119.1068, 160.7697, -147.9909, -113.293, -86.9881, -54.2246, -4.548, 39.2762, 67.8895, 95.4867, 136.8264, -171.8132, -136.8452, -110.5233, -77.9922, -28.513, 15.6201, 44.3744, 71.8685, 112.8842, 164.3555, -160.4016, -134.0586, -101.7566, -52.4838, -8.0428, 20.8572, 48.2521, 88.9433, 140.5152, 176.0377, -157.5942, -125.5177, -76.4602, -31.7128, -2.6621, 24.6375, 65.004, 116.6657, 152.4726, 178.8699, -149.2756, -100.442, -55.3899, -26.1836, 1.0246, 41.0663, 92.8071, 128.903, 155.3338, -173.0302, -124.4289, -79.0743, -49.7073, -22.5866, 17.1306, 68.9392, 105.3287, 131.7972, 163.2184, -148.4208, -102.766, -73.2334, -46.1961, -6.803, 45.0622, 81.7497]"
2020-04-24,30.5833,114.267,0.0756747315629701,IHOPSAT-TD,44859,18.5,"[-34.8487, -34.7817, -19.2282, 2.9916, 24.3177, 36.5885, 31.8668, 13.6622, -8.9628, -28.7581, -37.1144, -28.185, -8.1205, 14.5125, 32.3856, 36.3912, 23.5743, 2.1121, -19.9683, -35.0933, -34.5208, -18.655, 3.6342, 24.8305, 36.706, 31.4947, 13.0503, -9.5917, -29.1956, -37.0976, -27.7273, -7.487, 15.1161, 32.7307, 36.2383, 23.0451, 1.468, -20.5298, -35.3248, -34.2471, -18.0769, 4.2761, 25.3362, 36.809, 31.112, 12.4353, -10.2184, -29.6238, -37.0659, -27.2611, -6.8517, 15.7162, 33.0643, 36.0711, 22.5094, 0.8236, -21.086, -35.5429, -33.9608, -17.4942, 4.9171, 25.8347, 36.8974, 30.7187, 11.8172, -10.8428, -30.0427, -37.0193, -26.7866, -6.2147, 16.3125, 33.3863, 35.8899, 21.9674, 0.1789, -21.6365, -35.7476, -33.6622, -16.9069, 5.5572, 26.3256, 36.9709, 30.3153, 11.1963, -11.4648, -30.4519, -36.958, -26.304, -5.5762, 16.9048, 33.6964, 35.6948, 21.4194, -0.4659, -22.1814, -35.9386, -33.3515, -16.3152, 6.1961, 26.8089, 37.0297, 29.9018, 10.5726, -12.0842, -30.8512, -36.8818, -25.8135, -4.9363, 17.493, 33.9944, 35.4859, 20.8655, -1.1108, -22.7202, -36.1158, -33.0289, -15.7194, 6.8337, 27.2841, 37.0735, 29.4787, 9.9463, -12.7007, -31.2403, -36.791, -25.3153, -4.2951, 18.0769, 34.2801, 35.2634, 20.306, -1.7554, -23.2529, -36.279, -32.6946, -15.1196, 7.4699, 27.7512, 37.1024, 29.0459, 9.3176, -13.3144, -31.619, -36.6855]","[34.4885, 78.3837, 114.9762, 143.8143, 173.9523, -146.4833, -103.0718, -69.145, -40.9466, -9.0572, 32.7305, 74.247, 105.8921, 134.1951, 168.5692, -147.8189, -108.7157, -78.8636, -49.9429, -13.0052, 30.8803, 67.171, 95.9137, 126.2255, 166.0801, -150.6537, -117.0007, -88.828, -56.7039, -14.6935, 26.5792, 58.0041, 86.3509, 121.0098, 164.7335, -156.4622, -126.7661, -97.7326, -60.4915, -16.6309, 19.3596, 48.0144, 78.5072, 118.6475, 161.7551, -164.8606, -136.706, -104.3412, -62.1182, -21.0974, 10.1138, 38.512, 73.4598, 117.2808, 155.7835, -174.6691, -145.5152, -107.9705, -64.15, -28.4578, 0.1166, 30.7976, 71.2185, 114.1547, 147.2753, 175.4195, -151.969, -109.5441, -68.7829, -37.7786, -9.3214, 25.9188, 69.8225, 108.0218, 137.4278, 166.7095, -155.4427, -111.6773, -76.2809, -47.7793, -16.903, 23.7924, 66.5451, 99.4075, 127.5487, 160.4127, -156.9715, -116.4771, -85.6729, -57.1492, -21.6132, 22.3584, 60.2526, 89.5248, 118.9418, 157.0917, -159.213, -124.1097, -95.6733, -64.5947, -23.6312, 18.9262, 51.5359, 79.6819, 112.804, 155.5988, -164.1798, -133.569, -104.9709, -69.1363, -25.112, 12.4763, 41.622, 71.1818, 109.6323, 153.2427, -171.9438, -143.565, -112.2772, -71.0528, -28.702, 3.661, 31.8193, 65.2048, 108.1665, 148.1089, 178.5335, -152.7866, -116.6508, -72.589, -35.3071, -6.2803, 23.4296, 62.1786, 105.6898, 140.2169, 168.5457, -159.9506, -118.4729, -76.3393, -44.2172, -16.0389, 17.6151, 60.731]"
2020-09-01,39.9072,116.391,0.0756652949245297,GLOBAL-14,49469,11.9,"[-9.9084, -35.8414, -40.078, -18.1856, 11.9909, 36.891, 39.5519, 17.2369, -12.9721, -37.6179, -38.767, -15.2235, 15.0025, 38.5019, 38.1407, 14.2703, -15.9809, -39.1346, -37.1819, -12.2047, 17.9477, 39.8457, 36.4723, 11.2492, -18.9205, -40.3671, -35.3499, -9.1436, 20.8123, 40.9004, 34.5729, 8.1874, -21.7758, -41.2936, -33.2984, -6.0533, 23.581, 41.6477, 32.4684, 5.0974, -24.5303, -41.8969, -31.0545, -2.9464, 26.237, 42.0739, 30.184, 1.9914, -27.166, -42.1655, -28.6436, 0.1654, 28.7623, 42.1714, 27.7431, -1.119, -29.6633, -42.0949, -26.0893, 3.2703, 31.1374, 41.9397, 25.1678, -4.2223, -32.0011, -41.6882, -23.4135, 6.3572, 33.3411, 41.3851, 22.4779, -7.307, -34.1565, -40.9557, -20.6356, 9.4144, 35.3511, 40.5202, 19.6916, -10.3614, -36.1057, -39.914, -17.7735, 12.4303, 37.1442, 39.363, 16.8254, -13.3733, -37.824, -38.5844, -14.8435, 15.3926, 38.6971, 37.9354, 13.8945, -16.33, -39.2867, -36.9915, -11.8603, 18.2884, 39.9872, 36.2615, 10.9127, -19.2179, -40.4709, -35.1614, -8.8375, 21.1039, 40.9939, 34.3662, 7.8928, -22.0222, -41.356, -33.1206, -5.7876, 23.8243, 41.7, 32.2746, 4.8469, -24.7272, -41.926, -30.8949, -2.7227, 26.4335, 42.0931, 30.0105, 1.7865, -27.3155, -42.1703, -28.5085, 0.346, 28.914, 42.1665, 27.5963, -1.2772, -29.7683, -42.0851, -25.9839, 3.4073, 31.2471, 41.9203, 25.053, -4.3333, -32.0654]","[-65.6752, -26.4907, 29.8677, 74.2693, 106.5216, 146.3379, -157.8687, -114.7429, -82.5519, -41.5798, 15.187, 57.5589, 89.6796, 131.3124, -172.7198, -131.5105, -99.3442, -56.4342, 0.2682, 40.7369, 72.932, 116.5042, 172.1918, -148.378, -116.0304, -71.0742, -14.9036, 23.8258, 56.3005, 101.8867, 156.8567, -165.3236, -132.5881, -85.5339, -30.3313, 6.8473, 39.8065, 87.4203, 141.2759, 177.6739, -148.9953, -99.8606, -46.0081, -10.1774, 23.4712, 73.0542, 125.4588, 160.635, -165.2303, -114.1124, -61.9205, -27.228, 7.315, 58.7292, 109.4202, 143.58, 178.7276, -128.354, -78.0502, -44.2843, -8.6436, 44.3822, 93.1788, 126.5289, 162.8966, -142.6514, -94.376, -61.3265, -24.3891, 29.9521, 76.7556, 109.5015, 147.2912, -157.0658, -110.8754, -78.3347, -39.9108, 15.3842, 60.1725, 92.5179, 131.9203, -171.6491, -127.5255, -95.2889, -55.2045, 0.6344, 43.4517, 75.5983, 116.7848, 173.5595, -144.3037, -112.1691, -70.2749, -14.3292, 26.6149, 58.7633, 101.8756, 158.534, -161.1876, -128.9549, -85.1372, -29.5256, 9.6837, 42.0339, 87.1716, 143.2617, -178.1558, -145.6256, -99.8186, -44.9625, -7.3211, 25.4312, 72.6388, 127.7408, 164.8124, -162.1607, -114.3584, -60.6377, -24.3796, 8.9764, 58.2308, 111.9785, 147.7371, -178.5398, -128.8061, -76.5417, -41.4718, -7.3098, 43.8915, 95.9882, 130.638, 165.2564, -143.2191, -92.6599, -58.5786, -23.4077, 29.5586, 79.7877, 113.5344, 149.2454, -157.6575, -108.974, -75.6808, -39.3001]"
2020-09-01,39.9072,116.391,0.0756652949245297,FLOCK 4G 1,62666,22.2,"[30.7053, 67.8326, 71.6021, 34.7483, -3.1279, -40.897, -76.9233, -62.1768, -24.8852, 13.024, 50.7116, 82.597, 52.2475, 14.5937, -23.3162, -60.6595, -78.1856, -42.454, -4.7009, 33.1905, 70.1638, 69.2969, 32.2652, -5.6266, -43.362, -78.8835, -59.7736, -22.3964, 15.5216, 53.161, 82.4425, 49.7958, 12.0963, -25.8037, -63.0567, -76.1609, -39.9873, -2.2018, 35.6727, 72.4505, 66.953, 29.7797, -8.1244, -45.8219, -80.5956, -57.3573, -19.906, 18.0179, 55.6022, 81.5271, 47.338, 9.5983, -28.2885, -65.4353, -74.0077, -37.5168, 0.2974, 38.1514, 74.6732, 64.5809, 27.2921, -10.6211, -48.2763, -81.9013, -54.9305, -17.4139, 20.5125, 58.0337, 80.059, 44.875, 7.1001, -30.7705, -67.79, -71.7713, -35.043, 2.7965, 40.6263, 76.8002, 62.1877, 24.8027, -13.1164, -50.7244, -82.5833, -52.4948, -14.9207, 23.0053, 60.4536, 78.2434, 42.4076, 4.6018, -33.2493, -70.1127, -69.4787, -32.5661, 5.2952, 43.097, 78.7778, 59.778, 22.3117, -15.6101, -53.1652, -82.4708, -50.0517, -12.4263, 25.496, 62.859, 76.217, 39.9363, 2.1037, -35.7247, -72.3914, -67.1465, -30.0866, 7.7934, 45.563, 80.5125, 57.3554, 19.8193, -18.102, -55.5978, -81.5957, -47.6023, -9.931, 27.9845, 65.2462, 74.0597, 37.4614, -0.3941, -38.1964, -74.6073, -64.7854, -27.6045, 10.2908, 48.0237, 81.8486, 54.9224, 17.3258, -20.592, -58.0205, -80.1596, -45.1475, -7.435, 30.4704, 67.61]","[-164.5596, 178.8347, 37.6633, 17.4298, 9.3654, 0.8269, -29.0621, -163.6124, -176.8652, 175.4685, 165.5771, 88.214, -0.7675, -10.9623, -18.6001, -31.2144, -162.2958, 163.8271, 155.1297, 147.155, 128.4979, -13.0416, -30.8714, -38.7973, -47.5943, -84.2174, 147.1911, 134.913, 127.2868, 116.8943, 21.1719, -49.4171, -59.1413, -66.8273, -80.4896, 143.3518, 115.422, 106.9677, 98.8436, 77.534, -63.1909, -79.1481, -86.9626, -96.0645, -142.2099, 98.1772, 86.7047, 79.0967, 68.1099, -43.3815, -97.9886, -107.3139, -115.0709, -130.0208, 90.6769, 67.0562, 58.8068, 50.5022, 25.6833, -112.9327, -127.4035, -135.132, -144.5926, 155.9929, 49.3085, 38.5077, 30.8967, 19.2008, -103.8763, -146.4949, -155.4816, -163.3336, -179.8874, 39.1415, 18.724, 10.6458, 2.1257, -27.4548, -162.3685, -175.6408, 176.6933, 166.8103, 90.3785, 0.557, -9.6797, -17.3151, -29.8637, -160.8308, 165.0534, 156.3543, 148.3815, 129.7964, -11.6022, -29.5792, -37.5166, -46.2919, -82.4979, 148.4307, 136.1376, 128.5119, 118.1301, 23.3808, -48.0988, -57.8592, -65.5408, -79.1243, 144.7384, 116.6481, 108.1925, 100.0708, 78.8627, -61.7807, -77.8577, -85.6816, -94.7578, -140.3389, 99.4136, 87.9294, 80.3221, 69.3491, -41.3054, -96.6756, -106.0322, -113.7828, -128.6369, 92.0136, 68.2822, 60.0317, 51.7301, 27.0578, -111.545, -126.1147, -133.8504, -143.281, 158.0333, 50.5426, 39.7326, 32.1224, 20.4443, -101.9822, -145.1864, -154.2002, -162.0437, -178.4797]"
2020-09-01,39.9072,116.391,0.0756652949245297,LEGION 3,60452,25.9,"[-39.473, -44.0103, -27.4693, -1.7507, 24.4474, 42.9057, 41.1998, 20.9516, -5.4927, -30.5066, -44.7928, -37.2573, -14.4532, 12.3564, 35.8537, 45.0386, 31.9957, 7.3016, -19.2401, -40.2098, -43.6161, -26.3236, -0.4186, 25.6256, 43.385, 40.5246, 19.7163, -6.8139, -31.5669, -44.9723, -36.3738, -13.163, 13.6531, 36.76, 44.8878, 30.9428, 5.9809, -20.4781, -40.9029, -43.167, -25.1588, 0.914, 26.7858, 43.81, 39.8045, 18.4685, -8.1314, -32.6015, -45.0917, -35.4556, -11.8648, 14.942, 37.6308, 44.6768, 29.8649, 4.6567, -21.703, -41.5503, -42.6646, -23.976, 2.2463, 27.9265, 44.1792, 39.0413, 17.2091, -9.4445, -33.6087, -45.1506, -34.5045, -10.5596, 16.2222, 38.4642, 44.4066, 28.7634, 3.3299, -22.9138, -42.15, -42.1108, -22.7766, 3.5776, 29.0464, 44.491, 38.2371, 15.939, -10.7523, -34.5868, -45.1487, -33.5224, -9.248, 17.4926, 39.2581, 44.0781, 27.6398, 2.0012, -24.1093, -42.7001, -41.5072, -21.5617, 4.9072, 30.144, 44.7443, 37.3939, 14.6592, -12.054, -35.5341, -45.086, -32.5111, -7.931, 18.7525, 40.0105, 43.6926, 26.4956, 0.6713, -25.2884, -43.1988, -40.8558, -20.3323, 6.2342, 31.2178, 44.938, 36.5136, 13.3706, -13.3489, -36.4488, -44.9628, -31.4721, -6.6093, 20.0007, 40.7193, 43.2516, 25.3321, -0.659, -26.4498, -43.6442, -40.1586, -19.0897, 7.558, 32.2662, 45.0713, 35.5983, 12.0741, -14.636, -37.3288, -44.7794]","[-145.7563, -97.1992, -57.0009, -30.1707, -4.1105, 34.0171, 83.3561, 118.9429, 144.2522, 172.0748, -145.4785, -98.0718, -66.3334, -41.4588, -10.6583, 36.0549, 79.8598, 108.3912, 133.4615, 167.8068, -143.342, -104.0072, -77.5108, -51.164, -12.1714, 36.9953, 71.7804, 96.9236, 125.2023, 168.4709, -144.6833, -113.5958, -88.7287, -57.2901, -9.9784, 33.0087, 61.066, 86.2874, 121.4174, 170.4807, -151.0456, -124.8511, -98.1858, -58.3226, -9.4125, 24.595, 49.6023, 78.3703, 122.4343, 168.6588, -160.8725, -135.9831, -103.8743, -56.0279, -13.8819, 13.7344, 39.1372, 75.0745, 124.2655, 161.8856, -172.1902, -145.1741, -104.4401, -55.8679, -22.6116, 2.2898, 31.5804, 76.4062, 121.9555, 151.838, 176.7795, -150.4103, -102.0986, -60.8103, -33.6021, -7.9873, 28.7768, 78.0097, 114.7881, 140.4733, 167.8731, -150.528, -102.3712, -69.8376, -45.0123, -15.166, 30.3811, 75.208, 104.5373, 129.5607, 163.1021, -148.1953, -107.775, -80.942, -55.0844, -17.4776, 31.7111, 67.6637, 93.1408, 120.9573, 163.4094, -148.9225, -117.0816, -92.3027, -61.8676, -15.6467, 28.4175, 57.2267, 82.3621, 116.663, 165.6775, -154.7741, -128.2839, -102.1523, -63.6908, -14.6324, 20.5141, 45.8139, 74.0803, 117.367, 164.4787, -164.3418, -139.5797, -108.5233, -61.6825, -18.4146, 9.9079, 35.1856, 70.272, 119.5161, 158.1941, -175.6265, -149.1892, -109.8658, -61.0219, -26.659, -1.5061, 27.2438, 71.3399, 117.833, 148.3832, 173.1581, -155.1321, -107.7319]"
2022-04-26,24.1098,113.005,0.0755295661548029,LASARSAT,62391,12.7,"[-23.42, 6.6977, 34.437, 44.8157, 27.4371, -2.1504, -31.0365, -45.1463, -30.911, -2.0413, 27.4878, 44.8208, 34.4024, 6.6072, -23.5472, -43.8623, -37.3144, -10.7408, 19.6429, 42.286, 40.0295, 15.2024, -15.348, -40.1647, -42.1198, -19.1792, 11.2421, 37.5883, 43.7775, 23.3965, -6.7407, -34.5516, -44.769, -27.0923, 2.5482, 31.2678, 45.1451, 30.8913, 2.0332, -27.5715, -44.8565, -34.1362, -6.217, 23.8272, 43.9096, 37.2934, 10.7578, -19.6839, -42.3623, -39.8557, -14.8393, 15.6621, 40.2681, 42.099, 19.2096, -11.239, -37.6638, -43.6981, -23.0795, 7.0726, 34.7099, 44.7575, 27.1245, -2.5064, -31.3133, -45.1432, -30.6378, -1.701, 27.7772, 44.8691, 34.1605, 6.2875, -23.8281, -43.95, -37.1165, -10.4429, 19.9257, 42.4121, 39.867, 14.9258, -15.6151, -40.31, -42.0029, -18.9297, 11.503, 37.7572, 43.6982, 23.1684, -6.9825, -34.7218, -44.7311, -26.8955, 2.7772, 31.449, 45.1424, 30.7161, 1.8242, -27.7419, -44.8832, -33.9948, -6.0262, 23.9992, 43.9632, 37.1738, 10.5862, -19.8383, -42.4281, -39.7695, -14.6902, 15.8108, 40.35, 42.0339, 19.078, -11.3673, -37.7419, -43.6613, -22.9733, 7.1896, 34.7944, 44.7388, 27.0335, -2.6029, -31.3829, -45.1419, -30.5731, -1.6203, 27.8458, 44.8796, 34.108, 6.2256, -23.8756, -43.963, -37.0882, -10.4003, 19.9666, 42.4296, 39.8466, 14.8988, -15.6328, -40.3157, -42.0, -18.924, 11.5097, 37.761]","[-40.2894, -10.6118, 23.1334, 76.2439, 123.9011, 154.5824, -173.3442, -122.5022, -71.799, -39.8282, -9.1807, 38.4695, 91.5814, 125.3491, 155.1015, -160.1812, -105.0267, -69.149, -40.0299, 1.4149, 57.3617, 95.8065, 124.7794, 163.4822, -140.2902, -98.9918, -69.8991, -33.8803, 21.1481, 65.5202, 95.2108, 129.1414, -177.3805, -129.8141, -99.242, -67.1712, -16.4467, 34.0128, 65.9588, 96.7216, 144.7267, -162.1118, -128.4764, -98.7499, -54.087, 0.802, 36.612, 65.798, 107.5202, 163.6736, -158.0127, -129.0913, -90.4111, -34.4268, 6.7508, 35.8764, 72.0841, 127.4241, 171.7123, -158.6728, -124.7586, -71.4676, -24.0824, 6.4952, 38.6849, 89.7359, 140.216, 172.0688, -157.193, -109.3101, -56.3812, -22.7689, 7.0298, 51.9604, 107.005, 142.721, 171.8682, -146.4819, -90.5827, -52.3294, -23.365, 15.4998, 71.7465, 112.8619, 141.9343, 178.0965, -126.8005, -82.6244, -52.9856, -18.9563, 34.6289, 82.0298, 112.5444, 144.6975, -164.4414, -114.1359, -82.2751, -51.4673, -3.3333, 49.7231, 83.2746, 113.0359, 157.8322, -147.3534, -111.6501, -82.4586, -40.6348, 15.4914, 53.7095, 82.6329, 121.408, 177.3977, -141.535, -112.4304, -76.1638, -20.7943, 23.4078, 53.0042, 86.9713, 140.3124, -172.392, -141.8508, -109.638, -58.5433, -8.1188, 23.7069, 54.4671, 102.401, 155.2798, -171.1484, -141.3496, -96.3938, -41.3699, -5.6767, 23.4754, 65.1524, 121.0366, 159.2582, -171.7876, -132.9243, -76.684, -35.5737, -6.5008, 29.6639]"
2022-10-05,39.9289,116.388,0.0748343570319913,ION SCV-004,50993,21.7,"[-64.6567, -27.2669, 10.8454, 48.8292, 82.3646, 53.5578, 15.595, -22.6154, -60.2319, -78.4716, -42.5659, -4.6112, 33.5192, 70.7585, 68.4837, 31.0452, -7.1677, -45.1483, -80.3738, -57.6809, -20.0393, 18.1065, 55.9585, 81.2893, 46.4001, 8.317, -29.8494, -67.1615, -72.2876, -35.3922, 2.6524, 40.7333, 77.1791, 61.542, 23.7901, -14.4365, -52.2757, -82.7043, -50.6095, -12.7948, 25.3592, 63.0076, 75.9106, 39.1984, 1.0364, -37.0588, -73.8317, -65.5379, -28.189, 9.9182, 47.9167, 82.0255, 54.4641, 16.5207, -21.6921, -59.3375, -79.1709, -43.4798, -5.538, 32.598, 69.9007, 69.3501, 31.9664, -6.2418, -44.2362, -79.7459, -58.5782, -20.9629, 17.1813, 55.0546, 81.7649, 47.3125, 9.2428, -28.9295, -66.2879, -73.1216, -36.3094, 1.7262, 39.8164, 76.4092, 62.4333, 24.7128, -13.5125, -51.3709, -82.7544, -51.5153, -13.7191, 24.4366, 62.1179, 76.6917, 40.1147, 1.9615, -36.1431, -73.0065, -66.4137, -29.1085, 8.9932, 47.0057, 81.5995, 55.3671, 17.4442, -20.7708, -58.4434, -79.8335, -44.3908, -6.4625, 31.6787, 69.0394, 70.2093, 32.8851, -5.318, -43.3257, -79.0785, -59.4717, -21.8839, 16.2581, 54.1517, 82.1599, 48.222, 10.1663, -28.0115, -65.4129, -73.9444, -37.224, 0.8023, 38.9013, 75.6233, 63.3202, 25.633, -12.5906, -50.4673, -82.6891, -52.418, -14.641, 23.5159, 61.2282, 77.4521, 41.0282, 2.8844, -35.229, -72.1741, -67.284, -30.0255, 8.0703]","[172.4736, 158.1422, 150.472, 140.9913, 75.3301, -25.7713, -36.1694, -43.7563, -56.0808, 172.8019, 138.4321, 129.7965, 121.8609, 102.8141, -39.5314, -56.4727, -64.2952, -73.2388, -116.9682, 120.661, 109.2082, 101.6504, 90.6683, -24.9276, -75.8482, -84.9728, -92.739, -108.6429, 109.8668, 89.074, 81.0367, 72.5713, 42.3781, -92.6132, -105.4835, -113.0894, -123.1908, 146.9817, 70.14, 60.37, 52.7435, 39.227, -98.4045, -125.4038, -133.7407, -141.8993, -164.9161, 54.8026, 39.964, 32.2656, 22.9287, -36.66, -143.7605, -154.3701, -161.9475, -173.9488, 57.5695, 20.3228, 11.5871, 3.7, -14.4838, -156.9575, -174.6393, 177.496, 168.6643, 128.6073, 2.7509, -8.986, -16.5482, -27.2953, -137.8782, 166.074, 156.8195, 149.0872, 133.7737, -7.1463, -29.076, -37.1735, -45.5554, -73.7158, 149.5877, 136.3297, 128.7072, 118.7862, 35.9144, -47.8929, -57.8341, -65.4419, -78.5515, 145.3452, 116.4656, 108.0488, 99.9539, 78.1815, -62.8245, -78.2121, -85.9417, -95.1436, -149.2396, 98.2647, 87.4302, 79.8593, 68.1587, -57.2616, -97.7803, -106.6223, -114.4646, -131.8649, 85.6891, 67.197, 59.2865, 50.5599, 13.7159, -115.1384, -127.1789, -134.7483, -145.2757, 109.7516, 48.0044, 38.6122, 30.9104, 16.1388, -124.0313, -147.2221, -155.3842, -163.6879, 169.9481, 31.8197, 18.1446, 10.5026, 0.7507, -75.1855, -165.9147, -176.0375, 176.3704, 163.6374, 29.3396, -1.6601, -10.1619, -18.1974, -38.8527, 179.5973, 163.6143, 155.8501]"
2022-10-05,39.9289,116.388,0.0748343570319913,LASARSAT,62391,7.2,"[-11.8664, 17.1032, 40.3166, 42.6024, 21.5442, -7.3839, -33.9128, -45.0574, -30.5514, -3.2191, 25.1559, 43.9393, 38.0419, 13.2027, -15.9638, -39.6586, -43.1298, -23.0591, 5.5072, 32.4361, 45.139, 31.799, 4.5266, -24.1068, -43.5631, -38.9357, -14.8918, 14.1029, 38.5244, 43.7176, 24.3987, -4.2503, -31.5096, -45.1259, -33.0015, -6.3383, 22.3375, 42.8948, 39.9053, 16.2562, -12.9128, -37.7744, -44.1076, -25.8499, 2.3697, 29.9253, 45.007, 34.2127, 7.685, -21.2319, -42.3994, -40.6808, -17.9009, 11.0233, 36.4892, 44.5297, 27.1884, -1.0671, -28.9316, -44.853, -35.3206, -9.4717, 19.4045, 41.54, 41.5408, 19.2872, -9.783, -35.6532, -44.7753, -28.5672, -0.809, 27.2531, 44.5256, 36.4765, 10.8544, -18.2435, -40.9322, -42.1874, -20.8797, 7.8746, 34.2308, 45.0104, 29.8918, 2.1559, -26.1949, -44.2334, -37.4791, -12.608, 16.3692, 39.8913, 42.9124, 22.28, -6.5846, -33.3143, -45.1068, -31.1889, -4.0192, 24.4353, 43.6952, 38.5581, 14.0222, -15.1535, -39.1784, -43.4198, -23.8119, 4.6667, 31.7692, 45.1371, 32.4842, 5.4083, -23.3148, -43.2697, -39.444, -15.7349, 13.2432, 37.9687, 43.9839, 25.2162, -3.3279, -30.7768, -45.0823, -33.6893, -7.2503, 21.4869, 42.5239, 40.4217, 17.1748, -11.9736, -37.1577, -44.3429, -26.6785, 1.4095, 29.1238, 44.8956, 34.9368, 8.6784, -20.3058, -41.9718, -41.1793, -18.8382, 10.0378, 35.7938, 44.7216, 28.0745]","[77.9919, 105.3309, 142.5474, -163.8377, -123.3105, -95.329, -63.3084, -13.4894, 33.6125, 63.8143, 92.3231, 135.4193, -171.7898, -136.7163, -109.2382, -72.755, -19.6717, 21.4818, 49.4899, 80.6504, 129.6129, 178.2117, -150.7732, -122.3745, -80.2197, -27.4452, 8.1615, 35.4237, 70.7793, 123.7442, 166.436, -165.0521, -134.2621, -86.257, -37.233, -5.8784, 22.042, 62.9434, 116.4665, 153.3614, -179.144, -144.433, -92.155, -48.8347, -20.2106, 9.8141, 56.7658, 107.1737, 139.4735, 167.3736, -152.6132, -99.2869, -61.7983, -34.4316, -0.7743, 51.0698, 95.9718, 125.2139, 154.9612, -159.0748, -108.3658, -75.6436, -48.1285, -9.3697, 44.3933, 83.295, 110.993, 144.0997, -164.8746, -119.3726, -89.9308, -60.8503, -16.0818, 35.83, 69.6357, 97.2228, 135.1657, -171.4539, -131.9123, -104.2532, -72.111, -21.8081, 25.2667, 55.45, 84.3467, 128.1316, -179.8112, -145.5028, -118.2072, -81.482, -28.0026, 13.0578, 41.1542, 72.8429, 122.2274, 169.8378, -159.69, -131.3602, -88.8556, -35.8424, -0.3093, 27.154, 63.1495, 116.0665, 157.792, -174.0599, -143.2369, -94.8207, -45.7104, -14.3639, 13.8767, 55.4326, 108.4107, 144.5206, 171.7864, -153.3698, -100.6974, -57.3793, -28.6795, 1.7884, 49.2232, 98.7658, 130.4912, 158.2654, -161.4899, -107.8587, -70.3864, -42.8522, -8.643, 43.3052, 87.2847, 116.1289, 145.8354, -167.8877, -116.9904, -84.2494, -56.4682, -17.1116, 36.2892, 74.4011, 101.8324, 134.9772, -173.6469, -128.0479]"
2022-05-25,39.9289,116.388,0.0745010615688252,GLOBAL-14,49469,29.0,"[-29.5071, -4.7797, 21.5205, 40.0031, 38.103, 17.7505, -8.4944, -32.0765, -42.1391, -30.1846, -5.6595, 20.7195, 39.6604, 38.5304, 18.5636, -7.636, -31.4444, -42.1626, -30.8503, -6.5392, 19.9098, 39.2938, 38.9374, 19.3724, -6.7736, -30.7976, -42.1597, -31.5036, -7.4183, 19.0915, 38.9037, 39.3234, 20.1763, -5.9074, -30.1366, -42.1301, -32.1441, -8.2966, 18.265, 38.4905, 39.6877, 20.9752, -5.0378, -29.4617, -42.0739, -32.771, -9.1738, 17.4308, 38.0547, 40.0295, 21.7684, -4.1649, -28.7735, -41.991, -33.3837, -10.0496, 16.589, 37.5967, 40.3482, 22.5557, -3.2889, -28.0722, -41.8815, -33.9816, -10.9237, 15.74, 37.1169, 40.6432, 23.3364, -2.4102, -27.3584, -41.7452, -34.5641, -11.7957, 14.8842, 36.6159, 40.9137, 24.1103, -1.529, -26.6325, -41.5825, -35.1305, -12.6654, 14.0219, 36.0941, 41.1593, 24.8768, -0.6455, -25.8947, -41.3934, -35.68, -13.5323, 13.1534, 35.5522, 41.3793, 25.6354, 0.24, -25.1456, -41.1781, -36.2121, -14.3961, 12.279, 34.9904, 41.5732, 26.3857, 1.1272, -24.3855, -40.9369, -36.726, -15.2566, 11.399, 34.4095, 41.7405, 27.1269, 2.016, -23.6148, -40.67, -37.2211, -16.1132, 10.5137, 33.81, 41.8807, 27.8588, 2.906, -22.8339, -40.3777, -37.6965, -16.9656, 9.6235, 33.1922, 41.9933, 28.5805, 3.797, -22.043, -40.0603, -38.1517, -17.8135, 8.7286, 32.5569, 42.078, 29.2917, 4.6887, -21.2426, -39.7183]","[17.8127, 48.6277, 77.173, 116.7129, 166.2531, -157.0249, -129.3955, -97.6581, -51.5879, -6.5359, 24.5797, 52.986, 92.0011, 141.6197, 178.8449, -153.4379, -122.0445, -76.3957, -30.9041, 0.527, 28.8086, 67.3027, 116.9647, 154.7022, -177.4783, -146.4155, -101.2068, -55.2923, -23.5307, 4.6404, 42.6182, 92.2883, 130.5465, 158.4827, -170.7713, -126.02, -79.7008, -47.5941, -19.519, 17.9485, 67.591, 106.3773, 134.4447, 164.8878, -150.8336, -104.1302, -71.6635, -43.6702, -6.7059, 42.8734, 82.1939, 110.4074, 140.5614, -175.6463, -128.5807, -95.7396, -67.8135, -31.3443, 18.1362, 57.9957, 86.3701, 116.2493, 159.5433, -153.0527, -119.8227, -91.9495, -55.9664, -6.6199, 33.7822, 62.3326, 91.9511, 134.7368, -177.5464, -143.9134, -116.0785, -80.5717, -31.394, 9.5528, 38.2943, 67.6665, 109.9355, 157.938, -168.0123, -140.2011, -105.16, -56.1852, -14.6932, 14.2548, 43.395, 85.1407, 133.4001, 167.8802, -164.3177, -129.7309, -80.9924, -38.9564, -9.7864, 19.1362, 60.3537, 108.8401, 143.7635, 171.5712, -154.2845, -105.8145, -63.2373, -33.8297, -5.1102, 35.5757, 84.2577, 119.637, 147.4651, -178.8204, -130.6502, -87.5365, -57.8757, -29.3447, 10.808, 59.653, 95.5003, 123.3636, 156.6612, -155.4981, -111.8548, -81.9248, -53.5677, -13.9484, 35.0261, 71.3526, 99.2662, 132.1603, 179.6431, -136.1926, -105.9775, -77.7797, -38.6924, 10.3773, 47.1935, 75.1724, 107.6769, 154.7749, -160.5505, -130.0342, -101.9812, -63.4232]"
2021-11-04,39.9289,116.388,0.0743987141119713,FLOCK 4Q 33,58308,4.8,"[-25.3047, -73.9621, -53.7597, -3.9209, 46.1914, 79.9623, 32.5346, -17.7017, -66.9854, -61.1388, -11.5559, 38.6435, 82.6253, 40.1152, -10.0703, -59.7096, -68.3777, -19.1889, 31.0493, 78.8948, 47.668, -2.4169, -52.2916, -75.2756, -26.8132, 23.4185, 72.4447, 55.1754, 5.252, -44.7871, -81.0129, -34.4218, 15.7589, 65.306, 62.6027, 12.9296, -37.2207, -82.2811, -42.0065, 8.0776, 57.9198, 69.8649, 20.6091, -29.6056, -77.6035, -49.5557, 0.3814, 50.4104, 76.6918, 28.2836, -21.9509, -70.9281, -57.0497, -7.323, 42.8245, 81.892, 35.9455, -14.2636, -63.7185, -64.4464, -15.0288, 35.1839, 81.539, 43.5852, -6.5505, -56.2992, -71.6362, -22.7292, 27.5013, 76.0305, 51.1895, 1.1817, -48.7676, -78.2402, -30.4174, 19.7855, 69.092, 58.7341, 8.9263, -41.1621, -82.5023, -38.0857, 12.0441, 61.7422, 66.1659, 16.6762, -33.5011, -80.4454, -45.7244, 4.2842, 54.2187, 73.3375, 24.4246, -25.7955, -74.3769, -53.3184, -3.4874, 46.5983, 79.692, 32.1638, -18.0535, -67.2972, -60.8389, -11.2637, 38.9133, 82.6461, 39.8854, -10.282, -59.894, -68.2177, -19.0377, 31.18, 78.9776, 47.5782, -2.488, -52.3412, -75.2491, -26.8024, 23.4091, 72.4181, 55.2236, 5.3217, -44.6987, -81.0751, -34.5505, 15.6089, 65.1441, 62.7852, 13.1401, -36.9926, -82.2007, -42.2731, 7.7866, 57.6178, 70.1711, 20.9598, -29.2368, -77.2895, -49.9581, -0.0505, 49.9669, 77.0803, 28.7736, -21.4406]","[13.635, -12.0061, -157.792, -169.9229, 179.3387, 51.2128, 6.7292, -2.8562, -20.666, -172.0249, 173.454, 163.5178, 82.6823, -9.3803, -19.4372, -33.3805, 175.7952, 156.8877, 147.3549, 108.2847, -25.1085, -36.0643, -47.8589, 168.5522, 140.4247, 130.9778, 107.6379, -40.1936, -52.7008, -63.2406, 176.0963, 124.1295, 114.4664, 97.7679, -54.1011, -69.3111, -79.1366, -147.8597, 108.1006, 97.8756, 84.5497, -65.5515, -85.8557, -95.3453, -129.5316, 92.5037, 81.2475, 69.8204, -70.7561, -102.2843, -111.7503, -133.1613, 77.6478, 64.6187, 54.2982, -56.6913, -118.526, -128.2775, -144.0351, 64.1869, 48.0257, 38.3178, -18.9504, -134.4696, -144.8749, -157.6783, 53.7619, 31.5105, 22.0565, -7.7923, -149.9231, -161.5016, -172.6207, 51.5226, 15.128, 5.6191, -13.9428, -164.5179, -178.121, 171.738, 73.7661, -1.0419, -10.9263, -25.7315, -177.4406, 165.3047, 155.6864, 108.1468, -16.8708, -27.5308, -39.7883, 173.4689, 148.8204, 139.3816, 113.0124, -32.1309, -44.1545, -54.9481, 175.4341, 132.4865, 122.9182, 104.8789, -46.3692, -60.7607, -70.7152, -153.4458, 116.3934, 106.3591, 92.3477, -58.5395, -77.3097, -86.8437, -126.2756, 100.6903, 89.751, 77.9482, -65.6838, -93.7526, -103.1963, -126.4965, 85.6502, 73.1327, 62.6066, -57.5054, -110.0216, -119.6883, -136.284, 71.8387, 56.5419, 46.7342, -20.2947, -126.0121, -136.2617, -149.4862, 60.6342, 40.0205, 30.5419, -2.6579, -141.5463, -152.8724, -164.2141, 56.2352, 23.6221, 14.1504]"
2024-12-09,39.9289,116.388,0.0734222400612174,JILIN-01 KUANFU 02B 5,61193,23.1,"[63.7066, 75.4017, 39.1769, 1.5412, -36.031, -72.399, -67.2218, -30.35, 7.4341, 45.1531, 80.1176, 57.8299, 20.4858, -17.2053, -54.4603, -82.0165, -49.1019, -11.5886, 26.2638, 63.5344, 75.5555, 39.3562, 1.7226, -35.8514, -72.2361, -67.3913, -30.5291, 7.254, 44.9756, 80.0002, 58.0052, 20.6665, -17.0244, -54.2839, -82.0752, -49.2788, -11.7684, 26.0846, 63.3624, 75.7084, 39.535, 1.9036, -35.672, -72.0732, -67.5604, -30.7079, 7.0743, 44.7985, 79.8813, 58.18, 20.8468, -16.8439, -54.1078, -82.1302, -49.4552, -11.9478, 25.9058, 63.1906, 75.8604, 39.7136, 2.0843, -35.493, -71.9103, -67.7289, -30.8863, 6.8949, 44.6216, 79.7608, 58.3544, 21.0267, -16.6637, -53.9319, -82.1813, -49.6313, -12.127, 25.7273, 63.019, 76.0115, 39.8918, 2.2647, -35.3142, -71.7474, -67.897, -31.0644, 6.7159, 44.445, 79.6388, 58.5285, 21.2064, -16.4838, -53.7564, -82.2286, -49.8071, -12.3058, 25.5492, 62.8476, 76.1616, 40.0696, 2.4448, -35.1358, -71.5845, -68.0646, -31.2421, 6.5372, 44.2687, 79.5155, 58.7022, 21.3857, -16.3042, -53.5811, -82.272, -49.9824, -12.4842, 25.3713, 62.6765, 76.3108, 40.2471, 2.6245, -34.9577, -71.4215, -68.2317, -31.4195, 6.3588, 44.0927, 79.3908, 58.8755, 21.5647, -16.1249, -53.406, -82.3115, -50.1574, -12.6624, 25.1938, 62.5056, 76.459, 40.4243, 2.8039, -34.7798, -71.2586, -68.3983, -31.5965, 6.1808, 43.9171, 79.2649]","[158.9287, 22.3308, -4.4483, -12.9341, -21.1617, -42.7466, 177.6212, 161.2227, 153.2885, 144.1356, 100.0153, -21.1707, -32.9701, -40.654, -51.4732, -153.18, 142.8956, 133.1673, 125.3672, 111.2151, -25.1272, -52.2416, -60.7432, -68.9583, -90.3237, 129.9466, 113.4216, 105.4797, 96.35, 52.9716, -68.9199, -80.7759, -88.4609, -99.2364, 160.216, 95.1179, 85.3591, 77.5636, 63.4999, -72.578, -100.0348, -108.5522, -116.7552, -137.9058, 82.2739, 65.6205, 57.6708, 48.564, 5.9082, -116.6683, -128.5816, -136.2678, -147.0003, 113.6275, 47.3405, 37.5509, 29.7599, 15.7831, -120.0214, -147.8278, -156.3613, -164.5523, 174.5073, 34.6033, 17.8196, 9.8619, 0.7776, -41.1743, -164.4161, -176.3873, 175.9252, 165.2351, 67.0534, -0.4367, -10.2574, -18.044, -31.9353, -167.4573, 164.3793, 155.8295, 147.6504, 126.9157, -13.0654, -29.9813, -37.9471, -47.0091, -88.2756, 147.8367, 135.807, 128.1181, 117.4698, 20.4927, -48.2135, -58.0656, -65.848, -79.6553, 145.1145, 116.5866, 108.0204, 99.8529, 79.3196, -60.7319, -77.7822, -85.7562, -94.7962, -135.3951, 100.0903, 88.0013, 80.3109, 69.7038, -26.0554, -95.99, -105.8739, -113.6521, -127.3767, 97.6942, 68.7939, 60.2111, 52.0551, 31.719, -108.3964, -125.583, -133.5653, -142.5837, 177.4676, 52.3446, 40.1957, 32.5036, 21.9372, -72.5923, -143.7662, -153.6822, -161.4564, -175.0997, 50.2821, 21.0014, 12.4019, 4.2572, -15.8859, -156.0587, -173.3837, 178.6255, 169.6285, 130.313]"
2024-04-02,39.9289,116.388,0.0733333333311111,UMBRA-09,60541,20.2,"[-55.4554, -18.2754, 19.3497, 56.5955, 80.8531, 46.7484, 9.3006, -28.2876, -65.1092, -74.3382, -38.2917, -0.7941, 36.7703, 73.1058, 66.2882, 29.4121, -8.198, -45.5911, -80.0744, -58.023, -20.9183, 16.7021, 54.0123, 81.9875, 49.3558, 11.9511, -25.652, -62.5905, -76.5709, -40.9092, -3.445, 34.1393, 70.7137, 68.7725, 32.0488, -5.5486, -42.9833, -78.2254, -60.5759, -23.558, 14.0541, 51.4199, 82.3403, 51.9549, 14.5998, -23.0144, -60.0514, -78.6313, -43.5209, -6.0944, 31.5059, 68.2639, 71.212, 34.6814, -2.8992, -40.3709, -76.1229, -63.1106, -26.1944, 11.4058, 48.8199, 81.8107, 54.5444, 17.2466, -20.3753, -57.4966, -80.409, -46.1261, -8.7421, 28.8703, 65.7738, 73.5873, 37.3098, -0.2502, -37.7544, -73.8658, -65.6221, -28.8271, 8.7577, 46.2137, 80.5465, 57.1227, 19.891, -17.7349, -54.9293, -81.7214, -48.7239, -11.3879, 26.2329, 63.2545, 75.8673, 39.9333, 2.3982, -35.1344, -71.5106, -68.1035, -31.4559, 6.1098, 43.6023, 78.7941, 59.6874, 22.533, -15.0934, -52.352, -82.3269, -51.3136, -14.0314, 23.594, 60.7136, 77.9985, 42.5514, 5.0457, -32.5114, -69.0903, -70.544, -34.0803, 3.4626, 40.9864, 76.7459, 62.2354, 25.1721, -12.4511, -49.7664, -82.0631, -53.8938, -16.6725, 20.954, 58.1561, 79.8876, 45.1637, 7.6922, -29.8856, -66.6251, -72.9272, -36.7, 0.8161, 38.3666, 74.5192, 64.7622, 27.8081, -9.8083, -47.1739, -81.007, -56.463]","[170.5167, 159.2847, 151.518, 139.9466, 25.7767, -25.1155, -34.5856, -42.5122, -57.7202, 165.2462, 140.1745, 131.6724, 123.2838, 100.2649, -38.168, -54.159, -62.1314, -71.4257, -116.2387, 123.8578, 111.8528, 104.0793, 93.2076, -5.9323, -72.1544, -82.0494, -89.8978, -103.7364, 123.0249, 92.9384, 84.1965, 75.9866, 56.1105, -83.5755, -101.5104, -109.6028, -118.568, -154.0396, 77.3788, 64.4349, 56.6297, 46.3406, -34.4304, -119.1052, -129.506, -137.3027, -150.0375, 82.8835, 45.7508, 36.7224, 28.6572, 11.1634, -128.3815, -148.8337, -157.0774, -165.7664, 165.3185, 31.1298, 17.0336, 9.1713, -0.6302, -63.3657, -165.9485, -176.9537, 175.2761, 163.4421, 45.797, -1.3792, -10.7484, -18.6998, -34.3469, -172.3371, 163.8761, 155.4462, 146.9879, 122.7594, -14.8193, -30.3481, -38.2942, -47.6859, -95.9648, 147.3411, 135.6095, 127.8411, 116.7499, 12.7467, -48.4402, -58.2142, -66.0804, -80.2686, 144.9442, 116.6246, 107.9696, 99.7023, 78.9124, -60.3693, -77.7068, -85.7649, -94.8121, -132.6958, 100.7974, 88.186, 80.3946, 69.9208, -16.5285, -95.418, -105.6733, -113.481, -126.4983, 104.0647, 69.419, 60.4942, 52.3827, 34.1822, -105.375, -125.0386, -133.2392, -141.997, -172.6012, 54.4656, 40.7782, 32.9386, 22.981, -44.986, -142.2946, -153.124, -160.8987, -172.9636, 65.9189, 22.2677, 13.0217, 5.034, -11.1709, -149.6182, -172.3389, 179.2843, 170.7687, 145.3284, 8.4083, -6.6112, -14.525, -24.049, -76.3615, 170.9534]"
2021-09-16,24.1098,113.005,0.0730465145259739,QPS-SAR-15 SUKUNAMI-1,67228,17.1,"[-16.9463, -36.865, -41.2441, -26.4937, -2.7186, 21.7742, 39.4073, 39.5416, 22.0311, -2.4914, -26.3516, -41.209, -36.9471, -17.1262, 7.7543, 30.5174, 42.0729, 33.7789, 12.1746, -12.8812, -34.2749, -42.0012, -29.9043, -6.9447, 17.8888, 37.3793, 41.0058, 25.7311, 1.765, -22.6841, -39.843, -39.0692, -21.0446, 3.5362, 27.1625, 41.4288, 36.4371, 16.2554, -8.7218, -31.3009, -42.1392, -33.0205, -11.1228, 13.8647, 34.8909, 41.8905, 29.1998, 6.0084, -18.8253, -37.9369, -40.6781, -24.7918, -0.7066, 23.558, 40.1905, 38.6588, 20.2114, -4.5012, -28.0053, -41.6523, -35.7822, -15.2215, 9.7382, 32.0068, 42.1623, 32.3845, 10.2089, -14.8178, -35.5513, -41.7189, -28.3225, -4.9449, 19.7527, 38.4035, 40.3804, 24.0033, -0.2499, -24.4453, -40.5597, -38.1251, -19.2066, 5.5424, 28.7899, 41.8108, 35.2266, 14.3354, -10.6997, -32.7512, -42.152, -31.5852, -9.1495, 15.7899, 36.126, 41.5453, 27.587, 4.0022, -20.672, -38.9022, -39.9843, -23.0402, 1.3078, 25.2978, 40.8503, 37.6629, 18.3541, -6.505, -29.6008, -41.9599, -34.5225, -13.2898, 11.708, 33.4222, 42.1109, 30.9125, 8.2258, -16.7307, -36.7357, -41.3, -26.6794, -2.9361, 21.5824, 39.3175, 39.6291, 22.228, -2.2656, -26.1597, -41.1501, -37.0718, -17.3332, 7.5413, 30.3562, 42.0552, 33.924, 12.3903, -12.6613, -34.124, -42.0244, -30.0758, -7.1603, 17.6897, 37.2655, 41.0644, 25.9153, 1.9888]","[-5.5922, 28.0814, 74.1096, 113.6644, 141.4915, 168.1085, -155.4953, -108.9201, -72.293, -45.5601, -17.7154, 21.8025, 67.8476, 101.5442, 127.5231, 156.9227, -160.8189, -116.4274, -85.1561, -59.3092, -27.6858, 17.0535, 58.9513, 88.0853, 114.1338, 148.2165, -165.6332, -126.5863, -98.9459, -72.0706, -34.9843, 11.6269, 47.613, 74.1059, 102.1441, 142.1066, -172.1036, -138.838, -112.8649, -83.0038, -40.1212, 3.833, 34.5944, 60.3872, 92.3696, 137.3674, 178.7768, -152.352, -126.1256, -91.3983, -45.0001, -6.5934, 20.7308, 47.7305, 85.271, 131.7728, 167.2751, -166.313, -137.8988, -97.2506, -51.7257, -19.0341, 6.8133, 36.9726, 80.2196, 123.7466, 154.1698, -179.937, -147.3785, -101.9471, -61.1309, -32.6532, -6.3718, 28.7888, 75.2345, 113.1268, 140.2941, 167.5857, -154.1784, -107.7371, -72.8548, -46.6417, -17.9956, 23.084, 68.2846, 100.567, 126.4388, 157.0939, -159.0849, -116.0519, -86.0974, -60.2194, -27.2699, 18.3577, 58.6609, 86.9051, 113.3967, 149.2217, -164.1794, -126.9236, -100.0303, -72.5756, -33.8803, 12.3735, 46.7855, 72.9475, 102.0044, 143.7444, -171.3987, -139.6539, -113.8681, -82.8787, -38.7371, 3.8245, 33.4687, 59.4782, 93.0324, 139.0118, 178.7028, -153.4036, -126.8184, -90.5407, -43.973, -7.2304, 19.536, 47.3165, 86.7039, 132.8042, 166.6236, -167.3728, -138.0458, -95.8974, -51.4273, -20.0671, 5.7733, 37.2917, 81.9465, 123.9697, 153.1873, 179.2205, -146.8054, -100.6997, -61.5373, -33.8473]"
2025-12-08,39.9289,116.388,0.0729963562237645,FLOCK 4Y 10,55029,15.0,"[60.5097, 56.0704, -5.8265, -67.8488, -47.228, 16.2558, 77.0516, 38.4665, -23.9245, -82.2188, -28.9752, 34.4743, 79.8234, 20.5407, -42.0269, -72.8975, -10.5077, 52.4709, 63.9539, 2.3922, -59.982, -55.3356, 8.0385, 69.9372, 46.3593, -15.8969, -76.9953, -37.014, 26.536, 82.7018, 28.34, -34.2343, -79.4518, -18.3987, 44.8635, 71.1161, 10.0561, -52.5025, -62.8019, 0.3522, 62.8403, 53.6632, -8.4074, -70.3607, -44.4668, 19.1043, 79.2779, 35.5696, -26.959, -82.7219, -25.7256, 37.7305, 77.3217, 17.1617, -45.4928, -69.5732, -6.7912, 56.0895, 60.3689, -1.4627, -63.8082, -51.3288, 12.194, 73.6948, 42.2306, -20.2127, -80.3381, -32.4838, 31.0952, 81.7591, 23.7079, -38.9855, -75.5133, -13.3833, 49.7806, 66.4541, 4.9328, -57.6329, -57.5943, 5.8163, 67.9799, 48.3241, -14.0029, -75.5002, -38.6711, 24.9732, 82.435, 29.6955, -32.9973, -80.2299, -19.4187, 43.9535, 71.8714, 10.7771, -51.9227, -63.2535, -0.0201, 62.5671, 53.8513, -8.3346, -70.4185, -44.2874, 19.3759, 79.5284, 35.1267, -27.5378, -82.6517, -24.8947, 38.6296, 76.5157, 16.0699, -46.7125, -68.2891, -5.3094, 57.5816, 58.8121, -3.2109, -65.6162, -49.3337, 14.3118, 75.5813, 40.0043, -22.6131, -81.786, -29.8104, 33.8222, 80.1531, 20.812, -42.0197, -72.671, -10.0477, 53.0726, 63.2055, 1.3669, -61.2413, -53.8119, 9.7873, 71.6604, 44.3317, -18.2274, -79.0564, -34.1665, 29.5408, 82.3253]","[-139.6751, 61.7853, 47.602, 27.5813, -128.7399, -141.3027, -175.3766, 41.6328, 30.0655, -38.1774, -147.653, -159.234, 68.5727, 23.5175, 11.6701, -139.7436, -165.3856, -178.8067, 23.3767, 6.0451, -9.5211, -168.6438, 177.1885, 155.2705, 0.8953, -11.3803, -45.3293, 171.2073, 159.5306, 75.7629, -17.885, -29.3159, -163.6068, 153.0825, 140.8511, -12.4649, -35.5719, -48.9443, 152.4908, 135.568, 118.7095, -39.4126, -52.9863, -75.3555, 130.2734, 118.0428, 75.7154, -59.2037, -70.6639, -162.3286, 111.5666, 99.873, -42.4237, -77.218, -89.4382, 115.5401, 93.8757, 79.5606, -79.0471, -94.7002, -112.0496, 89.6442, 76.388, 49.6066, -100.3958, -112.2432, -160.5804, 70.0938, 58.5175, -57.838, -118.8718, -130.515, 82.487, 52.1371, 39.2161, -117.5923, -136.49, -151.2371, 49.4586, 34.6159, 14.4684, -141.4136, -153.9815, 175.7827, 28.6877, 16.9168, -56.0341, -160.5183, -171.9474, 58.0928, 10.3682, -1.7793, -154.29, -178.3365, 168.396, 9.9202, -7.2441, -23.9788, 177.7975, 164.1638, 141.7154, -12.6311, -24.8553, -68.4353, 157.8519, 146.3834, 49.2164, -31.4223, -43.1725, 172.312, 139.7713, 127.3766, -28.6635, -49.1741, -63.9468, 137.2996, 122.2179, 103.7778, -53.8467, -66.7556, -97.1431, 116.2421, 104.5447, 43.0021, -73.2315, -84.831, 144.8672, 97.8381, 85.9532, -65.8249, -91.1648, -104.7377, 97.1589, 80.1959, 64.076, -94.9503, -108.758, -132.6361, 74.6491, 62.5766, 21.2036, -115.0621, -126.68, 126.1561]"
2024-03-14,39.9289,116.388,0.0727662255806763,GLOBAL-17,49949,12.6,"[39.2064, 39.3913, 20.9701, -4.5265, -28.7077, -41.9103, -34.2161, -12.1467, 13.5313, 35.1251, 41.698, 27.6088, 3.1752, -22.192, -39.9416, -38.5716, -19.394, 6.0405, 29.7394, 42.0405, 33.3948, 10.8027, -15.0616, -36.204, -41.3153, -26.1425, -1.5876, 23.4063, 40.3811, 37.9854, 18.1704, -7.5553, -31.0531, -42.1438, -32.1267, -9.1819, 16.4258, 36.9215, 41.0082, 25.0651, 0.1272, -24.8579, -40.9492, -37.0184, -16.5669, 9.0388, 32.0081, 42.1479, 31.2264, 7.8056, -17.9384, -37.8726, -40.4443, -23.5432, 1.4432, 26.011, 41.2701, 36.3344, 15.2997, -10.5544, -33.2343, -42.0575, -29.8674, -6.1862, 19.2549, 38.4878, 40.0215, 22.4095, -2.919, -27.4095, -41.6597, -35.236, -13.6777, 12.0026, 34.1053, 41.9356, 28.8957, 4.7825, -20.7411, -39.2956, -39.2883, -20.8436, 4.4668, 28.4952, 41.8572, 34.4623, 12.3719, -13.5123, -35.2294, -41.6538, -27.4602, -3.1707, 22.0046, 39.8009, 38.7565, 19.6596, -5.9525, -29.8285, -42.0601, -33.2486, -10.7394, 14.9203, 36.0086, 41.4087, 26.424, 1.7445, -23.4551, -40.4512, -37.868, -18.06, 7.4728, 30.8401, 42.1313, 32.3932, 9.3999, -16.4168, -37.0154, -40.9419, -24.9253, -0.1463, 24.6598, 40.8397, 37.2351, 16.831, -8.9624, -32.0951, -42.1431, -31.08, -7.7641, 17.7795, 37.6948, 40.5782, 23.8313, -1.2974, -26.0644, -41.3197, -36.2068, -15.2071, 10.4502, 33.0254, 42.0873, 30.1507, 6.3958, -19.2549]","[-122.0913, -74.0792, -36.5811, -9.0794, 20.5674, 63.3179, 109.5165, 141.8928, 168.5014, -158.4825, -111.8381, -69.8992, -40.6854, -12.9518, 25.3726, 73.3761, 109.6863, 136.7213, 166.5769, -150.1893, -104.4246, -72.4158, -45.5179, -11.4138, 35.8875, 76.6628, 105.1781, 132.9361, 171.7799, -140.372, -104.5812, -77.462, -46.757, -2.4125, 42.4978, 73.5709, 100.2995, 134.8365, -177.6921, -137.5065, -109.1031, -80.7436, -40.6403, 6.9367, 41.5958, 68.339, 99.3243, 144.0894, -171.5194, -140.7481, -113.6482, -77.9476, -30.0595, 8.9338, 36.7369, 65.198, 105.8223, 153.1097, -172.7035, -145.7999, -113.8701, -68.1343, -24.7446, 5.1894, 32.2013, 68.3808, 116.3028, 154.7116, -177.5242, -148.3685, -106.5075, -59.7348, -26.6044, 0.0106, 32.2882, 78.3546, 121.1667, 150.8683, 178.3364, -144.263, -96.1835, -58.957, -31.6978, -2.3651, 39.9936, 86.3574, 119.0727, 145.926, 179.2391, -133.9076, -92.1964, -63.2326, -35.7731, 2.1373, 50.1083, 86.7758, 114.0701, 144.1926, -172.2779, -126.6408, -94.8939, -68.2446, -34.5228, 12.5473, 53.6498, 82.4526, 110.4563, 149.62, -162.515, -126.9888, -100.1075, -69.7349, -25.7585, 19.372, 50.7678, 77.7355, 112.5754, 160.2115, -159.8398, -131.6763, -103.6032, -63.9182, -16.3018, 18.7072, 45.6988, 76.9565, 121.992, 166.2246, -163.2531, -136.407, -101.1071, -53.386, -14.0515, 14.0236, 42.7319, 83.6698, 130.9274, 164.8594, -168.4734, -136.896, -91.4923, -47.8382, -17.5986, 9.6487]"
2023-05-16,39.9289,116.388,0.072634032631857,FLOCK 4BE 36,60486,29.8,"[33.1683, -5.0702, -43.1537, -78.9907, -59.3449, -21.6156, 16.6481, 54.607, 81.8636, 47.6587, 9.5697, -28.6626, -66.1165, -73.0945, -36.1581, 2.0121, 40.195, 76.7422, 61.9412, 24.191, -14.0788, -52.003, -82.6305, -50.5759, -12.6215, 25.646, 63.3432, 75.5095, 38.7492, 0.5523, -37.6024, -74.386, -64.7334, -27.2119, 11.0289, 49.0949, 82.3793, 53.1799, 15.19, -23.0694, -60.7514, -77.8734, -41.7148, -3.611, 34.6183, 71.8126, 67.3044, 29.7928, -8.4625, -46.4933, -81.2086, -56.0587, -18.2328, 20.0371, 57.9136, 79.9299, 44.3121, 6.176, -32.0322, -69.2961, -70.0082, -32.7954, 5.4063, 43.5519, 79.3904, 58.6608, 20.8053, -17.4653, -55.311, -81.6049, -47.2491, -9.2314, 29.0267, 66.5772, 72.5113, 35.3826, -2.8415, -40.9555, -77.2577, -61.4909, -23.8355, 14.421, 52.4262, 82.5509, 49.8514, 11.7983, -26.4467, -64.0013, -75.0552, -38.3634, -0.2173, 37.9862, 74.8437, 64.0802, 26.413, -11.8529, -49.8226, -82.5172, -52.7544, -14.847, 23.4234, 61.1995, 77.3734, 40.957, 2.7819, -35.3961, -72.4038, -66.8424, -29.4272, 8.8001, 46.9005, 81.5038, 55.3585, 17.417, -20.8488, -58.6015, -79.5471, -43.9119, -5.8397, 32.403, 69.7609, 69.3939, 32.0105, -6.2344, -44.3007, -79.8223, -58.2197, -20.4553, 17.8112, 55.7436, 81.2989, 46.5115, 8.4053, -29.8193, -67.2138, -72.0471, -35.0051, 3.1767, 41.3476, 77.691, 60.8186, 23.0297, -15.241, -53.1397]","[-12.2168, -20.214, -29.0078, -66.0134, 165.4291, 153.293, 145.6466, 134.8979, 27.0037, -31.5812, -40.9749, -48.7701, -64.1512, 155.2829, 133.1081, 124.9346, 116.4333, 87.0486, -48.3866, -61.5622, -69.244, -79.3947, -168.0914, 114.0597, 104.1866, 96.475, 82.6447, -55.1499, -81.6065, -89.9818, -98.2591, -122.5096, 98.2186, 83.6712, 75.9217, 66.2985, -1.8155, -100.2946, -110.7088, -118.3712, -131.0337, 96.534, 63.8063, 55.166, 47.0858, 26.6024, -114.9291, -131.1441, -138.9846, -148.198, 160.751, 45.5845, 34.472, 26.8342, 15.1611, -109.0646, -150.8101, -159.748, -167.6822, 174.5092, 32.6193, 14.1406, 6.1681, -2.6797, -41.5686, -168.4852, 179.5986, 171.9572, 161.0439, 49.9465, -5.2718, -14.5939, -22.4056, -38.1106, -179.2363, 159.3815, 151.2534, 142.6882, 111.8933, -22.2265, -35.1914, -42.8652, -53.116, -146.1533, 140.2548, 130.5014, 122.7728, 108.6243, -29.7634, -55.2623, -63.5991, -71.9128, -97.0305, 124.1763, 109.9676, 102.237, 92.4999, 20.2636, -74.0219, -84.3304, -91.9995, -104.8596, 121.2283, 90.0579, 81.4847, 73.3616, 52.1485, -88.9145, -104.7807, -112.6033, -121.8846, -175.9893, 71.721, 60.7818, 53.1408, 41.2597, -84.8477, -124.485, -133.366, -141.3233, -159.5857, 58.3439, 40.4241, 32.4862, 23.5588, -17.5433, -142.2713, -154.0271, -161.6661, -172.7071, 72.9112, 20.9487, 11.723, 3.8853, -12.2433, -153.5149, -174.2658, 177.636, 169.0245, 136.8642, 3.8167, -8.889, -16.5524, -26.9451]"
2022-05-30,39.9289,116.388,0.0725788751714454,QPS-SAR-8 AMATERU-IV,60542,28.6,"[58.6302, 21.5777, -15.9025, -52.9982, -82.3071, -50.9611, -13.7997, 23.7027, 60.7053, 78.1283, 42.8309, 5.4704, -31.9429, -68.427, -71.351, -35.0855, 2.3211, 39.7372, 75.6099, 63.6987, 26.8285, -10.6452, -47.8497, -81.3009, -56.09, -19.056, 18.4447, 55.5983, 81.4575, 48.0237, 10.736, -26.7135, -63.4694, -75.9565, -40.2936, -2.948, 34.5124, 70.9535, 68.6717, 32.0696, -5.3831, -42.6738, -77.8882, -61.1709, -24.3037, 13.1812, 50.4466, 82.2509, 53.1894, 15.9985, -21.4732, -58.4192, -79.9351, -45.4819, -8.2145, 29.2743, 66.048, 73.4676, 37.2983, -0.1183, -37.4769, -73.4988, -66.1779, -29.5407, 7.9141, 45.264, 79.8933, 58.3173, 21.2559, -16.2241, -53.3123, -82.2578, -50.6452, -13.4765, 24.0258, 61.0175, 77.8793, 42.5114, 5.1473, -32.2631, -68.7268, -71.0575, -34.7646, 2.6457, 40.0587, 75.883, 63.389, 26.506, -10.9683, -48.1669, -81.451, -55.7754, -18.7321, 18.7694, 55.9151, 81.3067, 47.7043, 10.4119, -27.0357, -63.7778, -75.685, -39.9726, -2.6223, 34.836, 71.2506, 68.3684, 31.7465, -5.7077, -42.9937, -78.1369, -60.8587, -23.9792, 13.5073, 50.7669, 82.3025, 52.8707, 15.6734, -21.7972, -58.7332, -79.7213, -45.1612, -7.8879, 29.5998, 66.3569, 73.1781, 36.9748, -0.4443, -37.7991, -73.7851, -65.8703, -29.2158, 8.2417, 45.5871, 80.1043, 58.0002, 20.9299, -16.5499, -53.6303, -82.1947, -50.3251, -13.1491, 24.3531, 61.3333, 77.6237]","[-1.9677, -14.1325, -21.8696, -32.4321, -122.4672, 162.2635, 152.1294, 144.3594, 131.4091, 2.2382, -32.6974, -41.6078, -49.6466, -67.164, 153.4703, 132.9823, 124.7592, 116.1642, 88.5915, -46.771, -61.1187, -68.9593, -78.5386, -133.5714, 116.4143, 105.0619, 97.336, 86.1054, -22.1357, -79.1024, -88.7216, -96.5554, -110.7616, 114.6219, 86.2702, 77.6315, 69.4386, 49.3908, -90.2692, -108.0232, -116.0739, -124.9568, -158.9736, 71.1698, 58.0438, 50.2647, 40.2172, -32.5757, -125.1893, -135.8099, -143.5448, -155.6197, 83.3828, 39.7437, 30.5102, 22.5826, 6.8325, -131.3475, -154.8154, -163.2006, -171.5921, 164.9198, 26.9095, 11.0951, 3.1614, -6.0534, -49.4744, -170.8006, 177.1417, 169.4078, 158.773, 66.4957, -6.5198, -16.5924, -24.3684, -37.4485, -167.4311, 158.5469, 149.6726, 141.6174, 123.84, -15.6173, -35.7579, -43.9603, -52.5853, -80.7942, 144.3361, 130.1511, 122.3199, 112.6894, 55.8522, -52.3986, -63.6626, -71.3884, -82.7072, 167.2701, 112.1255, 102.5575, 94.7143, 80.3452, -54.7683, -82.4798, -91.0882, -99.3017, -119.697, 100.7328, 83.2406, 75.2063, 66.2869, 31.3561, -97.6896, -110.6845, -118.4574, -128.5667, 156.3544, 66.0148, 55.467, 47.729, 35.5458, -86.6716, -129.02, -138.2104, -146.151, -162.11, 59.4505, 36.4401, 28.0798, 19.6627, -4.299, -142.0279, -157.6383, -165.5593, -174.818, 140.4107, 20.3672, 8.4155, 0.6843, -10.0251, -104.538, -175.3031, 174.6853, 166.9028, 153.688, 22.9272]"
2023-11-01,39.9289,116.388,0.0725770796953267,QPS-SAR-7 TSUKUYOMI-II,59447,28.7,"[-44.902, -39.3322, -17.2483, 9.5962, 34.0165, 45.7553, 34.9546, 10.824, -16.0786, -38.5923, -45.1669, -29.9323, -4.5096, 22.059, 42.1315, 43.1878, 24.2362, -2.1381, -27.9563, -44.6081, -39.9997, -18.3285, 8.4705, 33.1494, 45.7077, 35.7763, 11.9424, -14.9824, -37.8657, -45.3734, -30.8631, -5.6441, 21.008, 41.5768, 43.6293, 25.254, -0.9981, -26.9768, -44.2731, -40.6367, -19.4003, 7.3419, 32.2626, 45.6155, 36.5743, 13.0557, -13.8801, -37.1126, -45.5365, -31.7762, -6.776, 19.9479, 40.9884, 44.0318, 26.259, 0.1419, -25.9837, -43.8979, -41.2418, -20.4631, 6.2108, 31.357, 45.4788, 37.3473, 14.1633, -12.7724, -36.3343, -45.6557, -32.6706, -7.9048, 18.8791, 40.3676, 44.3944, 27.2503, 1.2816, -24.9778, -43.4836, -41.8139, -21.5163, 5.0777, 30.4337, 45.2982, 38.0942, 15.2648, -11.6598, -35.5321, -45.7307, -33.5454, -9.0301, 17.8025, 39.7158, 44.716, 28.2273, 2.4205, -23.9598, -43.0313, -42.3517, -22.5593, 3.9431, 29.4938, 45.0743, 38.8138, 16.3595, -10.5427, -34.707, -45.7612, -34.3994, -10.1515, 16.7185, 39.0343, 44.9958, 29.189, 3.5581, -22.9306, -42.5422, -42.854, -23.5914, 2.8073, 28.5381, 44.8077, 39.5047, 17.4469, -9.4216, -33.8603, -45.7473, -35.2318, -11.2683, 15.6277, 38.3243, 45.2331, 30.1345, 4.6941, -21.8909, -42.0175, -43.3197, -24.6118, 1.6709, 27.5675, 44.4993, 40.1659, 18.5264, -8.2971, -32.993, -45.6889]","[-116.5251, -68.0476, -35.2737, -10.7613, 18.2893, 63.375, 109.1854, 138.7913, 163.2598, -164.603, -116.5219, -74.8229, -47.6867, -22.6027, 13.3375, 62.9706, 100.4768, 125.9985, 152.4721, -167.3599, -118.5585, -85.1456, -60.5495, -31.9563, 12.4566, 58.8695, 88.9849, 113.4147, 144.9586, -167.3952, -124.9581, -97.4549, -72.5344, -37.3055, 12.2253, 50.4815, 76.2366, 102.4166, 141.8294, -169.1044, -135.0323, -110.3308, -82.17, -38.4555, 8.5201, 39.1695, 63.582, 94.5558, 141.7177, -175.1213, -147.2271, -122.4479, -87.9132, -38.5487, 0.4641, 26.4758, 52.3855, 91.045, 140.3149, 175.0654, -160.1059, -132.3529, -89.3576, -41.8634, -10.6561, 13.7606, 44.1883, 90.82, 134.6864, 162.9959, -172.3441, -138.4848, -89.3494, -49.5763, -23.2849, 2.3779, 40.2891, 89.7, 125.1464, 150.1241, 177.494, -140.2464, -92.2814, -60.4926, -36.0504, -6.1446, 39.9152, 84.464, 113.2132, 137.7758, 170.9799, -140.1745, -99.6409, -73.0462, -47.6075, -10.4365, 39.0516, 75.2095, 100.3584, 127.3696, 168.8813, -142.7345, -110.3412, -85.8519, -56.4435, -10.9931, 34.2108, 63.424, 87.9107, 120.4811, 168.9786, -149.7307, -122.8091, -97.5718, -61.1302, -11.6292, 25.2539, 50.5962, 77.2728, 118.0287, 166.7772, -160.2027, -135.6449, -106.7093, -61.9015, -16.0744, 13.6272, 38.0597, 70.0187, 118.1126, 160.1532, -172.5744, -147.516, -111.7906, -62.3412, -24.7217, 0.8365, 27.2025, 67.1985, 116.2537, 149.9217, 174.5697, -156.9429, -112.8063]"
2022-12-27,39.9289,116.388,0.0724045011721389,ICEYE-X73,68496,29.5,"[-36.716, -72.6753, -67.1057, -30.704, 6.5522, 43.7189, 78.6138, 60.1501, 23.3163, -14.0211, -51.0256, -82.2063, -53.1663, -16.2366, 21.0714, 57.9522, 80.1617, 45.9535, 8.7907, -28.5109, -65.0479, -74.5876, -38.8939, -1.7167, 35.5352, 71.6856, 68.0168, 31.555, -5.754, -42.906, -77.9227, -61.1643, -24.477, 12.8145, 49.8843, 81.9928, 54.0677, 17.0597, -20.2757, -57.1235, -80.7306, -47.0383, -9.9817, 27.3157, 63.9765, 75.4437, 39.763, 2.5205, -34.7316, -70.8731, -68.9693, -32.6921, 4.5481, 41.7394, 77.0753, 62.0777, 25.3146, -12.0195, -49.0651, -81.6934, -55.1153, -18.2354, 19.0716, 56.0064, 81.2579, 47.9262, 10.7946, -26.5186, -63.1464, -76.2727, -40.8719, -3.7201, 33.5461, 69.857, 69.8751, 33.5466, -3.7502, -40.9305, -76.3343, -63.0786, -26.47, 10.8121, 47.9163, 81.2475, 56.0201, 19.0607, -18.2779, -55.1812, -81.6652, -49.0022, -11.9826, 25.3201, 62.0614, 77.0923, 41.745, 4.5245, -32.7459, -69.0374, -70.8059, -34.6771, 2.5449, 39.7582, 75.426, 63.9927, 27.3106, -10.0182, -47.1012, -80.7724, -57.057, -20.232, 17.0719, 54.0549, 81.9985, 49.894, 12.7971, -24.5257, -61.2329, -77.8645, -42.8461, -5.7222, 31.5561, 67.9996, 71.7027, 35.5353, -1.7472, -38.9531, -74.6531, -64.9791, -28.4603, 8.8102, 45.9455, 80.1489, 57.9648, 21.0597, -16.28, -53.2335, -82.1952, -50.9607, -13.9818, 23.3242, 60.1358, 78.6281, 43.7232, 6.5274]","[-140.3507, -162.8183, 59.1342, 42.5141, 34.4884, 25.4166, -11.9511, -138.5122, -151.3412, -159.1467, -169.368, 115.7964, 25.6645, 14.9845, 7.2119, -4.8149, -123.4331, -169.2933, -178.6642, 173.3957, 158.1659, 22.0288, -3.6584, -12.22, -20.5248, -41.6576, 179.611, 162.2513, 154.1772, 145.2058, 110.6235, -18.3427, -31.5732, -39.3944, -49.4017, -117.1188, 145.5971, 134.6855, 126.9146, 115.1634, 0.8878, -49.4003, -58.9189, -66.8169, -81.4363, 143.6227, 116.119, 107.4685, 99.2182, 79.0885, -59.786, -77.9536, -86.0786, -94.9233, -126.6928, 101.8027, 88.1444, 80.298, 70.444, 8.7526, -94.3925, -105.5595, -113.3217, -124.7475, 126.1315, 70.4454, 60.7744, 52.8986, 38.7329, -94.5619, -124.0413, -132.789, -140.9669, -160.0124, 60.8593, 41.7915, 33.6095, 24.8519, -4.7928, -137.9549, -152.0823, -159.9523, -169.6179, 134.8214, 25.5781, 14.1446, 6.3777, -4.8108, -108.4137, -169.6395, -179.4786, 172.6793, 159.0322, 27.5744, -4.2507, -13.1, -21.2322, -39.4662, -178.3557, 161.5954, 153.3527, 144.7067, 117.2462, -17.7272, -32.3594, -40.2616, -49.7937, -100.4588, 145.63, 133.9032, 126.1373, 115.2326, 18.0924, -49.7705, -59.7835, -67.6102, -80.8741, 149.9697, 115.6036, 106.643, 98.573, 81.2313, -57.4922, -78.6506, -86.9596, -95.5303, -121.3491, 102.6042, 87.42, 79.486, 70.1201, 24.3524, -94.3543, -106.3892, -114.1663, -124.8657, 144.4638, 70.1701, 59.9657, 52.1645, 39.3448, -87.1571, -124.5909, -133.6672]"
2018-08-23,39.9289,116.388,0.072143874357414,ICEYE-X71,68494,13.3,"[-73.8583, -38.22, -1.1765, 35.9512, 71.9673, 67.8239, 31.4678, -5.7019, -42.6974, -77.6288, -61.6907, -25.1775, 11.9772, 48.9492, 81.6501, 55.2056, 18.3511, -18.8392, -55.5675, -81.5772, -48.9401, -12.0662, 25.1109, 61.7546, 77.4288, 42.2781, 5.1982, -31.9242, -68.1137, -71.86, -35.9886, 1.0808, 38.1903, 73.973, 65.6988, 29.2206, -7.959, -44.9188, -79.2865, -59.5256, -22.9314, 14.2335, 51.1653, 82.2252, 53.0005, 16.0951, -21.0896, -57.7529, -80.4585, -46.7278, -9.8116, 27.3607, 63.9159, 75.5855, 40.0436, 2.9392, -34.1622, -70.195, -69.8101, -33.7537, 3.3388, 40.4268, 75.9042, 63.5515, 26.971, -10.2156, -47.136, -80.698, -57.3486, -20.6831, 16.4895, 53.3758, 82.1706, 50.7882, 13.8379, -23.3387, -59.9285, -78.9926, -44.5103, -7.5557, 29.6092, 66.0597, 73.6392, 37.8054, 0.6799, -36.3977, -72.2372, -67.7226, -31.5157, 5.5971, 42.6605, 77.726, 61.3866, 24.7193, -12.4717, -49.3486, -81.7359, -55.1615, -18.4327, 18.7451, 55.5798, 81.4981, 48.5697, 11.5796, -25.5862, -62.0925, -77.2989, -42.288, -5.2986, 31.8562, 68.1811, 71.6221, 35.5639, -1.5796, -38.6305, -74.2251, -65.6066, -29.2747, 7.8557, 44.8908, 79.3818, 59.2076, 22.4658, -14.727, -51.5559, -82.2486, -52.9658, -16.1804, 20.9999, 57.7758, 80.3354, 46.3456, 9.3203, -27.8321, -64.2419, -75.4563, -40.0614, -3.0405, 34.1014, 70.2729, 69.555, 33.3195, -3.839, -40.8603]","[93.7637, 69.4503, 60.9654, 52.6476, 31.1691, -107.3262, -124.5064, -132.5574, -141.4834, -174.9809, 55.238, 41.8004, 33.9825, 24.1592, -36.832, -140.6756, -151.8637, -159.6083, -170.8778, 84.2554, 24.4398, 14.6319, 6.8124, -6.676, -137.1537, -170.0203, -178.9098, 173.0224, 155.6314, 17.2671, -4.0381, -12.3507, -20.8419, -45.391, 177.7094, 162.073, 154.1221, 144.9231, 104.4182, -19.029, -31.5756, -39.3503, -49.59, -125.4594, 145.4284, 134.7906, 127.0358, 115.1089, -1.2661, -49.2438, -58.6955, -66.5777, -81.1456, 144.2318, 116.4312, 107.7722, 99.5787, 80.2305, -58.5522, -77.5004, -85.6674, -94.3618, -122.9151, 103.0424, 88.67, 80.7981, 71.283, 21.3241, -93.1446, -104.9399, -112.6896, -123.4134, 144.85, 71.6183, 61.4524, 53.6693, 40.9672, -83.8452, -122.8746, -132.0187, -139.9836, -155.8576, 66.8924, 42.9166, 34.4555, 26.1116, 4.2993, -133.8703, -150.9401, -158.9856, -167.9166, 158.2082, 28.6078, 15.2821, 7.4697, -2.4117, -64.7749, -167.1368, -178.294, 173.9633, 162.6744, 56.6097, -2.1199, -11.8796, -19.7093, -33.3326, -164.0574, 163.5396, 154.6613, 146.5926, 129.119, -9.536, -30.5686, -38.861, -47.3824, -72.3517, 151.19, 135.6401, 127.6937, 118.4882, 77.4337, -45.6423, -58.0925, -65.8643, -76.1704, -153.5343, 118.9728, 108.3606, 100.6071, 88.6553, -28.711, -75.7971, -85.2066, -93.1019, -107.8293, 117.4607, 89.9928, 81.3434, 73.1482, 53.6887, -85.3033, -104.0281, -112.1781, -120.9072]"
2023-02-01,39.9289,116.388,0.0712071330589635,RADARSAT 2,32382,22.0,"[-2.6988, 33.0318, 67.815, 72.5357, 38.2443, 2.5753, -33.0981, -67.757, -72.7232, -38.5753, -2.9492, 32.7831, 67.5839, 72.7534, 38.4921, 2.8257, -32.85, -67.5267, -72.9393, -38.8225, -3.1997, 32.5344, 67.3523, 72.9703, 38.7399, 3.0762, -32.6019, -67.296, -73.1545, -39.0696, -3.4501, 32.2856, 67.1204, 73.1861, 38.9877, 3.3267, -32.3537, -67.0649, -73.3687, -39.3166, -3.7005, 32.0368, 66.8881, 73.401, 39.2354, 3.5772, -32.1055, -66.8334, -73.5819, -39.5636, -3.951, 31.788, 66.6554, 73.615, 39.4831, 3.8277, -31.8573, -66.6015, -73.7941, -39.8106, -4.2014, 31.5392, 66.4223, 73.8278, 39.7307, 4.0781, -31.609, -66.3693, -74.0052, -40.0575, -4.4518, 31.2903, 66.1889, 74.0396, 39.9782, 4.3286, -31.3607, -66.1367, -74.2152, -40.3044, -4.7022, 31.0414, 65.9552, 74.2503, 40.2258, 4.5791, -31.1124, -65.9038, -74.424, -40.5512, -4.9526, 30.7925, 65.7211, 74.4598, 40.4732, 4.8295, -30.8641, -65.6705, -74.6317, -40.7979, -5.203, 30.5436, 65.4867, 74.6681, 40.7206, 5.08, -30.6157, -65.437, -74.8381, -41.0446, -5.4534, 30.2946, 65.252, 74.8751, 40.968, 5.3304, -30.3673, -65.2031, -75.0432, -41.2912, -5.7037, 30.0456, 65.017, 75.0808, 41.2153, 5.5809, -30.1188, -64.9689, -75.2469, -41.5378, -5.9541, 29.7966, 64.7816, 75.2851, 41.4626, 5.8313, -29.8703, -64.7344, -75.4493, -41.7843, -6.2044, 29.5475, 64.546, 75.4879]","[90.7359, 82.2146, 63.7066, -68.7376, -92.9476, -101.8701, -110.3871, -128.8157, 99.0351, 74.5465, 65.5987, 57.093, 38.7906, -93.4939, -118.0615, -127.0073, -135.5088, -153.734, 74.2859, 49.433, 40.4615, 31.971, 13.8694, -118.24, -143.175, -152.1445, -160.6308, -178.6573, 49.5472, 24.3199, 15.3243, 6.8487, -11.0565, -142.9753, -168.2881, -177.2817, 174.2469, 156.4146, 24.8195, -0.7928, -9.8128, -18.2738, -35.9872, -167.6996, 166.5992, 157.5812, 149.1243, 131.4818, 0.1031, -25.9051, -34.9499, -43.3967, -60.9225, 167.5876, 141.487, 132.444, 124.0014, 106.5446, -24.6017, -51.0169, -60.087, -68.5198, -85.8623, 142.8866, 116.3752, 107.3069, 98.8782, 81.6029, -49.2944, -76.1282, -85.2241, -93.6432, -110.8064, 118.1978, 91.2638, 82.1698, 73.7548, 56.657, -73.9746, -101.2392, -110.3612, -118.7668, -135.7547, 93.5217, 66.1529, 57.0328, 48.6311, 31.7069, -98.6418, -126.3496, -135.4982, -143.8908, -160.7071, 68.8588, 41.0425, 31.8957, 23.5071, 6.7527, -123.2956, -151.4596, -160.6352, -169.0149, 174.3365, 44.2094, 15.9326, 6.7587, -1.6171, -18.2054, -147.9356, -176.569, 174.2278, 165.8606, 149.3762, 19.5741, -9.1769, -18.3782, -26.7416, -43.1673, -172.5612, 158.322, 149.0909, 140.7359, 124.4121, -5.0466, -34.2859, -43.5152, -51.8663, -68.1329, 162.828, 133.2135, 123.954, 115.611, 99.4444, -29.6523, -59.3943, -68.6521, -76.9913, -93.1022, 138.2326, 108.1055, 98.8171, 90.4858, 74.473, -54.2423]"
2020-07-30,39.9289,116.388,0.070772617691446,ICEYE-X67,66302,26.8,"[-43.0316, -42.0071, -22.2263, 4.137, 29.5226, 44.9114, 38.5644, 16.1684, -10.6123, -34.6074, -45.5612, -34.3554, -10.3139, 16.414, 38.7014, 44.8659, 29.3274, 3.8601, -22.5215, -42.1699, -42.8881, -24.0477, 2.1256, 27.8233, 44.4209, 39.7745, 18.0929, -8.6245, -33.0987, -45.504, -35.805, -12.2857, 14.4746, 37.4133, 45.2361, 30.9843, 5.872, -20.6686, -41.1976, -43.6531, -25.8319, 0.1122, 26.078, 43.8002, 40.8883, 19.9923, -6.6257, -31.5268, -45.3085, -37.1804, -14.241, 12.5166, 36.0428, 45.4684, 32.5848, 7.8769, -18.7858, -40.1212, -44.2963, -27.5749, -1.9007, 24.2915, 43.0548, 41.8988, 21.8632, -4.6183, -29.8972, -44.9765, -38.4751, -16.1771, 10.543, 34.5966, 45.5606, 34.1235, 9.872, -16.8765, -38.9479, -44.812, -29.2723, -3.9107, 22.468, 42.1909, 42.7991, 23.7017, -2.605, -28.2152, -44.5111, -39.6824, -18.091, 8.5566, 33.0813, 45.5119, 35.5942, 11.8547, -14.9439, -37.6844, -45.196, -30.9191, -5.9152, 20.6115, 41.215, 43.5823, 25.5039, -0.5883, -26.4858, -43.9164, -40.7954, -19.9794, 6.5601, 31.5029, 45.3228, 36.9907, 13.8222, -12.9912, -36.3376, -45.4446, -32.5104, -7.9119, 18.7259, 40.1342, 44.2423, 27.2656, 1.4293, -24.7135, -43.1976, -41.8074, -21.8391, 4.5561, 29.8671, 44.9952, 38.3064, 15.7716, -11.0213, -34.914, -45.5555, -34.0407, -9.8982, 16.8147, 38.9557, 44.7735, 28.9822, 3.4454, -22.9027, -42.3604]","[-58.3847, -9.2339, 26.6077, 51.7357, 78.8385, 120.3796, 168.5637, -159.09, -134.5471, -105.1127, -59.8999, -14.9052, 14.3448, 38.8532, 71.2812, 119.5249, 160.9546, -171.9719, -146.7476, -110.6515, -61.4805, -24.3685, 1.105, 27.6236, 67.8312, 116.6283, 150.0924, 174.7699, -156.6117, -112.5388, -66.4842, -36.3552, -11.923, 19.4493, 66.9232, 109.66, 137.3844, 162.3221, -162.8158, -113.8234, -75.4097, -49.52, -23.5112, 15.3566, 64.5812, 99.2274, 124.1076, 151.9863, -165.16, -118.1679, -87.0852, -62.6619, -32.2717, 14.2802, 58.2743, 86.7262, 111.4465, 145.1272, -166.2529, -126.5219, -100.1442, -74.5721, -37.0314, 12.4243, 48.3093, 73.4613, 100.676, 142.2555, -169.9593, -137.8503, -113.369, -83.8849, -38.385, 6.7921, 36.0486, 60.6195, 93.1801, 141.2431, -177.7113, -150.7722, -125.5654, -89.3224, -39.8379, -2.668, 22.8259, 49.4516, 89.7248, 138.1397, 171.344, -164.0494, -135.3943, -91.0525, -44.7917, -14.6535, 9.8357, 41.3433, 88.6791, 131.0163, 158.5909, -176.4972, -141.5088, -92.1986, -53.7106, -27.8035, -1.693, 37.2636, 86.1289, 120.4921, 145.2917, 173.1951, -143.7026, -96.4815, -65.3853, -40.9106, -10.3843, 36.0719, 79.6548, 107.9404, 132.6265, 166.4143, -144.6482, -104.8245, -78.4317, -52.7636, -15.1151, 34.0099, 69.5883, 94.6493, 121.8778, 163.6843, -148.2806, -116.1522, -91.6246, -62.0056, -16.5603, 28.199, 57.2713, 81.7999, 114.4494, 162.8256, -156.016, -129.0636, -103.7666, -67.4007]"
2018-04-19,41.0,123.0,0.0706773116826579,GLOBAL-5,55983,15.7,"[34.4029, 10.8144, -16.4727, -37.8486, -39.9473, -20.936, 5.8809, 30.7784, 42.1643, 30.2527, 5.0284, -21.8706, -40.3622, -37.2512, -15.5207, 11.6133, 34.8352, 41.5144, 25.5305, -0.8232, -26.9208, -41.8235, -33.6943, -9.888, 17.1862, 38.1487, 39.7382, 20.3762, -6.663, -31.4985, -42.1327, -29.4442, -4.1254, 22.5093, 40.5535, 36.9542, 14.9087, -12.4125, -35.4583, -41.2695, -24.6566, 1.6884, 27.4772, 41.9028, 33.3207, 9.2292, -17.9878, -38.6379, -39.2991, -19.4668, 7.4782, 31.9654, 42.1017, 29.0037, 3.4254, -23.2944, -40.8731, -36.3529, -13.9886, 13.1677, 35.8284, 41.1349, 24.1568, -2.4225, -28.2223, -42.0247, -32.5939, -8.3188, 18.6745, 38.9044, 39.0715, 18.9136, -8.2375, -32.6414, -42.0129, -28.1877, -2.5416, 23.9048, 41.0309, 36.0439, 13.3871, -13.9407, -36.4016, -40.841, -23.2842, 3.2659, 28.749, 42.0726, 32.2146, 7.6739, -19.446, -39.3386, -38.5949, -18.0121, 9.0291, 33.0772, 41.9543, 27.7469, 1.8589, -24.6557, -41.2923, -35.4173, -12.48, 14.6706, 36.7395, 40.6845, 22.7888, -3.9796, -29.455, -42.1367, -31.474, -6.7804, 20.106, 39.5724, 38.3517, 17.4674, -9.7648, -33.709, -41.8128, -26.9268, -0.9948, 25.2381, 41.4184, 35.0993, 11.8906, -15.4167, -37.2632, -40.347, -21.9197, 4.8011, 29.9524, 42.1553, 31.0915, 6.1508, -20.847, -39.9528, -37.8429, -16.5755, 10.5327, 34.1143, 41.7294, 26.4879, 0.3304, -25.9543]","[-55.1689, -20.7833, 7.8871, 45.3593, 96.0754, 136.1594, 165.1172, -162.8536, -115.9057, -69.187, -37.2334, -7.9108, 33.013, 83.554, 120.2401, 148.6517, -176.8129, -127.3753, -83.9758, -53.7998, -23.1681, 21.2997, 70.1967, 103.9494, 132.4538, 170.0695, -139.2629, -99.4099, -70.3488, -37.7437, 9.8913, 56.0004, 87.4277, 116.6649, 157.7525, -151.8544, -115.3449, -86.7459, -51.524, -1.6258, 41.0521, 70.81, 101.4298, 146.0475, -165.2795, -131.6352, -102.8532, -64.4611, -13.6345, 25.4832, 54.2279, 86.8866, 134.6188, -179.5333, -148.14, -118.5269, -76.6223, -26.3905, 9.4387, 37.814, 73.144, 123.0542, 165.4753, -164.724, -133.6215, -88.2279, -39.9934, -6.9372, 21.7053, 60.2419, 110.9799, 149.8791, 178.746, -148.0012, -99.638, -54.4163, -23.5062, 6.0438, 48.1023, 98.153, 133.8232, 162.4043, -161.5659, -111.2682, -69.5565, -40.1352, -9.0266, 36.4946, 84.4846, 117.4518, 146.3902, -174.2941, -123.473, -85.2772, -56.6931, -23.3733, 25.0538, 70.0081, 100.9033, 130.8477, 173.7085, -136.4648, -101.4332, -73.0469, -36.9024, 13.3683, 54.8292, 84.3117, 115.9209, 162.1806, -150.3047, -117.8822, -89.0588, -49.6006, 1.0944, 39.0855, 67.8094, 101.739, 150.7381, -164.9408, -134.4879, -104.5862, -61.5849, -11.9681, 22.9222, 51.5314, 88.3855, 138.9719, 179.7419, -151.1188, -119.4871, -73.1251, -25.8707, 6.4814, 35.6177, 75.853, 126.5612, 163.8835, -167.644, -133.6363, -84.6077, -40.5563, -10.1004, 20.2126]"
2023-08-26,39.9289,116.388,0.0704775103763371,GRUS-1B,47934,28.9,"[30.7302, 67.4197, 72.2222, 35.7443, -1.8859, -39.4309, -75.3878, -64.1541, -27.4062, 10.0037, 47.2733, 81.1858, 56.3103, 19.0141, -18.6745, -55.8955, -81.4658, -47.9516, -10.7616, 26.6717, 63.5459, 75.8113, 39.806, 2.2146, -35.3779, -71.7848, -68.0037, -31.4558, 5.9285, 43.2505, 78.515, 60.28, 23.1045, -14.5844, -51.9076, -82.5003, -51.9453, -14.8314, 22.6081, 59.6191, 79.0541, 43.8568, 6.315, -31.3152, -68.0197, -71.7621, -35.4979, 1.8528, 39.2162, 75.1942, 64.21, 27.1898, -10.4904, -47.8986, -81.4852, -55.9189, -18.8975, 18.5403, 55.6567, 81.5455, 47.8944, 10.4144, -27.2442, -64.1617, -75.3608, -39.531, -2.2227, 35.1726, 71.5712, 68.0811, 31.2689, -6.3935, -43.8726, -78.9716, -59.8659, -22.959, 14.4693, 51.6688, 82.4986, 51.9157, 14.5119, -23.166, -60.2452, -78.6489, -43.5536, -6.297, 31.1212, 67.7926, 71.858, 35.3404, -2.2945, -39.8329, -75.7291, -63.7761, -27.0151, 10.396, 47.662, 81.3881, 55.9161, 18.6065, -19.0819, -56.289, -81.2694, -47.5637, -10.3694, 27.0634, 63.9253, 75.4698, 39.4031, 1.8055, -35.7815, -72.1489, -67.6316, -31.0648, 6.3212, 43.6405, 78.8131, 59.889, 22.6972, -14.9927, -52.3042, -82.4887, -51.5583, -14.439, 23.0004, 60.0027, 78.7592, 43.455, 5.9057, -31.7203, -68.3966, -71.4004, -35.107, 2.2458, 39.6072, 75.5356, 63.8237, 26.7829, -10.8995, -48.2977, -81.6666, -55.5333, -18.5049, 18.9332]","[-18.7129, -35.1973, -175.019, 163.6596, 155.4568, 146.9729, 120.3414, -16.0782, -30.4515, -38.2136, -47.5949, -100.0193, 146.9531, 135.6466, 127.9787, 116.8012, 6.8102, -48.6311, -58.1079, -65.8509, -79.9183, 144.2838, 116.6861, 108.1619, 99.9889, 79.254, -60.6627, -77.581, -85.5012, -94.3494, -130.1383, 101.0622, 88.4312, 80.7311, 70.5084, -12.501, -95.1775, -105.3788, -113.0367, -125.3885, 107.9676, 69.8199, 60.8701, 52.9241, 35.9644, -103.9697, -124.6474, -132.7967, -141.2375, -167.4593, 55.7039, 41.2544, 33.4624, 23.9645, -31.7362, -141.4736, -152.6284, -160.2595, -171.3553, 79.57, 23.0939, 13.5869, 5.7962, -8.6096, -145.0883, -171.6331, 179.9051, 171.7717, 151.3064, 11.1562, -5.8729, -13.8209, -22.7644, -60.502, 172.5796, 160.1508, 152.4894, 142.3338, 60.6726, -23.446, -33.6817, -41.3812, -53.9835, 177.7916, 141.4852, 132.6099, 124.7012, 107.93, -32.0865, -52.9367, -61.1128, -69.6326, -97.0149, 127.1378, 112.9675, 105.2173, 95.7763, 41.1956, -69.7329, -80.9291, -88.5969, -99.8843, 147.9874, 94.7389, 85.323, 77.5684, 63.3013, -73.0844, -99.9195, -108.4077, -116.6075, -137.8087, 82.4585, 65.8326, 57.9308, 49.0368, 11.9986, -115.6661, -128.1478, -135.8421, -146.1478, 127.9304, 48.1719, 38.0503, 30.3867, 17.8908, -109.9635, -146.7977, -155.7001, -163.6652, 179.0674, 38.9953, 18.7593, 10.6357, 2.16, -24.7904, -161.087, -175.329, 176.8909, 167.3296, 109.3157, 1.8476, -9.2018, -16.8329]"
2023-08-26,39.9289,116.388,0.0704775103763371,ICEYE-X55,64581,20.0,"[32.2766, 68.7153, 70.9439, 34.6452, -2.7049, -39.9489, -75.5366, -63.9569, -27.3673, 9.9368, 47.0921, 80.8437, 56.7201, 19.7169, -17.6798, -54.6422, -81.8348, -49.484, -12.4514, 24.883, 61.681, 77.3526, 42.0131, 4.7338, -32.5912, -68.928, -70.8786, -34.7368, 2.51, 39.7587, 75.4636, 63.8826, 27.1334, -10.2554, -47.381, -80.934, -56.7175, -19.8608, 17.4726, 54.4856, 81.8426, 49.3405, 12.1708, -25.2045, -61.9253, -77.2689, -42.0752, -4.9162, 32.3904, 68.8222, 70.8383, 34.5297, -2.8213, -40.0637, -75.6335, -63.8477, -27.2533, 10.0515, 47.2053, 80.905, 56.607, 19.6003, -17.7963, -54.7553, -81.7971, -49.3712, -12.3365, 24.9978, 61.7921, 77.2607, 41.8976, 4.6167, -32.7071, -69.0356, -70.7733, -34.6225, 2.6253, 39.8731, 75.5616, 63.7712, 27.0165, -10.3727, -47.4959, -80.9939, -56.6052, -19.7455, 17.5882, 54.5989, 81.8047, 49.2252, 12.053, -25.3216, -62.0373, -77.1768, -41.9608, -4.8003, 32.506, 68.9306, 70.7311, 34.4125, -2.9395, -40.18, -75.7316, -63.7368, -27.1376, 10.1678, 47.3202, 80.966, 56.4923, 19.4821, -17.9144, -54.87, -81.7573, -49.2568, -12.2201, 25.1142, 61.9047, 77.167, 41.7803, 4.4978, -32.8248, -69.1446, -70.6664, -34.5065, 2.7424, 39.9893, 75.6607, 63.6581, 26.8979, -10.4918, -47.6124, -81.0535, -56.4913, -19.6286, 17.7054, 54.7139, 81.7647, 49.1081, 11.9336, -25.4404, -62.151, -77.0829, -41.8446, -4.6826]","[-168.9641, 173.0468, 34.0555, 13.7828, 5.5162, -3.1615, -30.9013, -165.5426, 179.8423, 171.9336, 162.3823, 110.9013, -2.3225, -13.9858, -21.7709, -32.8367, -133.248, 162.295, 152.356, 144.5118, 131.0153, 0.3046, -32.4085, -41.3049, -49.4442, -67.6096, 153.5458, 133.3813, 125.1228, 116.4627, 88.8649, -46.0171, -60.6179, -68.5309, -78.1236, -130.4376, 117.2565, 105.6164, 97.8401, 86.8079, -13.5074, -78.1717, -88.1039, -95.9614, -109.5583, 119.5904, 87.187, 78.3001, 70.1743, 52.0889, -86.9297, -107.0804, -115.3395, -124.0281, -151.9911, 73.5377, 58.9828, 51.0777, 41.5089, -10.5566, -123.2144, -134.8435, -142.6283, -153.7234, 105.1478, 41.4185, 31.4998, 23.6529, 10.106, -120.859, -153.277, -162.1608, -170.3064, 171.4292, 32.5621, 12.5184, 4.2672, -4.4037, -32.2246, -166.9379, 178.5221, 170.6127, 161.002, 108.0902, -3.635, -15.2412, -23.0171, -34.0786, -135.1235, 160.9512, 151.0395, 143.1792, 129.5305, -1.5687, -33.6812, -42.5556, -50.6877, -68.872, 152.0846, 132.0562, 123.8045, 115.1048, 86.9122, -47.3824, -61.877, -69.7785, -79.3653, -132.032, 115.8934, 104.2985, 96.5141, 85.3889, -16.4603, -79.4584, -89.3567, -97.2063, -110.8049, 117.9772, 85.8542, 76.9831, 68.831, 50.4651, -88.4222, -108.3448, -116.5886, -125.2706, -153.3213, 72.1408, 57.6619, 49.7561, 40.127, -13.3996, -124.5269, -136.099, -143.8745, -154.966, 103.2564, 40.0736, 30.1827, 22.3195, 8.6178, -122.7278, -154.5498, -163.4116]"
2025-12-30,22.2,111.117,0.070030030028028,FLOCK 4Q 13,58328,21.4,"[62.3311, 75.9338, 38.7445, 0.0551, -38.5697, -75.6399, -62.8515, -24.7299, 14.0678, 52.6173, 82.3625, 48.6094, 10.0392, -28.6761, -66.5796, -72.1902, -34.6557, 4.0703, 42.7752, 79.2003, 58.3772, 20.0146, -18.74, -57.0167, -80.3003, -44.5257, -5.9277, 32.8621, 70.6875, 67.9428, 29.9675, -8.7758, -47.2725, -81.8181, -54.3113, -15.9129, 22.9048, 61.2245, 76.8948, 39.8825, 1.2036, -37.4344, -74.6515, -63.9471, -25.872, 12.9206, 51.4927, 82.5856, 49.7371, 11.1857, -27.5368, -65.4968, -73.2186, -35.7908, 2.9241, 41.6422, 78.34, 59.4874, 21.1573, -17.5985, -55.9062, -80.9977, -45.6514, -7.0715, 31.7246, 69.6295, 69.0133, 31.105, -7.6336, -46.15, -81.2639, -55.4228, -17.0527, 21.7652, 60.1218, 77.8184, 41.0125, 2.345, -36.3055, -73.6499, -65.0316, -27.0064, 11.7806, 50.3737, 82.6367, 50.8563, 12.3247, -26.4041, -64.4158, -74.2258, -36.918, 1.7851, 40.5154, 77.4408, 60.5878, 22.2925, -16.4639, -54.8006, -81.5959, -46.7688, -8.2078, 30.5938, 68.5698, 70.0694, 32.2346, -6.4985, -45.0336, -80.6099, -56.5253, -18.185, 20.6325, 59.0233, 78.6976, 42.1346, 3.4791, -35.183, -72.6388, -66.1046, -28.133, 10.6476, 49.2604, 82.5156, 51.9669, 13.4563, -25.2782, -63.3374, -75.2088, -38.0373, 0.6534, 39.3951, 76.5125, 61.6783, 23.4201, -15.3361, -53.7003, -82.0755, -47.878, -9.3367, 29.4698, 67.5097, 71.1099, 33.3565, -5.3705, -43.9232]","[152.7775, 15.5515, -12.0473, -20.5063, -28.9423, -55.8466, 166.5234, 152.828, 145.0457, 134.6512, 36.2745, -32.2243, -41.8584, -49.7368, -65.5517, 152.9863, 131.885, 123.7185, 114.8647, 76.5937, -51.1984, -63.1273, -70.8525, -82.3379, 155.7064, 111.4057, 102.3583, 94.2866, 74.9284, -67.3736, -84.2082, -92.1388, -101.5519, -159.9699, 91.8113, 81.045, 73.2892, 60.2981, -74.9199, -104.9385, -113.4961, -121.8431, -146.7573, 74.1161, 59.8707, 52.0643, 41.9027, -48.2826, -125.0177, -134.8432, -142.6853, -157.8031, 61.5017, 38.9675, 30.729, 21.9952, -12.6747, -143.7851, -156.0968, -163.8272, -174.9968, 68.1012, 18.5618, 9.3698, 1.3548, -16.9384, -159.4236, -177.1477, 174.8737, 165.6213, 113.6343, -0.8858, -11.9329, -19.6767, -32.2298, -165.0057, 162.177, 153.5134, 145.2477, 122.0548, -18.2372, -33.0843, -40.9195, -50.8668, -132.5763, 142.2028, 132.1722, 124.3611, 109.8699, -29.7881, -53.9452, -62.2618, -70.8851, -102.4998, 123.6616, 110.9352, 103.1951, 92.3149, -18.6964, -74.2722, -83.6189, -91.5833, -108.9329, 108.6292, 89.9163, 81.8844, 72.7803, 26.3369, -93.5604, -104.9099, -112.6463, -124.8007, 105.3653, 69.2995, 60.5221, 52.3306, 30.6357, -110.5299, -126.0368, -133.9055, -143.6554, 142.9908, 49.4384, 39.1879, 31.4029, 17.4769, -120.8493, -146.8526, -155.2537, -163.7755, 167.2144, 31.1453, 17.9689, 10.2146, -0.3999, -104.6805, -167.0954, -176.6077, 175.4728, 158.9632, 16.8, -3.0161, -11.1064, -20.0738]"
2025-05-05,39.9289,116.388,0.0694985250717797,FLOCK 3P 58,41977,26.2,"[-78.5699, -72.957, -66.7335, -60.2234, -53.5482, -46.7716, -39.9374, -33.0808, -26.2328, -19.421, -12.6705, -6.0032, 0.5621, 7.0099, 13.3276, 19.5061, 25.5387, 31.4213, 37.1517, 42.7291, 48.153, 53.4227, 58.5352, 63.4825, 68.2452, 72.7781, 76.9693, 80.5197, 82.6398, 82.2308, 79.6834, 76.191, 72.3446, 68.3582, 64.3139, 60.2458, 56.1682, 52.0859, 47.9993, 43.9061, 39.8025, 35.6836, 31.5439, 27.3774, 23.1779, 18.9386, 14.6526, 10.3127, 5.9114, 1.4411, -3.1062, -7.7385, -12.464, -17.2909, -22.2274, -27.2812, -32.4598, -37.7695, -43.2151, -48.7985, -54.5168, -60.3575, -66.2874, -72.219, -77.8798, -82.1769, -81.8945, -77.0902, -70.7722, -63.9335, -56.8447, -49.6153, -42.3087, -34.972, -27.6443, -20.3603, -13.1506, -6.0414, 0.9451, 7.7911, 14.483, 21.0112, 27.3692, 33.554, 39.5643, 45.4001, 51.0619, 56.5483, 61.8533, 66.9603, 71.8279, 76.349, 80.2239, 82.6032, 82.1881, 79.409, 75.6407, 71.5201, 67.2651, 62.9555, 58.6233, 54.2804, 49.9301, 45.5708, 41.1986, 36.808, 32.3925, 27.945, 23.4579, 18.923, 14.3318, 9.6756, 4.9453, 0.1315, -4.7755, -9.7855, -14.9084, -20.1542, -25.5322, -31.0516, -36.7201, -42.5436, -48.5246, -54.6593, -60.9314, -67.296, -73.6256, -79.4678, -82.7941, -80.0575, -73.9141, -66.8144, -59.3457, -51.6911, -43.9402, -36.1532, -28.3788, -20.6586, -13.0285, -5.5192, 1.8445, 9.0432, 16.0624, 22.8931]","[56.9943, 40.4859, 31.0408, 24.5103, 19.3994, 15.0714, 11.2144, 7.658, 4.301, 1.0788, -2.0526, -5.1251, -8.1635, -11.1888, -14.22, -17.2761, -20.3779, -23.5497, -26.8221, -30.2362, -33.8494, -37.7471, -42.0628, -47.0183, -53.0092, -60.8022, -72.0239, -90.261, -120.9659, -158.0272, 176.0341, 160.8399, 151.1035, 144.0851, 138.5452, 133.8814, 129.7738, 126.0388, 122.5641, 119.2773, 116.1294, 113.086, 110.1222, 107.2191, 104.3621, 101.5395, 98.7413, 95.959, 93.1847, 90.4108, 87.6293, 84.8319, 82.0089, 79.1488, 76.237, 73.2544, 70.1748, 66.9607, 63.5558, 59.8709, 55.7554, 50.9338, 44.8441, 36.1651, 21.1498, -11.7252, -64.9718, -96.1203, -110.513, -118.9785, -124.9957, -129.8079, -133.9503, -137.6885, -141.1695, -144.4819, -147.6834, -150.8146, -153.9061, -156.9831, -160.0686, -163.1858, -166.3602, -169.6225, -173.013, -176.5872, 179.5732, 175.3405, 170.5027, 164.6796, 157.1263, 146.2283, 128.2502, 96.7886, 57.7319, 31.1095, 15.9995, 6.4468, -0.4155, -5.837, -10.4124, -14.454, -18.1398, -21.5782, -24.8391, -27.9697, -31.0032, -33.9639, -36.8702, -39.7368, -42.5758, -45.3976, -48.2118, -51.0279, -53.8556, -56.7057, -59.5909, -62.5271, -65.5352, -68.6437, -71.8943, -75.3501, -79.1136, -83.3633, -88.4395, -95.0775, -105.1597, -124.665, -170.1554, 139.6537, 117.368, 106.3504, 99.3038, 93.9963, 89.5836, 85.6825, 82.0948, 78.7063, 75.4458, 72.2644, 69.1261, 66.0014, 62.8632, 59.6841]"
2022-08-28,39.9289,116.388,0.0694924554183611,GLOBAL-8,46089,28.9,"[52.9664, 49.1272, 26.0236, 28.5882, 49.5516, 52.955, 48.5667, 22.3308, 31.3307, 50.033, 52.9147, 47.9417, 17.7447, 33.753, 50.4803, 52.8438, 47.2445, 11.8782, 35.9089, 50.893, 52.74, 46.4656, 4.0912, 37.8399, 51.2707, 52.6011, 45.5941, -6.6971, 39.5782, 51.6128, 52.4246, 44.6163, -22.1348, 41.1494, 51.9186, 52.2077, 43.5156, -42.5286, 42.5738, 52.1874, 51.9473, 42.2709, -52.3694, 43.8679, 52.4183, 51.6399, 40.8555, -34.0138, 45.0449, 52.6104, 51.2818, 39.2346, -13.5566, 46.1158, 52.7626, 50.8683, 37.3619, 1.0613, 47.0895, 52.8736, 50.3943, 35.1744, 11.327, 47.9734, 52.9421, 49.8539, 32.5835, 18.8433, 48.7736, 52.9665, 49.24, 29.4604, 24.5876, 49.4951, 52.9451, 48.544, 25.6096, 29.1345, 50.1418, 52.8758, 47.756, 20.7189, 32.8336, 50.7173, 52.7563, 46.8636, 14.2584, 35.9073, 51.224, 52.5841, 45.8515, 5.265, 38.5031, 51.6642, 52.3561, 44.7004, -8.106, 40.7227, 52.0392, 52.0689, 43.386, -28.9149, 42.6381, 52.3503, 51.7183, 41.8764, -52.0969, 44.302, 52.5981, 51.2996, 40.1291, -36.9046, 45.7534, 52.7827, 50.807, 38.0862, -10.9446, 47.0221, 52.9041, 50.2339, 35.6662, 5.9863, 48.1309, 52.9616, 49.5721, 32.7501, 16.9521, 49.0976, 52.9543, 48.8115, 29.1563, 24.5662, 49.9362, 52.8806, 47.94, 24.5925, 30.1772, 50.6577, 52.7385, 46.942, 18.5543, 34.4979, 51.2709, 52.5255]","[-91.1625, -63.5239, -26.3124, -162.2833, -126.155, -98.5895, -70.8282, -31.9916, -168.4601, -133.461, -105.9775, -78.0756, -37.1503, -174.7643, -140.7355, -113.3266, -85.2623, -41.5523, 178.8336, -147.9782, -120.6366, -92.3837, -44.7586, 172.3562, -155.189, -127.9074, -99.4342, -45.8298, 165.8213, -162.3675, -135.1387, -106.4065, -42.2968, 159.2431, -169.5138, -142.3302, -113.2918, -25.6721, 152.633, -176.6278, -149.4812, -120.0785, 23.6223, 146.0006, 176.2907, -156.591, -126.7521, 61.5591, 139.3535, 169.2414, -163.6583, -133.2934, 72.4115, 132.6983, 162.2244, -170.6818, -139.6769, 74.441, 126.0403, 155.2395, -177.6596, -145.8681, 73.0856, 119.3842, 148.2867, 175.4109, -151.8182, 70.069, 112.7338, 141.3657, 168.5327, -157.4569, 66.1002, 106.0921, 134.4765, 161.7098, -162.6761, 61.529, 99.4619, 127.6193, 154.9475, -167.3004, 56.5513, 92.8451, 120.7939, 148.2521, -171.0176, 51.2871, 86.2436, 114.0009, 141.6319, -173.1974, 45.8147, 79.6586, 107.2407, 135.0977, -172.2934, 40.1881, 73.0912, 100.514, 128.6631, -163.1017, 34.4459, 66.5422, 93.8222, 122.3463, -121.5548, 28.6164, 60.0119, 87.1668, 116.1714, -60.6511, 22.7209, 53.5009, 80.5501, 110.171, -43.8169, 16.7758, 47.0093, 73.9752, 104.3911, -40.1459, 10.7937, 40.5373, 67.4461, 98.898, -40.637, 4.7844, 34.0853, 60.9679, 93.7926, -43.0047, -1.2445, 27.6534, 54.5473, 89.2381, -46.404, -7.287, 21.2422, 48.1931, 85.5227, -50.4404, -13.3386, 14.8524]"
2022-01-24,26.5,128.0,0.0694924554183611,SUPERVIEW-1 03,43099,19.7,"[-0.3755, 37.2967, 73.8415, 65.4231, 27.7016, -10.9246, -49.3443, -82.5333, -52.9646, -15.3645, 22.3978, 59.7117, 78.8875, 42.8543, 4.4194, -34.2065, -71.6704, -67.5297, -30.3323, 7.4384, 45.0272, 80.1705, 57.7913, 19.7343, -18.9331, -57.1569, -80.4483, -45.2371, -7.5482, 30.1764, 67.2148, 72.1879, 34.9611, -3.5965, -42.1375, -78.4954, -59.988, -22.5306, 15.2436, 52.7157, 82.6261, 50.0297, 11.7423, -26.9239, -64.847, -74.1699, -37.4736, 0.2674, 37.9329, 74.4166, 64.7894, 27.0245, -11.6118, -50.0162, -82.6556, -52.3217, -14.7206, 23.0361, 60.3356, 78.3847, 42.1885, 3.7343, -34.8873, -72.2862, -66.9054, -29.6881, 8.0782, 45.6595, 80.594, 57.1431, 19.0551, -19.6176, -57.8179, -80.0058, -44.5942, -6.9072, 30.8115, 67.823, 71.5867, 34.2911, -4.2809, -42.812, -79.0047, -59.3527, -21.8889, 15.8803, 53.3428, 82.4919, 49.3732, 11.0619, -27.6046, -65.4906, -73.5826, -36.8322, 0.9054, 38.5646, 74.9824, 64.158, 26.3514, -12.2944, -50.6827, -82.7182, -51.6836, -14.0817, 23.6697, 60.9547, 77.8706, 41.5263, 3.0537, -35.563, -72.8929, -66.2843, -29.0489, 8.7132, 46.2873, 80.9886, 56.498, 18.3799, -20.2973, -58.4731, -79.5438, -43.9563, -6.2712, 31.442, 68.4254, 70.9854, 33.6248, -4.9607, -43.4813, -79.4924, -58.7218, -21.2522, 16.5123, 53.9653, 82.3063, 48.7201, 10.3856, -28.2803, -66.1274, -72.9949, -36.1958, 1.5385, 39.1917, 75.5382]","[-168.9436, -177.0881, 159.8382, 19.6587, 4.7794, -2.9919, -12.6442, -83.4644, -179.3955, 170.3582, 162.8157, 150.6914, 21.3186, -14.9226, -23.6752, -31.7348, -51.9336, 166.1792, 149.9712, 142.216, 133.3135, 90.6914, -32.6939, -44.2763, -51.927, -63.3384, 174.8739, 130.4223, 121.4799, 113.7372, 97.7874, -43.6383, -64.4408, -72.5376, -81.2262, -115.9447, 113.1333, 100.8858, 93.34, 83.1653, -9.2372, -83.4626, -93.2179, -100.9717, -115.5442, 104.4596, 80.8057, 72.6391, 64.4466, 40.4041, -99.1514, -113.6656, -121.4183, -131.1866, 153.0893, 62.0432, 51.9348, 44.3845, 32.029, -99.1582, -133.4154, -142.0983, -150.1986, -171.1618, 47.2861, 31.526, 23.7976, 14.8135, -30.5925, -151.3211, -162.7091, -170.3604, 178.0283, 53.6153, 11.9221, 3.0615, -4.7075, -21.1061, -162.8361, 177.0971, 169.0394, 160.2792, 123.491, -5.5277, -17.5451, -25.0829, -35.3945, -132.4909, 157.9995, 148.3565, 140.5829, 125.636, -14.9592, -37.659, -45.7776, -54.02, -79.104, 142.063, 127.8913, 120.1554, 110.2667, 29.5558, -56.5098, -66.4874, -74.0468, -86.6438, 140.5539, 108.096, 99.4793, 91.3364, 69.5558, -71.5749, -86.917, -94.6204, -103.6891, -152.1222, 90.0633, 78.8595, 71.2061, 59.3862, -67.371, -106.5731, -115.356, -123.1529, -140.0255, 78.0236, 58.6379, 50.6169, 41.7824, 2.7373, -124.1743, -135.9744, -143.5056, -153.9594, 104.4875, 39.4681, 29.9318, 22.1369, 6.7958, -134.2969, -156.1206, -164.1937, -172.488, 161.307]"
2022-06-01,39.9289,116.388,0.0692792792773273,UMBRA-10,60547,11.6,"[-54.878, -81.7674, -48.9206, -11.6629, 25.884, 62.8482, 76.2815, 40.5001, 3.0459, -34.4188, -70.7874, -68.9113, -32.3934, 5.0898, 42.521, 77.9171, 60.8859, 23.8469, -13.7035, -50.9196, -82.2788, -52.8896, -15.7182, 21.8337, 58.9375, 79.3954, 44.514, 7.1084, -30.3907, -67.0319, -72.6066, -36.4173, 1.0271, 38.5015, 74.5723, 64.7737, 27.8947, -9.6465, -46.9414, -80.8404, -56.8362, -19.7694, 17.779, 54.9915, 81.666, 48.5147, 11.17, -26.3546, -63.193, -76.1118, -40.4314, -3.0353, 34.4722, 70.9519, 68.5981, 31.9366, -5.5866, -42.9472, -78.141, -60.753, -23.8158, 13.7207, 51.0199, 82.3072, 52.499, 15.2299, -22.3119, -59.3006, -79.2415, -44.4341, -7.0964, 30.4346, 67.1856, 72.3197, 35.9713, -1.5248, -38.94, -74.8389, -64.628, -27.8563, 9.6599, 47.0289, 80.9655, 56.4621, 19.2872, -18.2634, -55.3714, -81.5692, -48.4229, -11.1556, 26.3901, 63.334, 75.8589, 39.9975, 2.538, -34.9217, -71.2486, -68.4407, -31.8899, 5.5975, 43.0226, 78.3039, 60.3968, 23.3407, -14.2102, -51.4154, -82.3278, -52.3948, -15.2118, 22.3399, 59.4282, 79.0397, 44.0133, 6.601, -30.8942, -67.5062, -72.1532, -35.9153, 1.5344, 39.004, 75.0088, 64.2913, 27.3897, -10.1531, -47.4389, -81.1065, -56.345, -19.2641, 18.2852, 55.4855, 81.4539, 48.0163, 10.6633, -26.8586, -63.6753, -75.6897, -39.9313, -2.5286, 34.9752, 71.4131, 68.1257, 31.4329, -6.093, -43.446]","[-26.8628, -130.0684, 167.99, 158.1917, 150.3444, 136.3718, 2.4606, -26.8763, -35.5766, -43.7889, -63.7114, 156.8606, 138.8354, 130.7393, 121.8271, 87.4918, -42.1602, -55.2388, -63.0412, -73.2082, -148.7066, 121.5184, 110.9346, 103.1617, 90.8363, -32.8998, -73.7096, -82.8612, -90.861, -107.349, 114.0372, 91.799, 83.452, 74.9341, 49.405, -87.3847, -102.4, -110.3073, -119.7868, -170.5126, 75.3197, 63.7006, 55.9433, 44.8315, -60.0418, -120.3956, -130.1359, -137.993, -152.1205, 73.7234, 44.849, 36.1633, 27.9419, 7.8069, -131.74, -149.5093, -157.5867, -166.5386, 158.3276, 29.5038, 16.4975, 8.6977, -1.5012, -78.8144, -166.8856, -177.3948, 174.828, 162.3874, 37.9837, -1.9895, -11.1215, -19.1275, -35.7515, -174.6912, 163.4478, 155.1264, 146.578, 120.5543, -15.755, -30.6653, -38.5678, -48.0709, -100.0084, 146.8909, 135.3688, 127.6125, 116.4131, 10.2067, -48.6825, -58.3966, -66.2576, -80.4762, 144.7764, 116.4897, 107.8376, 99.5934, 79.1346, -60.1663, -77.7767, -85.8468, -94.8163, -130.6178, 101.0407, 88.1627, 80.3691, 70.1026, -8.9752, -95.1824, -105.6561, -113.435, -125.939, 108.6528, 69.6407, 60.5523, 52.53, 35.6827, -103.2144, -124.8224, -133.1335, -141.6949, -168.0935, 55.7323, 40.9959, 33.1052, 23.5496, -29.7606, -141.4201, -152.8933, -160.6494, -171.894, 80.3082, 22.9342, 13.2761, 5.4048, -8.9744, -143.9262, -171.7842, 179.5777, 171.3241, 150.641, 11.2462, -6.1204, -14.1728, -23.1831]"
2020-09-19,39.9289,116.388,0.0690600319295157,JILIN-01-10,43946,5.6,"[-26.689, 11.1827, 48.91, 82.1437, 53.8845, 16.2003, -21.7539, -59.1394, -79.323, -44.0597, -6.3741, 31.5181, 68.6173, 70.7173, 33.7329, -4.205, -41.9757, -77.753, -61.1592, -23.8877, 13.9995, 51.6799, 82.5588, 51.1186, 13.3792, -24.5623, -61.8492, -77.1722, -41.2853, -3.5579, 34.3209, 71.2289, 68.0936, 30.9251, -7.0261, -44.7524, -79.8289, -58.4469, -21.0831, 16.8156, 54.4412, 81.9488, 48.3435, 10.5569, -27.3678, -64.5382, -74.8109, -38.5049, -0.7405, 37.1205, 73.7728, 65.4264, 28.1139, -9.8463, -47.5226, -81.4852, -55.719, -18.2755, 19.6309, 57.1918, 80.5089, 45.5606, 7.7337, -30.1701, -67.1994, -72.3227, -35.7192, 2.0778, 39.9164, 76.212, 62.7278, 25.2997, -12.6651, -50.2853, -82.441, -52.9782, -15.4652, 22.4449, 59.9291, 78.5475, 42.7711, 4.91, -32.9688, -69.8225, -69.7538, -32.9286, 4.8968, 42.7081, 78.4797, 60.0059, 22.4829, -15.4825, -53.0394, -82.4265, -50.2268, -12.6526, 25.2574, 62.6495, 76.286, 39.9757, 2.0859, -35.7636, -72.3913, -67.1308, -30.1336, 7.7162, 45.4948, 80.4533, 57.2661, 19.6638, -18.2979, -55.7831, -81.4465, -47.4664, -9.8378, 28.0681, 65.3476, 73.8493, 37.1752, -0.7382, -38.5539, -74.8786, -64.4697, -27.3345, 10.5356, 48.2757, 81.9145, 54.5121, 16.8427, -21.1112, -58.5144, -79.7746, -44.6982, -7.0211, 30.8765, 68.0156, 71.3053, 34.3703, -3.562, -41.3393, -77.2374, -61.7807, -24.5318, 13.3547]","[-176.8678, 175.3741, 165.7273, 100.7503, -0.3954, -11.0445, -18.7206, -30.8693, -156.9586, 163.9682, 155.0299, 147.0862, 129.6877, -11.4534, -30.8759, -38.9431, -47.6541, -80.3914, 147.7646, 134.8503, 127.1541, 116.9956, 31.8493, -49.2189, -59.2724, -66.9888, -80.2047, 146.3699, 115.4592, 106.8258, 98.7312, 78.742, -62.2523, -79.2249, -87.1487, -96.1793, -137.9407, 98.492, 86.587, 78.9245, 68.1473, -36.5252, -97.931, -107.4913, -115.2766, -129.8294, 92.2973, 67.0049, 58.6237, 50.3404, 26.8473, -112.4414, -127.5447, -135.3588, -144.7738, 160.2362, 49.4253, 38.3394, 30.6831, 19.1529, -100.3592, -146.5526, -155.7032, -163.5878, -179.8426, 39.9043, 18.5963, 10.422, 1.9069, -26.4728, -162.1938, -175.8398, 176.4248, 166.5476, 93.4673, 0.5192, -9.8953, -17.5729, -30.0275, -159.4076, 164.8997, 156.0899, 148.0734, 129.608, -11.3813, -29.7739, -37.7811, -46.5774, -81.9941, 148.3756, 135.8858, 128.1999, 117.7655, 24.2528, -48.2594, -58.1195, -65.8464, -79.449, 144.9819, 116.4133, 107.8861, 99.7019, 78.2959, -61.9129, -78.1116, -85.9874, -95.1227, -140.9108, 99.1879, 87.6288, 79.9644, 68.8548, -42.3933, -96.9354, -106.3353, -114.1406, -129.1897, 91.6034, 67.978, 59.6836, 51.2917, 25.8623, -111.9137, -126.4218, -134.1988, -143.7418, 155.4144, 50.1876, 39.3863, 31.7158, 19.782, -104.0812, -145.5277, -154.5449, -162.4595, -179.3636, 39.6698, 19.5853, 11.4807, 2.8352, -28.2748, -161.5295, -174.709, 177.5828]"
2021-10-01,39.9289,116.388,0.068690722878036,FLOCK 4H 26,66729,10.8,"[-15.9814, 21.8349, 59.1995, 79.2901, 43.9031, 6.2025, -31.5937, -68.5066, -71.1178, -34.4157, 3.328, 41.0353, 77.0326, 62.0088, 24.7153, -13.1277, -50.674, -82.5526, -52.6647, -15.1863, 22.629, 59.9696, 78.7028, 43.1162, 5.4051, -32.3854, -69.249, -70.3866, -33.6255, 4.1246, 41.8227, 77.6758, 61.2419, 23.9205, -13.9243, -51.4548, -82.6176, -51.8857, -14.3908, 23.4232, 60.7387, 78.0914, 42.3285, 4.6072, -33.1772, -69.9877, -69.6505, -32.8347, 4.9214, 42.6101, 78.3009, 60.473, 23.1251, -14.7212, -52.2352, -82.5981, -51.1056, -13.5948, 24.2176, 61.5067, 77.4594, 41.54, 3.809, -33.9691, -70.7224, -68.9099, -32.0433, 5.7186, 43.3973, 78.9049, 59.7024, 22.3292, -15.5184, -53.0152, -82.4946, -50.3244, -12.7984, 25.0122, 62.2734, 76.8097, 40.7507, 3.0104, -34.761, -71.4526, -68.1653, -31.2512, 6.5161, 44.1845, 79.484, 58.9301, 21.5328, -16.3157, -53.7947, -82.3105, -49.5423, -12.0015, 25.8069, 63.0388, 76.1447, 39.9606, 2.2114, -35.5529, -72.1776, -67.4169, -30.4585, 7.3139, 44.9715, 80.0338, 58.1561, 20.7358, -17.1133, -54.5737, -82.0512, -48.7591, -11.2042, 26.6017, 63.8026, 75.4663, 39.1698, 1.412, -36.3449, -72.8968, -66.6652, -29.6652, 8.112, 45.7583, 80.5491, 57.3806, 19.9382, -17.9111, -55.3521, -81.7237, -47.975, -10.4064, 27.3967, 64.5648, 74.7764, 38.3782, 0.6123, -37.1368, -73.6094, -65.9104, -28.8713, 8.9104]","[-178.589, 173.7933, 161.7026, 34.949, -3.6251, -12.4964, -20.3892, -37.5397, -178.6055, 161.7171, 153.6774, 145.1191, 114.85, -19.3413, -32.5443, -40.2101, -50.0926, -125.7187, 143.7433, 133.4647, 125.8378, 113.4683, -15.6898, -51.6556, -60.436, -68.3675, -86.1611, 132.6204, 113.7322, 105.7385, 97.1012, 64.8838, -67.6297, -80.5038, -88.1546, -98.1873, -179.6838, 95.6346, 85.5191, 77.8808, 65.2148, -66.051, -99.6814, -108.3755, -116.3484, -134.8383, 83.9109, 65.75, 57.7993, 49.0787, 14.6894, -115.8968, -128.4618, -136.1, -146.2912, 126.3109, 47.535, 37.5742, 29.9223, 16.9407, -116.1662, -147.7025, -156.3148, -164.3321, 176.4226, 35.2598, 17.7702, 9.8598, 1.0513, -35.7638, -164.1441, -176.4185, 175.9539, 165.5953, 72.4039, -0.5559, -10.37, -18.0377, -31.3558, -166.0642, 164.2807, 155.7461, 147.6815, 127.6146, -13.3387, -30.2071, -38.08, -46.9812, -86.5091, 147.6269, 135.6261, 128.0068, 117.4715, 18.7209, -48.6387, -58.3136, -65.9994, -79.6765, 144.2292, 116.2681, 107.8071, 99.6921, 78.7297, -61.8896, -78.1822, -86.0201, -95.0191, -137.5817, 99.4149, 87.672, 80.0588, 69.3366, -34.6392, -96.7138, -106.2566, -113.9629, -128.0235, 94.6916, 68.2594, 59.8681, 51.6996, 29.7588, -110.3971, -126.1551, -133.9607, -143.0627, 170.9828, 51.2188, 39.7191, 32.1098, 21.19, -87.6112, -144.7817, -154.199, -161.9282, -176.3992, 45.303, 20.2545, 11.9292, 3.7038, -19.3087, -158.8652, -174.1259, 178.0982]"
2020-09-01,39.9289,116.388,0.0685325863725757,GLOBAL-14,49469,13.6,"[-9.9084, -35.8414, -40.078, -18.1856, 11.9909, 36.891, 39.5519, 17.2369, -12.9721, -37.6179, -38.767, -15.2235, 15.0025, 38.5019, 38.1407, 14.2703, -15.9809, -39.1346, -37.1819, -12.2047, 17.9477, 39.8457, 36.4723, 11.2492, -18.9205, -40.3671, -35.3499, -9.1436, 20.8123, 40.9004, 34.5729, 8.1874, -21.7758, -41.2936, -33.2984, -6.0533, 23.581, 41.6477, 32.4684, 5.0974, -24.5303, -41.8969, -31.0545, -2.9464, 26.237, 42.0739, 30.184, 1.9914, -27.166, -42.1655, -28.6436, 0.1654, 28.7623, 42.1714, 27.7431, -1.119, -29.6633, -42.0949, -26.0893, 3.2703, 31.1374, 41.9397, 25.1678, -4.2223, -32.0011, -41.6882, -23.4135, 6.3572, 33.3411, 41.3851, 22.4779, -7.307, -34.1565, -40.9557, -20.6356, 9.4144, 35.3511, 40.5202, 19.6916, -10.3614, -36.1057, -39.914, -17.7735, 12.4303, 37.1442, 39.363, 16.8254, -13.3733, -37.824, -38.5844, -14.8435, 15.3926, 38.6971, 37.9354, 13.8945, -16.33, -39.2867, -36.9915, -11.8603, 18.2884, 39.9872, 36.2615, 10.9127, -19.2179, -40.4709, -35.1614, -8.8375, 21.1039, 40.9939, 34.3662, 7.8928, -22.0222, -41.356, -33.1206, -5.7876, 23.8243, 41.7, 32.2746, 4.8469, -24.7272, -41.926, -30.8949, -2.7227, 26.4335, 42.0931, 30.0105, 1.7865, -27.3155, -42.1703, -28.5085, 0.346, 28.914, 42.1665, 27.5963, -1.2772, -29.7683, -42.0851, -25.9839, 3.4073, 31.2471, 41.9203, 25.053, -4.3333, -32.0654]","[-65.6752, -26.4907, 29.8677, 74.2693, 106.5216, 146.3379, -157.8687, -114.7429, -82.5519, -41.5798, 15.187, 57.5589, 89.6796, 131.3124, -172.7198, -131.5105, -99.3442, -56.4342, 0.2682, 40.7369, 72.932, 116.5042, 172.1918, -148.378, -116.0304, -71.0742, -14.9036, 23.8258, 56.3005, 101.8867, 156.8567, -165.3236, -132.5881, -85.5339, -30.3313, 6.8473, 39.8065, 87.4203, 141.2759, 177.6739, -148.9953, -99.8606, -46.0081, -10.1774, 23.4712, 73.0542, 125.4588, 160.635, -165.2303, -114.1124, -61.9205, -27.228, 7.315, 58.7292, 109.4202, 143.58, 178.7276, -128.354, -78.0502, -44.2843, -8.6436, 44.3822, 93.1788, 126.5289, 162.8966, -142.6514, -94.376, -61.3265, -24.3891, 29.9521, 76.7556, 109.5015, 147.2912, -157.0658, -110.8754, -78.3347, -39.9108, 15.3842, 60.1725, 92.5179, 131.9203, -171.6491, -127.5255, -95.2889, -55.2045, 0.6344, 43.4517, 75.5983, 116.7848, 173.5595, -144.3037, -112.1691, -70.2749, -14.3292, 26.6149, 58.7633, 101.8756, 158.534, -161.1876, -128.9549, -85.1372, -29.5256, 9.6837, 42.0339, 87.1716, 143.2617, -178.1558, -145.6256, -99.8186, -44.9625, -7.3211, 25.4312, 72.6388, 127.7408, 164.8124, -162.1607, -114.3584, -60.6377, -24.3796, 8.9764, 58.2308, 111.9785, 147.7371, -178.5398, -128.8061, -76.5417, -41.4718, -7.3098, 43.8915, 95.9882, 130.638, 165.2564, -143.2191, -92.6599, -58.5786, -23.4077, 29.5586, 79.7877, 113.5344, 149.2454, -157.6575, -108.974, -75.6808, -39.3001]"
2020-09-01,39.9289,116.388,0.0685325863725757,FLOCK 4G 1,62666,22.2,"[30.7053, 67.8326, 71.6021, 34.7483, -3.1279, -40.897, -76.9233, -62.1768, -24.8852, 13.024, 50.7116, 82.597, 52.2475, 14.5937, -23.3162, -60.6595, -78.1856, -42.454, -4.7009, 33.1905, 70.1638, 69.2969, 32.2652, -5.6266, -43.362, -78.8835, -59.7736, -22.3964, 15.5216, 53.161, 82.4425, 49.7958, 12.0963, -25.8037, -63.0567, -76.1609, -39.9873, -2.2018, 35.6727, 72.4505, 66.953, 29.7797, -8.1244, -45.8219, -80.5956, -57.3573, -19.906, 18.0179, 55.6022, 81.5271, 47.338, 9.5983, -28.2885, -65.4353, -74.0077, -37.5168, 0.2974, 38.1514, 74.6732, 64.5809, 27.2921, -10.6211, -48.2763, -81.9013, -54.9305, -17.4139, 20.5125, 58.0337, 80.059, 44.875, 7.1001, -30.7705, -67.79, -71.7713, -35.043, 2.7965, 40.6263, 76.8002, 62.1877, 24.8027, -13.1164, -50.7244, -82.5833, -52.4948, -14.9207, 23.0053, 60.4536, 78.2434, 42.4076, 4.6018, -33.2493, -70.1127, -69.4787, -32.5661, 5.2952, 43.097, 78.7778, 59.778, 22.3117, -15.6101, -53.1652, -82.4708, -50.0517, -12.4263, 25.496, 62.859, 76.217, 39.9363, 2.1037, -35.7247, -72.3914, -67.1465, -30.0866, 7.7934, 45.563, 80.5125, 57.3554, 19.8193, -18.102, -55.5978, -81.5957, -47.6023, -9.931, 27.9845, 65.2462, 74.0597, 37.4614, -0.3941, -38.1964, -74.6073, -64.7854, -27.6045, 10.2908, 48.0237, 81.8486, 54.9224, 17.3258, -20.592, -58.0205, -80.1596, -45.1475, -7.435, 30.4704, 67.61]","[-164.5596, 178.8347, 37.6633, 17.4298, 9.3654, 0.8269, -29.0621, -163.6124, -176.8652, 175.4685, 165.5771, 88.214, -0.7675, -10.9623, -18.6001, -31.2144, -162.2958, 163.8271, 155.1297, 147.155, 128.4979, -13.0416, -30.8714, -38.7973, -47.5943, -84.2174, 147.1911, 134.913, 127.2868, 116.8943, 21.1719, -49.4171, -59.1413, -66.8273, -80.4896, 143.3518, 115.422, 106.9677, 98.8436, 77.534, -63.1909, -79.1481, -86.9626, -96.0645, -142.2099, 98.1772, 86.7047, 79.0967, 68.1099, -43.3815, -97.9886, -107.3139, -115.0709, -130.0208, 90.6769, 67.0562, 58.8068, 50.5022, 25.6833, -112.9327, -127.4035, -135.132, -144.5926, 155.9929, 49.3085, 38.5077, 30.8967, 19.2008, -103.8763, -146.4949, -155.4816, -163.3336, -179.8874, 39.1415, 18.724, 10.6458, 2.1257, -27.4548, -162.3685, -175.6408, 176.6933, 166.8103, 90.3785, 0.557, -9.6797, -17.3151, -29.8637, -160.8308, 165.0534, 156.3543, 148.3815, 129.7964, -11.6022, -29.5792, -37.5166, -46.2919, -82.4979, 148.4307, 136.1376, 128.5119, 118.1301, 23.3808, -48.0988, -57.8592, -65.5408, -79.1243, 144.7384, 116.6481, 108.1925, 100.0708, 78.8627, -61.7807, -77.8577, -85.6816, -94.7578, -140.3389, 99.4136, 87.9294, 80.3221, 69.3491, -41.3054, -96.6756, -106.0322, -113.7828, -128.6369, 92.0136, 68.2822, 60.0317, 51.7301, 27.0578, -111.545, -126.1147, -133.8504, -143.281, 158.0333, 50.5426, 39.7326, 32.1224, 20.4443, -101.9822, -145.1864, -154.2002, -162.0437, -178.4797]"
2020-09-01,39.9289,116.388,0.0685325863725757,LEGION 3,60452,25.2,"[-39.473, -44.0103, -27.4693, -1.7507, 24.4474, 42.9057, 41.1998, 20.9516, -5.4927, -30.5066, -44.7928, -37.2573, -14.4532, 12.3564, 35.8537, 45.0386, 31.9957, 7.3016, -19.2401, -40.2098, -43.6161, -26.3236, -0.4186, 25.6256, 43.385, 40.5246, 19.7163, -6.8139, -31.5669, -44.9723, -36.3738, -13.163, 13.6531, 36.76, 44.8878, 30.9428, 5.9809, -20.4781, -40.9029, -43.167, -25.1588, 0.914, 26.7858, 43.81, 39.8045, 18.4685, -8.1314, -32.6015, -45.0917, -35.4556, -11.8648, 14.942, 37.6308, 44.6768, 29.8649, 4.6567, -21.703, -41.5503, -42.6646, -23.976, 2.2463, 27.9265, 44.1792, 39.0413, 17.2091, -9.4445, -33.6087, -45.1506, -34.5045, -10.5596, 16.2222, 38.4642, 44.4066, 28.7634, 3.3299, -22.9138, -42.15, -42.1108, -22.7766, 3.5776, 29.0464, 44.491, 38.2371, 15.939, -10.7523, -34.5868, -45.1487, -33.5224, -9.248, 17.4926, 39.2581, 44.0781, 27.6398, 2.0012, -24.1093, -42.7001, -41.5072, -21.5617, 4.9072, 30.144, 44.7443, 37.3939, 14.6592, -12.054, -35.5341, -45.086, -32.5111, -7.931, 18.7525, 40.0105, 43.6926, 26.4956, 0.6713, -25.2884, -43.1988, -40.8558, -20.3323, 6.2342, 31.2178, 44.938, 36.5136, 13.3706, -13.3489, -36.4488, -44.9628, -31.4721, -6.6093, 20.0007, 40.7193, 43.2516, 25.3321, -0.659, -26.4498, -43.6442, -40.1586, -19.0897, 7.558, 32.2662, 45.0713, 35.5983, 12.0741, -14.636, -37.3288, -44.7794]","[-145.7563, -97.1992, -57.0009, -30.1707, -4.1105, 34.0171, 83.3561, 118.9429, 144.2522, 172.0748, -145.4785, -98.0718, -66.3334, -41.4588, -10.6583, 36.0549, 79.8598, 108.3912, 133.4615, 167.8068, -143.342, -104.0072, -77.5108, -51.164, -12.1714, 36.9953, 71.7804, 96.9236, 125.2023, 168.4709, -144.6833, -113.5958, -88.7287, -57.2901, -9.9784, 33.0087, 61.066, 86.2874, 121.4174, 170.4807, -151.0456, -124.8511, -98.1858, -58.3226, -9.4125, 24.595, 49.6023, 78.3703, 122.4343, 168.6588, -160.8725, -135.9831, -103.8743, -56.0279, -13.8819, 13.7344, 39.1372, 75.0745, 124.2655, 161.8856, -172.1902, -145.1741, -104.4401, -55.8679, -22.6116, 2.2898, 31.5804, 76.4062, 121.9555, 151.838, 176.7795, -150.4103, -102.0986, -60.8103, -33.6021, -7.9873, 28.7768, 78.0097, 114.7881, 140.4733, 167.8731, -150.528, -102.3712, -69.8376, -45.0123, -15.166, 30.3811, 75.208, 104.5373, 129.5607, 163.1021, -148.1953, -107.775, -80.942, -55.0844, -17.4776, 31.7111, 67.6637, 93.1408, 120.9573, 163.4094, -148.9225, -117.0816, -92.3027, -61.8676, -15.6467, 28.4175, 57.2267, 82.3621, 116.663, 165.6775, -154.7741, -128.2839, -102.1523, -63.6908, -14.6324, 20.5141, 45.8139, 74.0803, 117.367, 164.4787, -164.3418, -139.5797, -108.5233, -61.6825, -18.4146, 9.9079, 35.1856, 70.272, 119.5161, 158.1941, -175.6265, -149.1892, -109.8658, -61.0219, -26.659, -1.5061, 27.2438, 71.3399, 117.833, 148.3832, 173.1581, -155.1321, -107.7319]"
2019-07-09,39.9289,116.388,0.0682867909028212,SENTINEL-2C,60989,14.6,"[-74.1386, -66.2057, -31.4056, 4.3063, 39.9702, 74.0393, 66.1998, 31.3037, -4.4399, -40.0562, -74.0236, -66.3329, -31.5414, 4.1693, 39.8348, 73.9235, 66.3275, 31.4398, -4.3029, -39.9212, -73.9083, -66.4601, -31.6772, 4.0323, 39.6993, 73.8074, 66.4552, 31.576, -4.166, -39.7861, -73.7926, -66.5871, -31.813, 3.8952, 39.5638, 73.691, 66.5827, 31.7121, -4.029, -39.651, -73.6766, -66.714, -31.9488, 3.7582, 39.4284, 73.5742, 66.7101, 31.8482, -3.892, -39.516, -73.5604, -66.8407, -32.0846, 3.6212, 39.2929, 73.4572, 66.8374, 31.9843, -3.7551, -39.3809, -73.4438, -66.9674, -32.2203, 3.4842, 39.1574, 73.3399, 66.9646, 32.1204, -3.6181, -39.2458, -73.3269, -67.094, -32.3561, 3.3472, 39.0219, 73.2222, 67.0917, 32.2564, -3.4811, -39.1107, -73.2098, -67.2204, -32.4918, 3.2102, 38.8864, 73.1043, 67.2186, 32.3925, -3.3442, -38.9755, -73.0923, -67.3467, -32.6275, 3.0732, 38.7509, 72.9861, 67.3454, 32.5285, -3.2072, -38.8404, -72.9746, -67.4729, -32.7632, 2.9362, 38.6153, 72.8676, 67.4722, 32.6646, -3.0703, -38.7053, -72.8566, -67.599, -32.8989, 2.7992, 38.4798, 72.7489, 67.5987, 32.8006, -2.9333, -38.5701, -72.7384, -67.7249, -33.0346, 2.6622, 38.3442, 72.6299, 67.7252, 32.9366, -2.7964, -38.435, -72.6198, -67.8507, -33.1702, 2.5252, 38.2087, 72.5106, 67.8515, 33.0726, -2.6594, -38.2998, -72.5011, -67.9764, -33.3059, 2.3883]","[-53.1441, 176.0535, 158.9128, 150.4978, 141.4091, 114.5017, -16.54, -33.6957, -42.1098, -51.2006, -78.0496, 151.0038, 133.766, 125.3435, 116.269, 89.594, -41.5892, -58.8425, -67.2641, -76.3407, -102.9589, 125.9555, 108.6193, 100.1893, 91.1287, 64.6826, -66.6371, -83.9892, -92.4183, -101.481, -127.8719, 100.9084, 83.4727, 75.035, 65.9883, 39.7676, -91.6837, -109.1358, -117.5726, -126.6214, -152.7885, 75.8626, 58.3262, 49.8808, 40.8478, 14.8489, -116.729, -134.2823, -142.7268, -151.7619, -177.7087, 50.8182, 33.1797, 24.7265, 15.7071, -10.0732, -141.7729, -159.4288, -167.8811, -176.9026, 157.3677, 25.7751, 8.0334, -0.4278, -9.4336, -34.9989, -166.8155, 175.4249, 166.9646, 157.9566, 132.4406, 0.7334, -17.1129, -25.582, -34.5746, -59.9279, 168.1433, 150.2786, 141.8104, 132.8157, 107.5102, -24.3069, -42.2591, -50.7363, -59.7156, -84.8602, 143.1035, 125.1324, 116.6561, 107.6746, 82.5764, -49.3459, -67.4053, -75.8906, -84.8568, -109.7959, 118.0651, 99.9863, 91.5018, 82.5334, 57.6394, -74.3833, -92.5513, -101.0449, -109.9981, -134.7347, 93.0282, 74.8402, 66.3475, 57.3921, 32.6993, -99.4193, -117.6972, -126.1992, -135.1395, -159.6767, 67.9928, 49.6943, 41.1932, 32.2507, 7.756, -124.4539, -142.8431, -151.3535, -160.2811, 175.3782, 42.9588, 24.5484, 16.0389, 7.1091, -17.1903, -149.4869, -167.9889, -176.5078, 174.5772, 150.4301, 17.9264, -0.5973, -9.1154, -18.0326, -42.1396, -174.5184, 166.8654, 158.3378]"
2022-08-07,36.0,124.0,0.0682183279772656,PNEO4,49070,23.3,"[-50.2237, -13.4633, 23.618, 60.1901, 78.6327, 44.0629, 7.1286, -29.9061, -66.1134, -73.7099, -38.1697, -1.2134, 35.8104, 71.699, 68.1086, 31.9222, -5.129, -42.0345, -76.9806, -62.4062, -26.0145, 11.0439, 47.9188, 81.0387, 56.4019, 19.7117, -17.3713, -54.0419, -81.9506, -50.5516, -13.7983, 23.2833, 59.8666, 78.8722, 44.394, 7.4643, -29.5729, -65.7982, -74.0009, -38.5012, -1.549, 35.4774, 71.3962, 68.4207, 32.2557, -4.7936, -41.7039, -76.7136, -62.7258, -26.3481, 10.7085, 47.5889, 80.8729, 56.7278, 20.0465, -17.0368, -53.7158, -82.0174, -50.8792, -14.1332, 22.9488, 59.5431, 79.1065, 44.7248, 7.7997, -29.2399, -65.4828, -74.29, -38.8324, -1.8844, 35.1445, 71.0925, 68.732, 32.589, -4.4583, -41.3734, -76.4437, -63.0449, -26.6814, 10.3732, 47.259, 80.6981, 57.0533, 20.3812, -16.7023, -53.3897, -82.0708, -51.2064, -14.4678, 22.6144, 59.2194, 79.3354, 45.0553, 8.1349, -28.907, -65.167, -74.5772, -39.1634, -2.2195, 34.8118, 70.7879, 69.0423, 32.9221, -4.1232, -41.043, -76.1714, -63.3634, -27.0146, 10.0382, 46.9293, 80.5148, 57.3784, 20.7156, -16.3681, -53.0637, -82.1105, -51.5334, -14.8022, 22.2802, 58.8957, 79.5584, 45.3856, 8.4699, -28.5743, -64.851, -74.8624, -39.494, -2.5545, 34.4793, 70.4826, 69.3517, 33.2549, -3.7884, -40.7127, -75.8965, -63.6814, -27.3474, 9.7033, 46.5996, 80.3236, 57.703, 21.0498, -16.034, -52.7376]","[169.5636, 159.4034, 151.5376, 138.5506, 13.2634, -24.8894, -34.0877, -42.1421, -58.2522, 165.526, 141.0766, 132.504, 124.1096, 102.6619, -35.1466, -52.8055, -60.96, -69.909, -101.8945, 127.4939, 113.5378, 105.6194, 95.8604, 41.1504, -68.4119, -80.0767, -87.8982, -98.9009, 166.7094, 96.6687, 86.4447, 78.5848, 65.727, -58.5394, -97.8073, -107.0484, -115.0887, -130.9846, 93.1086, 68.1437, 59.5426, 51.1718, 30.1119, -107.8197, -125.7489, -133.9211, -142.8339, -174.0211, 54.7016, 40.5873, 32.6597, 22.9546, -30.0032, -141.2683, -153.0321, -160.8553, -171.7768, 96.0464, 23.7753, 13.4861, 5.6318, -7.1002, -130.2912, -170.7243, 179.9911, 171.9643, 156.2762, 20.7121, -4.7886, -13.4188, -21.7666, -42.4524, 179.5162, 161.3082, 153.1178, 144.2404, 113.8175, -18.0861, -32.3628, -40.3001, -49.9526, -101.2253, 145.878, 134.0127, 126.1875, 115.3452, 25.4174, -49.1165, -59.4724, -67.3216, -79.931, 158.01, 116.3597, 107.0305, 99.0169, 83.5305, -51.6626, -77.7202, -86.3802, -94.7056, -115.0306, 106.8616, 88.3657, 80.1566, 71.3138, 41.623, -90.8692, -105.3126, -113.2601, -122.8611, -172.5151, 73.0268, 61.0576, 53.23, 42.4652, -45.1852, -122.0068, -132.4308, -140.2752, -152.7652, 86.3664, 43.4447, 34.07, 26.0691, 10.7784, -124.0144, -150.6512, -159.3416, -167.6453, 172.3781, 34.217, 15.4237, 7.1953, -1.6136, -30.6028, -163.6473, -178.2622, 173.7799, 164.2292, 116.1282, 0.1783, -11.8972, -19.7277, -30.4168]"
2015-06-27,21.85,111.967,0.0676497695834101,FLOCK 4H 28,66731,24.8,"[-44.7537, -7.3085, 30.3191, 67.1951, 72.4707, 35.9983, -1.57, -39.0692, -75.1222, -64.467, -27.544, 10.0763, 47.5345, 81.4713, 55.9698, 18.6982, -18.926, -56.1196, -81.4527, -47.6075, -10.2096, 27.4296, 64.4412, 75.0417, 38.8752, 1.3316, -36.1987, -72.5634, -67.2119, -30.4285, 7.1737, 44.6734, 79.7149, 58.7901, 21.5939, -16.0316, -53.2949, -82.483, -50.4534, -13.1092, 24.5372, 61.6586, 77.4729, 41.7473, 4.2333, -33.3235, -69.9167, -69.9169, -33.3092, 4.2707, 41.8059, 77.5297, 61.5939, 24.4875, -13.1353, -50.4592, -82.4826, -53.29, -16.0071, 21.6422, 58.8544, 79.6656, 44.6138, 7.1347, -30.4441, -67.2123, -72.5639, -36.1857, 1.3675, 38.9328, 75.1027, 64.3764, 27.3785, -10.2373, -47.6144, -81.4517, -56.1155, -18.9029, 18.7452, 56.0338, 81.4355, 47.4738, 10.0357, -27.561, -64.468, -75.123, -39.0574, -1.5356, 36.0549, 72.5341, 67.1304, 30.2665, -7.338, -44.7618, -79.6949, -58.9276, -21.7963, 15.8463, 53.1999, 82.4784, 50.3264, 12.9357, -24.6747, -61.6949, -77.5406, -41.9237, -4.4382, 33.1727, 69.8776, 69.8447, 33.1513, -4.4376, -41.9025, -77.5147, -61.7228, -24.6871, 12.946, 50.3554, 82.4855, 53.1701, 15.8346, -21.7853, -58.9003, -79.7175, -44.784, -7.34, 30.2868, 67.1634, 72.5017, 36.0322, -1.5366, -39.0373, -75.0953, -64.4962, -27.5747, 10.0445, 47.5021, 81.4543, 56.0031, 18.7319, -18.8933, -56.0889, -81.4681, -47.6375]","[-89.2504, -98.1928, -106.0051, -122.117, 97.5044, 76.1823, 68.0631, 59.7147, 34.0594, -103.5584, -117.9325, -125.6412, -134.9742, 170.9326, 59.1792, 48.1178, 40.5434, 29.4514, -82.4531, -136.3106, -145.6469, -153.3545, -167.7287, 54.4545, 28.9376, 20.6001, 12.4718, -8.9564, -149.1735, -165.2817, -173.0954, 177.9653, 137.2746, 12.626, 0.7049, -6.8831, -17.2712, -110.8734, 176.7184, 166.906, 159.2712, 146.2515, 13.2712, -18.2573, -26.8621, -34.8129, -53.1896, 165.7781, 147.3986, 139.4456, 130.832, 99.1236, -33.7012, -46.6906, -54.3212, -64.1319, -136.5224, 129.8577, 119.468, 111.8762, 99.9306, -24.9702, -65.3923, -74.3214, -82.1327, -98.2385, 121.5456, 100.1139, 91.9836, 83.6384, 57.9977, -79.7296, -94.0655, -101.7685, -111.103, -164.9471, 83.1352, 72.0416, 64.4638, 53.3822, -58.7577, -112.4548, -121.7759, -129.482, -143.854, 78.5307, 52.8711, 44.5208, 36.3948, 14.9843, -125.3531, -141.4157, -149.2227, -158.1633, 161.2841, 36.5885, 24.6296, 17.0372, 6.6581, -87.1635, -159.4284, -169.2235, -176.8561, 170.124, 37.3969, 5.6784, -2.9411, -10.8905, -29.2493, -170.4122, 171.2635, 163.3181, 154.7035, 123.0689, -9.7306, -22.765, -30.401, -40.2041, -112.7394, 153.7079, 143.3381, 135.7489, 123.802, -0.7765, -41.454, -50.4001, -58.2109, -74.2998, 145.3415, 123.9776, 115.856, 107.5101, 81.9083, -55.7487, -70.1389, -77.8484, -87.1764, -141.0819, 106.9818, 95.9112, 88.3366, 77.253, -34.4863, -88.5134]"
2023-08-03,31.2222,121.458,0.0674348422496382,FLOCK 3P 74,42048,18.9,"[-55.5857, 81.5222, -55.7077, -0.1098, 37.9439, -78.2066, 59.471, -24.9021, -35.3565, 69.1884, -72.5084, 25.9921, 12.1367, -63.4205, 77.7564, -47.3353, -11.1979, 48.036, -81.3337, 50.4732, -14.6365, -44.2572, 76.2262, -66.1666, 15.5704, 22.6731, -69.9032, 71.4053, -39.1624, -20.896, 56.5699, -80.1434, 41.8004, -4.9799, -51.7313, 80.7064, -59.9313, 6.0465, 31.8853, -75.0953, 64.8256, -31.3579, -29.1932, 63.6764, -76.5424, 33.6594, 3.8238, -57.9522, 81.1184, -54.0064, -2.3988, 39.749, -78.8832, 58.551, -24.0959, -36.1659, 69.4784, -72.455, 26.2337, 11.6014, -63.0715, 78.3383, -48.5278, -9.6765, 46.3194, -80.974, 52.7942, -17.5395, -41.9258, 74.056, -68.547, 19.6726, 18.2586, -67.2123, 74.7222, -43.6145, -15.7709, 51.6868, -81.2763, 47.6982, -11.8268, -46.5883, 77.4395, -65.0605, 14.0838, 23.7647, -70.4733, 71.2808, -39.3747, -20.7122, 55.9488, -80.3921, 43.3767, -7.0621, -50.2567, 79.6529, -62.1197, 9.5343, 28.1307, -72.9378, 68.3549, -35.9032, -24.5509, 59.1954, -79.1323, 39.9201, -3.3158, -53.0167, 80.8242, -59.8064, 6.059, 31.3871, -74.6849, 66.0931, -33.277, -27.3399, 61.5028, -77.996, 37.3965, -0.6311, -54.9345, 81.2619, -58.1792, 3.672, 33.5681, -75.7935, 64.5765, -31.5537, -29.1239, 62.9301, -77.2186, 35.8534, 0.9687, -56.0575, 81.3432, -57.2781, 2.3774, 34.7013, -76.3346, 63.8511, -30.7706, -29.9331, 63.5175, -76.9014]","[-136.809, 121.6249, 13.2667, -156.672, 27.3444, -115.6327, -178.5619, 9.5593, -163.1079, 31.4117, -22.3834, 179.4816, 2.836, -164.0919, 132.7815, -15.5478, 172.8077, -1.9413, -112.3962, 153.5114, -20.891, 167.0388, 13.7556, -45.9181, 149.0748, -27.619, 170.6373, 117.7267, -45.3623, 142.2015, -30.5509, -106.2398, 124.0946, -51.5915, 137.477, 10.2437, -73.2035, 118.3617, -58.0389, 148.7999, 93.4115, -75.7597, 111.5577, -58.1463, -117.195, 93.887, -82.4592, 108.2898, 18.4495, -102.2361, 87.4437, -88.3889, 132.5497, 65.6636, -106.5348, 80.8954, -84.2476, -138.7303, 63.1996, -113.451, 79.5433, 13.2536, -132.2297, 56.3721, -118.6608, 122.9604, 36.3084, -137.5782, 50.2095, -108.2296, -164.9285, 32.1877, -144.5507, 51.2595, -5.5861, -162.822, 25.1686, -148.8787, 115.0812, 6.058, -168.8304, 19.4724, -129.5317, 166.5869, 0.9337, -175.7612, 23.3676, -30.6906, 166.1731, -6.1637, -179.1074, 101.435, -24.7601, 159.74, -11.3652, -148.381, 136.8107, -30.5184, 152.9005, -4.3585, -58.7679, 134.858, -37.6332, 150.5429, 80.8523, -55.9792, 128.1476, -42.37, -166.7153, 106.2076, -62.1458, 121.4084, -32.3398, -88.4866, 103.2907, -69.2548, 119.9212, 55.4058, -87.509, 96.3974, -73.6182, 172.4407, 75.0123, -93.9377, 89.7334, -61.1478, -119.2607, 71.5039, -101.045, 88.8608, 26.7748, -119.3009, 64.4895, -105.182, 147.0296, 43.3446, -125.8903, 57.8498, -91.3508, -150.8235, 39.5147, -133.0179, 57.2205, -4.1715]"
2023-08-03,31.2222,121.458,0.0674348422496382,SKYSAT C8,42990,28.5,"[44.1059, 79.7195, 58.1475, 20.3187, -17.9159, -55.7108, -81.3425, -46.8767, -8.8904, 29.3305, 66.8211, 72.2519, 35.1531, -3.0362, -41.1112, -77.3259, -61.3685, -23.7514, 14.4697, 52.4353, 82.4783, 49.8746, 11.8604, -26.3492, -63.8653, -75.1484, -38.5328, -0.4254, 37.7435, 74.5762, 64.3416, 26.7305, -11.4989, -49.4377, -82.3535, -53.1694, -15.3108, 22.9241, 60.6752, 77.7732, 41.5251, 3.393, -34.7549, -71.7689, -67.4749, -30.1431, 8.0433, 46.1172, 81.0065, 56.165, 18.2833, -19.9487, -57.688, -80.1443, -44.8724, -6.8526, 31.3595, 68.7369, 70.3876, 33.1272, -5.0754, -43.1222, -78.9031, -59.4057, -21.7201, 16.5077, 54.4307, 81.8777, 47.8685, 9.8208, -28.3775, -65.8016, -73.3642, -36.5147, 1.6154, 39.7657, 76.3235, 62.387, 24.6964, -13.537, -51.4347, -82.59, -51.1764, -13.2732, 24.9597, 62.6406, 76.1018, 39.5041, 1.3511, -36.7763, -73.5986, -65.5515, -28.1147, 10.0851, 48.1286, 81.9819, 54.1724, 16.2435, -21.9838, -59.6611, -78.7062, -42.8611, -4.8106, 33.3904, 70.6317, 68.4892, 31.0958, -7.1177, -45.1336, -80.3158, -57.4307, -19.6838, 18.5486, 56.4238, 80.8539, 45.855, 7.7771, -30.4076, -67.7246, -71.5269, -34.4906, 3.6598, 41.789, 77.9835, 60.4174, 22.6575, -15.5778, -53.4304, -82.2835, -49.1751, -11.2311, 26.9977, 64.5976, 74.3412, 37.4771, -0.6944, -38.7989, -75.3794, -63.6084, -26.0809, 12.1301, 50.1397, 82.52, 52.1705]","[-163.6901, 155.2334, 30.5964, 18.7579, 11.0713, -0.0304, -112.9034, -166.0908, -175.4237, 176.7035, 160.6961, 19.829, -1.4052, -9.5717, -18.2099, -49.5371, 177.0506, 164.0339, 156.3133, 145.9852, 53.2006, -20.4412, -30.2688, -38.0438, -52.2371, 169.979, 144.0404, 135.6343, 127.2845, 102.4244, -36.268, -50.7361, -58.5241, -68.2636, -137.6392, 125.438, 114.962, 107.252, 94.5027, -37.756, -70.5361, -79.2237, -87.3594, -107.9525, 111.0549, 94.5951, 86.6944, 77.4593, 27.4679, -88.6198, -99.8603, -107.5452, -119.222, 118.5835, 75.0456, 65.9854, 58.0274, 40.5343, -101.0595, -120.1121, -128.1589, -137.0094, -174.0595, 57.655, 45.4021, 37.7069, 26.9215, -79.4605, -139.372, -148.8646, -156.6998, -172.0089, 48.091, 25.3002, 17.0482, 8.5289, -20.0775, -155.9, -169.3833, -177.1231, 172.7671, 88.6177, 6.4179, -3.6411, -11.3862, -24.9878, -161.249, 170.6855, 162.1895, 153.9188, 130.7615, -8.9191, -24.0723, -31.8987, -41.4322, -102.9936, 152.2503, 141.5278, 133.8302, 121.4847, -7.5692, -43.7824, -52.6036, -60.6649, -79.975, 138.4811, 121.1977, 113.2517, 104.158, 59.5064, -61.6247, -73.2216, -80.9059, -92.2195, 150.4275, 101.7415, 92.5424, 84.6308, 67.9816, -73.1205, -93.4195, -101.539, -110.2537, -143.7512, 84.6269, 71.9793, 64.2728, 53.7376, -45.0107, -112.5455, -122.24, -130.0356, -144.6461, 76.3662, 51.9321, 43.6028, 35.1747, 8.7591, -128.6677, -142.7275, -150.4957, -160.3711, 124.0313, 33.1934]"
2024-12-11,39.0194,125.755,0.0672479564014532,FLOCK 4Y 17,55031,7.0,"[72.8378, 23.6035, -56.3222, -44.6537, 32.5675, 65.4426, -15.2442, -81.3435, -7.9122, 69.8352, 26.9454, -53.1185, -47.8296, 29.2523, 68.7621, -11.7561, -82.573, -11.318, 66.4507, 30.6232, -49.5733, -51.3116, 25.6172, 72.3156, -7.9267, -82.2611, -15.038, 62.6992, 34.6355, -45.6844, -55.0946, 21.6637, 76.0049, -3.7545, -80.1791, -19.0707, 58.5924, 38.9793, -41.4496, -59.1702, 17.3933, 79.5707, 0.7614, -76.8515, -23.4149, 54.1403, 43.6505, -36.8667, -63.5227, 12.8081, 82.2288, 5.6213, -72.7378, -28.069, 49.3506, 48.6423, -31.9336, -68.1203, 7.9098, 82.2398, 10.8252, -68.0606, -33.0312, 44.2301, 53.9437, -26.6483, -72.8884, 2.7003, 79.1242, 16.3722, -62.9195, -38.2991, 38.7847, 59.535, -21.0091, -77.6176, -2.8185, 74.3445, 22.26, -57.361, -43.869, 33.0195, 65.378, -15.0146, -81.5708, -8.6447, 68.7482, 28.4851, -51.408, -49.7347, 26.939, 71.3828, -8.6641, -82.4115, -14.7766, 62.6262, 35.0418, -45.0715, -55.8842, 20.5473, 77.2789, -1.9577, -78.8019, -21.2125, 56.0887, 41.9209, -38.3569, -62.2915, 13.848, 81.9383, 5.1034, -73.0322, -27.9504, 49.1862, 49.1075, -31.2667, -68.8909, 6.8444, 81.6617, 12.5161, -66.3454, -34.9875, 41.9453, 56.5752, -23.802, -75.4779, -0.4608, 76.2455, 20.2756, -59.0839, -42.3193, 34.3823, 64.2683, -15.964, -81.1633, -8.0652, 69.0717, 28.3741, -51.3565, -49.9362, 26.5079, 72.037, -7.7543, -82.0835]","[71.4184, -138.9729, -127.2008, 31.8065, 41.242, -162.38, -146.6039, -28.7941, 25.221, 44.1645, -162.6456, -151.6049, 7.7981, 17.515, 171.4978, -170.2246, -74.8062, 1.6244, 17.6825, 173.591, -175.9367, -16.4263, -6.2259, 143.8903, 166.1221, -126.3886, -22.0263, -8.1966, 149.7149, 159.8036, -40.9514, -29.9786, 113.4722, 142.4342, -172.662, -45.74, -33.61, 125.6929, 135.6113, -65.919, -53.7433, 77.076, 118.7074, 149.6239, -69.5297, -58.6649, 101.4741, 111.4789, -91.5829, -77.5219, 27.8422, 94.9348, 117.5266, -93.4146, -83.4441, 76.9759, 87.397, -118.4412, -101.3186, -34.2928, 71.106, 88.5553, -117.4236, -108.0111, 52.0576, 63.355, -147.5981, -125.1398, -86.0611, 47.205, 61.3603, -141.601, -132.4159, 26.4591, 39.3411, 178.0954, -148.9948, -123.8994, 23.2083, 35.2319, -166.0177, -156.6978, -0.3522, 15.3423, 130.6201, -172.8969, -155.0465, -0.9202, 9.7781, 169.2064, 179.1107, -29.6404, -8.656, 62.4427, 163.135, 176.8829, -25.2374, -15.2318, 143.8525, 154.9822, -65.064, -32.6712, 5.0004, 139.0737, 150.3868, -49.8378, -39.9419, 117.4784, 130.8919, -118.6738, -56.7252, -33.7196, 114.878, 124.7788, -74.8906, -64.4482, 89.0514, 106.8157, 164.6557, -80.847, -64.716, 90.4829, 99.7079, -100.7297, -88.8188, 55.6025, 82.7281, 111.8964, -105.0778, -92.5314, 65.7787, 74.9762, -128.1122, -113.106, 6.4294, 58.5995, 76.7146, -129.4812, -118.8185, 40.5641, 50.4619, -159.1466, -137.3544, -73.3342]"
2024-10-24,34.4,132.45,0.0669360269342312,FLOCK 4Y 36,55078,12.1,"[-34.0493, 64.4233, -8.8329, 26.1174, 13.5037, -21.888, 34.8351, -70.0801, 56.7066, -66.7499, 79.408, -35.8938, 66.437, -10.3575, 28.5626, 12.1666, -19.3, 33.5991, -68.0159, 55.5175, -68.3081, 78.4711, -37.1367, 67.7172, -11.3666, 30.0359, 11.3048, -17.8266, 32.8342, -66.883, 54.8258, -69.1197, 77.9545, -37.7665, 68.2923, -11.8544, 30.5568, 10.9205, -17.4656, 32.5402, -66.7114, 54.6305, -69.1865, 77.898, -37.7791, 68.1731, -11.8193, 30.1289, 11.014, -18.2166, 32.7173, -67.5017, 54.9329, -68.5137, 78.3081, -37.1789, 67.3514, -11.2644, 28.7407, 11.5841, -20.081, 33.3667, -69.2262, 55.737, -67.1093, 79.1604, -35.9777, 65.7991, -10.1964, 26.3651, 12.6285, -23.06, 34.4904, -71.8202, 57.0498, -64.9883, 80.3736, -34.1944, 63.471, -8.626, 22.9609, 14.1436, -27.1496, 36.0919, -75.1509, 58.881, -62.1773, 81.724, -31.8541, 60.3062, -6.5661, 18.4749, 16.1263, -32.3335, 38.1773, -78.9031, 61.2436, -58.7165, 82.6361, -28.9861, 56.2297, -4.0315, 12.8467, 18.5738, -38.5734, 40.7554, -82.0949, 64.1524, -54.6579, 82.0672, -25.6226, 51.1513, -1.0368, 6.0162, 21.4859, -45.7972, 43.8399, -82.0628, 67.6199, -50.0609, 79.3844, -21.7964, 44.9645, 2.4047, -2.0623, 24.8656, -53.8862, 47.45, -77.8546, 71.6394, -44.9879, 74.8838, -17.5388, 37.5481, 6.2828, -11.4004, 28.721, -62.6512, 51.6118, -71.6819, 76.1227, -39.4991, 68.906, -12.8773]","[-29.4418, 158.5393, -38.5016, 141.3546, -46.6368, 129.5623, -55.2218, 106.5333, -66.5982, -40.5199, -103.9474, -57.8082, 131.3809, -67.0209, 113.033, -75.1767, 101.2215, -83.7093, 80.0205, -94.8179, -67.7968, -128.3088, -86.2804, 103.7996, -95.6069, 84.5621, -103.7816, 72.7119, -112.2887, 52.3417, -123.2609, -95.6785, -155.0079, -114.8716, 75.6352, -124.2617, 55.9319, -132.4504, 44.0429, -140.9553, 23.7705, -151.9043, -124.3264, 176.4798, -143.5889, 46.7977, -152.9863, 27.1381, -161.1827, 15.2166, -169.7072, -5.6539, 179.2571, -153.7503, 146.1944, -172.4316, 17.3011, 178.2199, -1.8172, 170.0216, -13.7715, 161.4542, -36.099, 150.2126, 176.1958, 113.7077, 158.6087, -12.7415, 149.3584, -30.9257, 141.162, -42.9339, 132.5245, -68.0528, 120.9321, 145.7456, 77.885, 129.5461, -43.1579, 120.4321, -60.1754, 112.2373, -72.2951, 103.4955, -102.7266, 91.3581, 115.1324, 36.3574, 100.398, -73.7699, 91.4441, -89.5541, 83.2452, -101.9006, 74.3532, -143.3843, 61.3871, 84.5309, -14.2267, 71.1825, -104.432, 62.3972, -119.0535, 54.1814, -131.8351, 45.0757, 161.099, 30.8292, 54.0437, -71.7494, 41.9156, -135.0489, 33.2936, -148.6746, 25.0389, -162.263, 15.6277, 87.2684, -0.691, 23.7143, -124.4386, 12.6102, -165.5733, 4.1335, -178.433, -4.1936, 166.4681, -14.0487, 28.0499, -34.0036, -6.4514, -168.0356, -16.7253, 164.0042, -25.0853, 151.6304, -33.5344, 133.5102, -44.0532, -14.4891, -71.2836, -36.4678, 154.2992, -46.0864]"
2024-10-24,34.4,132.45,0.0669360269342312,FLOCK 4Q 28,58280,25.7,"[44.2206, 5.7612, -32.7614, -70.265, -68.7363, -31.1277, 7.4016, 45.8335, 81.0859, 55.7848, 17.5325, -21.0539, -59.1059, -78.9299, -42.7752, -4.3732, 34.1748, 71.692, 67.1167, 29.2767, -9.3024, -47.6314, -81.9098, -54.3164, -16.1346, 22.4508, 60.5632, 77.6356, 40.9686, 2.4714, -36.0203, -73.2482, -65.6474, -27.8615, 10.69, 49.0725, 82.4412, 52.5698, 14.2461, -24.3296, -62.2694, -76.3199, -39.5303, -1.0846, 37.4395, 74.6357, 63.9902, 26.0001, -12.5882, -50.8542, -82.6511, -51.1071, -12.8519, 25.7305, 63.7269, 74.8762, 37.7095, -0.8186, -39.2735, -76.1047, -62.516, -24.5905, 13.9776, 52.3013, 82.5009, 49.3415, 10.9579, -27.6015, -65.4038, -73.4765, -36.2781, 2.2047, 40.6987, 77.4138, 60.8284, 22.7199, -15.872, -54.0652, -82.0127, -47.8854, -9.5667, 29.007, 66.8569, 71.9428, 34.4443, -4.1082, -42.5199, -78.7388, -59.3544, -21.3153, 17.2639, 55.5175, 81.2382, 46.1023, 7.6684, -30.8693, -68.4974, -70.5008, -33.0196, 5.4944, 43.9514, 79.8898, 57.6411, 19.4365, -19.1534, -57.2614, -80.262, -44.6531, -6.2794, 32.2798, 69.9381, 68.907, 31.1739, -7.3971, -45.7585, -80.9552, -56.1702, -18.0365, 20.5483, 58.7178, 79.1031, 42.8541, 4.3779, -34.1322, -71.5306, -67.4441, -29.7554, 8.784, 47.1964, 81.7865, 54.4344, 16.1505, -22.4319, -60.4391, -77.8709, -41.4119, -2.9907, 35.5483, 72.9449, 65.8066, 27.8988, -10.6847, -48.9882, -82.3808]","[-14.2237, -23.2046, -31.2273, -50.0517, 167.8492, 150.4465, 142.5029, 133.3164, 83.1286, -33.1581, -44.2723, -51.9697, -64.0875, 167.0715, 130.1752, 121.3707, 113.2655, 92.8333, -48.9575, -65.1183, -72.9918, -82.4264, -141.9344, 111.0104, 100.2865, 92.5769, 79.9046, -53.3713, -85.4922, -94.1197, -102.3358, -124.8401, 94.5618, 79.4002, 71.5794, 61.904, -8.4119, -104.879, -115.2194, -122.9555, -136.3299, 87.3428, 58.9432, 50.4571, 42.1337, 17.294, -121.9115, -136.1467, -143.9202, -153.9024, 123.691, 39.3759, 29.346, 21.5798, 7.4828, -131.3945, -156.6879, -165.0327, -173.4973, 158.6217, 21.8728, 8.3862, 0.6463, -9.6364, -104.1462, -176.4318, 173.8465, 166.0328, 151.019, 10.6285, -12.2229, -20.4558, -29.0565, -60.4842, 165.6321, 152.8539, 145.1402, 134.4759, 28.9898, -32.1103, -41.5831, -49.4459, -65.4224, 152.9179, 132.1757, 124.0537, 115.2762, 79.1868, -50.397, -62.6013, -70.2995, -81.3415, 163.7511, 112.1461, 102.9222, 94.9891, 77.7863, -64.2688, -83.3352, -91.3706, -100.3184, -142.0122, 93.5304, 81.8783, 74.1859, 62.6654, -59.57, -103.4801, -112.5039, -120.5065, -139.0288, 78.6609, 61.0877, 53.1366, 43.9695, -5.0417, -122.3631, -133.5674, -141.2619, -153.2621, 78.5273, 40.8273, 32.0045, 23.9067, 3.693, -138.0265, -154.4034, -162.2901, -171.6694, 130.5187, 21.6891, 10.9219, 3.2129, -9.3946, -141.8992, -174.7574, 176.5806, 168.3903, 146.3043, 5.3216, -9.9605, -17.7868, -27.4373, -96.0051]"
2023-04-08,39.9289,116.388,0.0668533621062353,QPS-SAR-14 YACHIHOKO-1,66316,5.2,"[-41.5195, -27.4715, -3.8573, 20.8028, 38.9717, 39.9039, 22.7917, -1.6826, -25.6957, -41.0046, -37.3456, -17.7808, 7.115, 30.0777, 42.0264, 34.0587, 12.5263, -12.5678, -34.0762, -42.0262, -30.0957, -7.1512, 17.7504, 37.3384, 41.0011, 25.6655, 1.6375, -22.8246, -39.9098, -38.9766, -20.8311, 3.8205, 27.4509, 41.5193, 36.1385, 15.7131, -9.3265, -31.769, -42.1557, -32.5387, -10.4146, 14.6147, 35.4249, 41.7444, 28.3993, 4.9506, -19.8362, -38.4854, -40.2974, -23.7783, 0.5103, 24.6694, 40.6469, 37.9569, 18.8272, -6.045, -29.2611, -41.9049, -34.772, -13.6325, 11.4131, 33.262, 42.1167, 30.9682, 8.2426, -16.7511, -36.7597, -41.281, -26.6015, -2.8018, 21.7573, 39.4294, 39.4831, 21.8505, -2.7379, -26.5802, -41.2798, -36.7658, -16.7892, 8.1619, 30.8804, 42.1091, 33.3452, 11.4989, -13.5878, -34.7631, -41.9054, -29.2775, -6.1019, 18.7362, 37.8926, 40.6881, 24.7632, 0.5805, -23.7518, -40.2952, -38.4892, -19.8678, 4.8761, 28.3092, 41.7219, 35.5013, 14.7042, -10.3636, -32.5265, -42.1558, -31.7808, -9.3761, 15.6259, 36.0658, 41.5464, 27.5433, 3.8963, -20.7992, -38.9731, -39.9117, -22.8496, 1.57, 25.5752, 40.9648, 37.406, 17.8424, -7.0942, -30.08, -42.0259, -34.0838, -12.6096, 12.4442, 33.9799, 42.0387, 30.1668, 7.1955, -17.7436, -37.3405, -41.0054, -25.7143, -1.7424, 22.7031, 39.8555, 39.0284, 20.8957, -3.7947, -27.4519, -41.519]","[-61.1895, -20.9083, 7.3027, 33.818, 69.7515, 116.4391, 153.675, -179.38, -151.702, -112.5891, -66.352, -32.2311, -6.1277, 23.1488, 65.2658, 109.9693, 141.496, 167.3896, -161.0907, -116.4282, -74.3475, -45.0773, -18.9726, 15.1647, 61.4502, 100.5864, 128.2659, 155.2093, -167.5742, -120.9356, -85.0215, -58.5076, -30.2911, 10.0225, 55.8249, 88.9123, 114.9006, 145.0385, -171.7325, -128.0343, -97.5099, -71.6247, -39.1515, 6.2855, 47.2886, 75.9, 102.3041, 137.6659, -175.7681, -137.9768, -110.8592, -83.5051, -45.0828, 1.4059, 36.208, 62.4813, 91.4281, 132.9755, 178.0143, -150.0201, -124.1649, -93.1915, -48.9906, -6.2429, 23.4979, 49.5555, 83.1633, 129.188, 168.8764, -163.2067, -136.5186, -99.9908, -53.2767, -16.6436, 10.1068, 38.0589, 77.7725, 123.7887, 157.3665, -176.6191, -146.9617, -104.3032, -60.0286, -28.9653, -3.0634, 28.9335, 73.9868, 115.5123, 144.4255, 170.6419, -154.6589, -108.1963, -69.6696, -42.2475, -15.0926, 22.7266, 69.2904, 104.6237, 130.9876, 159.5224, -159.574, -114.0836, -81.5147, -55.5788, -25.0218, 18.6964, 61.9075, 92.013, 117.9493, 150.9387, -163.309, -122.8964, -94.6058, -68.0521, -32.108, 14.5351, 51.7247, 78.6303, 106.2399, 145.2714, -168.4134, -134.1763, -108.0164, -78.7121, -36.6068, 8.0429, 39.5311, 65.377, 96.8119, 141.4448, -176.3491, -146.9925, -120.8466, -86.6937, -40.4453, -1.3573, 26.2848, 53.1662, 90.2965, 136.9881, 173.0234, -160.4014, -132.1545, -91.8448]"
2020-07-31,39.9289,116.388,0.0664889944943639,FLOCK 4G 2,62661,25.0,"[55.3307, 81.6564, 47.5946, 9.8633, -28.0086, -65.145, -74.2999, -37.8637, -0.0598, 37.8024, 74.3754, 64.8968, 27.6207, -10.2803, -47.9202, -81.7341, -55.3313, -17.8372, 20.0892, 57.6311, 80.3249, 45.2672, 7.5029, -30.3532, -67.3725, -72.1981, -35.5269, 2.3023, 40.143, 76.4045, 62.637, 25.2683, -12.6378, -50.2335, -82.5031, -53.0318, -15.481, 22.4463, 59.9216, 78.6575, 42.9356, 5.1422, -32.6953, -69.5734, -70.0421, -33.187, 4.6646, 42.4803, 78.3118, 60.3617, 22.9142, -14.9942, -52.5407, -82.5822, -50.7251, -13.1235, 24.802, 62.2002, 76.7806, 40.6, 2.7814, -35.0347, -71.7383, -67.8476, -30.8442, 7.0267, 44.8138, 80.0274, 58.0739, 20.5586, -17.3493, -54.8411, -81.9509, -48.4121, -10.7648, 27.156, 64.4639, 74.7712, 38.2611, 0.4206, -37.3711, -73.8532, -65.6246, -28.4988, 9.3886, 47.1431, 81.4357, 55.776, 18.2018, -19.703, -57.1334, -80.7536, -46.0936, -8.405, 29.5082, 66.7086, 72.675, 35.919, -1.94, -39.7043, -75.896, -63.3799, -26.151, 11.7501, 49.4675, 82.3651, 53.4696, 15.8438, -22.055, -59.4163, -79.1762, -43.7703, -6.0444, 31.8584, 68.9287, 70.52, 33.5743, -4.3002, -42.0338, -77.8307, -61.1183, -23.8009, 14.111, 51.7864, 82.6321, 51.1561, 13.485, -24.4052, -61.6876, -77.3601, -41.4426, -3.683, 34.2062, 71.1157, 68.3233, 31.227, -6.6599, -44.3594, -79.5971, -58.8432, -21.4489, 16.4711, 54.099, 82.1688]","[-177.5357, 72.4523, 16.3249, 6.9627, -0.782, -15.5527, -154.5174, -178.6311, 173.0948, 164.818, 140.5412, 1.5395, -13.1081, -20.8442, -30.2449, -87.3129, 163.7101, 152.8098, 145.2017, 133.6326, 12.1385, -32.1513, -41.1864, -49.0175, -65.2514, 154.0083, 133.06, 124.9525, 116.4777, 87.928, -47.8487, -61.3251, -68.9984, -78.7867, -151.3819, 114.9907, 104.6408, 97.0135, 84.6671, -44.8716, -80.5774, -89.3322, -97.2723, -115.3297, 103.2874, 84.7776, 76.8091, 68.1018, 33.7366, -97.0169, -109.5277, -117.1585, -127.3999, 142.6451, 66.3603, 56.4793, 48.8134, 35.5352, -99.4376, -128.9606, -137.4757, -145.5495, -165.9181, 53.1116, 36.5181, 28.6637, 19.6844, -22.7394, -146.0114, -157.7179, -165.3256, -176.0987, 77.9467, 17.804, 8.3237, 0.5992, -13.8069, -152.3086, -177.3072, 174.3821, 166.1477, 142.7922, 3.3398, -11.7214, -19.4849, -28.7817, -82.3658, 165.1335, 154.1026, 146.4988, 135.0991, 16.6313, -30.6899, -39.8269, -47.631, -63.4185, 155.99, 134.3779, 126.24, 117.8153, 90.5147, -46.1261, -59.9436, -67.6377, -77.3051, -145.6468, 116.3917, 105.9321, 98.3133, 86.1701, -41.2152, -79.1311, -87.9738, -95.8799, -113.3827, 105.1092, 86.0903, 78.0972, 69.4485, 36.8165, -95.3556, -108.1508, -115.7959, -125.8965, 148.5036, 67.7429, 57.7693, 50.1161, 37.0842, -96.3862, -127.5274, -136.1182, -144.15, -163.818, 54.818, 37.8263, 29.9525, 21.0417, -18.9405, -144.399, -156.3451, -163.9608, -174.5692, 83.1177]"
2020-07-31,39.9289,116.388,0.0664889944943639,FLOCK 4G 14,62667,17.0,"[69.2534, 32.2365, -5.6247, -43.3192, -78.8176, -59.8971, -22.5528, 15.3488, 52.9849, 82.4816, 49.9898, 12.3184, -25.5456, -62.7663, -76.4507, -40.364, -2.6051, 35.262, 72.071, 67.3555, 30.2228, -7.6478, -45.3116, -80.2379, -57.9413, -20.5349, 17.3725, 54.9654, 81.8311, 47.9987, 10.2949, -27.5584, -64.696, -74.7265, -38.3631, -0.5793, 37.2725, 73.8891, 65.4379, 28.2075, -9.6703, -47.3006, -81.4207, -55.9779, -18.5156, 19.3955, 56.9401, 80.7771, 46.0039, 8.2709, -29.5695, -66.6116, -72.9398, -36.3596, 1.4467, 39.2808, 75.6535, 63.5049, 26.1908, -11.6922, -49.286, -82.2568, -54.008, -16.4952, 21.4177, 58.9079, 79.4397, 44.0058, 6.2467, -31.5788, -68.5093, -71.1082, -34.3537, 3.4728, 41.2868, 77.342, 61.5593, 24.1727, -13.7133, -51.2671, -82.6271, -52.0325, -14.4736, 23.4388, 60.8678, 77.9124, 42.0047, 4.2223, -33.5863, -70.3843, -69.2433, -32.3456, 5.4989, 43.2902, 78.9199, 59.6035, 22.1536, -15.7336, -53.2436, -82.4627, -50.052, -12.4511, 25.4589, 62.8179, 76.2584, 40.0009, 2.1979, -35.5916, -72.2297, -67.3531, -30.3355, 7.525, 45.2906, 80.3333, 57.6392, 20.1333, -17.7528, -55.2149, -81.7956, -48.0671, -10.4277, 27.4777, 64.7565, 74.5179, 37.9947, 0.1735, -37.5948, -74.0353, -65.4433, -28.3234, 9.5508, 47.2879, 81.4998, 55.6676, 18.1122, -19.771, -57.1801, -80.7338, -46.0781, -8.4036, 29.4951, 66.6806, 72.7171, 35.9862]","[34.6463, 16.8581, 8.9375, 0.1503, -36.184, -165.0087, -177.3284, 175.0454, 164.6925, 70.2841, -1.6206, -11.3762, -19.0514, -32.5685, -168.123, 163.2413, 154.755, 146.6588, 125.8452, -15.0922, -31.336, -39.1646, -48.1939, -91.8844, 146.1825, 134.5327, 126.9241, 116.1031, 8.3782, -50.0623, -59.4854, -67.2143, -81.7264, 139.8573, 114.969, 106.656, 98.4202, 74.9725, -64.5499, -79.5159, -87.2692, -96.5748, -149.9656, 97.4739, 86.4015, 78.7964, 67.4361, -50.9057, -98.4593, -107.5911, -115.3892, -131.0857, 88.6804, 66.72, 58.557, 50.1597, 23.3641, -113.7861, -127.6832, -135.377, -144.9979, 149.265, 48.8493, 38.2771, 30.6614, 18.6767, -107.5945, -146.8174, -155.694, -163.5777, 179.3018, 38.1258, 18.4915, 10.4576, 1.8743, -29.2502, -162.8446, -175.8394, 176.5113, 166.5301, 86.3485, 0.2956, -9.8415, -17.4818, -30.1935, -162.196, 164.8583, 156.205, 148.2186, 129.3658, -11.9614, -29.7189, -37.643, -46.4393, -83.2505, 148.241, 136.0144, 128.395, 118.0013, 23.012, -48.1976, -57.9551, -65.6345, -79.1981, 144.7523, 116.5635, 108.1055, 99.9975, 79.0097, -61.691, -77.9132, -85.7453, -94.7851, -139.1405, 99.4451, 87.8767, 80.2731, 69.406, -38.7305, -96.6391, -106.0645, -113.7978, -128.3676, 92.826, 68.2947, 60.0067, 51.7569, 28.0983, -111.1424, -126.0934, -133.8502, -143.1679, 162.529, 50.7475, 39.7468, 32.1448, 20.732, -97.8583, -145.0359, -154.1704, -161.9733, -177.7418, 41.7197, 20.0488]"
2023-12-13,39.9289,116.388,0.0663266745550055,ICEYE-X55,64581,29.9,"[31.8564, 68.3336, 71.3052, 35.0269, -2.3326, -39.5926, -75.2414, -64.2801, -27.6957, 9.6174, 46.7895, 80.6831, 56.9936, 19.9853, -17.4234, -54.4029, -81.9072, -49.7054, -12.6668, 24.6794, 61.4967, 77.4932, 42.1771, 4.8873, -32.4503, -68.8064, -70.9891, -34.8475, 2.4091, 39.6705, 75.3992, 63.9428, 27.1834, -10.2172, -47.3542, -80.9251, -56.7247, -19.858, 17.4867, 54.5114, 81.8299, 49.2888, 12.1055, -25.281, -62.0088, -77.1922, -41.9698, -4.7986, 32.519, 68.954, 70.6966, 34.3625, -3.002, -40.2529, -75.8019, -63.6468, -27.033, 10.284, 47.4462, 81.0377, 56.3435, 19.3168, -18.0913, -55.0529, -81.6869, -49.0523, -12.0008, 25.3444, 62.1379, 76.9628, 41.515, 4.2172, -33.1143, -69.4235, -70.3813, -34.1864, 3.0765, 40.3315, 75.96, 63.3039, 26.5157, -10.8869, -48.011, -81.2544, -56.0775, -19.1924, 18.1536, 55.163, 81.5903, 48.6303, 11.435, -25.948, -62.6482, -76.6571, -41.311, -4.1308, 33.1832, 69.5732, 70.0825, 33.6962, -3.673, -40.9146, -76.3545, -63.0104, -26.3685, 10.9523, 48.1042, 81.3562, 55.6908, 18.6465, -18.7607, -55.7038, -81.4201, -48.3971, -11.3329, 26.011, 62.7794, 76.4189, 40.8509, 3.5453, -33.7798, -70.0391, -69.7684, -33.5234, 3.7457, 40.9939, 76.5127, 62.6619, 25.8461, -11.5582, -48.669, -81.5451, -55.4279, -18.5251, 18.8221, 55.8157, 81.3051, 47.9696, 10.7628, -26.6165, -63.2879, -76.1094, -40.6503, -3.4612]","[-169.08, 173.2631, 34.3705, 13.6644, 5.3713, -3.2747, -30.3591, -165.4984, 179.7036, 171.7827, 162.2759, 112.2426, -2.3911, -14.1401, -21.9281, -32.934, -131.8631, 162.172, 152.1912, 144.3499, 130.934, 0.6162, -32.5633, -41.4793, -49.6127, -67.6693, 153.5033, 133.2083, 124.9411, 116.2876, 88.8315, -46.1686, -60.8047, -68.721, -78.311, -130.5404, 117.0644, 105.4206, 97.6426, 86.6019, -13.966, -78.3838, -88.3085, -96.1695, -109.8067, 119.1289, 86.9656, 78.0887, 69.9544, 51.7462, -87.3175, -107.3092, -115.5594, -124.2677, -152.6302, 73.1975, 58.7497, 50.8498, 41.2417, -12.1589, -123.5294, -135.0821, -142.8678, -154.0432, 102.9019, 41.1205, 31.2568, 23.4002, 9.691, -122.064, -153.566, -162.4105, -170.5803, 170.7857, 31.8454, 12.2359, 4.0107, -4.7059, -33.478, -167.465, 178.2415, 170.3453, 160.6504, 104.8855, -4.0683, -15.5209, -23.297, -34.5095, -139.1371, 160.5667, 150.7569, 142.8793, 128.937, -3.4609, -34.0353, -42.8421, -51.0135, -69.8116, 151.0424, 131.7189, 123.5096, 114.7359, 84.9806, -48.0875, -62.2032, -70.0837, -79.798, -136.8458, 115.3414, 103.9764, 96.1916, 84.838, -22.0953, -79.926, -89.6773, -97.5511, -111.5704, 115.3945, 85.4341, 76.6583, 68.4498, 49.1972, -89.7669, -108.7348, -116.9201, -125.7029, -155.9104, 71.2572, 57.2888, 49.411, 39.6063, -19.9705, -125.192, -136.4617, -144.2376, -155.6306, 95.9412, 39.5221, 29.8225, 21.9266, 7.6613, -125.9208, -155.0334, -163.773]"
2024-07-13,44.0,112.0,0.0658438936730726,FLOCK 4V 4,46314,11.3,"[-46.0945, 14.7779, -74.2688, 67.6082, -74.4916, -7.6682, -41.1611, -49.1012, 23.2182, -76.3947, 58.889, -72.0241, -12.8637, -36.781, -52.1464, 32.5691, -78.4668, 49.8215, -69.267, -17.945, -31.8279, -55.227, 42.7565, -80.3558, 40.6056, -66.2088, -22.903, -26.1951, -58.3407, 53.6211, -81.8064, 31.4111, -62.8261, -27.7354, -19.751, -61.4853, 64.8954, -82.3999, 22.3909, -59.0825, -32.4452, -12.338, -64.6578, 75.9684, -81.7705, 13.6709, -54.9275, -37.0392, -3.7796, -67.8518, 82.6793, -79.9757, 5.3403, -50.2927, -41.5275, 6.097, -71.0529, 75.1445, -77.3364, -2.5519, -45.0871, -45.922, 17.4104, -74.2275, 63.34, -74.0978, -9.9924, -39.1902, -50.2359, 30.1467, -77.2952, 50.9762, -70.3731, -16.9953, -32.4439, -54.4828, 44.0836, -80.0541, 38.6841, -66.1898, -23.5924, -24.6428, -58.6754, 58.7657, -82.0032, 26.8082, -61.5219, -29.8254, -15.5293, -62.8237, 73.3795, -82.2521, 15.59, -56.3031, -35.7401, -4.8059, -66.9312, 82.6616, -80.4126, 5.1664, -50.4273, -41.383, 7.8079, -70.9859, 72.1041, -77.1128, -4.426, -43.7418, -46.7983, 22.4382, -74.9355, 57.3219, -72.9291, -13.2245, -36.0336, -52.0275, 38.8603, -78.6138, 42.4901, -68.0821, -21.3094, -27.0134, -57.1071, 56.3896, -81.5065, 28.3145, -62.5992, -28.7785, -16.3033, -62.0669, 73.7801, -82.3514, 15.1743, -56.405, -35.7311, -3.4608, -66.9242, 81.7472, -80.2555, 3.2374, -49.346, -42.2603, 11.8959, -71.6675]","[116.5664, -59.8983, 91.3145, 135.381, -36.5427, 111.2864, -63.5178, 98.5915, -78.1972, 69.0473, 112.4284, -58.0973, 93.499, -81.5716, 80.4846, -96.8228, 44.5838, 91.8114, -78.8328, 75.6958, -99.6227, 62.2083, -116.0108, 16.5949, 72.304, -98.9464, 57.8666, -117.6833, 43.7087, -136.3002, -16.6736, 53.3983, -118.5867, 39.9993, -135.77, 24.906, -159.2331, -55.5665, 34.8471, -137.8656, 22.0791, -153.9063, 5.6772, 168.7017, -95.6203, 16.5149, -156.8681, 4.0879, -172.128, -14.1759, 89.6503, -130.998, -1.6803, -175.6603, -13.9985, 169.508, -34.992, 14.3864, -160.6656, -19.7929, 165.7045, -32.2126, 150.9013, -57.3866, -16.8077, 173.7464, -37.862, 147.1811, -50.6, 131.8552, -82.5541, -39.5808, 150.7075, -55.9194, 128.7285, -69.2276, 111.9194, -112.8606, -59.873, 129.2518, -73.9935, 110.3048, -88.1978, 89.78, -152.0098, -79.1373, 108.8075, -92.1134, 91.8615, -107.6762, 59.4854, 160.71, -97.8933, 89.0292, -110.3119, 73.3327, -127.9478, -27.5716, 117.3925, -116.3759, 69.6984, -128.6304, 54.6129, -149.5434, -105.8158, 83.8499, -134.7106, 50.6679, -147.125, 35.5017, -173.5454, -134.7506, 56.8632, -152.9757, 31.83, -165.8781, 15.5347, 157.6372, -156.6136, 33.4025, -171.2282, 13.0962, 174.9813, -6.7194, 118.8975, -176.4819, 11.8751, 170.4822, -5.6216, 155.2358, -38.7973, 67.0972, 164.458, -8.5298, 152.1038, -24.4332, 134.4872, -147.6753, 18.5298, 145.7819, -28.2534, 133.5732, -43.5175, 111.9277]"
2023-09-14,32.9793,118.852,0.0648186559707315,FLOCK 4S 7,47527,18.9,"[64.9699, -54.0831, 51.4594, -32.2657, 37.5034, -11.2415, 22.9948, 8.5052, 7.7321, 26.8283, -8.5108, 43.7815, -25.9448, 59.4756, -44.6951, 73.7616, -64.5898, 82.7132, -82.2315, 74.0936, -68.9268, 60.9313, -46.9881, 47.1383, -25.1633, 32.867, -4.3715, 17.9612, 15.0329, 2.2004, 32.9921, -14.6472, 49.6045, -32.7765, 64.9545, -52.2421, 78.4416, -72.5054, 80.8748, -80.3189, 69.0137, -59.8888, 55.3919, -37.6202, 41.2643, -15.9973, 26.5869, 4.3623, 11.1608, 23.2535, -5.2504, 40.7113, -22.875, 56.8613, -41.8638, 71.6552, -62.102, 82.4422, -81.1997, 75.5995, -70.638, 62.3285, -48.3703, 48.2955, -26.1429, 33.7515, -4.9833, 18.5408, 14.7357, 2.432, 32.9606, -14.8188, 49.8024, -33.413, 65.353, -53.3901, 78.9236, -74.0633, 80.3361, -78.695, 67.9748, -57.2484, 54.0305, -34.6276, 39.5522, -12.8285, 24.4625, 7.5939, 8.5424, 26.4887, -8.459, 43.9311, -26.7714, 60.055, -46.5129, 74.6715, -67.3944, 82.5669, -82.5909, 72.3409, -64.1632, 58.5141, -41.3266, 44.0535, -19.0346, 29.0101, 1.9591, 13.1831, 21.4108, -3.681, 39.3547, -21.8295, 55.9346, -41.4247, 71.1346, -62.3347, 82.3871, -81.7028, 75.4498, -69.0932, 61.7781, -46.1669, 47.2976, -23.5033, 32.2395, -2.0682, 16.4235, 17.8173, -0.4049, 36.1526, -18.5043, 53.0817, -38.0633, 68.6608, -59.0227, 81.3554, -79.6551, 77.3721, -72.0868, 63.8483, -49.1145, 49.3109, -26.1733, 34.1846]","[-164.5062, 7.1531, -176.3891, -3.6101, 174.7783, -12.0105, 167.0305, -19.789, 159.6879, -27.6279, 152.3699, -36.1857, 144.6728, -46.8988, 135.7452, -65.6425, 122.1736, -134.832, 62.9862, 156.6058, -33.2916, 138.0176, -50.0184, 127.4116, -59.6785, 119.0039, -67.7885, 111.4137, -75.5431, 104.0928, -83.5636, 96.6694, -92.6711, 88.6356, -105.1368, 78.6294, -133.1817, 58.9749, 133.0473, -53.7844, 94.5363, -94.8145, 80.516, -107.1219, 71.0523, -115.9023, 63.0529, -123.7885, 55.6026, -131.6058, 48.2571, -139.9996, 40.6114, -150.2044, 31.8981, -166.8189, 19.2761, 136.1124, -27.6458, 55.2781, -135.8696, 34.2974, -154.1596, 23.2069, -164.0589, 14.6316, -172.2445, 6.9613, 179.9631, -0.4121, 171.9078, -7.8883, 162.7335, -16.0149, 150.0288, -26.3123, 120.2024, -48.227, 24.4265, -167.1017, -11.043, 159.3804, -24.5481, 147.7554, -33.861, 139.1322, -41.8146, 131.2606, -49.2755, 123.3576, -56.6921, 114.7086, -64.5275, 103.7334, -73.802, 83.524, -89.1635, 4.6553, -177.0514, -55.4401, 113.5735, -72.2977, 99.493, -82.4686, 90.3397, -90.7355, 82.3346, -98.3118, 74.485, -105.7259, 66.1133, -113.4168, 56.0054, -122.1851, 39.7039, -135.0491, -16.6219, 172.6, -99.2584, 68.1653, -120.2164, 51.0389, -131.2621, 41.3474, -139.8274, 33.1983, -147.5195, 25.3522, -154.9576, 17.1207, -162.5848, 7.4559, -171.1046, -7.0768, 177.1187, -50.4508, 139.7328, -143.6222, 22.259, -168.556, 2.2272, 179.6753, -7.8881, 170.8786]"
2026-02-10,39.9289,116.388,0.0643473801378549,FLOCK 4H 28,66731,18.0,"[-58.295, -20.7376, 17.3525, 55.1501, 81.6251, 47.3377, 9.3899, -28.6685, -65.9268, -73.4291, -36.7497, 1.2258, 39.2589, 75.8206, 63.0729, 25.5044, -12.6023, -50.3692, -82.536, -52.6006, -14.8899, 23.21, 60.8519, 77.7257, 41.5406, 3.5216, -34.4861, -71.3766, -68.0711, -30.9401, 7.093, 45.0647, 80.3232, 57.3976, 19.6485, -18.4554, -56.0839, -81.2649, -46.8617, -9.033, 29.0592, 66.4711, 72.6903, 35.7209, -2.3467, -40.2852, -76.514, -62.5219, -25.1133, 12.9596, 50.8446, 82.6105, 51.6609, 13.7851, -24.2986, -61.7427, -77.1805, -41.0906, -3.1694, 34.8969, 71.9354, 67.2586, 29.8841, -8.2121, -46.0611, -80.8091, -56.8733, -19.2725, 18.823, 56.5876, 80.8384, 45.8843, 7.9171, -30.1291, -67.3104, -72.1131, -35.2946, 2.6982, 40.7193, 77.053, 61.6541, 24.0343, -14.0723, -51.8068, -82.6148, -51.1646, -13.4204, 24.6804, 62.2743, 76.5214, 40.0794, 2.0472, -35.9438, -72.706, -66.6915, -29.4786, 8.5673, 46.521, 81.2032, 55.9591, 18.1748, -19.9245, -57.511, -80.4053, -45.4151, -7.5598, 30.5288, 67.8654, 71.3474, 34.2536, -3.8219, -41.7389, -77.7095, -61.1102, -23.6463, 14.4351, 52.2945, 82.5468, 50.2095, 12.3087, -25.7661, -63.1527, -75.9614, -39.6355, -1.6932, 36.3648, 73.2703, 65.8581, 28.4118, -9.6876, -47.5094, -81.5977, -55.4423, -17.8007, 20.2991, 58.0273, 79.8944, 44.4234, 6.4386, -31.5943, -68.6891, -70.7713, -33.8323, 4.1767]","[168.7308, 156.9235, 149.2771, 138.3615, 28.147, -27.8795, -37.2472, -45.0515, -60.3573, 159.769, 137.0044, 128.7795, 120.346, 93.0733, -43.8449, -57.5902, -65.3082, -75.1619, -149.9314, 118.549, 108.2537, 100.5802, 87.8203, -44.7487, -77.2019, -85.8504, -93.9274, -113.9387, 104.9026, 88.0747, 80.1823, 71.1313, 26.6623, -94.7668, -106.3148, -113.9588, -125.1029, 120.9149, 68.9083, 59.6274, 51.8044, 36.1123, -104.5552, -126.2794, -134.4437, -142.9584, -171.854, 52.7245, 39.2697, 31.5652, 21.6054, -58.5229, -144.8566, -154.9768, -162.6663, -175.7728, 50.3336, 19.6163, 11.0259, 2.9156, -17.81, -158.9437, -175.1878, 176.9567, 167.7876, 119.8353, 1.9201, -9.4476, -17.0898, -28.3971, -146.1899, 165.5618, 156.4016, 148.5426, 132.2933, -8.5286, -29.441, -37.5674, -46.1341, -76.5326, 149.1173, 136.0225, 128.3347, 118.2039, 32.6131, -48.1019, -58.1048, -65.8041, -79.1727, 145.2714, 116.3097, 107.8023, 99.6325, 77.9267, -62.5253, -78.3355, -86.1682, -95.4161, -146.8816, 98.4474, 87.3158, 79.6717, 68.1121, -52.6769, -97.6415, -106.7235, -114.605, -131.3051, 87.2955, 67.2804, 59.2087, 50.5528, 18.2028, -114.2765, -127.1156, -134.7933, -145.0433, 123.8813, 48.5078, 38.6656, 30.9458, 17.1897, -119.3172, -146.8663, -155.3216, -163.5294, 173.9069, 33.6986, 18.4056, 10.6049, 1.2277, -54.4027, -164.8451, -175.8158, 176.5387, 164.7941, 40.8432, -0.9779, -9.9489, -17.8716, -35.2071, -176.5468, 164.1227, 156.0845]"
2022-08-01,20.6827,109.951,0.0643092298632327,OBJECT B,56154,23.8,"[-15.1898, 22.7503, 60.2167, 78.3274, 42.5403, 4.7023, -33.1824, -70.0567, -69.4404, -32.5301, 5.344, 43.1594, 78.7944, 59.6156, 22.1176, -15.8393, -53.4141, -82.3086, -49.7144, -12.073, 25.8627, 63.2203, 75.7966, 39.4502, 1.5784, -36.2765, -72.8913, -66.5247, -29.4313, 8.4658, 46.2401, 80.8762, 56.5853, 19.0004, -18.9549, -56.4513, -81.035, -46.6521, -8.9542, 28.9721, 66.1942, 73.0713, 36.3541, -1.5453, -39.3652, -75.6156, -63.5655, -26.3282, 11.5871, 49.3127, 82.2387, 53.5388, 15.8811, -22.0678, -59.4722, -79.0112, -43.5811, -5.8339, 32.078, 69.1264, 70.2313, 33.2528, -4.6686, -42.4476, -78.1543, -60.5754, -23.2212, 14.7072, 52.3756, 82.4802, 50.4791, 12.7599, -25.1775, -62.4723, -76.5719, -40.5024, -2.7125, 35.1797, 71.9973, 67.3191, 30.147, -7.791, -45.5228, -80.3605, -57.5622, -20.1109, 17.8258, 55.4267, 81.5047, 47.4089, 9.6373, -28.2837, -65.4447, -73.9042, -37.417, 0.4096, 38.2768, 74.773, 64.3586, 27.0373, -10.9122, -48.5897, -81.9568, -54.5312, -16.9975, 20.9426, 58.463, 79.6504, 44.3297, 6.5138, -31.3858, -68.379, -71.1041, -34.3258, 3.5322, 41.3683, 77.3912, 61.3642, 23.9242, -14.0316, -51.6468, -82.5412, -51.486, -13.8816, 24.057, 61.4806, 77.296, 41.243, 3.3897, -34.4833, -71.2581, -68.222, -31.2294, 6.6546, 44.4536, 79.7315, 58.345, 20.8081, -17.1491, -54.6923, -81.8921, -48.4292, -10.7636, 27.1687]","[-85.7807, -93.4819, -106.0753, 123.9517, 89.0119, 80.2119, 72.1664, 53.4112, -87.5293, -105.6855, -113.6942, -122.5614, -159.3893, 72.3562, 59.9872, 52.2914, 41.7444, -54.8391, -124.248, -134.0456, -141.8061, -155.7188, 67.9437, 40.464, 31.9691, 23.7313, 1.5572, -138.2464, -154.072, -161.9416, -171.1998, 139.5386, 23.0673, 11.6885, 4.0104, -7.3163, -122.3666, -172.9932, 177.6993, 169.8433, 154.2209, 14.4391, -8.0234, -16.2725, -24.753, -51.7989, 171.6447, 157.5741, 149.8043, 140.0666, 72.4656, -26.0054, -36.5933, -44.2874, -56.5891, 176.1114, 138.359, 129.4512, 121.4609, 103.572, -37.5066, -56.461, -64.5152, -73.2972, -107.558, 121.9655, 109.2471, 101.5407, 91.2137, 1.0998, -74.9119, -84.8614, -92.6059, -106.1428, 119.1392, 89.7899, 81.2076, 73.0401, 52.0615, -88.4453, -104.8574, -112.7616, -121.9144, -167.1934, 72.5994, 60.9423, 53.2646, 42.2096, -68.1419, -123.688, -133.119, -140.9495, -156.078, 65.035, 41.2851, 32.9661, 24.573, -0.7618, -138.7063, -153.2195, -161.014, -170.6216, 127.5139, 23.4676, 12.6556, 4.9729, -6.9897, -131.397, -172.3605, 178.6311, 170.6764, 153.4531, 12.708, -7.1669, -15.2758, -23.9504, -55.6677, 171.5065, 158.4466, 150.7248, 140.5589, 56.9134, -25.4849, -35.6164, -43.3382, -56.4458, 170.4777, 139.0504, 130.3864, 122.2658, 102.2116, -38.483, -55.5753, -63.5205, -72.5422, -113.9515, 122.0614, 110.1362, 102.452, 91.5977, -13.4971, -74.2974, -83.8769, -91.6729]"
2022-08-08,26.8,105.0,0.0640673886867228,FLOCK 4Q 28,58280,28.7,"[-18.4721, 23.1186, 64.0912, 71.8745, 31.3951, -10.1781, -51.4276, -81.9013, -44.6737, -3.2939, 38.2334, 77.8182, 57.449, 16.2455, -25.3288, -66.073, -70.1341, -29.6524, 11.8978, 53.2053, 80.8892, 42.5417, 1.0595, -40.3834, -79.3424, -55.6718, -14.5301, 27.0554, 67.8343, 68.2248, 27.4699, -14.1146, -55.2671, -79.6377, -40.7957, 0.6406, 42.1264, 80.6353, 53.6186, 12.3215, -29.2301, -69.7402, -66.4775, -25.7576, 15.8125, 57.0252, 78.1631, 38.6703, -2.8504, -44.2346, -81.7042, -51.8696, -10.6337, 30.9379, 71.4519, 64.5372, 23.5883, -17.9985, -59.0358, -76.6396, -36.9557, 4.5263, 45.9604, 82.4001, 49.8162, 8.4447, -33.0756, -73.2603, -62.8012, -21.9057, 19.6755, 60.7718, 74.958, 34.839, -6.71, -48.0253, -82.6538, -48.0972, -6.7836, 34.7653, 74.8931, 60.8446, 19.7515, -21.8291, -62.7267, -73.3307, -33.1555, 8.3625, 49.7337, 82.4215, 46.047, 4.6161, -36.8648, -76.5616, -59.1292, -18.0978, 23.486, 64.4363, 71.5513, 31.0493, -10.5185, -51.7536, -81.7598, -44.3589, -2.9809, 38.5368, 78.0543, 57.1648, 15.9604, -25.6058, -66.3292, -69.8901, -29.3965, 12.1485, 53.4438, 80.7479, 42.3142, 0.8363, -40.5967, -79.4916, -55.4752, -14.3349, 27.2433, 68.005, 68.0609, 27.3027, -14.2753, -55.4168, -79.5344, -40.6573, 0.7739, 42.2514, 80.7085, 53.5085, 12.2159, -29.3281, -69.825, -66.3975, -25.68, 15.8835, 57.0876, 78.1184, 38.6204, -2.8939]","[179.1788, 171.0378, 156.2846, 12.3504, -8.8482, -17.2048, -27.6993, -135.9573, 163.8908, 154.4752, 145.7027, 112.3455, -21.8515, -33.8684, -42.0373, -57.9481, 157.3293, 138.1163, 129.8332, 118.9467, -0.1419, -49.3696, -58.5451, -67.4949, -106.9587, 124.647, 113.1618, 104.9538, 87.7631, -57.4787, -74.9813, -83.1999, -94.5769, 138.4554, 97.4925, 88.5039, 79.3731, 32.1322, -88.8895, -99.8712, -108.1395, -126.9632, 88.1899, 72.0102, 63.8337, 51.9467, -81.149, -115.7056, -124.5131, -133.8739, 168.6686, 57.7542, 47.1703, 38.8338, 18.1521, -126.0621, -141.061, -149.2063, -161.7311, 61.0342, 31.2067, 22.5381, 12.9439, -56.9763, -155.6506, -165.8518, -174.2827, 162.6348, 20.0267, 5.9518, -2.1797, -15.3764, -155.9057, 178.057, 169.522, 159.634, 75.6395, -8.9022, -18.8016, -27.332, -53.2424, 166.1278, 152.9016, 144.7705, 130.7314, -11.8024, -34.9918, -43.4266, -53.6128, -151.6848, 137.7903, 128.1843, 119.5226, 89.8995, -47.5114, -60.0687, -68.2125, -83.1543, 132.6967, 111.8966, 103.5559, 92.9963, -17.2066, -75.3837, -84.7592, -93.5553, -127.7223, 98.8263, 86.8978, 78.7248, 62.6458, -82.1526, -101.1214, -109.3946, -120.3349, 119.477, 71.3822, 62.2321, 53.2632, 13.0594, -114.6278, -126.0591, -134.2708, -151.5951, 63.1663, 45.7973, 37.5841, 26.1684, -101.3102, -141.7328, -150.7073, -159.8505, 152.3583, 31.8756, 20.9205, 12.6498, -6.255, -151.0717, -167.1962, -175.3702, 172.725, 39.4841, 5.0899, -3.7127]"
2021-06-03,32.5261,119.739,0.0640054869684334,GAOFEN 12-05,61571,20.3,"[-1.6908, 35.3323, 71.2633, 68.5314, 32.359, -4.7093, -41.6354, -76.6567, -62.7774, -26.4109, 10.638, 47.5171, 80.8268, 56.7688, 20.0703, -17.0318, -53.7224, -81.9982, -50.8636, -14.1257, 22.9502, 59.5437, 79.0836, 44.6886, 7.7434, -29.3129, -65.5589, -74.2055, -38.747, -1.806, 35.218, 71.1591, 68.6381, 32.4732, -4.5944, -41.5222, -76.5644, -62.8869, -26.5255, 10.5228, 47.4038, 80.7673, 56.8804, 20.185, -16.9172, -53.6106, -82.0182, -50.976, -14.2407, 22.8353, 59.4326, 79.1627, 44.8019, 7.8582, -29.1988, -65.4507, -74.3044, -38.8608, -1.9212, 35.1037, 71.0547, 68.7447, 32.5874, -4.4796, -41.409, -76.4718, -62.9964, -26.6399, 10.4077, 47.2906, 80.7069, 56.9919, 20.2995, -16.8027, -53.4989, -82.0366, -51.0883, -14.3557, 22.7205, 59.3215, 79.2412, 44.9151, 7.9729, -29.0849, -65.3426, -74.403, -38.9744, -2.0363, 34.9894, 70.9504, 68.8511, 32.7014, -4.3649, -41.2959, -76.3789, -63.1057, -26.7543, 10.2926, 47.1774, 80.6454, 57.1033, 20.414, -16.6883, -53.3873, -82.0534, -51.2005, -14.4705, 22.6057, 59.2105, 79.3189, 45.0282, 8.0876, -28.971, -65.2344, -74.5013, -39.0879, -2.1514, 34.8753, 70.8459, 68.9574, 32.8154, -4.2503, -41.1828, -76.2858, -63.2149, -26.8686, 10.1776, 47.0643, 80.583, 57.2146, 20.5285, -16.5739, -53.2757, -82.0686, -51.3127, -14.5853, 22.491, 59.0995, 79.3959, 45.1413, 8.2022, -28.8571, -65.1263, -74.5994]","[91.193, 82.8202, 61.8832, -76.0221, -94.0877, -102.2804, -111.2017, -142.2971, 86.4016, 72.2371, 64.2971, 54.5882, 1.9101, -109.5919, -121.3916, -129.2291, -140.1725, 127.59, 55.4217, 45.1199, 37.255, 24.5003, -98.6607, -139.0866, -148.3838, -156.4278, -172.1964, 52.2305, 26.8365, 18.2018, 9.8369, -10.972, -148.9111, -167.0726, -175.2716, 175.8194, 144.988, 13.4699, -0.7502, -8.6936, -18.3843, -70.4815, 177.4536, 165.6192, 157.781, 146.8652, 55.3932, -17.5458, -27.8703, -35.7334, -48.4455, -171.2259, 147.9376, 138.6252, 130.5858, 114.8877, -20.5637, -46.1446, -54.7894, -63.1465, -83.8288, 138.201, 119.9426, 111.7373, 102.8403, 72.2689, -59.4613, -73.7375, -81.6842, -91.3569, -142.8813, 104.4995, 92.6301, 84.7912, 73.9026, -16.8002, -90.5131, -100.8605, -108.7219, -121.3919, 116.2151, 74.9619, 65.6343, 57.5994, 41.9709, -93.3555, -119.1257, -127.7806, -136.13, -156.6873, 65.3142, 46.9577, 38.7461, 29.8611, -0.4541, -132.3921, -146.7248, -154.675, -164.3298, 144.7106, 31.5456, 19.641, 11.8013, 0.9397, -88.9905, -163.4802, -173.8508, 178.2897, 165.6614, 43.6622, 1.9863, -7.3567, -15.3871, -30.9466, -166.1447, 167.8934, 159.2281, 150.8865, 130.4525, -7.5716, -26.0271, -34.2451, -43.1182, -73.1811, 154.6778, 140.2879, 132.3343, 122.6972, 72.2944, -41.408, -53.3481, -61.1886, -72.0235, -161.178, 123.5528, 113.159, 105.3011, 92.7142, -28.8844, -70.9892, -80.3477, -88.3736, -103.8649, 121.0687]"
2025-11-24,39.9289,116.388,0.0637934996768175,FLOCK 4Y 14,55024,26.0,"[-40.734, 14.5326, 68.8566, 54.6462, 0.5924, -53.3805, -70.2901, -16.2505, 39.1015, 81.4473, 30.694, -23.6069, -76.1693, -46.6517, 8.519, 63.2229, 60.3538, 6.4347, -47.6777, -75.5187, -22.1242, 33.2887, 82.5828, 36.3837, -17.9223, -71.1295, -52.2777, 2.7619, 57.7266, 65.7426, 12.0203, -42.1966, -79.9063, -27.724, 27.7143, 80.0291, 41.8048, -12.4842, -66.0578, -57.6065, -2.7351, 52.4197, 70.7713, 17.3473, -36.947, -82.5032, -33.0488, 22.3844, 75.9243, 46.9554, -7.2954, -61.1114, -62.6286, -7.9691, 47.3269, 75.3506, 22.4142, -31.9352, -81.975, -38.0981, 17.3037, 71.4719, 51.8332, -2.3585, -56.35, -67.3264, -12.9379, 42.4619, 79.2673, 27.2202, -27.1655, -79.105, -42.8717, 12.4761, 67.0342, 56.4348, 2.3248, -51.8008, -71.667, -17.6403, 37.8336, 81.9924, 31.7645, -22.6413, -75.4467, -47.3693, 7.9045, 62.7344, 60.7553, 6.7527, -47.478, -75.5849, -22.0755, 33.4478, 82.6223, 36.047, -18.3651, -71.6474, -51.5908, 3.5912, 58.624, 64.7872, 10.9245, -43.3899, -78.9435, -26.2433, 29.3089, 81.0808, 40.0676, -14.3388, -67.925, -55.5357, -0.462, 54.7281, 68.5185, 14.8392, -39.5419, -81.4565, -30.144, 25.4205, 78.4542, 43.8262, -10.5641, -64.3641, -59.2032, -4.2539, 51.0609, 71.9308, 18.4966, -35.9375, -82.6504, -33.778, 21.785, 75.5123, 47.3231, -7.0422, -61.003, -62.5917, -7.7838, 47.6309, 74.9946, 21.8964, -32.5794, -82.2702]","[-152.1399, -162.8903, 177.1501, 24.4015, 11.5594, -0.9573, -152.5741, -173.9058, 175.4647, 57.3864, 0.7867, -9.2978, -39.9695, 176.6965, 165.2832, 149.1607, -5.6227, -20.3186, -31.7479, -176.4148, 154.3097, 143.9861, 66.405, -30.7881, -41.0927, -63.2501, 145.8003, 133.3988, 119.5341, -34.7428, -52.2132, -62.96, 167.2559, 122.5549, 112.3226, 66.8688, -62.2557, -72.9732, -90.6345, 115.287, 101.4737, 89.0263, -62.3387, -84.1126, -94.4488, 165.463, 90.8459, 80.5273, 50.3021, -93.5797, -104.9172, -119.9187, 85.3357, 69.5209, 57.9921, -87.1666, -116.0068, -126.1291, 170.5647, 59.1999, 48.6348, 25.9297, -124.7122, -136.9094, -150.2182, 56.2385, 37.5501, 26.618, -106.6111, -147.8869, -157.948, 161.564, 27.6361, 16.6683, -1.8204, -155.5895, -168.9386, 178.8794, 28.4979, 5.5689, -4.9887, -116.1346, -179.745, 170.129, 141.1001, -3.8236, -15.356, -31.2454, 173.8763, 159.0031, 147.5896, 3.0224, -26.417, -36.7626, -116.2327, 148.4261, 138.1253, 115.3263, -35.1537, -47.4269, -61.6076, 143.8097, 126.9216, 116.0351, -18.5285, -58.4034, -68.6614, -121.796, 116.6329, 106.0569, 87.0013, -66.3239, -79.5363, -92.5448, 114.391, 94.8206, 84.2909, -33.5904, -90.3872, -100.6571, -138.5315, 84.8813, 73.9354, 57.3048, -97.2982, -111.6786, -123.8608, 85.8863, 62.7027, 52.4047, -41.234, -122.3669, -132.7303, -162.0403, 53.1759, 41.7686, 26.7954, -128.0345, -143.8503, -155.4409, 58.6897, 30.5689, 20.4084, -48.1779]"
2025-07-14,24.1098,113.005,0.0635131396941448,GRUS-1D,47936,21.5,"[-54.4184, -82.0995, -49.4761, -12.143, 25.5157, 62.6075, 76.5746, 40.7864, 3.3905, -34.0003, -70.3787, -69.4605, -32.9007, 4.678, 42.2273, 77.8212, 61.1469, 24.1337, -13.3443, -50.5006, -82.3491, -53.4096, -16.1665, 21.4948, 58.7213, 79.6524, 44.7571, 7.4049, -30.0187, -66.6439, -73.1136, -36.8907, 0.6458, 38.2368, 74.4643, 64.9981, 28.1352, -9.3357, -46.5651, -80.7044, -57.3203, -20.1856, 17.4699, 54.8021, 81.8752, 48.7155, 11.4184, -26.0301, -62.8352, -76.5702, -40.8705, -3.3855, 34.237, 70.8528, 68.7883, 32.1313, -5.3247, -42.6154, -77.9159, -61.2009, -24.1992, 13.442, 50.8588, 82.4468, 52.6584, 15.4302, -22.0355, -58.9787, -79.6353, -44.8384, -7.4152, 30.2295, 67.1055, 72.4794, 36.1206, -1.312, -38.654, -74.592, -65.0395, -28.2064, 9.4119, 46.8972, 81.045, 56.5813, 19.4394, -18.0359, -55.0892, -81.8576, -48.7921, -11.4423, 26.2155, 63.2784, 75.9945, 40.1018, 2.7015, -34.6828, -71.0112, -68.8157, -32.2061, 5.3807, 42.9212, 78.3614, 60.4774, 23.4452, -14.032, -51.1755, -82.4542, -52.7285, -15.4659, 22.1963, 59.4002, 79.1626, 44.0733, 6.7151, -30.7033, -67.2937, -72.4918, -36.1972, 1.3493, 38.9334, 75.071, 64.3356, 27.4466, -10.0248, -47.2434, -81.0936, -56.6431, -19.4852, 18.1729, 55.487, 81.5836, 48.033, 10.7279, -26.7165, -63.4959, -75.9917, -40.1784, -2.6816, 34.9361, 71.4934, 68.1374, 31.4426, -6.015, -43.2966]","[142.0264, 41.7164, -23.542, -33.2973, -41.0418, -54.6767, 171.0051, 141.5318, 132.938, 124.8779, 105.7799, -34.4861, -52.6927, -60.7144, -69.4784, -102.7298, 126.177, 113.2145, 105.525, 95.6054, 23.6937, -70.0218, -80.5681, -88.2456, -100.3089, 135.841, 94.676, 85.6368, 77.7753, 61.8672, -77.1898, -99.7424, -108.0169, -116.4048, -141.239, 80.9159, 66.0353, 58.2397, 48.9681, 0.8834, -116.2278, -127.8158, -135.4831, -146.3844, 109.1253, 47.9639, 38.3453, 30.6167, 16.9176, -117.2651, -146.7065, -155.3204, -163.4254, 176.9114, 36.513, 18.9066, 10.942, 2.1692, -31.3456, -162.0491, -175.0329, 177.2537, 167.2289, 90.7862, 1.4425, -8.9306, -16.586, -28.6967, -152.5161, 166.4397, 157.3804, 149.4805, 133.1955, -6.503, -28.1579, -36.3624, -44.7528, -69.766, 152.6902, 137.7896, 129.9716, 120.6166, 69.5084, -44.8197, -56.1846, -63.8231, -74.7591, -179.428, 119.7296, 110.0909, 102.3287, 88.3659, -47.1253, -75.1403, -83.6684, -91.77, -111.5582, 108.2848, 90.6626, 82.6769, 73.8364, 38.6141, -90.7199, -103.4094, -111.0865, -121.1359, 162.0201, 73.2104, 62.8167, 55.1316, 42.8289, -83.3661, -122.0174, -130.9709, -138.8616, -155.2363, 65.2594, 43.6, 35.375, 26.9287, 0.9228, -136.0956, -150.5963, -158.3692, -167.7406, 140.762, 26.95, 15.5644, 7.8992, -3.1811, -111.7943, -168.7575, -178.2645, 173.9884, 159.9599, 24.61, -3.3807, -11.9288, -20.0773, -40.4825, 179.3227, 162.2652, 154.3348, 145.4851]"
2023-07-17,39.9289,116.388,0.0633196159121925,FLOCK 3P 50,42029,1.1,"[-75.9773, 77.7243, -37.5426, 71.1063, 9.0368, 33.2889, 41.1592, -36.7941, 66.2658, -67.9958, 81.9299, -12.8543, 55.666, 25.802, 3.6932, 53.7968, -74.113, 76.9424, -39.036, 71.9893, 7.9799, 34.4328, 40.3926, -35.6206, 65.6958, -68.5576, 82.0747, -13.2693, 55.9989, 25.4892, 3.6845, 53.5872, -74.559, 76.8766, -38.5055, 71.8678, 8.3108, 33.7254, 40.632, -37.4438, 65.9728, -66.9324, 81.9395, -12.0031, 54.9819, 26.3277, 1.0305, 54.2855, -77.2324, 77.5385, -35.9945, 70.7182, 9.9931, 31.0842, 41.8622, -42.2584, 67.0944, -63.1254, 81.3609, -9.1369, 52.5271, 28.2743, -4.4572, 55.8771, -81.232, 78.8678, -31.6142, 68.4437, 12.9378, 26.2674, 44.0459, -49.9669, 69.0453, -57.1894, 79.9394, -4.8172, 48.4399, 31.2543, -13.0788, 58.3361, -81.9471, 80.6492, -25.5506, 64.8743, 17.0153, 18.8392, 47.1307, -60.2625, 71.7925, -49.2809, 77.264, 0.7569, 42.3779, 35.1737, -25.0878, 61.6309, -74.719, 82.1915, -18.0642, 59.7508, 22.0724, 8.1414, 51.0585, -72.4093, 75.2549, -39.6762, 73.0625, 7.3543, 33.7748, 39.9336, -40.3655, 65.7262, -63.5792, 81.7873, -9.4741, 52.6679, 27.9529, -6.6073, 55.7764, -82.5286, 79.1526, -28.7645, 67.1013, 14.7412, 21.7318, 45.445, -58.0744, 70.5716, -50.4415, 78.0857, -0.1195, 42.9596, 34.5186, -25.7937, 61.2434, -73.5076, 82.2035, -17.0118, 58.9917, 22.711, 4.9897, 51.6423, -76.3163, 76.0122]","[177.8917, -11.5979, 29.9817, -135.2275, 18.1057, -158.18, 7.7039, -173.5474, -8.2848, 25.8893, -103.9596, 3.9369, -169.0208, -6.3683, 175.364, -18.1316, 142.9959, -47.9096, -8.7936, -173.0447, -20.839, 162.9478, -31.1986, 147.6009, -46.8709, -12.6501, -139.7745, -35.0954, 152.0241, -45.4028, 136.2738, -57.1294, 103.0351, -86.7483, -47.9997, 147.655, -59.9716, 123.7172, -70.3382, 108.1519, -86.1765, -53.2995, 177.7309, -74.3591, 112.4915, -84.6275, 96.8409, -96.4851, 57.0837, -128.0471, -87.6088, 106.906, -99.2878, 84.1322, -109.716, 68.0104, -126.2486, -95.2936, 129.2126, -113.8369, 72.4358, -124.0435, 57.0435, -136.2301, -4.1439, -172.6907, -127.5281, 65.0996, -138.7816, 44.2123, -149.3508, 26.8328, -167.3148, -137.6043, 77.2113, -153.501, 31.9688, -163.6591, 16.8191, -176.4549, -100.2956, 136.7464, -167.6452, 22.7675, -178.4488, 3.9756, 170.7128, -16.4572, 150.057, -179.6292, 25.4022, 166.6769, -8.7859, 156.5038, -24.0005, 142.6467, -177.1396, 74.8085, 152.1303, -19.6482, 141.7067, -36.591, 130.3853, -66.4875, 104.4369, 138.7933, -23.9532, 126.7147, -49.7383, 116.3996, -65.8973, 100.6544, 130.6205, 0.7242, 111.8493, -61.9007, 101.6644, -77.5906, 89.4886, -161.2096, 51.6763, 97.6103, -70.6508, 86.6122, -90.8682, 75.937, -110.6057, 56.5505, 85.4561, -66.9121, 71.5239, -103.925, 61.375, -119.3736, 47.6418, 85.2054, -20.2918, 56.7082, -115.3462, 46.3439, -132.2736, 34.932, -169.689, 7.3152]"
2023-07-17,39.9289,116.388,0.0633196159121925,JILIN-01 GAOFEN 3G,46459,13.9,"[-35.5147, 73.5151, -4.1511, -67.8764, 41.1483, 30.4701, -76.7473, 6.6471, 63.7193, -45.6355, -28.0241, 79.5697, -11.7797, -61.0269, 48.4975, 22.9702, -81.7229, 14.2257, 56.7204, -52.6795, -20.6493, 82.8379, -19.1598, -54.1901, 55.5466, 15.6225, -82.3978, 21.5693, 49.7846, -59.4164, -13.4113, 80.4862, -26.2784, -47.4195, 62.2815, 8.4481, -78.3474, 28.6629, 42.9474, -65.8268, -6.3315, 75.2092, -33.1275, -40.7411, 68.6651, 1.4667, -72.8023, 35.4964, 36.2298, -71.8512, 0.5696, 69.2821, -39.7039, -34.172, 74.5888, -5.3039, -66.9408, 42.064, 29.6479, -77.3055, 7.2734, 63.2482, -46.0071, -27.727, 79.6966, -11.8493, -61.0486, 48.3628, 23.2169, -81.5521, 13.7638, 57.2557, -52.0377, -21.4208, 82.723, -18.1585, -55.2162, 54.3899, 16.9511, -82.744, 20.0286, 51.3592, -57.7945, -15.2678, 81.6021, -24.2241, -49.481, 60.1401, 10.8642, -80.0814, 26.0586, 45.5845, -63.2708, -9.282, 77.6633, -30.042, -43.8628, 65.5991, 4.9688, -75.7677, 31.8482, 39.9474, -68.4462, -3.4766, 72.9164, -35.6111, -38.3748, 70.7322, -0.7239, -71.035, 37.3944, 34.4598, -73.2685, 2.1364, 68.0048, -40.932, -33.0281, 75.4524, -6.2049, -66.2398, 42.6963, 29.1318, -77.6037, 7.547, 63.1186, -46.0067, -27.8323, 79.527, -11.4673, -61.4996, 47.7541, 23.9728, -81.0865, 12.747, 58.3277, -50.8375, -22.7969, 82.3122, -16.506, -56.8627, 52.5685, 18.9913, -82.8208, 17.7304]","[-170.3058, 157.0051, -0.9913, -165.0372, 168.2105, -3.8012, -42.6902, 166.1014, -0.8874, -25.4579, 163.2038, 113.9808, -27.1509, 164.9051, 141.1719, -30.1678, -95.2049, 139.9346, -29.7646, -52.7418, 136.9027, 46.1886, -53.3322, 136.6423, 113.6066, -56.3876, -171.0402, 113.7325, -57.4313, -80.7067, 110.7248, -25.1334, -79.5677, 109.2936, 85.1497, -82.5125, 131.3226, 87.4609, -84.4395, -109.8612, 84.626, -70.3672, -105.8947, 82.4684, 55.052, -108.5783, 92.6017, 61.078, -111.0532, -141.31, 58.5747, -104.5323, -132.3603, 55.968, 21.5455, -134.6119, 60.6533, 34.529, -137.4144, -177.8196, 32.5465, -134.6691, -159.0297, 29.6806, -20.1664, -160.6353, 31.4412, 7.7355, -163.6066, 133.2603, 6.5207, -163.0099, 174.0018, 3.5384, -80.5984, 173.3324, 3.5581, -19.4214, 170.3177, 65.4169, -19.5217, 169.5881, 146.5843, -22.5027, -148.93, 147.2723, -23.5885, -47.1355, 144.3236, 6.204, -45.5999, 142.7345, 118.4668, -48.4728, 162.7777, 121.1647, -50.2867, -75.7462, 118.3864, -35.1501, -71.7347, 116.2275, 89.1947, -74.3935, 126.7048, 94.9876, -76.6929, -105.8995, 92.4881, -68.5557, -97.9502, 89.9528, 57.871, -100.2808, 95.5328, 68.7144, -102.8988, -138.9473, 66.6148, -98.5883, -124.2762, 63.8408, 22.5641, -126.1476, 66.5887, 42.3114, -128.9619, -177.9286, 40.7554, -126.9672, -150.7511, 37.8469, -20.8937, -152.0041, 38.8129, 15.7348, -154.9199, 131.4303, 14.9004, -154.4283, -177.4262, 11.941, -77.2094, -177.8592]"
2023-04-28,21.4167,121.5,0.063255813951938,FLOCK 4H 3,66706,24.5,"[80.7298, 45.9308, 8.1909, -29.6442, -66.67, -72.8726, -36.287, 1.5374, 39.3977, 75.7724, 63.328, 25.9967, -11.8866, -49.4676, -82.2897, -53.8261, -16.2985, 21.638, 59.1493, 79.2204, 43.7025, 5.9345, -31.8831, -68.7821, -70.8282, -34.05, 3.7976, 41.6356, 77.6404, 61.1564, 23.7465, -14.1391, -51.6746, -82.6156, -51.6227, -14.0434, 23.893, 61.3341, 77.4865, 41.4701, 3.6776, -34.12, -70.8651, -68.7435, -31.8099, 6.0584, 43.8705, 79.3595, 58.9722, 21.4945, -16.391, -53.876, -82.2791, -49.4128, -11.7866, 26.1471, 63.5067, 75.6086, 39.2342, 1.4203, -36.3547, -72.9084, -66.6288, -29.5667, 8.3194, 46.1021, 80.8455, 56.7776, 19.2409, -18.6419, -56.071, -81.3568, -47.1971, -9.5283, 28.3999, 65.6639, 73.6359, 36.9949, -0.8372, -38.5869, -74.8962, -64.4912, -27.3208, 10.5806, 48.33, 81.9678, 54.5743, 16.9859, -20.8918, -58.2583, -80.0092, -44.9762, -7.2687, 30.6514, 67.8015, 71.5986, 34.7527, -3.0949, -40.8163, -76.8035, -62.3356, -25.0722, 12.8417, 50.5534, 82.5599, 52.3635, 14.7296, -23.1405, -60.4364, -78.3829, -42.7505, -5.0079, 32.9013, 69.9132, 69.5155, 32.5077, -5.3525, -43.0427, -78.5898, -60.1656, -22.8213, 15.1026, 52.7719, 82.495, 50.1462, 12.4722, -25.3878, -62.6033, -76.5784, -40.5205, -2.7461, 35.1494, 71.9901, 67.3991, 30.2602, -7.6099, -45.2658, -80.1889, -57.9836, -20.568, 17.3633, 54.9844, 81.7884, 47.9234]","[39.7986, -7.5858, -16.7283, -24.5444, -40.3197, 179.5196, 157.5926, 149.4155, 140.9869, 113.8405, -22.9872, -36.8321, -44.5364, -54.2086, -121.1949, 139.6833, 129.128, 121.4919, 109.3903, -17.6985, -55.9993, -64.8597, -72.7731, -90.1676, 128.7009, 109.3224, 101.2875, 92.6473, 60.4864, -72.1623, -85.0216, -92.6785, -102.7616, 174.016, 91.0582, 80.9796, 73.3132, 60.3743, -72.7036, -104.3715, -112.9888, -121.0213, -140.4345, 78.4414, 61.0742, 53.1578, 44.2715, 5.2962, -121.1649, -133.1991, -140.8267, -151.3879, 109.2468, 42.5059, 32.8371, 25.1222, 11.1817, -125.9296, -152.7081, -161.1164, -169.2919, 168.7355, 28.5984, 12.8454, 5.0256, -4.1463, -52.4572, -170.0285, 178.6337, 171.0177, 159.8982, 46.9832, -5.985, -15.3005, -23.0827, -38.2334, -177.9092, 158.986, 150.7566, 142.412, 117.1318, -20.928, -35.3665, -43.1101, -52.6131, -113.4499, 141.2215, 130.4754, 122.8536, 111.0785, -11.9806, -54.4236, -63.4342, -71.3036, -87.9339, 130.9926, 110.7069, 102.6292, 94.0864, 64.4428, -70.2089, -83.5637, -91.2503, -101.1375, -177.5278, 92.5651, 82.3247, 74.6796, 62.1298, -68.1004, -102.8175, -111.5651, -119.543, -138.0073, 80.53, 62.4511, 54.5005, 45.7268, 10.2084, -119.2962, -131.7481, -139.3961, -149.73, 117.223, 43.9868, 34.1804, 26.494, 13.0216, -122.1205, -151.173, -159.6941, -167.8033, 171.4222, 30.5361, 14.2156, 6.3697, -2.6721, -46.2151, -168.2286, -179.9212, 172.4514, 161.5964, 53.6422, -4.5259]"
2023-03-07,31.2222,121.458,0.062290809327831,SUPERVIEW NEO-2 03,62079,23.5,"[39.2151, 1.1694, -36.8515, -73.5751, -65.6888, -28.3745, 9.6989, 47.6229, 81.7253, 54.9187, 17.119, -21.0037, -58.611, -79.5806, -44.1564, -6.2472, 31.8354, 69.0665, 70.1819, 33.0186, -5.0755, -43.0186, -78.7513, -59.7213, -22.1639, 15.9371, 53.7481, 82.1877, 48.7998, 10.8785, -27.22, -64.5997, -74.5825, -37.9966, -0.0062, 38.0329, 74.7234, 64.3047, 26.8046, -11.3164, -49.1562, -82.2563, -53.6677, -15.9405, 22.1685, 59.8209, 78.5638, 42.6428, 4.6338, -33.4206, -70.4461, -68.9377, -31.8131, 6.2362, 44.2086, 79.7099, 58.29, 20.5774, -17.5503, -55.2532, -81.6343, -47.5607, -9.7078, 28.3897, 65.8074, 73.3322, 36.4583, -1.6119, -39.6011, -75.9819, -63.0455, -25.611, 12.4769, 50.3551, 82.5416, 52.1997, 14.3407, -23.7738, -61.2903, -77.4861, -41.417, -3.4689, 34.5969, 71.6302, 67.5886, 30.2534, -7.8555, -45.7562, -80.6498, -57.0338, -19.3943, 18.7125, 56.4598, 80.914, 46.062, 8.0978, -29.9837, -67.2271, -72.1142, -35.2459, 2.7732, 40.7855, 77.0746, 61.6385, 24.0329, -14.0938, -51.8774, -82.5858, -50.9537, -13.1664, 24.9399, 62.5001, 76.336, 39.8916, 1.8522, -36.1759, -72.9678, -66.3339, -29.0536, 9.0152, 46.9494, 81.3992, 55.5852, 17.8009, -20.3236, -57.951, -80.0455, -44.8288, -6.9305, 31.1554, 68.4279, 70.8117, 33.6972, -4.3931, -42.346, -78.2332, -60.3792, -22.8445, 15.2541, 53.0794, 82.3787, 49.4713, 11.5609, -26.5415]","[-83.4345, -91.883, -100.1379, -123.2074, 97.1187, 81.9172, 74.1059, 64.6775, 7.1, -101.5195, -112.4, -120.0676, -132.0161, 102.683, 62.4816, 53.5348, 45.5781, 27.8404, -113.7108, -132.5086, -140.528, -149.3447, 174.3344, 45.4317, 33.0952, 25.4202, 14.8273, -86.318, -151.4765, -161.0945, -168.8721, 176.5688, 38.0156, 13.2279, 4.8888, -3.4595, -28.5359, -167.0069, 178.5799, 170.8114, 161.1438, 94.5202, -5.0815, -15.6437, -23.3199, -35.7079, -165.3851, 159.0292, 150.2463, 142.2098, 123.1621, -18.2025, -35.8061, -43.7573, -52.7188, -93.6455, 141.6362, 129.7802, 122.1145, 111.1604, 1.4503, -54.9194, -64.3287, -72.1437, -87.4379, 132.5506, 109.8341, 101.6015, 93.126, 65.4339, -70.9461, -84.6901, -92.4231, -102.3108, -178.5392, 91.3085, 81.0561, 73.3567, 60.403, -72.589, -104.3384, -112.9829, -121.0905, -141.4896, 77.3676, 60.84, 52.9521, 43.7988, -3.1194, -122.0235, -133.471, -141.1298, -152.4235, 90.6499, 41.5838, 32.38, 24.5069, 8.2669, -132.5028, -153.4836, -161.6266, -170.2163, 159.2376, 25.1009, 11.9836, 4.278, -5.8964, -92.5541, -172.1933, 177.8173, 170.0969, 156.5959, 20.8115, -7.7619, -16.2704, -24.4775, -46.6276, 173.1727, 157.5561, 149.721, 140.3934, 86.709, -25.7243, -36.7787, -44.4427, -56.175, -178.9964, 138.1786, 129.1487, 121.2239, 104.034, -37.398, -56.8579, -64.9148, -73.6579, -107.9445, 121.3075, 108.7229, 101.0399, 90.5996, -5.9167, -75.7465, -85.4784, -93.2371]"
2023-04-05,39.9289,116.388,0.0618068535811007,ICEYE-X45,62705,16.5,"[74.3542, 38.3335, 0.8965, -36.5089, -72.6248, -66.9351, -30.3413, 7.125, 44.4943, 79.2867, 58.9574, 21.902, -15.6128, -52.7451, -82.1708, -51.0633, -13.8884, 23.6294, 60.6313, 78.0323, 42.7828, 5.3947, -32.0538, -68.5386, -71.0799, -34.8009, 2.6265, 40.0502, 75.8286, 63.2799, 26.3858, -11.1225, -48.3506, -81.4226, -55.4418, -18.3762, 19.1417, 56.2792, 80.9536, 47.2167, 9.8921, -27.5886, -64.3231, -75.0359, -39.2488, -1.8718, 35.593, 71.9148, 67.5338, 30.8625, -6.6287, -43.9348, -78.791, -59.786, -22.8579, 14.6495, 51.8916, 82.2165, 51.6312, 14.3872, -23.115, -60.0311, -78.6081, -43.6827, -6.3687, 31.1253, 67.7834, 71.674, 35.3303, -2.1325, -39.5022, -75.251, -64.0815, -27.3322, 10.1542, 47.4783, 81.0866, 56.02, 18.8789, -18.6343, -55.6897, -81.3135, -48.0995, -10.8628, 26.6491, 63.5349, 75.6049, 39.7873, 2.3648, -35.056, -71.3105, -68.3021, -31.7978, 5.6571, 43.0457, 78.2339, 60.3737, 23.3658, -14.1481, -51.3139, -82.1943, -52.4949, -15.353, 22.166, 59.2163, 79.1011, 44.2311, 6.862, -30.5983, -67.1745, -72.3971, -36.2529, 1.1594, 38.5979, 74.5863, 64.6763, 27.8466, -9.6574, -46.9127, -80.7169, -56.8625, -19.838, 17.6776, 54.8521, 81.6036, 48.6583, 11.3579, -26.1311, -62.9308, -76.2574, -40.6956, -3.3376, 34.138, 70.5857, 68.8989, 32.3197, -5.1635, -42.492, -77.7033, -61.192, -24.3166, 13.1852, 50.4561, 82.1054]","[-1.9839, -27.5061, -36.1047, -44.5507, -67.1607, 154.9419, 138.2916, 130.207, 120.9516, 79.8991, -43.2415, -55.7339, -63.5898, -74.2707, -162.7385, 120.7856, 110.466, 102.5841, 89.4393, -38.8747, -74.2739, -83.318, -91.4842, -109.4357, 111.8891, 91.3238, 82.9964, 74.2413, 45.552, -88.4431, -102.8263, -110.771, -120.5883, -179.2403, 74.6614, 63.3013, 55.4628, 43.8486, -67.7154, -120.8782, -130.5221, -138.5004, -153.4381, 71.3136, 44.4537, 35.7812, 27.3943, 5.7502, -132.7277, -149.8595, -157.9717, -167.1457, 154.2993, 28.9597, 16.1717, 8.3041, -2.2008, -85.6696, -167.2601, -177.709, 174.4202, 161.5365, 35.4416, -2.2876, -11.431, -19.5562, -36.8893, -175.4875, 163.1847, 154.8165, 146.1214, 118.798, -16.1103, -30.9108, -38.8814, -48.5672, -103.1374, 146.6682, 135.1304, 127.2928, 115.8639, 8.3511, -48.8566, -58.6325, -66.5854, -81.1044, 144.486, 116.3306, 107.6012, 99.2575, 78.4131, -60.1856, -77.9312, -86.0848, -95.1603, -131.3502, 101.0445, 88.0064, 80.1297, 69.7594, -8.4874, -95.1903, -105.8151, -113.6748, -126.2629, 109.6998, 69.6107, 60.3899, 52.2944, 35.4639, -102.5884, -124.8701, -133.2979, -141.9198, -167.891, 56.0956, 40.9314, 32.9411, 23.3545, -27.4967, -141.1941, -152.9697, -160.8097, -172.0237, 84.461, 23.0711, 13.1903, 5.2555, -8.9291, -141.959, -171.7024, 179.487, 171.196, 151.1788, 12.2205, -6.079, -14.2642, -23.2663, -57.4208, 173.2812, 159.9145, 152.0217, 141.8108, 68.5523]"
2018-05-11,39.9289,116.388,0.0612620027434696,JILIN-1-03,41914,27.0,"[8.7948, 48.2979, 82.6857, 51.2924, 11.8404, -27.8165, -66.6715, -71.4253, -32.8858, 6.7353, 46.2684, 82.0062, 53.3119, 13.8995, -25.7678, -64.7178, -73.2915, -34.9284, 4.6743, 44.2342, 80.9054, 55.3277, 15.9594, -23.7161, -62.7488, -75.1122, -36.9701, 2.6117, 42.1955, 79.5142, 57.3389, 18.02, -21.6615, -60.767, -76.868, -39.0109, 0.5477, 40.1526, 77.9317, 59.3445, 20.0812, -19.6041, -58.7743, -78.5287, -41.0504, -1.5176, 38.1059, 76.223, 61.3433, 22.1429, -17.544, -56.7723, -80.0459, -43.0885, -3.5841, 36.0553, 74.4287, 63.3335, 24.2049, -15.4814, -54.7621, -81.3432, -45.1249, -5.6517, 34.0013, 72.5748, 65.3129, 26.2671, -13.4163, -52.7446, -82.3075, -47.1594, -7.7202, 31.944, 70.6776, 67.2785, 28.3294, -11.3489, -50.7205, -82.8026, -49.1914, -9.7896, 29.8834, 68.7481, 69.2263, 30.3917, -9.2792, -48.6905, -82.7308, -51.2207, -11.8597, 27.8198, 66.794, 71.1504, 32.4537, -7.2075, -46.6549, -82.1066, -53.2467, -13.9304, 25.7534, 64.8203, 73.0424, 34.5154, -5.1337, -44.6143, -81.0435, -55.2687, -16.0016, 23.6841, 62.8308, 74.89, 36.5765, -3.0581, -42.5689, -79.6755, -57.2859, -18.0731, 21.6123, 60.8284, 76.6744, 38.6369, -0.9807, -40.519, -78.1062, -59.2974, -20.145, 19.5379, 58.815, 78.3657, 40.6963, 1.0984, -38.4649, -76.4045, -61.3019, -22.2169, 17.4612, 56.7922, 79.9165, 42.7545, 3.1789, -36.4068, -74.6134, -63.2976]","[-145.3522, -154.857, 132.74, 37.2197, 27.1967, 19.3725, 3.7277, -139.9281, -159.7278, -167.7514, -176.9606, 124.6822, 15.2446, 4.8061, -2.9667, -17.4253, -159.8049, 177.9832, 169.8473, 160.8964, 113.7462, -6.662, -17.5794, -25.3165, -38.7809, -179.0114, 155.7134, 147.4446, 138.7192, 100.0249, -28.4873, -39.959, -47.6757, -60.2994, 162.7031, 133.4654, 125.0413, 116.5121, 84.1158, -50.2155, -62.3317, -70.0431, -81.9503, 145.702, 111.242, 102.6379, 94.2788, 66.6135, -71.8262, -84.6966, -92.4177, -103.7102, 130.4934, 89.0468, 80.2352, 72.0226, 47.9715, -93.2933, -107.0525, -114.7984, -125.5608, 117.7065, 66.8839, 57.8338, 49.7461, 28.5081, -114.5826, -129.3981, -137.1844, -147.4876, 107.8482, 44.7581, 35.4345, 27.4517, 8.4429, -135.649, -151.7322, -159.5749, -169.4788, 100.6367, 22.6752, 13.0378, 5.1415, -12.0721, -156.431, -174.0531, 178.0309, 168.475, 94.3556, 0.642, -9.3554, -17.1826, -32.9297, -176.8442, 163.6408, 155.6339, 146.3816, 86.6138, -21.3331, -31.7443, -39.519, -54.0531, 163.2302, 141.3516, 133.2346, 124.2476, 76.0398, -43.2396, -54.1282, -61.8663, -75.3861, 143.9622, 119.0815, 110.8339, 102.0781, 62.6189, -65.065, -76.5061, -84.2231, -96.887, 125.599, 96.833, 88.4324, 79.8779, 46.9299, -86.7932, -98.8772, -106.5883, -118.5241, 108.5001, 74.6092, 66.0307, 57.6507, 29.5834, -108.4038, -121.2403, -128.9608, -140.2731, 93.1745, 52.4135, 43.6296, 35.3999, 11.0513, -129.8707]"
2018-05-11,39.9289,116.388,0.0612620027434696,QPS-SAR-15 SUKUNAMI-1,67228,15.3,"[5.9222, -18.8521, -37.909, -40.7288, -25.0409, -1.124, 23.0956, 39.9664, 38.9631, 20.8561, -3.7474, -27.3362, -41.4667, -36.3923, -16.3238, 8.4761, 30.9923, 42.1117, 33.4335, 11.7213, -13.2793, -34.4932, -41.9753, -29.8198, -6.9614, 17.7671, 37.2613, 41.0828, 26.0084, 2.1401, -22.2958, -39.636, -39.3432, -21.7288, 2.6547, 26.3437, 41.1717, 37.0694, 17.3562, -7.5176, -30.3333, -42.0483, -34.0407, -12.7061, 12.1772, 33.6837, 42.0898, 30.7094, 7.9992, -16.896, -36.7897, -41.3022, -26.7926, -3.201, 21.2416, 39.1167, 39.8361, 22.732, -1.6538, -25.5913, -40.9409, -37.5443, -18.2744, 6.4197, 29.4036, 41.9118, 34.8146, 13.7493, -11.2458, -33.0897, -42.138, -31.3905, -9.0145, 15.8091, 36.0829, 41.5733, 27.7383, 4.232, -20.4095, -38.7321, -40.1608, -23.5713, 0.5775, 24.579, 40.5641, 38.1606, 19.3028, -5.4387, -28.7051, -41.7875, -35.3759, -14.7067, 10.15, 32.2373, 42.1634, 32.2446, 10.0611, -14.9093, -35.5626, -41.7329, -28.4853, -5.2719, 19.3472, 38.1441, 40.5781, 24.5602, 0.4414, -23.7915, -40.2754, -38.584, -20.1904, 4.3536, 27.7474, 41.5639, 36.0988, 15.7511, -9.1936, -31.6002, -42.15, -32.8838, -11.0517, 13.8237, 34.803, 41.9181, 29.4041, 6.3155, -18.4839, -37.7068, -40.846, -25.3654, -1.4997, 22.7644, 39.8213, 39.1337, 21.2109, -3.3518, -27.0108, -41.3791, -36.6128, -16.6805, 8.1065, 30.7109, 42.0863, 33.6965]","[-158.954, -132.788, -98.1923, -52.0122, -13.6807, 13.5729, 40.3459, 77.4323, 123.872, 159.6882, -173.847, -145.748, -105.7416, -60.1594, -27.111, -1.3318, 28.1873, 70.6214, 114.7041, 145.7046, 171.4938, -156.8208, -112.1622, -70.5644, -41.6087, -15.6991, 18.1617, 64.1478, 103.2923, 130.9661, 157.6924, -165.6301, -119.2075, -83.0253, -56.543, -28.8913, 10.3593, 56.3022, 90.0855, 116.0923, 145.4024, -172.5541, -128.2155, -96.9512, -71.3102, -40.266, 3.898, 46.2305, 75.7299, 101.6928, 135.2011, -179.0053, -139.4821, -111.6928, -85.2946, -49.3863, -2.9415, 34.0428, 60.8659, 88.4057, 127.2356, 173.2839, -152.5946, -126.6328, -97.8468, -56.4963, -11.6208, 20.3069, 46.1043, 76.8784, 120.7117, 163.3747, -166.9158, -141.1682, -108.3649, -62.887, -22.5726, 5.6777, 32.0627, 67.5783, 113.949, 151.3154, 178.1934, -154.6693, -116.612, -70.3265, -35.4449, -9.2184, 19.3913, 60.3356, 105.4271, 137.6513, 163.3397, -166.4856, -123.2347, -79.9016, -49.6083, -23.7732, 8.704, 53.94, 94.6305, 123.0332, 149.1329, -176.1042, -129.8422, -91.6732, -64.415, -37.3564, 0.2853, 46.6214, 81.8662, 108.0858, 136.2168, 176.4248, -138.0521, -105.1308, -79.2503, -49.3146, -6.4254, 37.2126, 67.7516, 93.4118, 125.2199, 170.0294, -148.5258, -119.6217, -93.5016, -59.1115, -12.9802, 25.5818, 52.9324, 79.6329, 116.4994, 162.9438, -161.0339, -134.5119, -106.5246, -66.7314, -21.0387, 12.2102, 38.0206, 67.4009, 109.6365, 153.8642]"
2021-09-15,39.9289,116.388,0.060657276993928,FLOCK 4Y 17,55031,5.2,"[-31.2426, 15.805, 57.3922, 78.2301, 36.1896, -14.4653, -71.057, -49.6318, -0.0583, 43.1049, 80.8531, 52.2726, 4.5501, -50.743, -68.8352, -16.9749, 28.1904, 68.6167, 67.4886, 22.6969, -30.0566, -82.5881, -35.0815, 12.5, 54.3721, 80.548, 39.9475, -9.8432, -66.1863, -54.3706, -4.161, 39.4524, 78.2663, 56.3301, 9.5446, -44.9604, -74.1671, -21.9814, 23.8354, 64.638, 71.6837, 27.9751, -23.723, -79.2774, -41.0787, 7.3388, 49.701, 82.5848, 45.4524, -3.1575, -58.9046, -61.3314, -10.2521, 34.0775, 73.7682, 61.9953, 16.4468, -36.9132, -80.6488, -29.1236, 17.6559, 59.0, 77.0666, 35.0158, -15.2858, -71.4847, -49.3358, 0.2179, 43.3253, 80.88, 52.5867, 5.4537, -49.2349, -70.4431, -18.4632, 26.9013, 67.3509, 69.0905, 25.1089, -26.7106, -81.176, -38.5442, 9.5375, 51.6482, 82.0979, 43.6749, -4.9078, -60.5057, -59.9313, -9.0136, 35.163, 74.6279, 61.1919, 15.8092, -37.3072, -80.5181, -28.9698, 17.801, 59.0872, 77.1162, 35.3549, -14.5406, -70.4896, -50.3939, -0.6876, 42.5076, 80.3065, 53.7823, 7.193, -46.964, -72.6639, -20.5604, 25.0855, 65.6541, 70.9826, 27.6966, -23.3531, -78.6236, -41.9749, 6.5934, 48.9833, 82.6627, 46.9922, -0.6652, -55.5866, -64.7057, -13.2513, 31.4513, 71.3252, 65.1083, 20.7616, -31.2651, -82.6499, -34.6709, 12.8953, 54.6239, 80.6451, 40.893, -7.6963, -63.095, -57.6237, -6.9803, 36.9451, 76.0254]","[13.1412, 16.8211, 23.455, 150.7906, -179.3379, -174.9179, -157.6774, -11.3092, -5.494, -1.4536, 41.8323, 156.2684, 162.3728, 169.1357, -42.2402, -27.9578, -24.6367, -12.285, 127.5303, 139.6542, 144.1253, -141.2597, -51.1123, -47.1769, -41.3512, 74.7529, 116.3318, 120.914, 133.7069, -76.4918, -69.5679, -65.8373, -36.5001, 91.1596, 98.1748, 103.9141, -113.3621, -92.2288, -88.8773, -79.2659, 59.1964, 75.2754, 79.5519, 116.2577, -115.9123, -111.4065, -106.5122, -19.7405, 51.4624, 56.497, 65.5275, -143.3063, -133.9094, -130.4666, -112.1038, 24.7495, 33.6935, 38.5334, 158.6649, -156.9068, -153.3329, -146.1966, -15.5598, 10.478, 14.7817, 32.4865, 178.3688, -175.8717, -171.813, -128.3516, -14.2549, -8.1573, -1.7525, 145.5206, 161.4183, 164.7393, 176.0782, -44.4771, -31.1302, -26.8448, 22.5874, 137.7766, 142.0154, 147.2528, -113.0672, -54.9502, -50.1438, -40.5087, 110.597, 119.3877, 122.8736, 142.7071, -81.6467, -73.0843, -68.2532, 52.7959, 96.2527, 99.8212, 106.9804, -122.581, -96.454, -92.1874, -75.682, 71.1709, 77.1456, 81.1233, 120.3738, -121.556, -115.2498, -109.281, 35.5456, 54.2485, 57.5838, 67.772, -153.5833, -138.4117, -134.2378, -100.5293, 30.1478, 34.7636, 39.5352, 118.9328, -162.6878, -157.5563, -149.6976, 0.7719, 11.9559, 15.3219, 30.3087, 168.919, 179.343, -176.2639, -97.1442, -11.6331, -7.7229, -1.8528, 113.4086, 155.5215, 160.0322, 170.8452, -38.4573, -30.5325, -26.9609, -4.2491]"
2023-04-06,39.9289,116.388,0.0592043895747467,SKYSAT C4,41771,23.9,"[36.0362, -2.3992, -40.7351, -77.4255, -61.5294, -23.6217, 14.8479, 53.0735, 82.8179, 49.006, 10.7113, -27.7395, -65.4947, -73.8377, -36.6422, 1.7395, 40.1417, 77.0426, 61.8153, 23.8055, -14.6765, -52.8152, -82.9259, -49.5688, -11.3663, 27.1106, 65.0057, 74.1508, 36.8536, -1.5759, -39.9215, -76.7353, -62.322, -24.4416, 14.025, 52.2655, 83.0083, 49.8168, 11.5347, -26.9204, -64.7093, -74.5723, -37.4577, 0.9156, 39.3252, 76.3413, 62.6108, 24.6272, -13.854, -52.0093, -83.0696, -50.3768, -12.1893, 26.2893, 64.2154, 74.8853, 37.6716, -0.7516, -39.1067, -76.0308, -63.1137, -25.2621, 13.201, 51.4559, 83.1062, 50.6277, 12.3589, -26.1002, -63.921, -75.299, -38.2737, 0.0909, 38.5075, 75.6266, 63.4054, 25.4495, -13.0305, -51.2019, -83.1188, -51.185, -13.0131, 25.467, 63.4224, 75.6112, 38.4901, 0.0735, -38.2907, -75.314, -63.9046, -26.0831, 12.3762, 50.6449, 83.1072, 51.4388, 13.1838, -25.279, -63.13, -76.0163, -39.09, -0.7346, 37.6886, 74.9005, 64.199, 26.2725, -12.206, -50.393, -83.0715, -51.9933, -13.8375, 24.6437, 62.6268, 76.3271, 39.309, 0.8994, -37.4735, -74.5863, -64.6943, -26.9047, 11.5505, 49.8324, 83.0111, 52.2501, 14.0095, -24.4567, -62.3364, -76.7227, -39.9068, -1.5609, 36.8685, 74.1642, 64.9915, 27.0961, -11.3806, -49.5826, -82.9291, -52.8016, -14.6627, 23.8193, 61.8287, 77.031, 40.1283, 1.7262, -36.6551, -73.8492]","[-12.4077, -20.2521, -28.4458, -57.7513, 165.3416, 152.991, 145.6144, 135.6896, 35.6811, -32.1248, -41.3163, -48.7808, -63.0118, 154.4296, 132.4537, 124.5759, 116.4268, 88.1158, -49.7531, -62.2343, -69.6153, -79.4753, -176.3185, 112.7848, 103.5141, 96.0639, 82.0856, -60.2746, -82.7582, -90.6561, -98.7795, -126.2935, 95.2816, 82.6063, 75.2168, 65.4547, -28.3463, -102.3948, -111.7165, -119.1588, -132.9613, 85.2499, 62.1054, 54.1719, 46.0907, 19.4714, -119.8027, -132.6184, -140.013, -149.7141, 119.7856, 42.5195, 33.1143, 25.6849, 12.1186, -129.3951, -153.1052, -161.0601, -169.1169, 164.9737, 25.2459, 12.2232, 4.8186, -4.7896, -92.0963, -172.6567, 177.8839, 170.4615, 157.0585, 16.1999, -8.2394, -16.2321, -24.249, -49.351, 170.1731, 156.9992, 149.5886, 140.038, 56.0817, -27.7373, -37.2848, -44.6958, -57.8777, 161.6228, 136.5515, 128.536, 120.542, 96.0744, -44.7631, -58.1581, -65.5802, -75.0426, -155.7425, 117.0902, 107.4851, 100.0802, 87.0502, -52.702, -78.5805, -86.636, -94.5922, -118.329, 100.1766, 86.6186, 79.1896, 69.7816, -7.6135, -97.9851, -107.6831, -115.0781, -127.9007, 92.7992, 66.2119, 58.1322, 50.1976, 27.0295, -114.743, -128.5376, -135.9795, -145.3038, 140.5247, 46.8463, 37.0872, 29.6975, 17.0161, -121.4342, -148.9176, -157.0397, -164.9387, 172.5566, 30.2105, 16.2398, 8.7901, -0.4828, -71.4847, -168.2233, -178.0806, 174.5383, 162.0516, 24.1576, -4.1236, -12.2715, -20.1502, -42.1433]"
2023-04-06,42.8333,124.633,0.0571467764060239,PELICAN-2 3009,62631,22.3,"[5.9732, 44.4686, 80.3113, 57.0833, 18.8006, -19.8586, -58.027, -79.7447, -43.7694, -5.3241, 33.2755, 70.9156, 67.9305, 30.0701, -8.5734, -46.9923, -81.7122, -54.8412, -16.6086, 22.0251, 60.1971, 77.9657, 41.2891, 2.7302, -35.8385, -73.1729, -65.7172, -27.8616, 10.7414, 49.1675, 82.5394, 52.4236, 14.0335, -24.613, -62.6242, -76.0038, -39.0628, -0.5557, 38.0091, 75.1938, 63.3963, 25.3172, -13.3412, -51.6699, -82.6857, -50.1832, -11.8477, 26.7794, 64.7809, 73.9258, 36.5607, -2.043, -40.5582, -77.2734, -61.1617, -23.1163, 15.5073, 53.8447, 82.0959, 47.7366, 9.2627, -29.3592, -67.1578, -71.7954, -34.342, 4.2136, 42.7303, 79.0757, 58.7931, 20.5571, -18.1044, -56.3211, -80.889, -45.5011, -7.0827, 31.5263, 69.2849, 69.5769, 31.8204, -6.815, -45.2628, -80.7498, -56.5513, -18.3634, 20.2694, 58.4922, 79.3078, 43.0291, 4.4898, -34.0957, -71.5844, -67.377, -29.6096, 8.9825, 47.4361, 81.9679, 54.1456, 15.7913, -22.8615, -60.9357, -77.4605, -40.8003, -2.3149, 36.264, 73.6459, 65.0784, 27.0704, -11.5844, -49.9487, -82.6586, -51.9039, -13.6043, 25.0262, 63.0972, 75.4657, 38.3055, -0.2838, -38.8205, -75.8079, -62.8489, -24.8673, 13.7496, 52.1222, 82.6026, 49.4674, 11.0215, -27.6112, -65.4965, -73.3796, -36.0843, 2.4544, 40.9903, 77.7144, 60.4966, 22.3124, -16.3497, -54.6107, -81.8188, -47.2298, -8.8405, 29.7763, 67.6358, 71.2035, 33.569]","[156.0982, 147.1474, 103.4357, -19.3152, -30.7152, -38.3661, -50.0417, -175.8805, 143.7487, 134.8887, 126.8839, 107.5196, -34.9925, -51.6239, -59.4827, -68.7635, -124.623, 124.5102, 113.7327, 106.073, 93.6378, -39.216, -72.0822, -80.6876, -88.8439, -111.0388, 107.8485, 92.7634, 84.9891, 75.3643, 4.2236, -91.6255, -101.8644, -109.5629, -123.0001, 99.5627, 72.1845, 63.7912, 55.477, 29.8069, -109.0651, -122.8871, -130.6015, -140.6763, 130.1229, 52.3895, 42.5983, 34.8524, 20.3021, -120.191, -143.5734, -151.7841, -160.3129, 169.0226, 34.3303, 21.5311, 13.8601, 3.3109, -102.2916, -163.587, -172.9867, 179.1849, 163.1439, 21.1091, 0.7545, -7.3054, -16.0562, -53.2086, 177.8464, 165.9079, 158.2545, 147.0848, 28.3639, -19.4412, -28.5142, -36.4318, -54.1865, 163.0747, 145.0508, 137.1159, 128.0704, 81.3413, -38.4198, -49.6509, -57.2991, -69.1344, 162.9093, 124.6948, 115.9079, 107.8587, 87.7538, -54.3801, -70.5756, -78.4096, -87.7609, -147.0646, 105.369, 94.746, 87.0743, 74.3632, -59.8482, -91.066, -99.6142, -107.8009, -130.7319, 88.4847, 73.7614, 66.0037, 56.251, -19.7774, -110.6776, -120.796, -128.5005, -142.1731, 79.38, 53.1515, 44.8105, 36.4339, 9.494, -128.2918, -141.8307, -149.5302, -159.7034, 106.7292, 33.2938, 23.615, 15.8444, 0.8908, -140.0421, -162.541, -170.7102, -179.2831, 148.6806, 15.0895, 2.5368, -5.1298, -15.8535, -125.3999, 177.3966, 168.0846, 160.2409, 143.8365, 1.4232, -18.263]"
2025-01-24,39.9289,116.388,0.055775034293542,GLOBAL-16,49950,7.9,"[40.9072, 37.1352, 16.7521, -8.9283, -32.0044, -42.147, -31.1733, -7.8126, 17.8068, 37.7298, 40.565, 23.8711, -1.1339, -25.8392, -41.2424, -36.3852, -15.4347, 10.2972, 32.9548, 42.0944, 30.2864, 6.6839, -18.8822, -38.3422, -40.1152, -22.6606, 2.5329, 26.9767, 41.5335, 35.6722, 14.3386, -11.4165, -33.7739, -41.9852, -29.2353, -5.2941, 20.1517, 38.9547, 39.6452, 21.6257, -3.6711, -27.9377, -41.7647, -34.8403, -12.9978, 12.7701, 34.6549, 41.8229, 28.3007, 4.1581, -21.204, -39.4825, -39.0944, -20.3774, 5.0664, 29.0254, 41.9458, 34.0596, 11.8855, -13.877, -35.4118, -41.602, -27.1946, -2.7606, 22.4403, 39.9983, 38.5347, 19.3151, -6.2009, -29.9438, -42.069, -33.1527, -10.5252, 15.2113, 36.2164, 41.3324, 26.2179, 1.6202, -23.4652, -40.4348, -37.8887, -18.0338, 7.589, 30.9755, 42.1379, 32.3109, 9.3999, -16.3024, -36.904, -41.0022, -25.0625, -0.2186, 24.6633, 40.848, 37.2458, 16.9481, -8.7169, -31.8453, -42.1506, -31.3357, -8.0238, 17.6133, 37.6249, 40.6294, 24.0489, -0.9233, -25.6563, -41.1871, -36.5112, -15.6381, 10.0943, 32.8144, 42.1064, 30.4393, 6.8888, -18.685, -38.2363, -40.1937, -22.8498, 2.3258, 26.8107, 41.4924, 35.792, 14.5329, -11.2126, -33.6294, -42.0077, -29.4023, -5.5005, 19.9682, 38.8663, 39.723, 21.8042, -3.4663, -27.7667, -41.729, -34.9754, -13.1985, 12.5756, 34.5289, 41.8513, 28.4573, 4.3587, -21.0165]","[-71.6693, -24.1776, 10.6124, 37.4633, 68.5659, 113.4774, 157.8379, -171.5078, -144.5723, -109.1905, -61.5098, -22.3147, 5.6392, 34.1624, 74.8415, 122.2037, 156.3692, -176.8596, -145.2643, -99.9159, -56.3105, -26.1346, 0.9382, 37.0707, 85.0607, 123.5796, 151.2807, -179.8699, -138.5522, -91.68, -58.1812, -31.4544, 0.7195, 46.7309, 89.7713, 119.5217, 146.7475, -176.4655, -128.5525, -90.8351, -63.3625, -34.1301, 8.0085, 54.6215, 87.5411, 114.2488, 146.9705, -166.6831, -124.4454, -95.116, -67.6979, -30.1256, 17.9558, 55.0057, 82.2869, 111.907, 154.6474, -159.3412, -127.0368, -100.3198, -66.9647, -20.0551, 21.5659, 50.5304, 78.1629, 116.4091, 164.2711, -159.4545, -132.3466, -102.2853, -58.7571, -13.1193, 18.6572, 45.4159, 79.3692, 126.4938, 167.2855, -164.1135, -136.2329, -97.179, -49.291, -13.6607, 13.3169, 43.8268, 87.8978, 132.8404, 164.0569, -169.1211, -134.4839, -86.913, -46.7684, -18.4709, 9.686, 49.4177, 96.947, 131.8391, 158.6981, -170.2928, -125.4887, -81.0154, -50.2709, -23.3464, 11.9323, 59.5843, 98.8928, 126.884, 155.3456, -164.1079, -116.6908, -82.4076, -55.6181, -24.1011, 21.1645, 64.8695, 95.1114, 122.1535, 158.1603, -153.8715, -115.2202, -87.4712, -58.6708, -17.4615, 29.4667, 63.0576, 89.7828, 121.856, 167.7784, -149.0606, -119.2321, -92.026, -55.3441, -7.4379, 30.3879, 57.8873, 87.0498, 129.0632, 175.7507, -151.2232, -124.5067, -91.8692, -45.5882, -3.2464, 26.1378, 53.5164]"
2019-07-14,39.9289,116.388,0.05440329218106,JILIN-01-07,43159,25.5,"[48.5784, 10.6503, -27.4041, -64.7308, -74.755, -38.1991, -0.2762, 37.7392, 74.5453, 64.7041, 27.1822, -10.9118, -48.7033, -82.2949, -54.437, -16.7965, 21.2663, 58.9578, 79.4478, 43.6274, 5.6355, -32.3798, -69.4472, -70.2349, -33.2422, 4.7338, 42.7064, 78.7362, 59.8699, 22.1799, -15.9159, -53.6026, -82.5695, -49.5455, -11.798, 26.2656, 63.8014, 75.3737, 38.6594, 0.6206, -37.3428, -74.0075, -65.5401, -28.2727, 9.7441, 47.6576, 81.9501, 54.9841, 17.1719, -20.9132, -58.4691, -79.9907, -44.6287, -6.7942, 31.2577, 68.5686, 70.8562, 33.6782, -4.3928, -42.2907, -78.2351, -60.7521, -23.2924, 14.7529, 52.5879, 82.7477, 50.0639, 12.16, -25.902, -63.2889, -76.0602, -39.6923, -1.7867, 36.2406, 73.1977, 66.144, 28.6865, -9.4029, -47.2204, -81.6168, -55.9076, -18.3032, 19.7587, 57.4896, 80.4997, 45.1193, 7.1459, -30.8807, -68.0357, -71.6239, -34.7397, 3.2231, 41.2119, 77.5373, 61.3309, 23.6866, -14.4083, -52.1273, -82.8383, -51.0253, -13.3066, 24.7598, 62.3496, 76.6655, 40.1563, 2.1313, -35.8473, -72.6544, -66.9701, -29.7738, 8.2335, 46.1684, 81.1549, 56.4586, 18.6805, -19.4074, -57.0044, -80.9764, -46.1156, -8.3042, 29.7543, 67.1443, 72.2429, 35.179, -2.8822, -40.7996, -77.0132, -62.2052, -24.7966, 13.243, 51.1057, 82.8569, 51.5478, 13.6701, -24.3985, -61.84, -77.3232, -41.1847, -3.2976, 34.7403, 71.8248, 67.5757, 30.1906, -7.893]","[20.3002, 10.9703, 3.3794, -10.8032, -150.5716, -174.7944, 177.0658, 168.95, 145.056, 4.8462, -9.3524, -16.9419, -26.2742, -88.3852, 166.9782, 156.537, 149.058, 137.3226, 9.0692, -28.8443, -37.5111, -45.2929, -62.7716, 154.6279, 136.4183, 128.597, 120.0347, 85.1857, -45.899, -57.9532, -65.4451, -75.6987, -174.6055, 117.4952, 108.0295, 100.4686, 86.7465, -52.3404, -77.7904, -85.9814, -94.0611, -117.0105, 102.3709, 87.7321, 80.1189, 70.9332, 13.9845, -95.9037, -106.5019, -113.9815, -125.536, 108.937, 68.3108, 59.5455, 51.8121, 35.0461, -107.7124, -126.5933, -134.4503, -142.9593, -175.9064, 51.4728, 39.1206, 31.6214, 21.5687, -71.6975, -145.4377, -155.0134, -162.5652, -176.0099, 46.194, 19.3358, 11.0744, 3.0649, -18.6924, -160.2493, -175.2911, 177.0726, 167.9636, 115.0166, 1.372, -9.4359, -16.9071, -28.1805, -150.9057, 165.3437, 156.4999, 148.7863, 132.47, -9.8014, -29.4884, -37.3935, -45.8052, -76.5482, 148.6998, 136.089, 128.5771, 118.635, 30.8582, -48.2261, -57.9527, -65.48, -78.5184, 144.6966, 116.3448, 108.0273, 100.0502, 79.0816, -62.6561, -78.202, -85.8677, -94.8439, -143.4673, 98.5083, 87.5264, 80.0522, 68.9406, -50.3857, -97.4893, -106.4427, -114.1141, -129.8132, 87.9811, 67.5034, 59.559, 51.1956, 21.9879, -113.8869, -126.8338, -134.3583, -144.119, 134.1374, 48.8528, 39.0051, 31.4845, 18.691, -116.4549, -146.5202, -154.9166, -162.831, 177.206, 34.7858, 18.7774, 11.0855]"
2016-04-28,31.2222,121.458,0.0540603566529396,FLOCK 4G 25,62646,22.3,"[-80.8069, -45.6337, -7.3857, 31.0677, 68.6944, 70.2463, 32.7272, -5.7177, -43.9919, -79.7307, -58.1169, -20.1487, 18.3223, 56.4391, 80.7496, 45.3934, 7.0683, -31.3491, -68.8405, -70.2525, -32.8626, 5.5424, 43.8871, 79.7583, 57.9235, 19.8459, -18.6274, -56.6385, -80.7216, -45.4938, -7.2436, 31.2089, 68.8269, 70.1153, 32.5866, -5.8589, -44.1308, -79.8275, -57.9807, -20.0086, 18.4624, 56.5756, 80.6646, 45.2555, 6.9287, -31.4875, -68.9699, -70.1244, -32.7248, 5.6811, 44.0238, 79.8535, 57.7893, 19.7082, -18.7647, -56.772, -80.6381, -45.3588, -7.1067, 31.3451, 68.9545, 69.989, 32.4511, -5.995, -44.2646, -79.9199, -57.8495, -19.8737, 18.5974, 56.707, 80.5815, 45.1226, 6.7942, -31.6207, -69.0945, -70.0009, -32.5922, 5.8146, 44.1556, 79.9443, 57.6601, 19.5756, -18.897, -56.9004, -80.5565, -45.2289, -6.9748, 31.4761, 69.0773, 69.8672, 32.3207, -6.1259, -44.3934, -80.0079, -57.7233, -19.7438, 18.7273, 56.8334, 80.5004, 44.9948, 6.6649, -31.7489, -69.2143, -69.8821, -32.4647, 5.9431, 44.2822, 80.0307, 57.5357, 19.4481, -19.0241, -57.0239, -80.4771, -45.104, -6.8481, 31.602, 69.1951, 69.7501, 32.1954, -6.2518, -44.5171, -80.0916, -57.6019, -19.6191, 18.852, 56.9549, 80.4216, 44.872, 6.5406, -31.8719, -69.3292, -69.7678, -32.3422, 6.0664, 44.4038, 80.1128, 57.4164, 19.3257, -19.1462, -57.1423, -80.3999, -44.9841, -6.7265, 31.7228]","[-32.3229, -80.2125, -89.3605, -97.3018, -114.7004, 103.2101, 84.3704, 76.349, 67.4078, 26.5716, -98.4772, -110.2649, -117.9515, -129.2463, 111.9494, 64.4721, 55.3463, 47.3968, 29.8954, -112.0336, -130.8562, -138.8796, -147.8173, 171.16, 46.1802, 34.4393, 26.7532, 15.4156, -103.5302, -150.7527, -159.8822, -167.8297, 174.6584, 32.5495, 13.8417, 5.8277, -3.1302, -44.501, -169.0443, 179.2116, 171.5255, 160.1917, 40.7602, -6.0672, -15.175, -23.1307, -40.7446, 177.3091, 158.6155, 150.5994, 141.6454, 100.0925, -24.3853, -36.0838, -43.7695, -55.1457, -174.7, 138.7087, 129.5969, 121.6432, 104.0205, -38.1035, -56.6859, -64.6931, -73.6671, -115.563, 120.3914, 108.6889, 101.0031, 89.6314, -30.3922, -76.605, -85.6955, -93.6575, -111.3811, 106.6594, 88.0883, 80.079, 71.1092, 29.0359, -94.9481, -106.6061, -114.2916, -125.7052, 114.1661, 68.1715, 59.0767, 51.1169, 33.3863, -108.7492, -127.2126, -135.2131, -144.2028, 173.3864, 49.8298, 38.167, 30.4814, 19.073, -101.5093, -147.1413, -156.2154, -164.1833, 177.9861, 36.0169, 17.5621, 9.5593, 0.5741, -42.0088, -165.5082, -177.1276, 175.1871, 163.7371, 43.0668, -2.3642, -11.4429, -19.4085, -37.2443, -179.3878, 162.2617, 154.2675, 145.2626, 102.3483, -20.7292, -32.3541, -40.0395, -51.4836, -172.5923, 142.3238, 133.2654, 125.2916, 107.3571, -34.6186, -52.9631, -60.9598, -69.9598, -113.0406, 123.9344, 112.3517, 104.6665, 93.1813, -27.9993, -72.8984, -81.9618, -89.9331]"
2022-11-06,39.9289,116.388,0.0537174211248191,SUPERVIEW NEO-3 01,59510,17.0,"[51.4023, 82.6262, 51.5527, 13.888, -24.0118, -61.3167, -77.6532, -41.8106, -4.0644, 33.8136, 70.7369, 68.7083, 31.6404, -6.25, -43.965, -79.3126, -59.2117, -21.8348, 16.0725, 53.6939, 82.2903, 49.2553, 11.5493, -26.34, -63.5565, -75.7251, -39.5008, -1.7246, 36.1373, 72.867, 66.5066, 29.312, -8.5888, -46.267, -80.8504, -56.9477, -19.5027, 18.4099, 55.9789, 81.3193, 46.9519, 9.2094, -28.6665, -65.7799, -73.6938, -37.187, 0.616, 38.4587, 74.9374, 64.2809, 26.9811, -10.9273, -48.5648, -82.0022, -54.6739, -17.1685, 20.7467, 58.2559, 79.8942, 44.6434, 6.8687, -30.9912, -67.9821, -71.5929, -34.8695, 2.9573, 40.7775, 76.92, 62.0363, 24.6479, -13.2653, -50.8577, -82.5856, -52.3917, -14.8323, 23.0827, 60.5232, 78.1776, 42.3303, 4.5271, -33.3139, -70.1562, -69.4433, -32.5486, 5.2991, 43.0934, 78.7681, 59.7768, 22.3126, -15.6027, -53.1449, -82.4668, -50.1023, -12.4944, 25.4177, 62.7785, 76.278, 40.0129, 2.1849, -35.6344, -72.2921, -67.2583, -30.2244, 7.6412, 45.4059, 80.4038, 57.5052, 19.9753, -17.9393, -55.4256, -81.6756, -47.8065, -10.1549, 27.7515, 65.0187, 74.2612, 37.6917, -0.1577, -37.9522, -74.3743, -65.0469, -27.8973, 9.9835, 47.7147, 81.7002, 55.2234, 17.6363, -20.2749, -57.6984, -80.3758, -45.5051, -7.814, 30.0839, 67.2394, 72.1663, 35.367, -2.5006, -40.2673, -76.3783, -62.815, -25.5675, 12.3259, 50.019, 82.4798]","[164.8655, 82.2737, -1.4594, -11.5241, -19.18, -32.0747, -164.6687, 163.2185, 154.5811, 146.5643, 127.2855, -14.1055, -31.4429, -39.346, -48.2215, -86.8593, 146.4568, 134.3676, 126.7412, 116.2161, 16.7607, -50.0359, -59.6773, -67.3836, -81.3094, 141.8262, 114.8606, 106.4424, 98.2794, 76.3634, -64.0138, -79.6849, -87.4889, -96.6602, -144.8665, 97.5491, 86.1874, 78.5743, 67.4733, -46.0431, -98.5468, -107.8255, -115.6023, -130.7817, 89.6741, 66.5361, 58.3045, 49.9672, 24.6083, -113.5845, -127.9089, -135.6356, -145.1516, 153.6819, 48.7638, 38.0167, 30.3982, 18.6168, -105.271, -147.0023, -155.9695, -163.8383, 179.4388, 38.4675, 18.2403, 10.1661, 1.6233, -28.3324, -162.8959, -176.1173, 176.2128, 166.2948, 88.9806, 0.0789, -10.1457, -17.7886, -30.3795, -161.4761, 164.5893, 155.8893, 147.9058, 129.2538, -12.0643, -30.0305, -37.9736, -46.7572, -82.9866, 147.9956, 135.6877, 128.055, 117.6672, 23.2078, -48.5229, -58.3014, -65.9878, -79.5499, 144.5052, 116.2214, 107.7501, 99.627, 78.5224, -62.1031, -78.2797, -86.1157, -95.1805, -140.0985, 99.0483, 87.5045, 79.8898, 68.9509, -40.5644, -97.0551, -106.4515, -114.2014, -128.9407, 92.0017, 67.8882, 59.6118, 51.3219, 27.0365, -111.7734, -126.51, -134.2612, -143.6538, 159.5014, 50.2311, 39.3313, 31.7159, 20.127, -100.8373, -145.5287, -154.5971, -162.4315, -178.615, 40.5506, 19.5849, 11.4734, 2.9863, -25.5156, -161.1622, -174.7239, 177.5887, 167.8139, 95.5765]"
2022-02-26,39.9289,116.388,0.0533744855966986,FLOCK 4BE 25,60487,12.3,"[64.6716, 74.3821, 37.5613, -0.5484, -38.5945, -75.1718, -63.9593, -26.4997, 11.6477, 49.6075, 82.4779, 52.8563, 14.9573, -23.2043, -60.788, -77.9145, -41.8644, -3.8598, 34.2744, 71.4065, 67.8099, 30.4245, -7.7306, -45.6778, -80.6675, -57.048, -19.3464, 18.825, 56.6378, 80.828, 45.795, 7.7762, -30.3474, -67.6213, -71.7364, -34.7628, 3.324, 41.397, 77.651, 60.9546, 23.2678, -14.9055, -52.7167, -82.5368, -50.0464, -12.1783, 25.9912, 63.5814, 75.3745, 38.6919, 0.5921, -37.4668, -74.1793, -65.0439, -27.6338, 10.5074, 48.4858, 82.1508, 53.9724, 16.097, -22.0682, -59.6893, -78.7918, -42.9892, -5.0006, 33.1406, 70.3572, 68.8795, 31.5597, -6.59, -44.5551, -79.9296, -58.1534, -20.484, 17.6853, 55.5254, 81.4607, 46.9202, 8.9177, -29.2137, -66.5479, -72.7672, -35.8934, 2.1822, 40.2669, 76.7198, 62.055, 24.4065, -13.7656, -51.6014, -82.6571, -51.1639, -13.3187, 24.8528, 62.4856, 76.3461, 39.8236, 1.7345, -36.3365, -73.1676, -66.1256, -28.7691, 9.3651, 47.3611, 81.6795, 55.0887, 17.2384, -20.9298, -58.5859, -79.6211, -44.1149, -6.143, 32.0045, 69.2967, 69.9432, 32.6962, -5.4475, -43.4296, -79.1226, -59.2581, -21.623, 16.5434, 54.4092, 81.9824, 48.0462, 10.0608, -28.0776, -65.4672, -73.786, -37.0252, 1.0385, 39.1342, 75.7571, 63.1538, 25.5466, -12.6236, -50.4828, -82.6041, -52.2817, -14.4607, 23.7122, 61.3844, 77.2917, 40.9563]","[156.1717, 16.8817, -7.3878, -15.6607, -24.0083, -49.7385, 172.1414, 158.0212, 150.3001, 140.5968, 69.5086, -25.9415, -36.2773, -43.9321, -56.6025, 171.1796, 138.3082, 129.6603, 121.6089, 101.6152, -39.9829, -56.5702, -64.4279, -73.5224, -120.0686, 120.4822, 109.0952, 101.4689, 90.187, -28.1365, -75.9576, -85.0773, -92.9275, -109.3505, 109.335, 88.973, 80.8978, 72.2892, 40.2528, -92.8157, -105.5693, -113.2267, -123.5198, 143.1987, 70.0296, 60.2602, 52.5493, 38.6058, -99.3094, -125.4822, -133.8448, -142.1039, -165.993, 54.5937, 39.8748, 32.1217, 22.6059, -40.6624, -143.8615, -154.45, -162.0911, -174.3438, 56.41, 20.245, 11.4771, 3.4897, -15.3573, -157.2437, -174.7016, 177.3904, 168.4395, 126.7158, 2.6578, -9.0698, -16.6992, -27.675, -140.3085, 166.0186, 156.7419, 148.9359, 133.2766, -7.4336, -29.1382, -37.2857, -45.7859, -75.1135, 149.4946, 136.2753, 128.5988, 118.5363, 33.6321, -47.9395, -57.9163, -65.6016, -79.0154, 144.804, 116.4313, 107.9714, 99.7938, 77.5143, -62.8864, -78.2675, -86.0576, -95.3991, -151.604, 98.2418, 87.3793, 79.7475, 67.8785, -57.7749, -97.8078, -106.7053, -114.6345, -132.461, 85.6057, 67.1722, 59.2082, 50.3909, 12.7866, -115.1334, -127.2321, -134.869, -145.5621, 108.4144, 48.0084, 38.5623, 30.7953, 15.8256, -124.0084, -147.2428, -155.4693, -163.869, 169.1366, 31.854, 18.1234, 10.4231, 0.5746, -75.8404, -165.8901, -176.0911, 176.2446, 163.3143, 29.2832, -1.6466]"
2022-08-05,37.5664,127.0,0.0523456790123372,FLOCK 4H 12,66715,23.2,"[-67.4368, -72.1456, -35.5136, 2.2587, 40.0304, 76.2412, 62.8696, 25.5622, -12.3091, -49.8875, -82.407, -53.4212, -15.9293, 21.9335, 59.3521, 79.1315, 43.6343, 5.8915, -31.9249, -68.8293, -70.7897, -34.0377, 3.7483, 41.5043, 77.4672, 61.4372, 24.0769, -13.7972, -51.3459, -82.6144, -51.9669, -14.4424, 23.4193, 60.7921, 78.0007, 42.1617, 4.401, -33.4033, -70.2092, -69.4163, -32.5602, 5.2383, 42.9772, 78.6322, 59.9989, 22.5905, -15.2853, -52.8022, -82.5296, -50.5095, -12.9547, 24.9049, 62.2273, 76.7995, 40.6872, 2.9099, -34.8811, -71.5738, -68.0284, -31.0812, 6.7286, 44.449, 79.7152, 58.5554, 21.103, -16.7733, -54.2561, -82.1621, -49.0493, -11.4661, 26.3902, 63.657, 75.5454, 39.2109, 1.4185, -36.3581, -72.9193, -66.6286, -29.6008, 8.2192, 45.9195, 80.6876, 57.1072, 19.6146, -18.2611, -55.7073, -81.5483, -47.5865, -9.9767, 27.8752, 65.0802, 74.2507, 37.7329, -0.0734, -37.8343, -74.2409, -65.2187, -28.1191, 9.71, 47.3886, 81.5109, 55.6548, 18.1252, -19.7488, -57.1554, -80.7368, -46.1212, -8.4865, 29.3598, 66.4957, 72.9246, 36.2532, -1.5656, -39.3095, -75.532, -63.8002, -26.636, 11.2011, 48.8562, 82.1381, 54.1986, 16.6349, -21.2362, -58.6001, -79.7745, -44.6536, -6.9956, 30.844, 67.902, 71.5736, 34.7719, -3.0581, -40.7837, -76.7836, -62.3743, -25.1517, 12.6923, 50.322, 82.5195, 52.739, 15.1438, -22.7234, -60.0409, -78.6995]","[-25.4483, -166.0992, 172.9797, 164.8666, 156.3965, 128.1938, -7.7539, -21.36, -29.0482, -38.7893, -108.753, 155.0685, 144.6188, 136.9937, 124.8408, -2.637, -40.4775, -49.3219, -57.2333, -74.6583, 144.1783, 124.8602, 116.8381, 108.2265, 76.6571, -56.4664, -69.4289, -77.0863, -87.0995, -167.8587, 106.713, 96.5769, 88.9324, 76.2365, -55.3484, -88.6705, -97.3515, -105.3394, -124.0515, 94.6964, 76.7503, 68.809, 60.041, 24.3532, -105.1022, -117.4926, -125.1271, -135.4409, 132.846, 58.3899, 48.5377, 40.8659, 27.5598, -107.2098, -136.8474, -145.3804, -153.4549, -173.6671, 45.4125, 28.6491, 20.7788, 11.8383, -28.9169, -153.6715, -165.5515, -173.1709, 176.1826, 74.2134, 10.0959, 0.5008, -7.2063, -21.2009, -158.3989, 174.9903, 166.5911, 158.4193, 136.445, -3.7072, -19.444, -27.2526, -36.3834, -83.3785, 157.8171, 146.3939, 138.782, 127.7667, 16.8364, -38.1722, -47.5341, -55.2847, -70.0596, 150.9436, 126.8413, 118.5629, 110.2824, 86.2204, -52.6896, -67.5299, -75.2855, -84.6262, -139.2382, 109.3563, 98.3433, 90.7313, 79.3059, -39.0745, -86.417, -95.5672, -103.3698, -119.0337, 100.7084, 78.7044, 70.5346, 62.1331, 35.5755, -101.5561, -115.609, -123.3202, -132.8923, 163.4186, 60.94, 50.2962, 42.6765, 30.7943, -93.591, -134.6408, -143.5989, -151.4624, -168.1447, 50.8115, 30.5786, 22.506, 13.9703, -15.5983, -150.3239, -163.682, -171.3571, 178.8155, 104.7852, 12.5629, 2.2523, -5.3828, -17.7755, -146.9124]"
2020-07-02,24.1098,113.005,0.0509739368998553,ZHUHAI-1 03D,44538,25.9,"[-44.0087, 11.8045, 66.9796, 55.2814, -0.3937, -55.8991, -66.6787, -11.689, 44.2089, 77.0643, 23.0933, -32.8597, -82.4363, -35.0595, 20.8745, 75.2082, 46.4019, -9.4618, -64.5787, -58.0567, -2.6337, 53.0952, 69.079, 14.0574, -41.7882, -79.1768, -26.0991, 29.8784, 81.6071, 37.4862, -18.471, -72.8949, -49.3044, 6.3871, 61.8252, 60.5398, 5.0492, -50.6079, -71.7012, -17.1423, 38.8034, 80.9349, 28.5613, -27.4099, -80.0729, -40.4988, 15.3614, 70.2783, 51.8326, -3.9191, -59.2853, -63.3762, -8.2014, 47.6331, 74.132, 19.644, -36.2671, -82.1737, -31.6717, 24.2776, 77.9963, 43.0626, -12.8359, -67.7375, -54.8149, 0.7119, 56.3406, 65.968, 10.7474, -45.0291, -76.6447, -22.8408, 33.1239, 82.4944, 34.2706, -21.6902, -75.6847, -46.1653, 9.5862, 64.8662, 57.4727, 1.8834, -53.675, -68.8319, -14.0191, 41.8872, 78.8999, 25.4774, -30.4712, -81.7418, -37.4789, 18.41, 73.0324, 48.8652, -6.9367, -62.1623, -60.5199, -5.218, 50.5496, 71.4876, 16.6975, -39.1675, -80.9006, -28.7797, 27.1724, 80.0779, 40.2151, -15.7019, -70.3755, -52.0483, 3.5513, 59.0783, 63.294, 7.9427, -47.7647, -74.2962, -20.0824, 35.8619, 82.2129, 31.5526, -24.4018, -77.8858, -43.5136, 12.2779, 67.3953, 54.88, -0.7757, -56.2386, -66.378, -11.3989, 44.4649, 76.878, 22.895, -33.0261, -82.4548, -34.9532, 20.9511, 75.2478, 46.3863, -9.4469, -64.5358, -58.1295, -2.7398, 52.9617]","[-87.9181, -99.2996, -118.2535, 88.1656, 74.6675, 61.0137, -92.5758, -111.2777, -122.6947, 97.0132, 62.8216, 52.2251, -27.0473, -122.6543, -133.3332, -162.8132, 52.4314, 40.7295, 23.421, -130.8893, -145.2241, -158.1629, 49.4915, 28.7603, 17.615, -114.7568, -156.9893, -167.5253, 131.3668, 17.5489, 6.7338, -18.539, -167.0013, -179.1482, 164.9797, 10.106, -5.1949, -17.5832, -167.4901, 168.9079, 158.0042, 36.9704, -16.8681, -27.3927, -74.6475, 157.9188, 146.891, 124.9444, -26.4563, -39.1108, -53.8879, 151.5609, 134.9353, 123.0515, -23.6608, -51.0163, -61.7526, -165.8504, 123.3903, 112.827, 75.5485, -61.7607, -73.0457, -92.5661, 114.3717, 101.0217, 87.2196, -66.7873, -85.0104, -96.5133, 122.1207, 89.1784, 78.5716, -4.6302, -96.4123, -107.0608, -137.5679, 78.7619, 67.1087, 49.6016, -104.7693, -118.9269, -131.9847, 75.6202, 55.1509, 43.9874, -89.7318, -130.6943, -141.2338, 155.8433, 43.9435, 33.1387, 7.6247, -140.7415, -152.8254, -168.832, 36.4911, 21.2234, 8.8322, -141.4011, -164.76, -175.6795, 63.0511, 9.5653, -0.9571, -48.2834, -175.7499, 173.2387, 151.2187, 0.0155, -12.6663, -27.3854, 177.901, 161.2966, 149.4087, 3.0651, -24.5551, -35.2748, -138.4826, 149.7646, 139.2033, 102.3651, -35.2519, -46.5727, -65.844, 140.7937, 127.4093, 113.6597, -40.0451, -58.5255, -69.969, 149.2204, 115.5827, 104.9858, 24.718, -69.8833, -80.5528, -110.1135, 105.2191, 93.5235, 76.2446, -78.0623, -92.4182, -105.3217]"
2020-07-02,24.1098,113.005,0.0509739368998553,FLOCK 4H 23,66726,29.3,"[1.9943, -35.6358, -72.123, -67.5863, -30.7237, 7.0043, 44.653, 79.8057, 58.5099, 21.1766, -16.5542, -53.8894, -82.3164, -49.6836, -12.2096, 25.574, 62.8066, 76.3599, 40.27, 2.6225, -35.0138, -71.5538, -68.174, -31.3472, 6.376, 44.0328, 79.3649, 59.1188, 21.8032, -15.9277, -53.2774, -82.4647, -50.2984, -12.8368, 24.9479, 62.2032, 76.8812, 40.8915, 3.2503, -34.392, -70.9815, -68.7593, -31.9703, 5.748, 43.4125, 78.9067, 59.7267, 22.4294, -15.3015, -52.6652, -82.5636, -50.9126, -13.4636, 24.322, 61.5991, 77.3928, 41.5124, 3.8778, -33.7702, -70.4063, -69.3421, -32.5928, 5.1204, 42.7923, 78.433, 60.3334, 23.0551, -14.6754, -52.0528, -82.6113, -51.5259, -14.09, 23.6963, 60.9943, 77.8934, 42.1328, 4.505, -33.1485, -69.8285, -69.9221, -33.2148, 4.493, 42.1721, 77.9459, 60.9389, 23.6805, -14.0496, -51.4403, -82.6069, -52.1385, -14.716, 23.0709, 60.3888, 78.3818, 42.7526, 5.1319, -32.527, -69.2485, -70.4991, -33.8363, 3.866, 41.552, 77.4468, 61.5432, 24.3054, -13.424, -50.8276, -82.5505, -52.7503, -15.3415, 22.4456, 59.7828, 78.8564, 43.3719, 5.7585, -31.9056, -68.6663, -71.073, -34.4572, 3.2392, 40.9319, 76.9372, 62.1462, 24.9299, -12.7987, -50.2147, -82.4435, -53.3614, -15.9667, 21.8205, 59.1763, 79.3153, 43.9905, 6.3847, -31.2843, -68.0822, -71.6434, -35.0777, 2.6128, 40.3119, 76.4183, 62.7479, 25.5539, -12.1736]","[11.9422, 3.8353, -17.0418, -157.5563, -173.9698, 178.1829, 169.2216, 127.9505, 3.7559, -8.0978, -15.7009, -26.2439, -124.6677, 167.7385, 158.0429, 150.3626, 136.7909, 1.1619, -27.3318, -35.8124, -43.8793, -64.0512, 155.1744, 138.3044, 130.4293, 121.5438, 82.582, -43.7789, -55.8401, -63.4489, -73.8515, -167.9252, 120.0975, 110.292, 102.6258, 89.3335, -45.1687, -75.0275, -83.567, -91.5957, -111.1089, 107.9345, 90.58, 82.6754, 73.8627, 37.0146, -91.3031, -103.5816, -111.1976, -121.4656, 148.9665, 72.4614, 62.5415, 54.888, 41.8612, -91.3792, -122.7206, -131.3216, -139.314, -158.2109, 60.7262, 42.8571, 34.9213, 26.1784, -8.7344, -138.8159, -151.3223, -158.9468, -169.0859, 105.9492, 24.8305, 14.7914, 7.1491, -5.6253, -137.4569, -170.411, -179.076, 172.966, 154.6464, 13.5524, -4.8644, -12.833, -21.5089, -54.6487, 173.6833, 160.9378, 153.3035, 143.2878, 62.9575, -22.7949, -32.9583, -40.5907, -53.1249, 176.6117, 141.9014, 133.1696, 125.2443, 107.4664, -33.5843, -52.5842, -60.5875, -69.1992, -100.7126, 126.1953, 113.1988, 105.5533, 95.656, 19.9241, -70.4146, -80.7075, -88.3315, -100.6369, 130.8415, 94.2166, 85.4153, 77.521, 60.2519, -80.6806, -100.3025, -108.3422, -116.8924, -146.9121, 78.7209, 65.4607, 57.8026, 48.0188, -23.2153, -118.0282, -128.4562, -136.0731, -148.1607, 85.2483, 46.5349, 37.6612, 29.7962, 13.0055, -127.7329, -148.019, -156.097, -164.5882, 166.7658, 31.261, 17.7236, 10.0514]"
2023-12-04,39.9289,116.388,0.0502880658436143,GLOBAL-14,49469,25.2,"[-27.8656, -3.4826, 21.9274, 39.8327, 38.7402, 19.7662, -5.5696, -29.32, -41.9915, -33.828, -11.4227, 14.4661, 35.8404, 41.4728, 26.7322, 2.3591, -22.6645, -40.068, -38.459, -19.062, 6.614, 30.3471, 42.1147, 32.844, 10.2327, -15.343, -36.2377, -41.341, -26.1541, -1.4053, 23.7646, 40.5716, 37.7254, 17.8527, -7.6182, -30.9015, -42.1424, -32.395, -9.3883, 16.4444, 37.0365, 40.9539, 24.9895, 0.2942, -24.4706, -40.7643, -37.4109, -17.1276, 8.6696, 31.89, 42.1595, 31.3577, 8.2011, -17.2946, -37.3938, -40.7837, -24.3878, 0.6728, 25.5515, 41.1751, 36.5995, 15.9083, -9.6524, -32.4079, -42.1451, -30.8817, -7.3396, 18.3912, 38.1237, 40.2981, 23.1965, -1.7694, -26.2249, -41.3249, -36.2537, -15.1632, 10.7089, 33.3523, 42.0555, 29.7968, 6.1578, -19.2132, -38.4399, -40.0912, -22.5723, 2.7481, 27.2827, 41.6383, 35.3705, 13.9373, -11.6686, -33.8325, -41.9999, -29.2954, -5.2802, 20.302, 39.0946, 39.5113, 21.3588, -3.8282, -27.9221, -41.7451, -34.995, -13.1732, 12.7282, 34.7272, 41.804, 28.1682, 4.1063, -21.0942, -39.3689, -39.2695, -20.7133, 4.8172, 28.9522, 41.9574, 34.046, 11.944, -13.6631, -35.1683, -41.7085, -27.6428, -3.2137, 22.1723, 39.9425, 38.6003, 19.4816, -5.8788, -29.5562, -42.0214, -33.6427, -11.1618, 14.7237, 36.0074, 41.4079, 26.4786, 2.0501, -22.9332, -40.174, -38.3257, -18.8157, 6.8768, 30.554, 42.1298]","[-28.7476, 0.5561, 28.239, 66.3738, 114.3449, 150.7733, 177.7724, -152.6415, -109.805, -63.8359, -31.5571, -4.6768, 29.1108, 76.2034, 117.287, 145.9081, 173.4127, -148.3542, -100.4711, -64.1707, -36.947, -6.5885, 37.2514, 82.5354, 113.9423, 140.515, 174.3458, -138.551, -97.653, -68.9304, -40.8489, -1.5016, 46.2495, 81.5316, 108.2966, 138.6117, -177.4666, -132.3694, -100.9728, -73.9942, -39.1469, 8.4409, 48.3144, 76.4032, 104.3351, 143.7786, -168.5958, -133.4226, -106.3976, -75.255, -30.393, 13.9219, 44.4956, 71.2007, 106.1037, 153.6628, -166.6443, -138.4228, -109.8637, -69.302, -21.9537, 12.2335, 38.8406, 69.961, 114.8785, 158.9912, -170.4176, -143.2639, -107.301, -59.3959, -20.7397, 6.8953, 35.332, 75.9825, 123.1715, 157.2716, -175.8249, -143.8219, -98.0452, -54.7949, -24.9769, 1.9362, 37.9634, 85.7995, 124.2851, 152.0849, -178.7993, -137.0413, -90.2671, -57.1144, -30.5898, 1.4102, 47.2113, 90.2503, 120.1144, 147.5205, -175.3557, -127.3193, -89.869, -62.6096, -33.5906, 8.2433, 54.8289, 87.9185, 114.7772, 147.7138, -165.7242, -123.6099, -94.4691, -67.2723, -30.0796, 17.8478, 55.1418, 82.5987, 112.3502, 155.2645, -158.691, -126.5057, -99.9883, -67.0381, -20.4871, 21.413, 50.6295, 78.3656, 116.6828, 164.6611, -159.0665, -132.1059, -102.4269, -59.4553, -13.6233, 18.5246, 45.415, 79.354, 126.5518, 167.4823, -163.9751, -136.4184, -98.0323, -50.2014, -14.0675, 13.1244, 43.5904, 87.5979]"
2014-12-30,29.9182,105.69,0.0502880658436143,FLOCK 4S 14,47528,29.4,"[74.2111, 21.3052, 66.7612, 38.6713, 57.9889, 51.1502, 47.3001, 61.0083, 33.317, 69.2645, 12.8448, 76.2982, -22.5169, 81.5668, -82.5714, 82.1004, -24.5929, 77.2995, 11.2893, 70.3814, 31.9931, 62.1581, 46.1022, 52.3019, 56.8803, 39.797, 65.7363, 22.349, 73.2975, -5.8526, 79.5433, -58.8677, 82.6964, -45.6973, 79.796, 0.1369, 73.5158, 25.0219, 65.7601, 41.0429, 56.5348, 52.8432, 45.092, 62.3242, 29.7028, 70.3532, 6.1734, 77.2016, -36.6302, 82.0531, -68.5987, 81.5885, -12.2242, 76.1919, 17.7832, 68.8755, 36.0127, 60.1458, 48.9334, 49.4876, 59.0671, 35.5503, 67.5408, 15.1556, 74.8286, -20.1414, 80.6639, -81.9998, 82.543, -25.6895, 78.4137, 10.3464, 71.5586, 31.0712, 63.2342, 45.195, 53.1681, 56.0011, 40.2809, 64.9062, 22.053, 72.5545, -8.053, 78.9889, -65.084, 82.6481, -39.8517, 80.1685, 2.8417, 73.847, 26.3003, 65.8695, 41.6808, 56.2573, 53.1632, 44.1411, 62.4846, 27.4441, 70.4465, 0.913, 77.2855, -49.0573, 82.1164, -53.9324, 81.4409, -4.5276, 75.7677, 21.8048, 68.1014, 38.451, 58.8403, 50.5917, 47.2928, 60.3059, 31.6881, 68.5452, 7.6322, 75.6821, -36.7111, 81.2526, -66.8479, 82.2387, -11.4843, 77.3432, 17.7091, 69.9668, 35.5715, 60.9771, 48.3259, 49.8446, 58.3971, 35.0146, 66.8788, 12.6665, 74.2462, -27.5981, 80.2937, -77.2393, 82.6201, -17.6973, 78.5963, 14.1495, 71.4941, 33.1095]","[-95.3271, 51.7659, -111.1107, 42.5442, -122.8444, 33.0764, -132.8904, 22.6601, -142.2409, 10.0473, -151.598, -8.0739, -162.5169, -42.3601, 115.0441, -101.3507, 11.4883, -140.3285, 0.4609, -160.1084, -8.8646, -173.3358, -18.1258, 175.9679, -28.0005, 166.3521, -39.3881, 157.044, -54.3514, 147.0719, -79.2397, 129.3784, -129.9269, -37.0334, 177.7032, -50.7943, 151.7789, -60.4055, 136.4547, -69.5815, 124.8984, -79.1106, 114.9068, -89.7175, 105.513, -102.8095, 95.9155, -122.3113, 83.4554, -160.7852, -78.1997, 139.6662, -101.889, 104.8393, -112.0349, 86.5865, -121.2236, 73.9179, -130.5358, 63.443, -140.6255, 53.8723, -152.5361, 44.4076, -168.8774, 33.5254, 161.9219, -35.6999, 105.1116, -152.6487, 59.3935, -163.7225, 37.1128, -173.01, 23.0323, 177.8058, 11.9667, 168.067, 2.1503, 156.9391, -7.3083, 142.5564, -17.5222, 119.2353, -38.693, 71.0004, 157.2546, 15.6887, 144.5513, -11.9308, 135.0851, -27.7656, 125.9651, -39.5271, 116.4673, -49.6427, 105.8766, -59.1703, 92.7697, -69.0685, 73.1146, -83.8778, 33.8065, 108.5448, -26.3364, 92.7952, -60.5464, 83.0758, -78.5001, 73.9747, -91.0535, 64.6428, -101.5079, 54.4297, -111.1505, 42.1867, -120.9033, 24.8819, -133.569, -7.5607, 63.1462, -67.333, 41.0041, -108.801, 30.9678, -129.2163, 21.855, -142.6368, 12.6369, -153.4539, 2.6933, -163.2384, -8.9496, -172.9382, -24.6994, 175.3717, -52.3956, 27.461, -108.5207, -10.8456, -156.8544, -21.2395, -179.9828, -30.3813]"
2025-12-12,39.9289,116.388,0.0489163237311324,LEGION 3,60452,15.0,"[15.8884, -11.026, -34.9422, -45.1256, -32.941, -8.4276, 18.3198, 39.7926, 43.7781, 26.5841, 0.555, -25.5878, -43.3841, -40.5118, -19.6369, 7.0228, 31.8849, 45.0382, 35.7717, 12.1184, -14.8109, -37.5815, -44.686, -29.8731, -4.5723, 21.9325, 41.7704, 42.3729, 23.1355, -3.3365, -28.9152, -44.4648, -38.2956, -15.9654, 10.8576, 34.8108, 45.131, 32.9296, 8.2884, -18.5197, -39.9026, -43.7455, -26.6054, -0.6947, 25.4223, 43.3329, 40.5344, 19.5528, -7.2116, -32.0528, -45.0515, -35.7481, -12.2112, 14.6402, 37.468, 44.7032, 29.8459, 4.4188, -22.1288, -41.8564, -42.3347, -23.173, 3.1871, 28.7592, 44.4349, 38.3109, 15.8636, -11.0518, -34.962, -45.1242, -32.9171, -8.396, 18.3494, 39.8092, 43.7697, 26.5612, 0.5287, -25.6118, -43.3939, -40.4955, -19.6068, 7.0548, 31.9091, 45.0409, 35.7527, 12.0925, -14.837, -37.5998, -44.6805, -29.8468, -4.5397, 21.9617, 41.7842, 42.361, 23.1111, -3.3634, -28.9387, -44.4713, -38.2759, -15.9338, 10.8897, 34.8333, 45.1297, 32.9084, 8.2615, -18.5459, -39.9189, -43.7359, -26.5769, -0.6613, 25.4508, 43.3434, 40.5193, 19.527, -7.2392, -32.0755, -45.0541, -35.7253, -12.1783, 14.6724, 37.4885, 44.6979, 29.8227, 4.391, -22.155, -41.8701, -42.321, -23.1425, 3.221, 28.7867, 44.4417, 38.2929, 15.8365, -11.0797, -34.9835, -45.1227, -32.8914, -8.362, 18.3813, 39.8271, 43.7605, 26.5362, 0.5001, -25.6377]","[-140.1094, -115.0543, -84.7733, -38.6372, 5.9673, 35.0518, 60.1881, 94.3323, 143.4837, -176.5677, -149.8363, -123.4071, -84.3678, -35.1537, -0.3158, 24.9435, 53.5626, 97.5447, 144.4544, 175.3296, -159.657, -127.5259, -79.6568, -37.4254, -9.7118, 15.8938, 52.3813, 102.0384, 139.4572, 165.3643, -167.1997, -125.6355, -77.3923, -44.7368, -19.7722, 10.4162, 56.6025, 101.4482, 130.654, 155.8813, -169.8751, -120.8553, -81.1396, -54.5161, -28.1776, 10.8098, 60.2331, 95.2443, 120.5948, 149.3178, -166.6912, -120.0362, -89.3103, -64.3859, -32.345, 15.6166, 58.0781, 85.9014, 111.601, 148.1784, -162.3393, -125.1328, -99.3258, -71.9823, -30.4447, 18.0278, 50.8366, 75.891, 106.1858, 152.34, -163.0704, -133.9974, -108.859, -74.6995, -25.5452, 14.3834, 41.1081, 67.5444, 106.605, 155.8177, -169.3615, -144.1058, -115.4766, -71.4796, -24.5863, 6.2754, 31.29, 63.4375, 111.3212, 153.5353, -178.7608, -153.1511, -116.6467, -66.992, -29.5928, -3.6905, 23.755, 65.3411, 113.5772, 146.2168, 171.1798, -158.6195, -112.4208, -67.5945, -38.4001, -13.1697, 21.0928, 70.1226, 109.8195, 136.4353, 162.7801, -158.2147, -108.7993, -73.8065, -48.4589, -19.7238, 24.2884, 70.9313, 101.643, 126.5677, 158.6233, -153.4066, -110.9663, -83.1524, -57.4476, -20.8491, 28.6375, 65.8251, 91.6263, 118.9785, 160.5339, -151.0069, -118.2147, -93.1613, -62.8518, -16.6784, 27.8951, 56.9558, 82.0966, 116.2729, 165.4306, -154.6625, -127.9452, -101.5013]"
2026-01-27,39.9289,116.388,0.0489163237311324,ICEYE-X46,63258,23.8,"[-2.6992, -40.0291, -75.7086, -63.7373, -27.0047, 10.4392, 47.7276, 81.2947, 55.8916, 18.762, -18.721, -55.7446, -81.444, -48.2096, -11.0187, 26.4528, 63.3317, 75.9155, 40.1207, 2.7255, -34.6664, -70.9451, -68.8313, -32.3888, 5.0161, 42.3786, 77.7591, 61.1447, 24.1745, -13.3095, -50.462, -82.1944, -53.5075, -16.4321, 21.0448, 58.1072, 80.011, 45.48, 8.1501, -29.2875, -65.9169, -73.7322, -37.7577, -0.4074, 37.0087, 73.1978, 66.3195, 29.578, -7.8917, -45.1451, -79.6827, -58.7632, -21.8376, 15.6297, 52.8241, 82.2813, 50.8143, 13.5725, -23.8954, -60.7571, -78.204, -43.1079, -5.8294, 31.6229, 68.2446, 71.3555, 34.9699, -2.4698, -39.8024, -75.5155, -63.9557, -27.233, 10.2098, 47.5023, 81.1837, 56.1143, 18.9905, -18.4926, -55.522, -81.5434, -48.4345, -11.2476, 26.2247, 63.1131, 76.106, 40.3468, 2.9541, -34.4397, -70.7367, -69.0432, -32.6159, 4.7874, 42.1528, 77.5809, 61.3641, 24.402, -13.0815, -50.2385, -82.1463, -53.7302, -16.6601, 20.817, 57.8863, 80.1553, 45.7044, 8.3779, -29.0609, -65.7017, -73.9319, -37.9834, -0.6355, 36.7829, 72.9957, 66.534, 29.8043, -7.6642, -44.921, -79.5297, -58.9831, -22.0645, 15.4023, 52.6019, 82.308, 51.0368, 13.7994, -23.669, -60.5387, -78.3749, -43.332, -6.0567, 31.3972, 68.0329, 71.5612, 35.1949, -2.2429, -39.5782, -75.3236, -64.1716, -27.4588, 9.983, 47.2793, 81.0696, 56.3344, 19.2165]","[154.9662, 146.3327, 118.4676, -16.4253, -30.8155, -38.6768, -48.274, -103.615, 146.6291, 135.2867, 127.5446, 116.2598, 8.3563, -48.7547, -58.4174, -66.2661, -80.4644, 144.9032, 116.5135, 107.8625, 99.6481, 79.5734, -59.7588, -77.6856, -85.767, -94.6494, -128.3824, 101.4665, 88.2955, 80.4999, 70.4375, -1.2229, -94.7691, -105.4786, -113.2293, -125.251, 114.4007, 70.032, 60.7656, 52.8247, 37.1379, -100.4796, -124.4349, -132.8696, -141.2535, -164.3743, 57.3596, 41.3782, 33.4212, 24.2111, -18.1023, -140.2678, -152.4962, -160.2533, -170.8197, 99.2224, 23.833, 13.6888, 5.9009, -7.0877, -135.6877, -171.0161, -179.9714, 171.9806, 154.5369, 15.1521, -5.4361, -13.6768, -22.289, -49.7131, 175.0579, 160.5495, 152.6813, 143.1196, 89.023, -21.9471, -33.3528, -41.095, -52.3183, -158.9286, 142.6406, 132.9408, 125.0983, 111.0119, -23.2505, -52.1078, -60.7805, -68.9805, -88.8184, 131.8027, 113.6836, 105.5902, 96.7326, 63.6093, -67.0759, -80.3415, -88.1416, -98.1616, -168.2644, 96.6436, 85.881, 78.132, 66.1834, -53.252, -98.5796, -107.8769, -115.8091, -131.3555, 91.237, 66.9403, 58.4873, 50.1204, 27.3099, -111.1248, -127.2551, -135.2215, -144.4019, 174.1517, 51.1717, 38.8655, 31.1059, 20.5891, -67.7721, -144.7644, -154.9526, -162.7365, -175.6357, 56.3706, 20.3673, 11.3857, 3.3487, -13.9191, -153.2235, -174.0645, 177.68, 169.0884, 142.0884, 6.5419, -8.0858, -15.9611, -25.4881, -78.3859, 169.4768, 158.0075]"
2021-11-29,21.4167,121.5,0.0485733882030119,PELICAN-3 300A,65315,18.7,"[-0.2015, -38.3877, -75.1645, -63.9988, -26.3852, 11.8984, 49.9938, 82.7481, 52.2968, 14.2429, -24.0511, -61.7523, -77.1515, -40.7053, -2.5471, 35.7142, 72.8907, 66.2855, 28.6567, -9.6414, -47.6949, -81.9705, -54.8826, -16.9779, 21.3309, 59.2222, 79.0952, 42.9956, 4.8016, -33.434, -70.6717, -68.7275, -31.3556, 6.8968, 45.0654, 80.5679, 57.1858, 19.2397, -19.0675, -56.9197, -80.8411, -45.6356, -7.5478, 30.7422, 68.2663, 70.976, 33.6329, -4.6421, -42.7728, -78.8157, -59.7339, -21.9644, 16.3366, 54.3488, 82.1388, 47.9319, 9.8034, -28.4688, -65.992, -73.3146, -36.3139, 1.8946, 40.1191, 76.7761, 62.0331, 24.2304, -14.0775, -52.047, -82.8022, -50.5446, -12.5443, 25.7612, 63.5099, 75.4677, 38.5975, 0.3589, -37.8336, -74.6758, -64.5329, -26.9421, 11.3386, 49.4433, 82.6379, 52.8455, 14.8022, -23.494, -61.2143, -77.608, -41.2576, -3.1064, 35.1589, 72.3835, 66.816, 29.2133, -9.0829, -47.146, -81.705, -55.4264, -17.5352, 20.7734, 58.68, 79.508, 43.5476, 5.36, -32.8805, -70.1565, -69.248, -31.9094, 6.3388, 44.5146, 80.1974, 57.7287, 19.7964, -18.5115, -56.3783, -81.1751, -46.1837, -8.1047, 30.1877, 67.7415, 71.4887, 34.1864, -4.0853, -42.2237, -78.3865, -60.271, -22.5189, 15.7805, 53.8044, 82.351, 48.4797, 10.3595, -27.916, -65.4646, -73.8108, -36.8642, 1.3387, 39.5685, 76.3078, 62.5683, 24.7844, -13.5229, -51.5039, -82.8394]","[4.8659, -3.3361, -28.4448, -167.7427, 178.392, 170.7865, 161.1801, 86.5742, -5.9009, -15.9415, -23.4985, -36.3203, -171.9151, 158.363, 149.9635, 141.9459, 120.5319, -21.2987, -36.4923, -44.1674, -53.3938, -110.8785, 139.7878, 129.1814, 121.6557, 109.7772, -19.8912, -56.3629, -65.0, -72.8778, -91.6186, 125.6594, 108.7133, 100.9369, 92.059, 47.667, -74.5159, -85.7517, -93.269, -104.414, 135.341, 89.0423, 80.1013, 72.347, 55.7507, -87.0469, -106.1311, -114.0248, -122.6296, -157.9052, 71.433, 59.3916, 51.8615, 41.3705, -65.6296, -125.5846, -134.8566, -142.522, -157.5115, 61.1157, 39.1247, 31.0736, 22.7198, -6.0263, -142.5613, -155.5193, -163.0814, -173.0596, 97.591, 19.9464, 10.2535, 2.6604, -10.9774, -149.9253, -175.6657, 176.1089, 167.9496, 143.7529, 3.7985, -10.3476, -17.9675, -27.48, -97.9483, 165.4608, 155.3062, 147.7578, 135.157, 0.7089, -30.3419, -38.7934, -46.7759, -67.5144, 150.3135, 134.7719, 127.0773, 117.9309, 63.7273, -48.8268, -59.5692, -67.0912, -78.7884, 153.2967, 114.9414, 106.2434, 98.3944, 80.1696, -62.6299, -80.0178, -87.8194, -96.6299, -138.675, 96.897, 85.4997, 77.9817, 66.9879, -50.6606, -99.6416, -108.6548, -116.3863, -132.5823, 84.7953, 65.1428, 57.2182, 48.6708, 15.0326, -117.1179, -129.3544, -136.8901, -147.2552, 109.3437, 45.7445, 36.3882, 28.7402, 14.0693, -126.8514, -149.5949, -157.6838, -165.9896, 166.4224, 28.9317, 15.7375, 8.1652, -1.7065, -86.8323]"
2026-05-12,39.9289,116.388,0.0482304526748914,ICEYE-X49,62384,23.6,"[-40.839, -43.1676, -25.0934, 1.0338, 26.9165, 43.8662, 39.6505, 18.104, -8.6535, -33.1177, -45.1331, -34.8086, -10.9152, 15.9088, 38.2842, 44.456, 28.8754, 3.3334, -23.0454, -42.2725, -41.9309, -22.3383, 4.1032, 29.5088, 44.6115, 37.8082, 15.1716, -11.6751, -35.3658, -45.0917, -32.5203, -7.8868, 18.8268, 40.0725, 43.6353, 26.2548, 0.2616, -25.7788, -43.439, -40.433, -19.5036, 7.161, 31.9788, 45.043, 35.7637, 12.1907, -14.6605, -37.4405, -44.7277, -30.0856, -4.8344, 21.6821, 41.6281, 42.5207, 23.5332, -2.8108, -28.4142, -44.3169, -38.6977, -16.6025, 10.1979, 34.3071, 45.1512, 33.5409, 9.1723, -17.5994, -39.3185, -44.049, -27.5242, -1.7672, 24.4614, 42.9264, 41.1332, 20.726, -5.8749, -30.9348, -44.8888, -36.7496, -13.647, 13.2042, 36.4723, 44.9339, 31.1621, 6.1262, -20.4801, -40.9754, -43.0697, -24.8537, 1.3055, 27.1505, 43.9445, 39.4963, 17.8472, -8.9213, -33.3224, -45.1425, -34.6129, -10.6484, 16.1697, 38.4515, 44.3956, 28.6479, 3.0622, -23.2903, -42.3866, -41.8087, -22.0903, 4.375, 29.7333, 44.6627, 37.6346, 14.9094, -11.9407, -35.5565, -45.0724, -32.3102, -7.6168, 19.0832, 40.2206, 43.5479, 26.0172, -0.0107, -26.0162, -43.5286, -40.2884, -19.2485, 7.432, 32.1921, 45.0658, 35.573, 11.9242, -14.9231, -37.6152, -44.68, -29.863, -4.562, 21.9329, 41.7546, 42.4079, 23.2868, -3.0834, -28.6427, -44.3803, -38.5329]","[23.2094, 72.4727, 111.0461, 137.2719, 164.0089, -155.9448, -106.9552, -72.9782, -47.859, -18.6758, 26.0423, 72.0031, 102.1304, 127.0943, 159.7874, -151.8833, -110.3212, -82.9413, -57.1515, -20.0376, 29.3964, 66.0107, 91.6625, 119.2663, 161.3134, -150.6205, -118.3215, -93.3778, -62.8954, -16.535, 27.7232, 56.5966, 81.776, 116.185, 165.3369, -155.1094, -128.553, -102.1468, -63.0581, -13.9125, 20.8343, 46.0768, 74.7237, 118.6924, 165.4595, -163.7558, -138.8286, -106.8725, -59.1547, -16.779, 11.0179, 36.5742, 72.8361, 122.372, 159.9296, -174.1664, -146.9737, -105.8859, -57.4707, -24.4622, 0.5326, 30.4012, 76.1287, 121.2935, 150.7381, 175.8077, -150.5971, -101.8813, -61.4843, -34.5877, -8.4903, 29.7265, 79.185, 114.8172, 140.236, 168.3891, -148.5686, -101.283, -69.8583, -44.9519, -13.6838, 33.5538, 76.8958, 105.1789, 130.551, 165.9324, -144.7704, -106.3717, -80.2029, -53.3958, -13.1711, 35.753, 69.5749, 94.6718, 123.9623, 168.8348, -145.3447, -115.3348, -90.3579, -57.5186, -9.1, 32.2849, 59.5845, 85.4218, 122.7075, 172.135, -151.4196, -125.8102, -98.1207, -55.8986, -7.9341, 24.2234, 49.1589, 79.7645, 126.2579, 170.3561, -160.8726, -135.6659, -101.0972, -51.8932, -12.5186, 13.9726, 40.4413, 79.7069, 128.8057, 163.3933, -171.3922, -142.6436, -98.5106, -51.8754, -21.2174, 3.7157, 35.8105, 83.6326, 125.836, 153.5464, 179.1444, -144.4229, -94.8754, -57.4933, -31.6394, -4.3689, 36.8954, 85.2262]"
2020-02-06,30.5833,114.267,0.0475445816186505,OBJECT Q,51838,6.4,"[44.6611, -20.7431, -4.4334, 46.3525, -56.5961, 73.2028, -59.8324, 23.8041, 8.4874, -25.8351, 71.2751, -79.271, 52.2332, -31.5008, 3.1931, 36.3923, -48.0083, 80.1245, -69.931, 31.5789, -2.6377, -17.6036, 62.0612, -70.8821, 60.4285, -42.9163, 11.3156, 25.3841, -38.9968, 82.0854, -79.3862, 39.9477, -14.6464, -8.9425, 51.5813, -61.2133, 69.1877, -54.8421, 19.9578, 13.3235, -29.6012, 74.8747, -81.7046, 48.946, -27.4474, 0.1583, 39.9095, -50.9859, 78.0248, -67.0137, 29.1553, 0.2409, -19.8369, 64.3162, -72.8669, 58.5988, -40.899, 9.7235, 27.0535, -40.3837, 82.4521, -78.5064, 38.9555, -13.7821, -9.6989, 52.1387, -61.6588, 68.8468, -54.7919, 19.7933, 13.0324, -29.4682, 74.5229, -81.4058, 49.4117, -28.6007, 0.8381, 38.5874, -49.8709, 78.9797, -68.7458, 30.4248, -2.0845, -18.2498, 62.1789, -70.7815, 60.555, -43.9989, 11.8199, 23.7155, -37.7857, 81.3322, -80.9564, 41.6886, -18.1515, -6.7052, 48.0182, -57.9612, 72.231, -59.659, 23.3136, 7.5894, -25.4641, 70.1115, -77.9094, 53.655, -34.9341, 5.2176, 32.3415, -44.7249, 82.1243, -74.836, 35.4059, -9.6444, -12.8926, 55.456, -64.5505, 66.3164, -52.0993, 17.5973, 15.2467, -31.2999, 75.9589, -82.0422, 48.1942, -27.7295, -0.0138, 38.9866, -50.2223, 78.8747, -69.0852, 30.5383, -3.1112, -17.7007, 61.0085, -69.555, 61.7371, -46.294, 13.2654, 20.9238, -35.7148, 79.7174, -82.3499, 44.1629]","[162.3243, -16.2673, 163.985, -11.9182, 168.4697, 128.5668, -42.0262, 144.4438, -34.3073, 145.0452, -19.2078, 178.3377, 122.4032, -55.6589, 125.3454, -51.8954, 127.7644, 68.224, -87.5714, 105.5024, -73.407, 106.1548, -65.1925, 119.4822, 81.1801, -95.6742, 86.6243, -91.5006, 87.8603, -32.4912, -148.2047, 66.1909, -112.6552, 67.3175, -107.5824, 73.5194, 36.7979, -137.0059, 47.7638, -130.9165, 48.4101, -110.2936, 100.6641, 26.2157, -152.2229, 28.4796, -148.4131, 31.4317, -18.5831, 178.158, 8.6665, -170.2928, 9.2188, -160.9624, 25.1288, -15.1334, 167.5425, -10.4209, 171.5101, -9.0929, -120.5292, 118.6986, -30.8505, 150.2057, -29.8401, 155.3514, -23.4787, -60.094, 125.756, -49.47, 131.7858, -48.8706, 151.7048, -0.2884, -71.1848, 110.3272, -68.866, 114.042, -66.1863, -119.8972, 79.2273, -88.8097, 92.1485, -88.2687, 100.3634, -75.164, -113.4051, 69.5418, -107.9593, 73.7221, -106.9118, 122.4255, 6.519, -128.7205, 52.3359, -127.4926, 56.7793, -122.6863, -161.6362, 26.2905, -147.2544, 33.8002, -146.7877, 47.5321, -119.3635, -169.8851, 11.9297, -166.691, 15.5578, -164.9111, 115.0125, -27.1346, 173.0144, -6.0984, 173.7268, -0.2576, -178.4421, 145.4262, -30.1069, 153.9842, -24.772, 154.5863, -1.8526, -148.196, 132.3203, -46.3899, 134.3818, -42.7349, 137.0631, 83.733, -77.996, 114.3083, -64.8468, 114.7906, -57.1892, 126.4926, 89.0561, -87.9231, 94.9826, -83.5627, 95.8068, -47.0756, -170.6185, 73.8158]"
2023-04-28,36.0,109.0,0.0475445816186505,SKYSAT C15,45790,21.5,"[-9.3803, -6.719, -3.7345, -0.3451, 3.5613, 8.1409, 13.6148, 20.2935, 28.5736, 38.7204, 49.3863, 51.9013, 35.8063, 12.5384, -6.756, -20.4887, -30.0523, -36.8031, -41.6483, -45.1645, -47.7249, -49.5797, -50.9028, -51.8187, -52.4192, -52.7727, -52.9314, -52.9352, -52.8151, -52.5952, -52.2945, -51.9279, -51.507, -51.0413, -50.538, -50.003, -49.441, -48.8555, -48.2495, -47.6252, -46.9842, -46.3278, -45.657, -44.9722, -44.2738, -43.5618, -42.8363, -42.0968, -41.3428, -40.5737, -39.7888, -38.9869, -38.1671, -37.3278, -36.4678, -35.5851, -34.678, -33.7442, -32.7812, -31.7863, -30.7563, -29.6875, -28.576, -27.417, -26.205, -24.9337, -23.5958, -22.1827, -20.6841, -19.0879, -17.3792, -15.5401, -13.5487, -11.3772, -8.9908, -6.3447, -3.3806, -0.0208, 3.8394, 8.3443, 13.6932, 20.1582, 28.0747, 37.6627, 47.974, 52.8479, 41.8824, 21.0621, 1.6289, -13.0962, -23.7198, -31.4131, -37.0744, -41.3033, -44.4951, -46.9157, -48.7499, -50.1298, -51.1525, -51.8909, -52.4008, -52.7258, -52.8999, -52.9503, -52.8984, -52.7618, -52.5544, -52.2876, -51.9707, -51.6111, -51.2151, -50.7877, -50.3329, -49.8542, -49.3541, -48.835, -48.2986, -47.7463, -47.1792, -46.598, -46.0035, -45.396, -44.7756, -44.1425, -43.4966, -42.8376, -42.1652, -41.4789, -40.7782, -40.0622, -39.3303, -38.5813, -37.8142, -37.0278, -36.2206, -35.3911, -34.5375, -33.6578, -32.7498, -31.8109, -30.8383, -29.8288, -28.7787, -27.6839]","[-76.6489, -80.3884, -84.3444, -88.5862, -93.2173, -98.4012, -104.4138, -111.764, -121.5042, -136.1407, -162.212, 151.9037, 109.0172, 84.0303, 67.5657, 54.6382, 43.4485, 33.28, 23.8175, 14.9141, 6.4988, -1.4656, -9.003, -16.1334, -22.8778, -29.2587, -35.3007, -41.0292, -46.4697, -51.6473, -56.5859, -61.3079, -65.834, -70.1833, -74.3729, -78.4184, -82.3339, -86.1322, -89.8245, -93.421, -96.9311, -100.3629, -103.7241, -107.0213, -110.2609, -113.4483, -116.5887, -119.687, -122.7474, -125.774, -128.7708, -131.7412, -134.6886, -137.6164, -140.5277, -143.4256, -146.3131, -149.1932, -152.069, -154.9436, -157.8204, -160.7026, -163.5939, -166.4983, -169.42, -172.3639, -175.3354, -178.3407, 178.6131, 175.5174, 172.3619, 169.1341, 165.8186, 162.3954, 158.8391, 155.1154, 151.1774, 146.9585, 142.3603, 137.2289, 131.3095, 124.1429, 114.813, 101.2496, 78.3504, 38.1097, -5.6059, -32.9588, -50.297, -63.3153, -74.2485, -84.0088, -93.0118, -101.463, -109.4696, -117.0899, -124.3575, -131.2942, -137.9164, -144.2391, -150.2771, -156.0461, -161.5621, -166.8416, -171.9012, -176.7573, 178.5745, 174.0792, 169.7427, 165.5517, 161.4939, 157.5581, 153.734, 150.0119, 146.3832, 142.8399, 139.3747, 135.981, 132.6527, 129.3842, 126.1704, 123.0066, 119.8884, 116.8118, 113.7731, 110.7688, 107.7957, 104.8506, 101.9307, 99.0333, 96.1557, 93.2955, 90.4501, 87.6171, 84.7943, 81.9792, 79.1695, 76.3629, 73.5567, 70.7486, 67.9359, 65.1156, 62.2848, 59.4401]"
2023-04-28,36.0,109.0,0.0475445816186505,ICEYE-X63,67372,24.3,"[-82.1992, -52.922, -16.0172, 21.2603, 58.0931, 80.0659, 45.9083, 8.8194, -28.4128, -64.8943, -74.7301, -39.1046, -1.9588, 35.2613, 71.3847, 68.3486, 31.9867, -5.2463, -42.3398, -77.4201, -61.7789, -25.1493, 12.1101, 49.1538, 81.7121, 54.8856, 17.9727, -19.293, -56.1067, -81.2442, -48.125, -11.118, 26.1512, 62.8151, 76.4675, 41.0683, 3.9145, -33.2822, -69.4766, -70.376, -34.2493, 2.9483, 40.122, 75.6805, 63.7248, 27.1074, -10.149, -47.1651, -80.752, -57.0559, -20.2622, 17.0118, 53.9554, 81.9959, 50.091, 13.0732, -24.1803, -60.8396, -78.1722, -43.3028, -6.2144, 31.0338, 67.4597, 72.2426, 36.2115, -0.9913, -38.1393, -73.8827, -65.82, -29.3808, 7.8551, 44.9668, 79.4483, 59.0156, 22.2192, -15.0479, -51.967, -82.2397, -52.2871, -15.3678, 21.9087, 58.7214, 79.6501, 45.2689, 8.1698, -29.0591, -65.5092, -74.1696, -38.4611, -1.3081, 35.9059, 71.9707, 67.7434, 31.3413, -5.8963, -42.9812, -77.9225, -61.1552, -24.5013, 12.7601, 49.7914, 81.9167, 54.2528, 17.3238, -19.9416, -56.7377, -80.9264, -47.486, -10.4676, 26.7989, 63.4355, 75.9328, 40.426, 3.2642, -33.9276, -70.0744, -69.7796, -33.6036, 3.5993, 40.7651, 76.2198, 63.1051, 26.4601, -10.799, -47.8042, -81.0875, -56.4246, -19.6128, 17.6617, 54.5892, 81.8129, 49.4536, 12.4232, -24.8284, -61.4642, -77.6764, -42.6606, -5.5632, 31.6806, 68.0669, 71.6581, 35.5667, -1.6421, -38.7833]","[-179.536, 92.3338, 81.6709, 73.8732, 61.7543, -57.0534, -102.5561, -111.9468, -119.9025, -135.0977, 89.2272, 63.1299, 54.5213, 46.2091, 25.3604, -113.2253, -130.9344, -139.05, -147.9822, 179.0034, 48.8211, 35.2642, 27.4041, 17.4951, -45.233, -147.3014, -158.4577, -166.2419, -177.7268, 73.6607, 17.681, 7.9559, 0.0685, -13.9966, -146.6532, -176.8301, 174.3683, 166.1855, 147.456, 8.7465, -10.9133, -19.1554, -27.864, -56.0476, 169.7139, 155.1757, 147.2616, 137.6912, 86.8241, -26.7565, -38.528, -46.3175, -57.2364, -153.2832, 137.8939, 127.8145, 119.9768, 106.8332, -20.9643, -56.6912, -65.736, -73.8055, -90.7849, 131.0399, 109.0691, 100.6913, 92.1676, 67.6596, -69.0616, -84.8442, -92.8382, -102.1001, -143.8026, 93.8003, 81.3592, 73.5522, 63.1029, -18.1637, -101.7528, -112.2728, -120.0772, -132.4138, 106.2748, 63.4161, 54.1145, 46.1345, 30.5557, -105.8401, -130.8634, -139.4155, -147.7725, -169.3744, 52.2996, 35.0956, 27.0124, 18.0068, -16.7664, -145.4119, -158.6914, -166.537, -176.5615, 116.5971, 18.5891, 7.5967, -0.1898, -11.8622, -123.8375, -176.3624, 174.0159, 166.1099, 151.7257, 17.9588, -10.8318, -19.5688, -27.7899, -47.1259, 174.1429, 155.1102, 146.9074, 138.1355, 108.6171, -24.5724, -38.7834, -46.6782, -56.3497, -110.5445, 139.1029, 127.5236, 119.7371, 108.6575, 8.4481, -56.1652, -66.1268, -73.9783, -87.3923, 143.1836, 109.2958, 100.3262, 92.225, 74.7541, -63.7217, -84.9135, -93.2455, -101.8245]"
2020-07-12,24.1098,113.005,0.0475445816186505,OBJECT D,56156,25.0,"[75.2936, 63.88, 26.6505, -11.183, -48.74, -81.9678, -54.5958, -17.1665, 20.674, 58.1049, 79.9667, 44.9018, 7.209, -30.5787, -67.5103, -72.0449, -35.4582, 2.2881, 40.039, 76.2038, 62.8526, 25.581, -12.2549, -49.7915, -82.2976, -53.5506, -16.0957, 21.7451, 59.1453, 79.2233, 43.8424, 6.1356, -31.6439, -68.5126, -71.071, -34.3949, 3.3616, 41.1014, 77.0897, 61.8217, 24.5111, -13.3268, -50.8418, -82.4899, -52.5038, -15.0244, 22.816, 60.1836, 78.4286, 42.7819, 5.062, -32.7088, -69.5085, -70.0875, -33.3309, 4.4353, 42.1632, 77.946, 60.7876, 23.4406, -14.3986, -51.891, -82.5341, -51.4554, -13.9528, 23.8867, 61.2194, 77.5926, 41.7205, 3.9883, -33.7733, -70.497, -69.0957, -32.2662, 5.5092, 43.2244, 78.7659, 59.7506, 22.3696, -15.4703, -52.939, -82.4276, -50.4054, -12.8806, 24.9573, 62.2525, 76.723, 40.6581, 2.9143, -34.8373, -71.477, -68.0967, -31.2007, 6.5831, 44.2849, 79.5408, 58.7109, 21.2982, -16.5418, -53.9856, -82.1763, -49.354, -11.8081, 26.0277, 63.2826, 75.8258, 39.5949, 1.8402, -35.9009, -72.447, -67.0913, -30.1345, 7.6572, 45.3447, 80.26, 57.6689, 20.2263, -17.6133, -55.0308, -81.7935, -48.3013, -10.7353, 27.0978, 64.3093, 74.906, 38.5308, 0.766, -36.9639, -73.4054, -66.0803, -29.0676, 8.7313, 46.4037, 80.9101, 56.6246, 19.154, -18.6846, -56.0744, -81.2965, -47.2472, -9.662, 28.1677, 65.3323, 73.9674]","[-109.9274, 112.9873, 98.7447, 90.9741, 81.3535, 19.2606, -84.475, -95.2932, -102.9629, -114.7977, 122.5962, 79.8183, 70.7494, 62.8434, 46.32, -93.9105, -114.9174, -123.0876, -131.6241, -160.0605, 64.4598, 50.7372, 42.9942, 33.1928, -35.9916, -132.7128, -143.2795, -150.958, -163.1461, 70.4874, 31.7109, 22.7734, 14.819, -2.504, -143.1312, -162.9589, -171.062, -179.7003, 149.4928, 15.9791, 2.7326, -4.987, -14.9824, -91.7606, 179.0687, 168.7357, 161.0445, 148.4733, 18.9407, -16.3869, -25.202, -33.2098, -51.4199, 167.7793, 149.0047, 140.9633, 132.2156, 98.6746, -32.4596, -45.269, -52.9694, -63.1733, -147.7824, 130.868, 120.7524, 113.0444, 100.0571, -32.1244, -64.4759, -73.177, -81.2433, -100.441, 118.8036, 100.9732, 92.9881, 84.1229, 47.4175, -80.8607, -93.2681, -100.9533, -111.3813, 156.262, 82.6837, 72.7705, 65.0415, 51.6012, -82.7806, -112.5568, -121.1516, -129.2819, -149.5831, 69.927, 52.9462, 45.0124, 36.0211, -4.3556, -129.2276, -141.2646, -148.9388, -159.6078, 100.6769, 34.5145, 24.7898, 17.0357, 3.1012, -133.0913, -160.6299, -169.126, -177.3257, 161.1347, 21.1371, 4.9234, -2.9639, -12.0906, -56.7274, -177.5638, 170.7412, 163.0741, 152.1455, 45.6891, -13.6408, -23.1898, -30.9734, -45.4481, 176.8902, 151.3041, 142.8998, 134.6247, 111.6897, -27.5767, -43.0954, -50.941, -60.2129, -109.778, 134.128, 122.7491, 115.0851, 103.8767, -8.5782, -61.7832, -71.1684, -78.9858, -94.0526, 127.119]"
2023-04-28,39.9289,116.388,0.04720164609053,ICEYE-X39,60546,10.2,"[-80.8847, -47.0045, -9.7125, 27.8221, 64.6906, 74.6866, 38.6623, 1.2269, -36.1884, -72.3859, -67.2872, -30.6616, 6.832, 44.2309, 79.1897, 59.2771, 22.2202, -15.2957, -52.4512, -82.3427, -51.3892, -14.1848, 23.3601, 60.402, 78.3359, 43.0888, 5.7021, -31.7538, -68.2959, -71.4137, -35.1014, 2.3537, 39.8056, 75.6848, 63.5789, 26.6808, -10.8278, -48.0741, -81.4215, -55.7489, -18.6524, 18.8924, 56.0646, 81.2053, 47.5003, 10.1763, -27.3096, -64.0864, -75.3498, -39.5298, -2.1245, 35.3678, 71.7579, 67.8132, 31.1343, -6.3564, -43.6769, -78.688, -60.0752, -23.1142, 14.4203, 51.6936, 82.3608, 51.8929, 14.6484, -22.8574, -59.8059, -78.8951, -43.9444, -6.6012, 30.9197, 67.6287, 71.935, 35.5793, -1.8829, -39.2638, -75.1081, -64.3534, -27.5688, 9.9451, 47.2982, 81.108, 56.2606, 19.117, -18.3985, -55.4791, -81.5465, -48.3424, -11.0753, 26.4632, 63.3898, 75.8485, 40.0137, 2.5917, -34.8376, -71.1569, -68.5579, -32.0149, 5.468, 42.8841, 78.1894, 60.5941, 23.5809, -13.9342, -51.1199, -82.3178, -52.7196, -15.5456, 22.0, 59.0849, 79.3252, 44.4353, 7.0661, -30.4006, -67.0235, -72.6382, -36.4507, 0.9904, 38.4554, 74.5192, 64.8778, 28.0389, -9.4657, -46.7367, -80.728, -57.0697, -20.0109, 17.5315, 54.7367, 81.7928, 48.8409, 11.5391, -25.9544, -62.7894, -76.4847, -40.8745, -3.4868, 34.0149, 70.5163, 69.0835, 32.4893, -4.9941, -42.335, -77.6578]","[-141.7131, 167.3322, 157.8598, 149.9685, 135.0344, -1.6815, -27.3658, -35.8785, -44.1911, -66.0657, 155.0922, 138.4473, 130.4488, 121.35, 81.7174, -43.1411, -55.5601, -63.3201, -73.7836, -160.2812, 120.8972, 110.6544, 102.8736, 90.0203, -38.3248, -74.1514, -83.1084, -91.1545, -108.6016, 112.0767, 91.463, 83.2209, 74.6024, 46.7954, -88.3564, -102.6689, -110.5207, -120.1568, -176.8395, 74.7562, 63.4738, 55.731, 44.3472, -66.5792, -120.7749, -130.329, -138.1968, -152.7669, 71.605, 44.5756, 35.9891, 27.724, 6.6588, -132.6495, -149.7193, -157.7395, -166.7584, 155.9796, 29.0376, 16.328, 8.5527, -1.7634, -83.7775, -167.1778, -177.5322, 174.7005, 162.0982, 36.0068, -2.1843, -11.2394, -19.2535, -36.1805, -175.4029, 163.3068, 155.0312, 146.4723, 119.962, -16.0482, -30.7711, -38.6512, -48.1775, -101.3436, 146.7271, 135.2906, 127.5519, 116.3473, 9.5481, -48.7734, -58.4571, -66.3067, -80.5237, 144.6203, 116.4332, 107.7989, 99.5777, 79.2754, -60.1343, -77.809, -85.872, -94.8091, -130.0655, 101.0769, 88.1495, 80.3692, 70.1841, -6.6157, -95.1295, -105.656, -113.4176, -125.7703, 110.0099, 69.6919, 60.5709, 52.5879, 36.1431, -102.5325, -124.7666, -133.102, -141.6007, -166.9659, 56.0977, 41.0567, 33.1621, 23.7332, -25.828, -141.1586, -152.8272, -160.5724, -171.5954, 85.2337, 23.1282, 13.3547, 5.5253, -8.3692, -141.8511, -171.6191, 179.6664, 171.4877, 151.8872, 12.1883, -5.9726, -14.0609, -22.9251, -56.2266]"
2019-09-05,39.9289,116.388,0.04720164609053,FLOCK 4G 4,62659,29.8,"[-77.1229, -41.1737, -3.4417, 34.4096, 71.2708, 68.1997, 31.1195, -6.7507, -44.436, -79.645, -58.8032, -21.4347, 16.4506, 54.0426, 82.2058, 48.9586, 11.2698, -26.5953, -63.7816, -75.5587, -39.323, -1.5675, 36.2705, 72.9718, 66.4329, 29.2544, -8.6239, -46.2795, -80.8568, -56.9891, -19.5669, 18.3225, 55.8724, 81.4063, 47.1138, 9.396, -28.4584, -65.5625, -73.9315, -37.4702, 0.3068, 38.1296, 74.6338, 64.6513, 27.3881, -10.4964, -48.1198, -81.8224, -55.1691, -17.6981, 20.1936, 57.6967, 80.3093, 45.266, 7.522, -30.32, -67.3298, -72.2585, -35.6154, 2.1811, 39.9865, 76.2431, 62.8576, 25.5207, -12.3682, -49.9567, -82.447, -53.344, -15.8285, 22.0638, 59.5147, 79.0034, 43.4157, 5.6479, -32.1798, -69.0804, -70.5516, -33.7588, 4.0553, 41.8413, 77.7788, 61.0541, 23.6523, -14.2392, -51.7897, -82.6435, -51.5145, -13.9582, 23.9329, 61.3254, 77.554, 41.5629, 3.7738, -34.0379, -70.8098, -68.8186, -31.9006, 5.9293, 43.6936, 79.2099, 59.2423, 21.7831, -16.1093, -53.6184, -82.3788, -49.681, -12.0872, 25.801, 63.1274, 76.0057, 39.708, 1.8998, -35.894, -72.5121, -67.0655, -30.0407, 7.8031, 45.5433, 80.489, 57.4236, 19.9131, -17.9785, -55.4424, -81.6968, -47.844, -10.2157, 27.6678, 64.919, 74.3878, 37.8512, 0.0259, -37.748, -74.1786, -65.2964, -28.1794, 9.6766, 47.3901, 81.5473, 55.5989, 18.0424, -19.8465, -57.261, -80.6889, -46.0038]","[-118.6315, -149.044, -157.5993, -165.6342, 174.5428, 33.2298, 16.3541, 8.4916, -0.4218, -40.6139, -165.8785, -177.7993, 174.5938, 164.0106, 62.3057, -2.2484, -11.8191, -19.5161, -33.5241, -170.7645, 162.7056, 154.3205, 146.1654, 124.156, -16.2229, -31.8069, -39.5925, -48.7459, -96.8283, 145.4359, 134.0877, 126.4905, 115.4435, 2.5693, -50.6246, -59.9069, -67.6604, -82.6691, 137.94, 114.4763, 106.2408, 97.9475, 73.2298, -65.4617, -79.9563, -87.6789, -97.1035, -155.2726, 96.8289, 85.981, 78.3814, 66.8047, -54.8302, -98.9648, -107.9919, -115.8156, -132.0048, 87.2725, 66.2658, 58.1609, 49.7099, 21.5887, -114.5277, -128.0955, -135.7683, -145.4994, 144.0343, 48.289, 37.8798, 30.2658, 18.0814, -110.1449, -147.2734, -156.0749, -163.9829, 178.4224, 37.0823, 18.0721, 10.0805, 1.4501, -31.0111, -163.4521, -176.2254, 176.1388, 166.0607, 81.8878, -0.1935, -10.2167, -17.8571, -30.7423, -163.8162, 164.4457, 155.8438, 147.8362, 128.5508, -12.7396, -30.1067, -38.0011, -46.8346, -84.9008, 147.7405, 135.6528, 128.0417, 117.5702, 19.8723, -48.6263, -58.309, -65.9884, -79.6861, 143.7472, 116.1895, 107.7635, 99.6401, 78.297, -62.2731, -78.2721, -86.0843, -95.1477, -140.4999, 99.0309, 87.5382, 79.9398, 69.021, -40.5079, -97.016, -106.3978, -114.129, -128.7756, 92.2277, 67.9551, 59.6837, 51.4271, 27.5469, -111.5772, -126.4254, -134.1697, -143.4929, 161.7598, 50.4038, 39.4301, 31.8322, 20.4032, -98.5994, -145.3682]"
2026-04-11,39.9289,116.388,0.0468587105624095,FLOCK 4X 2,50996,19.8,"[78.358, -21.1708, -21.2544, 37.9977, 82.2207, 8.0935, -39.0822, 28.3754, 74.9982, 31.6816, -60.819, 18.2012, 65.983, 50.4161, -82.6078, 7.1655, 56.9597, 65.4955, -58.0919, -5.1433, 47.9955, 77.4015, -25.5244, -19.291, 38.9596, 82.5502, 3.8207, -36.0509, 29.6723, 76.2247, 27.8113, -56.3429, 19.9166, 67.4762, 46.9617, -79.5163, 9.4237, 58.6693, 62.4072, -66.2193, -2.1566, 49.9472, 74.8335, -34.6106, -15.2981, 41.2062, 82.4717, -4.7023, -30.6472, 32.2898, 78.5875, 20.4149, -49.0252, 23.0117, 70.2596, 40.6318, -70.9606, 13.146, 61.662, 56.9429, -77.7011, 2.407, 53.1642, 70.2217, -48.6015, -9.583, 44.7098, 80.2522, -18.1953, -23.3347, 36.1691, 81.5447, 8.654, -39.524, 27.3853, 74.3119, 30.6932, -58.898, 18.1735, 65.962, 48.5031, -80.3476, 8.3081, 57.658, 63.0309, -66.9179, -2.4997, 49.4547, 74.8161, -37.3017, -14.6318, 41.2587, 82.3315, -8.6878, -28.5991, 32.9413, 79.3386, 15.9257, -45.0527, 24.3533, 71.5871, 36.0743, -64.5902, 15.3195, 63.4695, 52.481, -82.6596, 5.6254, 55.4594, 65.9655, -61.4907, -5.0026, 47.5416, 76.8233, -32.6995, -16.9245, 39.6201, 82.6476, -5.4197, -30.6149, 31.5755, 78.3011, 17.9804, -46.6648, 23.2718, 70.6492, 37.2331, -65.5763, 14.5509, 62.7955, 53.0171, -82.663, 5.2206, 55.0639, 66.0643, -62.4448, -4.9617, 47.4301, 76.6309, -34.7402, -16.3108, 39.8067, 82.6024, -8.1419]","[-50.4571, -94.3461, 89.0539, 78.0756, 10.9541, -99.7577, 82.8673, 70.5433, 43.4683, -105.5668, 80.8759, 62.7874, 46.0784, -110.482, 141.1178, 54.9687, 42.1414, -112.3473, -143.024, 47.2426, 36.0229, -102.8833, -143.9348, 39.8438, 28.95, -47.5468, -149.2364, 33.3205, 21.4021, -8.4205, -155.1524, 29.774, 13.6178, -4.1368, -160.4376, 53.3927, 5.7499, -7.5739, -163.4156, 163.0003, -2.0652, -13.4889, -158.6273, 165.5712, -9.6423, -20.4688, -119.2006, 160.7431, -16.603, -27.9793, -65.2993, 154.7788, -21.7709, -35.7641, -55.9981, 149.0582, -17.709, -43.6697, -58.0971, 144.8102, 94.8738, -51.5738, -63.4975, 145.0688, 113.3514, -59.3354, -70.2389, 163.3409, 110.0047, -66.7143, -77.6339, -134.632, 104.2348, -73.118, -85.3739, -111.1813, 98.1781, -76.2111, -93.2889, -109.9846, 92.8477, -48.6533, -101.2608, -114.2529, 89.8217, 55.2468, -109.1784, -120.4928, 94.178, 57.8828, -116.8912, -127.6378, 129.6194, 53.066, -124.1095, -135.2545, -175.9808, 46.9812, -130.0409, -143.1266, -164.8817, 40.9413, -131.0445, -151.1235, -166.3862, 35.8966, -68.0457, -159.1457, -171.5366, 33.7117, 0.8835, -167.0901, -178.1606, 40.9887, 0.5352, -174.8074, 174.4938, 85.0728, -4.7417, 177.9999, 166.7575, 130.4944, -10.9643, 172.1562, 158.8054, 138.1301, -17.0603, 171.4658, 150.7481, 135.8191, -22.1466, -125.1688, 142.6727, 130.389, -24.4421, -57.9238, 134.6706, 123.6373, -17.8066, -58.0798, 126.8728, 116.2192, 22.9188, -63.3308]"
2026-04-11,39.9289,116.388,0.0468587105624095,JILIN-01 GAOFEN 2F,49338,29.5,"[-11.5267, -48.9856, -81.864, -54.5897, -17.3111, 20.4645, 57.9096, 79.8918, 44.8498, 7.1223, -30.6192, -67.4039, -72.1719, -35.8045, 1.8307, 39.5644, 75.7906, 63.0819, 25.7707, -12.0623, -49.5086, -82.0328, -54.0712, -16.7777, 21.0003, 58.4321, 79.5311, 44.3177, 6.5848, -31.1504, -67.9019, -71.6924, -35.2759, 2.3668, 40.0973, 76.2412, 62.5649, 25.2339, -12.598, -50.0315, -82.1695, -53.5519, -16.2439, 21.5365, 58.9543, 79.1554, 43.7851, 6.047, -31.6817, -68.3985, -71.21, -34.7468, 2.9033, 40.6303, 76.6857, 62.0467, 24.6967, -13.1339, -50.5543, -82.2725, -53.0319, -15.7096, 22.073, 59.4763, 78.7663, 43.252, 5.5089, -32.2131, -68.8938, -70.7247, -34.2171, 3.4401, 41.1636, 77.1232, 61.5274, 24.1592, -13.6701, -51.0771, -82.3403, -52.5112, -15.1749, 22.6098, 59.998, 78.3651, 42.7184, 4.9706, -32.7446, -69.3876, -70.2368, -33.687, 3.9773, 41.697, 77.5532, 61.007, 23.6213, -14.2064, -51.5998, -82.3719, -51.9898, -14.6398, 23.1469, 60.5193, 77.9528, 42.1843, 4.4319, -33.2763, -69.8797, -69.7464, -33.1563, 4.515, 42.2306, 77.9746, 60.4856, 23.083, -14.743, -52.1225, -82.3668, -51.4676, -14.1041, 23.6844, 61.0403, 77.5306, 41.6497, 3.893, -33.8081, -70.3701, -69.2538, -32.6251, 5.0529, 42.7644, 78.3865, 59.9632, 22.5443, -15.2797, -52.645, -82.325, -50.9448, -13.5681, 24.2221, 61.561, 77.0995, 41.1146, 3.3539, -34.34]","[26.6207, 16.8127, -46.3235, -148.5121, -159.4928, -167.2655, -179.2469, 59.2386, 15.6994, 6.4871, -1.5336, -18.272, -157.4222, -178.999, 172.6964, 164.0733, 135.9872, 0.6783, -13.4221, -21.2849, -31.1844, -97.7409, 163.4493, 152.5982, 144.8216, 132.6648, 9.1639, -32.273, -41.4166, -49.4612, -66.5905, 154.015, 133.0629, 124.7938, 116.1209, 86.9307, -47.4962, -61.3413, -69.1908, -79.1851, -149.2998, 115.4158, 104.6897, 96.9081, 84.5685, -40.7615, -80.243, -89.3203, -97.39, -114.9306, 105.4879, 85.1261, 76.891, 68.1664, 37.7927, -95.6592, -109.2597, -117.0971, -127.1897, 159.0241, 67.3869, 56.7815, 48.9939, 36.464, -90.5471, -128.2106, -137.2238, -145.3199, -163.2938, 56.9942, 37.1905, 28.9882, 20.2099, -11.4341, -143.8112, -157.1774, -165.0037, -175.1982, 107.2603, 19.3627, 8.8737, 1.079, -11.6493, -140.2026, -176.1758, 174.8728, 166.749, 148.3185, 8.5314, -10.7438, -18.9148, -27.7488, -60.7575, 168.0472, 154.9056, 147.0892, 136.7892, 55.4431, -28.6572, -39.0339, -46.8366, -59.7718, 170.2623, 135.8611, 126.9694, 118.8167, 99.9044, -39.9025, -58.677, -66.8179, -75.7097, -110.1857, 119.9154, 106.9892, 99.1818, 88.7723, 3.6098, -76.6728, -86.9411, -94.7529, -107.904, 120.8387, 87.9001, 79.0662, 70.883, 51.462, -88.3093, -106.6089, -114.7212, -123.6729, -159.728, 71.7929, 59.0734, 51.274, 40.7508, -48.2015, -124.6845, -134.848, -142.67, -156.0465, 71.5179, 39.9412, 31.163, 22.9481]"
2015-01-04,23.1167,113.25,0.0468587105624095,FLOCK 4H 17,66720,25.1,"[-69.6363, -18.7888, 33.2205, 81.4121, 42.0161, -9.9288, -61.2698, -65.1867, -14.0394, 37.9432, 82.6208, 37.3065, -14.6804, -65.7922, -60.6557, -9.2894, 42.647, 81.0712, 32.5889, -19.4206, -70.2173, -56.0756, -4.5403, 47.3289, 77.7756, 27.8656, -24.148, -74.4718, -51.463, 0.2062, 51.9845, 73.7674, 23.1386, -28.8608, -78.3786, -46.8279, 4.9484, 56.6075, 69.4611, 18.4099, -33.5574, -81.4613, -42.1762, 9.6848, 61.1874, 65.0112, 13.6811, -38.2359, -82.6186, -37.5119, 14.4138, 65.7063, 60.4826, 8.954, -42.894, -81.0771, -32.8379, 19.1336, 70.1299, 55.9068, 4.2301, -47.5287, -77.8267, -28.1566, 23.8427, 74.3858, 51.3004, -0.4889, -52.1361, -73.8719, -23.4698, 28.5394, 78.3007, 46.673, -5.2014, -56.7099, -69.6199, -18.7792, 33.2219, 81.4087, 42.0307, -9.9059, -61.2401, -65.2236, -14.0866, 37.8883, 82.6232, 37.3775, -14.6007, -65.7093, -60.7478, -9.3934, 42.5361, 81.138, 32.7166, -19.2844, -70.0844, -56.2235, -4.7013, 47.1625, 77.9155, 28.0501, -23.9555, -74.2962, -51.6675, -0.0117, 51.7633, 73.9742, 23.3802, -28.6123, -78.1802, -47.0891, 4.6736, 56.3325, 69.7308, 18.7086, -33.2532, -81.3001, -42.4944, 9.3532, 60.8604, 65.3415, 14.0369, -37.8764, -82.6275, -37.8874, 14.0256, 65.3302, 60.8725, 9.3669, -42.4798, -81.3086, -33.2708, 18.689, 69.7107, 56.3557, 4.7, -47.0606, -78.2048, -28.647, 23.342, 73.9373, 51.8079, 0.0378]","[129.4695, 109.0726, 99.1706, 42.5587, -74.312, -84.8221, -99.6957, 107.6898, 90.7741, 80.6116, -8.6072, -92.9778, -103.0966, -120.3988, 87.1146, 72.5028, 61.9274, -58.3068, -111.5211, -121.3985, -142.3862, 67.2702, 54.2491, 43.0735, -94.7069, -129.9728, -139.7392, -166.6859, 47.8981, 36.004, 23.985, -122.6212, -148.3555, -158.1327, 164.4511, 28.8468, 17.759, 4.5629, -146.4334, -166.6866, -176.5968, 126.2915, 10.0214, -0.4942, -15.3526, -168.1484, 175.0203, 164.8455, 75.3525, -8.6399, -18.7643, -36.0343, 171.3145, 156.7538, 146.163, 26.0464, -27.1799, -37.0613, -57.9849, 151.4943, 138.5042, 127.3117, -10.2257, -45.6289, -55.3963, -82.2155, 132.1387, 120.2628, 108.2277, -38.1305, -64.0091, -73.783, -110.9355, 113.099, 102.0214, 88.8134, -61.9583, -82.3379, -92.2388, -148.8122, 94.2823, 83.7718, 68.9123, -83.691, -100.6286, -110.786, 160.4756, 75.6277, 65.5053, 48.2584, -104.2434, -118.8925, -129.4551, 110.927, 57.0932, 47.2122, 26.3644, -124.076, -137.139, -148.2885, 74.3947, 38.6488, 28.8816, 2.2587, -143.4416, -155.377, -167.348, 46.3574, 20.2725, 10.5001, -26.1622, -162.4891, -173.6143, 173.2726, 22.4636, 1.9474, -7.9492, -63.3341, 178.6882, 168.1408, 153.4237, 0.6951, -16.34, -26.4882, -113.1885, 160.0289, 149.88, 132.8522, -19.8784, -34.6005, -45.1462, -163.0374, 141.491, 131.5939, 111.0979, -39.7242, -52.8438, -63.9644, 159.7974, 123.0442, 113.2719, 87.251, -59.0983, -71.0781]"
2022-01-02,39.9289,116.388,0.0468587105624095,ICEYE-X48,63253,8.2,"[69.5915, 70.0864, 33.657, -3.7289, -40.9912, -76.4795, -62.8866, -26.1505, 11.2591, 48.4874, 81.6117, 55.2578, 18.1773, -19.245, -56.2055, -81.2434, -47.8182, -10.6554, 26.7729, 63.5891, 75.7411, 39.9791, 2.6462, -34.6893, -70.9246, -68.8876, -32.4831, 4.8831, 42.2014, 77.5756, 61.4325, 24.5379, -12.8846, -49.9952, -82.0771, -54.0477, -17.0208, 20.4148, 57.4459, 80.4697, 46.2752, 9.0211, -28.365, -64.9957, -74.6137, -38.7948, -1.4939, 35.8864, 72.1376, 67.4948, 30.8858, -6.5159, -43.7386, -78.6514, -60.2164, -23.3753, 14.0468, 51.225, 82.3211, 52.535, 15.3925, -22.0233, -58.9016, -79.613, -45.0794, -7.8684, 29.5502, 66.2381, 73.3298, 37.2166, -0.1425, -37.449, -73.4228, -66.2845, -29.7151, 7.6728, 44.9555, 79.6224, 58.7416, 21.7568, -15.6682, -52.7188, -82.3174, -51.3283, -14.2369, 23.1981, 60.1458, 78.5932, 43.5245, 6.2324, -31.1343, -67.6175, -72.1588, -36.0359, 1.2964, 38.6526, 74.6032, 64.861, 28.1103, -9.3032, -46.4809, -80.5097, -57.5264, -20.5961, 16.8345, 53.9546, 82.0633, 49.8012, 12.6052, -24.8002, -61.5823, -77.5731, -42.3328, -5.0791, 32.3255, 68.853, 70.8173, 34.4486, -2.932, -40.205, -75.8209, -63.645, -26.9422, 10.4632, 47.7045, 81.2565, 56.0333, 18.9725, -18.451, -55.4331, -81.599, -48.5981, -11.4501, 25.9803, 62.8284, 76.4034, 40.7667, 3.4421, -33.901, -70.1986, -69.6215, -33.2714, 4.088, 41.4154]","[-38.4431, -178.0349, 162.815, 154.6649, 145.9457, 116.1719, -17.1775, -31.1224, -38.9535, -48.6673, -108.0855, 146.1935, 135.0363, 127.3033, 115.8963, 5.651, -49.0373, -58.6311, -66.4826, -80.8056, 144.2751, 116.3172, 107.6888, 99.4811, 79.4409, -59.8621, -77.8314, -85.9121, -94.7681, -127.8562, 101.4746, 88.1908, 80.397, 70.4304, 2.2905, -94.7222, -105.5559, -113.2956, -125.0934, 117.6706, 70.0903, 60.7217, 52.8235, 37.7267, -98.8368, -124.3718, -132.8873, -141.1824, -162.7554, 58.276, 41.4501, 33.4453, 24.422, -12.7206, -139.6548, -152.4176, -160.1893, -170.4065, 111.6938, 24.2783, 13.7856, 6.0343, -6.2352, -128.765, -170.6629, -179.8577, 172.1939, 156.2799, 18.1772, -5.1363, -13.5282, -21.9315, -45.3666, 176.7426, 160.8174, 152.8664, 143.6785, 101.6907, -20.8653, -33.0941, -40.8436, -51.3645, -139.0141, 143.4245, 133.1983, 125.4278, 112.6763, -14.568, -51.4955, -60.5019, -68.5138, -85.4139, 135.7711, 114.1952, 105.8957, 97.3853, 71.842, -64.8502, -79.8858, -87.7787, -97.1671, -145.0193, 98.1137, 86.3053, 78.5652, 67.741, -29.6782, -97.5122, -107.4545, -115.2516, -128.5841, 100.8296, 67.7825, 58.9205, 50.8432, 32.8824, -106.6048, -126.5471, -134.7454, -143.3875, -171.5031, 53.8272, 39.4931, 31.6397, 22.0535, -32.8238, -142.9905, -154.3624, -162.0952, -173.286, 80.8762, 21.6836, 11.9621, 4.1327, -9.8014, -143.4144, -173.017, 178.2783, 170.1192, 150.8757, 11.4608, -7.1984, -15.3223, -24.0943]"
2024-04-16,39.9289,116.388,0.046515775034289,JILIN-01-10,43946,15.0,"[30.5967, 67.8626, 71.3458, 34.2641, -3.8703, -41.8869, -77.8909, -60.745, -23.2397, 14.8215, 52.6149, 82.4437, 49.9335, 11.9942, -26.1665, -63.638, -75.3968, -38.9447, -0.9948, 37.0116, 73.7802, 65.3009, 27.824, -10.3457, -48.2586, -81.9278, -54.4874, -16.8011, 21.2695, 58.9089, 79.2403, 43.5576, 5.517, -32.602, -69.7253, -69.6101, -32.5467, 5.4639, 43.4048, 79.0919, 59.0865, 21.3677, -16.8147, -54.5885, -81.8752, -48.1692, -10.3522, 27.7075, 65.1179, 73.9577, 37.1491, -0.9627, -39.0167, -75.5082, -63.5262, -26.1285, 11.9212, 49.7685, 82.4046, 52.7825, 14.8994, -23.2733, -60.8559, -77.7871, -41.8105, -3.8964, 34.1314, 71.1643, 68.044, 30.7165, -7.4412, -45.4043, -80.4326, -57.3063, -19.6947, 18.3737, 56.0897, 81.1017, 46.4235, 8.4231, -29.7178, -67.0184, -72.2613, -35.4223, 2.563, 40.5364, 76.8304, 61.8895, 24.2654, -13.9148, -51.7559, -82.5533, -51.011, -13.2489, 24.8179, 62.3441, 76.452, 40.0269, 1.9427, -36.1436, -72.9721, -66.2785, -29.0116, 9.0225, 46.9159, 81.3421, 55.6183, 17.8005, -20.3798, -58.0559, -79.916, -44.6678, -6.7946, 31.25, 68.4796, 70.7392, 33.6029, -4.5381, -42.5454, -78.4047, -60.1077, -22.5832, 15.4788, 53.2597, 82.2994, 49.2797, 11.326, -26.8323, -64.2741, -74.8255, -38.2908, -0.3353, 37.6654, 74.3628, 64.6677, 27.158, -11.0157, -48.9157, -82.1615, -53.8406, -16.1413, 21.9284, 59.5496, 78.7527]","[169.9819, 153.1779, 12.1173, -8.0431, -16.1675, -24.9011, -58.1663, 170.2604, 157.4815, 149.7719, 139.3992, 46.4252, -26.8741, -36.7298, -44.5129, -58.6235, 164.1921, 137.6665, 129.2239, 120.93, 97.4009, -41.9726, -57.0259, -64.8585, -74.4219, -135.4939, 119.4928, 108.6955, 101.0073, 88.9022, -37.7363, -76.5038, -85.428, -93.4561, -111.8755, 106.8546, 88.5581, 80.5471, 71.654, 33.5984, -93.7006, -105.8804, -113.5853, -124.4205, 129.738, 69.5075, 59.9715, 52.1575, 37.2263, -101.9526, -125.7895, -134.1076, -142.5699, -169.3466, 53.6592, 39.6189, 31.8518, 22.0387, -49.782, -144.2267, -154.6489, -162.3746, -175.2107, 52.8949, 19.9952, 11.2831, 3.1806, -16.7568, -157.8884, -174.8486, 177.2097, 168.0623, 122.4053, 2.3672, -9.2056, -16.8854, -28.1136, -142.9627, 165.9309, 156.6368, 148.7395, 132.5704, -7.9426, -29.214, -37.3926, -45.9838, -75.9962, 149.5319, 136.2453, 128.5019, 118.3055, 32.2547, -47.9186, -57.954, -65.6927, -79.172, 145.5282, 116.5087, 107.9514, 99.7102, 77.4384, -62.5754, -78.2213, -86.077, -95.4288, -148.922, 98.5544, 87.4424, 79.7441, 67.9229, -55.2962, -97.6166, -106.6555, -114.6066, -131.9105, 86.8338, 67.3588, 59.2726, 50.4689, 15.3294, -114.5628, -127.0919, -134.7924, -145.3082, 117.0968, 48.448, 38.707, 30.9061, 16.4573, -121.5773, -146.9463, -155.3344, -163.678, 171.7929, 33.0737, 18.3911, 10.5787, 0.9077, -64.4553, -165.2298, -175.8705, 176.4354, 164.1025, 35.4318]"
2014-07-24,39.9289,116.388,0.0448010973936867,PNEO3,48268,23.3,"[-30.1912, -66.2002, -73.8, -38.4652, -1.7042, 35.1389, 70.9235, 69.0693, 33.1308, -3.7264, -40.4618, -75.5232, -64.2939, -28.1827, 8.6732, 45.4038, 79.4518, 59.2237, 22.8003, -14.0943, -50.6526, -81.9297, -54.3224, -17.8523, 19.0418, 55.5719, 81.4867, 49.109, 12.4386, -24.4376, -60.7052, -78.4835, -44.172, -7.4916, 29.3858, 65.5457, 74.2695, 38.873, 2.0625, -34.7399, -70.4449, -69.6949, -33.9262, 2.8841, 39.6862, 74.9733, 64.7682, 28.5683, -8.3126, -44.9798, -79.0658, -59.9169, -23.62, 13.2596, 49.9152, 81.7684, 54.7721, 18.2216, -18.6716, -55.1202, -81.7031, -49.8495, -13.274, 23.6196, 60.0163, 78.8885, 44.5939, 7.8515, -28.9991, -65.0706, -74.8314, -39.6507, -2.9047, 33.9471, 69.8265, 70.1739, 34.3231, -2.5261, -39.277, -74.5088, -65.4274, -29.375, 7.4729, 44.2204, 78.6184, 60.3811, 23.9971, -12.8961, -49.4794, -81.5742, -55.4873, -19.049, 17.8436, 54.4031, 81.8738, 50.2864, 13.6379, -23.2433, -59.5534, -79.3236, -45.3515, -8.6907, 28.1916, 64.409, 75.2936, 40.0607, 3.2624, -33.5515, -69.348, -70.7882, -35.1143, 1.6843, 38.4984, 73.9417, 65.9028, 29.762, -7.1138, -43.8002, -78.2065, -61.0671, -24.8136, 12.0609, 48.7379, 81.3341, 55.9394, 19.419, -17.4757, -53.9554, -82.0081, -51.0213, -14.4712, 22.4237, 58.8589, 79.6992, 45.7757, 9.0505, -27.8079, -63.9366, -75.8362, -40.8338, -4.1035, 32.7561, 68.7201, 71.2656]","[9.6876, -6.4472, -142.411, -166.9745, -175.5462, 176.1318, 155.6846, 17.798, -0.6883, -8.8838, -17.6411, -45.6862, -179.2771, 165.7974, 157.8375, 148.4861, 106.2323, -15.1229, -27.7047, -35.5293, -45.7452, -115.1116, 149.9746, 138.9297, 131.1389, 119.7437, 15.9305, -44.5235, -54.4608, -62.3137, -75.4663, 158.8349, 121.4246, 112.2474, 104.2372, 88.5225, -47.0328, -72.4801, -81.0951, -89.3844, -109.2579, 112.9478, 93.8718, 85.6343, 76.9445, 50.0894, -84.5062, -99.7322, -107.71, -116.9934, -157.1332, 79.6623, 66.831, 58.9943, 48.9091, -16.5749, -115.436, -126.6123, -134.4024, -145.6582, 114.2425, 50.1233, 40.0621, 32.2234, 19.3359, -104.7602, -144.0589, -153.3005, -161.2911, -176.6826, 48.6298, 22.1016, 13.4229, 5.1784, -14.0568, -152.0448, -171.6464, -179.9146, 171.4414, 145.5628, 10.4326, -5.1848, -13.1904, -22.3832, -60.4243, 174.3299, 161.2948, 153.4488, 143.4562, 81.6468, -20.7264, -32.0835, -39.8741, -50.9536, -147.4148, 144.673, 134.5168, 126.6868, 113.9968, -7.9472, -49.4465, -58.7807, -66.7446, -81.7568, 144.1517, 116.5997, 107.8739, 99.6592, 80.9286, -56.819, -77.0825, -85.3967, -93.9786, -118.8224, 105.2394, 89.2876, 81.2616, 72.1313, 35.8801, -90.8601, -104.1675, -112.0287, -121.9004, 179.8389, 73.8757, 62.3754, 54.5835, 43.6315, -48.8026, -120.6695, -130.9594, -138.7783, -151.2259, 88.7985, 45.0756, 35.6718, 27.7251, 13.0027, -120.0194, -148.8132, -157.608, -165.782, 176.0556, 38.2622]"
2026-02-25,39.9289,116.388,0.0444581618655662,GLOBAL-17,49949,20.0,"[2.435, 27.0404, 41.5985, 35.2931, 13.448, -12.5816, -34.6961, -41.7792, -27.93, -3.5547, 21.8717, 39.8432, 38.5931, 19.1423, -6.6709, -30.4762, -42.1213, -32.4867, -9.4939, 16.3431, 37.0133, 40.8927, 24.53, -0.6646, -25.6421, -41.2256, -36.3594, -15.2974, 10.5683, 33.2821, 42.0392, 29.4855, 5.352, -20.3463, -39.1594, -39.3699, -20.8711, 4.6445, 28.8321, 41.9469, 33.86, 11.2942, -14.7179, -36.0633, -41.3426, -26.1059, -1.3415, 23.831, 40.625, 37.4824, 17.0721, -8.8663, -32.1136, -42.1397, -30.8723, -7.3075, 18.4229, 38.1743, 40.1706, 22.5847, -2.8866, -27.4881, -41.6985, -35.0175, -13.1702, 12.7289, 34.7562, 41.757, 27.7142, 3.1344, -22.3476, -40.052, -38.3676, -18.8396, 6.8514, 30.5532, 42.127, 32.3207, 9.1125, -16.8296, -37.3177, -40.7431, -24.2127, 0.8803, 25.7397, 41.2533, 36.241, 14.9605, -11.0501, -33.6633, -41.9875, -29.1685, -5.1012, 20.4689, 39.2053, 39.2951, 20.5822, -5.1088, -29.2688, -42.0065, -33.5626, -11.0109, 14.8698, 36.1261, 41.3062, 25.867, 0.9052, -24.3028, -40.7972, -37.2283, -16.762, 9.0511, 32.1946, 42.1355, 30.6836, 6.9074, -18.9112, -38.449, -39.9855, -22.2571, 3.1065, 27.5903, 41.7206, 34.8774, 12.8125, -13.2175, -35.1155, -41.665, -27.3826, -2.8791, 22.4749, 40.096, 38.2734, 18.5285, -7.3268, -30.9759, -42.1449, -32.0032, -8.8239, 16.986, 37.3816, 40.6903, 23.9508, -1.3314]","[26.6588, 55.7222, 97.5638, 144.8303, 178.3873, -154.5891, -121.5395, -74.7351, -32.4077, -3.0604, 24.6324, 62.9317, 111.3388, 148.065, 175.469, -153.9725, -109.7789, -64.3515, -32.863, -5.8822, 29.0415, 77.0191, 117.2469, 145.6882, 174.4116, -144.725, -97.1561, -62.8958, -35.9808, -3.9602, 42.1129, 85.774, 115.9223, 143.4787, -179.1581, -130.8501, -93.3108, -65.8177, -36.0798, 7.0178, 53.5042, 86.0253, 113.0728, 147.1965, -165.3212, -124.2657, -95.5406, -67.4194, -27.8114, 20.3472, 55.8477, 83.0355, 114.4406, 159.7162, -155.9155, -125.2939, -98.1257, -61.9985, -13.6815, 25.2335, 53.2141, 82.5382, 124.683, 171.609, -155.2225, -128.3578, -95.3316, -48.4062, -5.977, 23.4614, 51.3723, 90.0211, 138.2415, 174.5237, -158.2721, -127.7666, -83.4801, -37.9351, -6.3682, 20.7919, 56.0655, 104.036, 143.7889, 171.9813, -159.3768, -118.4544, -70.7555, -36.4222, -9.3619, 22.9804, 69.2136, 112.4156, 142.2577, 169.7029, -152.9098, -104.4687, -66.8541, -39.2441, -9.2258, 34.155, 80.2604, 112.4129, 139.3155, 173.4306, -138.9634, -97.8228, -69.0036, -40.6462, -0.6896, 47.227, 82.2994, 109.3029, 140.669, -173.9531, -129.4848, -98.7859, -71.4235, -34.934, 13.3182, 51.7634, 79.5129, 108.7687, 150.9863, -161.9729, -128.7372, -101.7155, -68.3485, -21.3102, 20.6471, 49.7992, 77.6121, 116.3006, 164.6447, -159.0084, -131.6791, -100.8725, -56.3307, -11.2009, 20.0181, 47.0472, 82.3277, 130.4203, 170.2434, -161.4654]"
2014-08-26,29.0,125.0,0.0441152263374457,ICEYE-X58,66751,19.4,"[78.0703, 60.829, 23.576, -14.175, -51.5985, -82.6165, -51.9478, -14.5491, 23.1818, 60.4327, 78.3911, 42.789, 5.1619, -32.528, -69.283, -70.4493, -33.7931, 3.8659, 41.489, 77.3458, 61.7068, 24.4841, -13.2657, -50.7078, -82.5404, -52.8369, -15.4579, 22.2736, 59.5523, 79.0753, 43.6887, 6.0727, -31.6244, -68.4359, -71.283, -34.6955, 2.9553, 40.5881, 76.5992, 62.5824, 25.3919, -12.3563, -49.8163, -82.3578, -53.7249, -16.3664, 21.3653, 58.6703, 79.725, 44.5878, 6.9833, -30.7205, -67.5845, -72.1096, -35.5973, 2.0449, 39.6869, 75.8341, 63.4555, 26.2992, -11.4469, -48.9241, -82.0761, -54.6116, -17.2745, 20.457, 57.7869, 80.3333, 45.486, 7.8937, -29.8165, -66.7291, -72.9281, -36.4984, 1.1347, 38.7853, 75.0533, 64.326, 27.2061, -10.5376, -48.0313, -81.7053, -55.497, -18.1822, 19.5487, 56.9021, 80.8918, 46.3834, 8.8038, -28.9122, -65.8702, -73.7375, -37.399, 0.2247, 37.8834, 74.2591, 65.1935, 28.1126, -9.6282, -47.1378, -81.2569, -56.3809, -19.0896, 18.6403, 56.0161, 81.3909, 47.28, 9.7138, -28.0077, -65.0081, -74.5364, -38.2989, -0.6852, 36.9812, 73.4535, 66.0578, 29.0186, -8.7189, -46.2437, -80.7421, -57.2634, -19.9966, 17.7319, 55.129, 81.8199, 48.1757, 10.6236, -27.1031, -64.1432, -75.323, -39.1981, -1.5949, 36.0787, 72.6381, 66.9186, 29.9241, -7.8095, -45.349, -80.1715, -58.1443, -20.9032, 16.8235, 54.2409, 82.1673]","[-164.6896, 64.0307, 51.3347, 43.7012, 33.652, -48.1025, -132.4504, -142.5678, -150.1923, -162.7297, 67.0472, 32.3219, 23.5875, 15.6602, -2.1496, -143.2403, -162.1799, -170.1731, -178.7679, 150.0536, 16.7011, 3.6398, -4.0101, -13.887, -88.9515, -179.9728, 169.7223, 162.11, 149.9021, 22.2738, -15.293, -24.1295, -32.0125, -49.09, 170.0076, 150.1556, 142.1091, 133.6023, 104.5177, -30.599, -44.0531, -51.7224, -61.4371, -130.0379, 132.5178, 122.0134, 114.4105, 102.5101, -22.1074, -62.9013, -71.8462, -79.6882, -96.0952, 123.3521, 102.4949, 94.3911, 85.9671, 58.7401, -77.8669, -91.7439, -99.4355, -108.9976, -171.5202, 85.0224, 74.3057, 66.7093, 55.0961, -66.0444, -110.5024, -119.5625, -127.367, -143.1584, 76.8061, 54.8381, 46.6729, 38.3267, 12.7536, -125.0992, -139.4324, -147.1494, -156.5677, 146.498, 37.542, 26.5992, 19.0065, 7.662, -109.4869, -158.0961, -167.2782, -175.0485, 169.7265, 30.3849, 7.1854, -1.0454, -9.3186, -33.4143, -172.2924, 172.8814, 165.136, 155.8532, 103.9691, -9.9222, -21.1059, -28.6978, -39.7908, -152.3943, 154.3183, 145.0067, 137.2673, 122.5645, -15.8937, -40.4628, -48.7637, -56.9685, -79.7397, 140.5577, 125.1978, 117.4207, 108.2655, 60.8901, -57.3689, -68.8097, -76.4035, -87.2608, 165.2537, 106.7412, 97.2921, 89.5805, 75.3603, -62.0088, -88.1064, -96.482, -104.6228, -126.2025, 93.4558, 77.5167, 69.7048, 60.6699, 17.2884, -104.7966, -116.512, -124.1105, -134.7468, 123.442]"
2024-01-13,39.9289,116.388,0.0434293552812047,OBJECT A,49003,19.3,"[63.1623, 25.9562, -11.8612, -49.4021, -82.171, -53.9812, -16.6178, 21.1128, 58.4143, 79.8048, 44.7486, 7.087, -30.6925, -67.6108, -71.9562, -35.4263, 2.2226, 39.8569, 75.9468, 63.2125, 26.008, -11.8095, -49.3515, -82.1557, -54.0321, -16.6703, 21.06, 58.3631, 79.8403, 44.8, 7.1388, -30.6414, -67.5625, -72.0031, -35.4781, 2.1699, 39.8047, 75.9025, 63.2625, 26.0596, -11.7581, -49.3012, -82.1401, -54.0827, -16.7225, 21.0076, 58.3121, 79.8754, 44.8512, 7.1902, -30.5905, -67.5144, -72.0497, -35.5297, 2.1175, 39.7527, 75.8583, 63.3122, 26.111, -11.707, -49.2511, -82.1244, -54.1331, -16.7745, 20.9553, 58.2614, 79.9102, 44.9021, 7.2414, -30.5399, -67.4666, -72.096, -35.581, 2.0654, 39.701, 75.8143, 63.3617, 26.162, -11.6561, -49.2012, -82.1084, -54.1832, -16.8263, 20.9033, 58.2109, 79.9447, 44.9527, 7.2923, -30.4895, -67.4189, -72.1421, -35.632, 2.0135, 39.6496, 75.7705, 63.4109, 26.2128, -11.6055, -49.1516, -82.0922, -54.233, -16.8778, 20.8516, 58.1607, 79.9789, 45.0031, 7.343, -30.4394, -67.3716, -72.188, -35.6828, 1.9619, 39.5984, 75.7268, 63.4598, 26.2633, -11.5551, -49.1023, -82.0758, -54.2826, -16.929, 20.8002, 58.1107, 80.0127, 45.0532, 7.3934, -30.3895, -67.3244, -72.2335, -35.7333, 1.9105, 39.5474, 75.6833, 63.5085, 26.3136, -11.505, -49.0532, -82.0592, -54.332, -16.9799, 20.749, 58.061, 80.0462, 45.103]","[0.3166, -13.5782, -21.3409, -31.0915, -97.545, 163.0922, 152.4152, 144.7453, 132.8027, 9.5158, -32.4219, -41.4832, -49.4065, -66.0416, 153.8004, 132.871, 124.7017, 116.1823, 88.3178, -47.4833, -61.4033, -69.1674, -78.9092, -145.0174, 115.2783, 104.5892, 96.9198, 84.9943, -38.099, -80.242, -89.3098, -97.2309, -113.8291, 106.0372, 85.0478, 76.8751, 68.3605, 40.5998, -95.2833, -109.2284, -116.9939, -126.7269, 167.507, 67.4644, 56.7631, 49.0942, 37.1856, -85.7134, -128.062, -137.1365, -145.0554, -161.617, 58.2739, 37.2245, 29.0484, 20.5386, -7.1194, -143.0834, -157.0535, -164.8204, -174.5448, 120.0282, 19.6504, 8.9371, 1.2685, -10.6233, -133.3274, -175.8821, 175.0368, 167.12, 150.5946, 10.5107, -10.5988, -18.7783, -27.2834, -54.8399, 169.1165, 155.1213, 147.3531, 137.6372, 72.5462, -28.1636, -38.8891, -46.5572, -58.4323, 179.0589, 136.2977, 127.2101, 119.2955, 102.8059, -37.2525, -58.4222, -66.605, -75.1054, -102.5617, 121.3163, 107.296, 99.5265, 89.8191, 25.061, -75.9776, -86.7152, -94.3829, -106.2416, 131.4456, 88.4775, 79.3833, 71.4708, 55.0167, -85.0158, -106.2455, -114.4317, -122.9276, -150.2847, 73.5161, 59.4708, 51.6998, 42.0008, -22.4275, -123.7918, -134.5414, -142.2087, -154.051, 83.8326, 40.6573, 31.5565, 23.6461, 7.2272, -132.779, -154.069, -162.2585, -170.7498, 161.9911, 25.7158, 11.6455, 3.8731, -5.8175, -69.9191, -171.6059, 177.6324, 169.9655, 158.1394, 36.2199, -7.163]"
2022-01-12,39.9289,116.388,0.0434293552812047,ICEYE-X42,62698,2.4,"[11.8213, 48.8939, 81.6767, 55.1192, 18.1873, -19.0876, -55.9085, -81.4018, -48.372, -11.365, 25.9199, 62.6239, 76.6582, 41.2448, 4.0753, -33.1275, -69.3394, -70.5693, -34.4489, 2.7545, 39.9505, 75.5799, 63.8691, 27.2274, -10.0406, -47.0605, -80.7318, -57.2057, -20.4121, 16.8737, 53.8466, 82.0781, 50.1761, 13.138, -24.1228, -60.7863, -78.2749, -43.4048, -6.3122, 30.9535, 67.4188, 72.3045, 36.2381, -0.9798, -38.1313, -73.8878, -65.8762, -29.4332, 7.8116, 44.9463, 79.4882, 59.0124, 22.189, -15.0881, -52.0077, -82.3002, -52.2928, -15.3689, 21.9215, 58.7626, 79.6599, 45.204, 8.0847, -29.1491, -65.5984, -74.1451, -38.4165, -1.256, 35.9766, 72.0744, 67.6593, 31.2173, -6.0341, -43.1192, -78.0518, -61.0681, -24.4055, 12.8673, 49.9213, 82.0143, 54.0994, 17.1432, -20.1301, -56.9221, -80.892, -47.3456, -10.3192, 26.9627, 63.6242, 75.7943, 40.2101, 3.0291, -34.1643, -70.3001, -69.6106, -33.4112, 3.8019, 40.9865, 76.4501, 62.8697, 26.1851, -11.0859, -48.0872, -81.2674, -56.1914, -19.3679, 17.9198, 54.8683, 81.7695, 49.1486, 12.0919, -25.1646, -61.7896, -77.4724, -42.3727, -5.2646, 31.9953, 68.3977, 71.3593, 35.1992, -2.027, -39.1661, -74.7931, -64.8869, -28.3919, 8.8598, 45.9794, 80.169, 57.9982, 21.144, -16.1335, -53.0294, -82.2501, -51.2694, -14.3222, 22.9674, 59.7758, 78.9358, 44.1705, 7.0369, -30.1898, -66.5845, -73.2276, -37.3795]","[171.6138, 161.8053, 100.6887, -3.1368, -14.2899, -22.0338, -33.3908, -141.0077, 161.8433, 152.1339, 144.2927, 130.4098, -2.2274, -32.6864, -41.459, -49.5891, -68.0528, 152.9684, 133.2393, 125.0287, 116.3825, 88.6506, -46.1566, -60.6807, -68.5579, -78.0567, -128.1517, 117.3714, 105.6267, 97.8759, 87.0466, -8.5401, -77.9979, -88.0365, -95.8324, -108.8685, 123.2428, 87.4306, 78.4244, 70.4, 53.5648, -84.9183, -106.8169, -115.1526, -123.6288, -147.957, 74.9961, 59.2838, 51.3295, 42.1204, 0.5959, -122.1532, -134.5177, -142.2842, -152.6794, 125.8699, 42.3216, 31.8633, 24.0981, 11.8211, -110.0132, -152.5117, -161.7536, -169.695, 174.7752, 38.0155, 13.23, 4.7282, -3.5904, -25.1769, -163.7908, 179.187, 171.1518, 162.181, 127.2336, -1.427, -14.5833, -22.3867, -32.3792, -100.1385, 162.5922, 151.7022, 143.9549, 132.2995, 19.2374, -32.3207, -41.865, -49.7359, -64.1293, 161.447, 133.216, 124.5467, 116.3555, 96.9207, -42.0892, -60.8176, -68.9656, -77.7134, -107.6035, 119.2926, 105.2901, 97.4435, 87.7827, 32.2803, -76.9459, -88.3855, -96.1319, -107.2199, 150.4904, 87.8139, 77.9626, 70.1445, 56.6726, -73.7789, -106.6837, -115.571, -123.6466, -141.2803, 79.786, 59.1167, 50.8534, 42.2881, 16.2712, -119.663, -134.7527, -142.6676, -152.0185, 162.2386, 43.4794, 31.4662, 23.711, 13.0893, -75.7365, -151.8977, -162.1406, -169.92, 177.4301, 52.0602, 13.3571, 4.2499, -3.7342, -19.9296, -157.611, 179.1513]"
2019-07-29,42.7683,129.336,0.0434293552812047,GLOBAL-9,47971,28.9,"[-39.4191, -41.4726, -15.0333, 18.3161, 42.9244, 37.3752, 8.0633, -24.735, -44.8025, -32.3518, -0.9082, 30.9074, 45.037, 26.4184, -6.1471, -36.1047, -43.5764, -20.0279, 13.2686, 40.5467, 40.4663, 13.2168, -19.9513, -43.5228, -36.2024, -6.1764, 26.5056, 45.0517, 30.8146, -0.8974, -32.2465, -44.83, -24.8361, 8.0792, 37.4561, 42.8705, 18.2657, -14.9515, -41.3844, -39.5239, -11.4085, 21.7829, 44.1202, 34.8361, 4.3773, -27.95, -45.1501, -29.3839, 2.7982, 33.7685, 44.4629, 23.1519, -9.794, -38.4909, -42.1877, -16.5536, 16.8128, 42.2894, 38.3726, 9.6312, -23.3071, -44.5076, -33.5811, -2.5266, 29.5947, 45.1427, 27.8053, -4.531, -34.9604, -44.063, -21.5534, 11.6587, 39.6513, 41.2987, 14.8148, -18.3964, -42.9344, -37.3208, -7.8476, 25.0333, 44.8566, 32.1424, 0.7893, -30.9091, -45.0379, -26.3401, 6.3764, 36.3214, 43.4811, 19.8738, -13.2847, -40.5143, -40.4785, -13.1153, 20.1694, 43.6124, 36.0622, 6.1201, -26.442, -45.0424, -30.8321, 1.0169, 32.4191, 44.7962, 24.744, -8.0302, -37.3617, -42.9191, -18.2747, 15.0752, 41.476, 39.4452, 11.4128, -21.6492, -44.0674, -34.9308, -4.3705, 28.0553, 45.1539, 29.3493, -2.6852, -33.5996, -44.5119, -23.263, 9.8135, 38.5532, 42.158, 16.6154, -16.6079, -42.1663, -38.5196, -9.7366, 23.3274, 44.52, 33.5975, 2.7014, -29.3447, -45.1534, -28.0055, 4.44, 34.9668, 44.064, 21.6685, -11.3835]","[-52.9629, 8.162, 51.6171, 83.7631, 129.6192, -169.9936, -131.2278, -98.4266, -47.3262, 10.1562, 45.7315, 80.6062, 136.8959, -170.6441, -137.4533, -99.6753, -39.8177, 7.4726, 39.7241, 81.8842, 143.0289, -175.0169, -142.9134, -95.8411, -35.8895, 2.0752, 35.4198, 88.0763, 144.2005, 178.9092, -145.6926, -88.3732, -37.0589, -4.1047, 34.841, 95.2927, 140.9469, 172.9441, -143.835, -82.6898, -41.7046, -9.2768, 39.3812, 98.4052, 135.2693, 168.9169, -137.24, -82.0901, -47.8154, -11.4901, 46.9012, 96.561, 129.0469, 168.8511, -130.2685, -85.7024, -53.5878, -8.886, 51.8761, 91.5379, 124.0567, 173.9192, -127.7349, -91.498, -57.1595, -1.9211, 51.7151, 85.3005, 122.2654, -178.5546, -130.0199, -97.6152, -56.5194, 4.5624, 47.6224, 79.6213, 125.4321, -174.0972, -135.2426, -102.2564, -50.8547, 6.2934, 41.6139, 76.3737, 132.6443, -174.7681, -141.4571, -103.4285, -43.5061, 3.4224, 35.5058, 77.5428, 138.7541, -179.1431, -146.8858, -99.5538, -39.8155, -2.1038, 31.0933, 83.6332, 139.9359, 174.7923, -149.6194, -92.1822, -41.1702, -8.3906, 30.3765, 90.8226, 136.7009, 168.8448, -147.733, -86.6976, -45.9452, -13.6801, 34.7663, 93.9758, 131.0403, 164.839, -141.1969, -86.272, -52.1639, -16.0496, 42.2213, 92.181, 124.8312, 164.7807, -134.382, -90.0086, -58.0561, -13.64, 47.253, 87.1927, 119.847, 169.7994, -132.0027, -95.9083, -61.7915, -6.8065, 47.1799, 80.9733, 118.0424, 177.2014, -134.4002, -102.1419]"
2024-12-29,39.9289,116.388,0.0434293552812047,FLOCK 4X 36,51039,28.6,"[11.701, -80.0003, 2.1816, 79.4853, -9.7863, -73.1768, 25.0313, 60.6869, -31.4755, -51.5652, 47.2248, 40.0693, -53.1329, -28.7077, 68.3466, 18.8428, -74.131, -5.3606, 82.6962, -2.8491, -79.087, 17.9402, 66.8981, -24.8204, -58.28, 40.6882, 46.2519, -46.8359, -35.3434, 62.4937, 24.8818, -68.505, -11.7521, 81.2657, 2.9915, -82.4026, 11.9408, 71.961, -19.2453, -63.7904, 35.1826, 51.3547, -41.5902, -40.7947, 57.5525, 29.8309, -63.7255, -16.9797, 78.0015, 7.739, -82.3367, 7.0626, 75.8554, -14.7558, -68.1188, 30.7461, 55.3948, -37.4129, -45.0762, 53.6058, 33.7033, -59.9357, -21.0403, 74.9307, 11.3992, -80.5044, 3.3245, 78.5872, -11.3538, -71.2972, 27.406, 58.3886, -34.3134, -48.2041, 50.6962, 36.5109, -57.1846, -23.936, 72.6052, 13.9784, -78.6948, 0.7373, 80.2464, -9.0394, -73.3736, 25.1803, 60.3517, -32.2969, -50.1931, 48.8486, 38.2628, -55.493, -25.6709, 71.19, 15.4817, -77.5562, -0.6937, 81.0327, -7.812, -74.407, 24.08, 61.297, -31.3669, -51.0539, 48.0768, 38.9652, -54.8707, -26.2484, 70.7423, 15.9124, -77.2801, -0.9663, 81.1521, -7.6716, -74.4421, 24.1097, 61.2323, -31.5252, -50.7915, 48.3854, 38.6206, -55.3216, -25.6698, 71.2756, 15.2708, -77.9002, -0.0807, 80.6479, -8.6191, -73.4799, 25.2682, 60.1575, -32.7729, -49.404, 49.7708, 37.2277, -56.8448, -23.9342, 72.7714, 13.5547, -79.3369, 1.9609, 79.3634, -10.6565]","[139.4375, 89.2615, -47.3328, 173.748, 126.7046, -29.6532, -60.4252, 133.5908, 113.5297, -55.273, -74.8886, 116.6691, 98.2648, -70.4661, -95.6449, 103.0474, 71.484, -83.7405, 176.2987, 90.2305, -50.6207, -96.7489, 100.4799, 77.2549, -89.9894, -110.6329, 80.7956, 62.8674, -106.654, -128.4629, 66.5737, 41.8523, -120.2768, 179.784, 53.6061, -56.7824, -133.2983, 68.7568, 40.7143, -124.2589, -146.8666, 44.9459, 26.8121, -142.8955, -163.2307, 30.0069, 8.3979, -156.9354, 161.5649, 16.8481, -57.6027, -170.0278, 38.718, 3.9721, -158.137, 176.5713, 9.0489, -9.6566, -179.2383, 161.0067, -6.676, -26.7322, 166.2756, 132.7754, -20.0399, -73.5075, 153.0845, 10.1024, -32.9386, 168.1005, 139.7623, -27.0135, -46.4203, 144.2473, 124.6381, -43.5066, -62.7815, 129.3408, 99.6484, -57.0617, -100.8827, 116.0472, -18.5846, -70.0011, 133.8755, 102.7487, -63.3935, -83.4181, 107.48, 87.8422, -80.5181, -99.4338, 92.2426, 64.3115, -94.2233, -133.9343, 78.8629, -49.9572, -107.2076, 98.4131, 65.5523, -100.2396, -120.6197, 70.3893, 50.7021, -117.7369, -136.5525, 54.9677, 27.5222, -131.5299, -170.3989, 41.5319, -86.2378, -144.555, 61.1165, 28.1823, -137.6418, -158.0129, 32.9386, 13.2473, -155.1749, -174.0959, 17.5111, -10.533, -168.9833, 150.1414, 4.0541, -127.8427, 177.9568, 21.9615, -9.3616, -175.5934, 164.4001, -4.8604, -24.5331, 167.1737, 147.9054, -20.122, -50.0749, 153.419, 106.6743, -33.5703, -173.1505, 140.3254]"
2024-11-04,39.9289,116.388,0.0434293552812047,FLOCK 4X 12,51015,3.1,"[81.9901, 27.299, -33.846, -81.6446, -28.4453, 27.0926, 80.2083, 37.5979, -23.4423, -80.6374, -37.908, 17.7606, 72.385, 47.5063, -13.238, -72.7536, -47.1324, 8.6493, 63.7242, 56.9947, -3.2693, -63.7417, -56.0973, -0.2397, 55.0564, 65.9997, 6.4322, -54.5883, -64.7495, -8.9049, 46.5444, 74.3195, 15.8399, -45.4971, -72.9283, -17.3446, 38.2344, 81.0265, 24.9328, -36.5415, -79.966, -25.5565, 30.1419, 82.0568, 33.6945, -27.7614, -82.5527, -33.538, 22.2728, 76.649, 42.1128, -19.1856, -77.9058, -41.2847, 14.6296, 69.7012, 50.1757, -10.8379, -70.9268, -48.7894, 7.2135, 62.5822, 57.8665, -2.7384, -63.566, -56.0382, 0.0257, 55.5671, 65.1504, 5.0958, -56.209, -63.0032, -6.9328, 48.7346, 71.9375, 12.6508, -48.9697, -69.6203, -13.6611, 42.1128, 77.9475, 19.9159, -41.8963, -75.7173, -20.1579, 35.7131, 82.1261, 26.8836, -35.0163, -80.7151, -26.422, 29.5405, 81.944, 33.5486, -28.3481, -82.6767, -32.4519, 23.5974, 78.0287, 39.9078, -21.9061, -80.0929, -38.2458, 17.8852, 73.0473, 45.959, -15.702, -75.4448, -43.8012, 12.4047, 67.9084, 51.6999, -9.7456, -70.3282, -49.1147, 7.1565, 62.8565, 57.127, -4.0447, -65.1823, -54.1814, 2.1414, 57.9735, 62.2329, 1.3944, -60.1474, -58.994, -2.6403, 53.2926, 67.003, 6.567, -55.2808, -63.5413, -7.188, 48.8292, 71.4074, 11.4696, -50.6117, -67.8055, -11.5012, 44.5907, 75.3847, 16.1003, -46.1572]","[64.0943, -0.1931, -11.4192, -128.2807, 172.4716, 162.2247, 115.54, -13.373, -24.7255, -75.0324, 159.1676, 148.5809, 124.6255, -26.0459, -38.3183, -63.4702, 146.3257, 134.7665, 118.3333, -37.759, -52.0607, -69.199, 134.3322, 120.8644, 107.7592, -47.4613, -65.8638, -79.5783, 124.054, 106.9345, 95.5038, -52.0802, -79.6581, -91.7372, 117.8985, 93.0281, 82.4322, -40.059, -93.3765, -104.7448, 124.5803, 79.1979, 68.9102, 4.0043, -106.9401, -118.2132, 164.6239, 65.5078, 55.1196, 22.9472, -120.2395, -131.9509, -168.6182, 52.0462, 41.162, 20.3045, -133.1016, -145.8507, -168.6983, 38.9502, 27.1005, 11.2223, -145.2194, -159.8457, -176.9333, 26.4542, 12.9776, -0.2987, -155.9779, -173.8891, 171.9143, 15.0047, -1.1752, -12.9724, -163.9553, 172.0551, 159.4361, 5.5641, -15.3319, -26.2758, -165.2641, 158.0188, 146.2532, 0.5556, -29.4692, -39.9583, -149.3124, 144.0336, 132.6545, 6.8825, -43.5634, -53.8855, -117.0706, 130.1343, 118.7922, 34.8739, -57.5886, -67.9784, -104.4501, 116.3635, 104.7542, 58.0254, -71.514, -82.1877, -107.1786, 102.7768, 90.5948, 60.5905, -85.3005, -96.4809, -115.7739, 89.4517, 76.3497, 54.107, -98.8963, -110.8357, -126.8933, 76.5017, 62.0433, 43.9746, -112.229, -125.2362, -139.2888, 64.1027, 47.693, 32.1115, -125.1939, -139.6709, -152.4122, 52.541, 33.3115, 19.3074, -137.6328, -154.1312, -165.9892, 42.3096, 18.9082, 5.9374, -149.2963, -168.6106, -179.8684, 34.3013, 4.4902, -7.7994]"
2024-11-04,39.9289,116.388,0.0434293552812047,FLOCK 4Q 9,58322,29.7,"[-49.5971, -82.4948, -52.6308, -14.5349, 23.936, 61.899, 76.5878, 39.8049, 1.4155, -36.9348, -73.945, -65.0342, -27.3472, 11.0894, 49.3603, 82.4853, 52.4857, 14.2755, -24.1728, -61.9874, -76.6813, -40.09, -1.7735, 36.6471, 73.8426, 64.9494, 27.1119, -11.3499, -49.5088, -82.476, -52.7186, -14.6245, 23.8468, 61.8131, 76.662, 39.8933, 1.505, -36.8461, -73.8659, -65.1192, -27.436, 11.0003, 49.273, 82.4662, 52.5726, 14.3643, -24.0841, -61.9019, -76.7549, -40.1778, -1.8621, 36.5594, 73.7643, 65.0335, 27.1999, -11.2615, -49.4219, -82.4565, -52.805, -14.7126, 23.7591, 61.7286, 76.7348, 39.9802, 1.5929, -36.7589, -73.788, -65.2028, -27.5233, 10.9128, 49.1872, 82.4465, 52.658, 14.4516, -23.9969, -61.8178, -76.8271, -40.2642, -1.9493, 36.4732, 73.6872, 65.1161, 27.2865, -11.1745, -49.3365, -82.4364, -52.8899, -14.7992, 23.6728, 61.6455, 76.8062, 40.0657, 1.6794, -36.6732, -73.7113, -65.2849, -27.6092, 10.8267, 49.1027, 82.4261, 52.7421, 14.5375, -23.9112, -61.7351, -76.898, -40.3491, -2.035, 36.3884, 73.6114, 65.1973, 27.3715, -11.0891, -49.2526, -82.4158, -52.9734, -14.8843, 23.588, 61.5638, 76.8762, 40.1497, 1.7645, -36.5889, -73.6358, -65.3656, -27.6936, 10.7421, 49.0198, 82.4053, 52.8246, 14.6219, -23.8269, -61.6538, -76.9674, -40.4325, -2.1192, 36.3051, 73.5367, 65.277, 27.4551, -11.0051, -49.17, -82.3946, -53.0554, -14.968]","[-29.159, -101.0784, 164.2363, 153.9157, 146.2023, 132.9944, -2.8256, -31.9025, -40.4045, -48.6662, -72.2356, 147.9359, 133.166, 125.3777, 115.6696, 44.0257, -51.0598, -61.3646, -69.079, -82.3035, 142.199, 112.9159, 104.3971, 96.1474, 72.7119, -67.3727, -82.117, -89.9018, -99.6209, -170.8982, 93.7783, 83.4388, 75.7269, 62.5564, -73.1022, -102.3723, -110.8822, -119.1374, -142.5765, 77.5108, 62.6914, 54.9004, 45.2072, -25.8037, -121.5184, -131.8416, -139.5545, -152.7414, 71.9244, 42.4461, 33.9193, 25.6758, 2.3674, -137.7988, -152.5919, -160.3792, -170.0833, 119.2678, 23.3199, 12.9618, 5.2512, -7.8826, -143.3799, -172.8423, 178.6399, 170.3909, 147.0787, 7.0852, -7.7835, -15.5771, -25.2558, -95.6473, 168.0227, 157.6812, 149.9698, 136.8196, 1.6485, -28.0239, -36.5587, -44.7962, -67.9807, 151.7744, 136.933, 129.1432, 119.4538, 49.4195, -47.1389, -57.5155, -65.2248, -78.3228, 146.341, 116.6874, 108.1619, 99.919, 76.7303, -63.3412, -78.2586, -86.0548, -95.7193, -165.5051, 97.5634, 87.2038, 79.4938, 66.3795, -68.6287, -98.4942, -107.0369, -115.2684, -138.3326, 81.3469, 66.4577, 58.6655, 48.9903, -20.443, -117.598, -127.993, -135.701, -148.764, 76.0605, 46.2168, 37.6836, 29.4467, 6.3782, -133.7682, -148.7339, -156.5327, -166.1833, 124.6228, 27.1037, 16.7262, 9.0176, -4.0617, -138.9074, -168.9647, -177.5152, 174.259, 151.312, 10.9187, -4.0178, -11.8125, -21.4737, -90.3197, 171.9424, 161.5293]"
2013-10-05,29.5928,115.474,0.0434293552812047,FLOCK 4S 10,47523,20.8,"[7.7381, 39.7177, 32.0312, 27.6805, 23.7666, 18.8842, 6.5642, 39.294, 31.9615, 27.6638, 23.7367, 18.7446, 5.0066, 38.8856, 31.884, 27.6377, 23.6937, 18.5759, 2.8371, 38.4922, 31.7993, 27.602, 23.6368, 18.3746, -0.4437, 38.1134, 31.7076, 27.5566, 23.5653, 18.1367, -6.2594, 37.7485, 31.6092, 27.5014, 23.4784, 17.8567, -22.1881, 37.3967, 31.5044, 27.4363, 23.3751, 17.528, 82.6888, 37.0572, 31.3934, 27.361, 23.2542, 17.1419, 62.4086, 36.7293, 31.2763, 27.2752, 23.1143, 16.6872, 55.1178, 36.4121, 31.1532, 27.1785, 22.9536, 16.1484, 51.1152, 36.1046, 31.024, 27.0705, 22.7702, 15.5042, 48.4404, 35.806, 30.8886, 26.9505, 22.5616, 14.724, 46.4656, 35.5155, 30.747, 26.8178, 22.3249, 13.7616, 44.9165, 35.2322, 30.599, 26.6718, 22.0562, 12.5433, 43.6506, 34.9553, 30.4442, 26.5112, 21.7512, 10.9411, 42.5848, 34.6838, 30.2822, 26.3351, 21.4039, 8.7068, 41.6669, 34.417, 30.1127, 26.1418, 21.007, 5.2636, 40.862, 34.1539, 29.9351, 25.9298, 20.551, -1.2562, 40.1455, 33.8937, 29.7486, 25.6971, 20.0229, -27.2472, 39.4998, 33.6356, 29.5526, 25.441, 19.4052, 68.5932, 38.9114, 33.3786, 29.3461, 25.1587, 18.673, 56.4801, 38.3701, 33.1217, 29.128, 24.8464, 17.7895, 51.4809, 37.8677, 32.8641, 28.897, 24.4995, 16.6977, 48.4658, 37.3977, 32.6047, 28.6516, 24.1121, 15.3019, 46.3514]","[154.76, 156.2137, 151.0408, 146.6365, 142.3567, 137.9739, 132.6461, 134.1609, 129.0672, 124.6728, 120.3911, 115.9929, 110.4834, 112.1125, 107.0924, 102.7075, 98.4236, 94.0078, 88.243, 90.0684, 85.1164, 80.7408, 76.454, 72.0182, 65.8614, 68.0283, 63.1393, 58.7725, 54.4822, 50.0236, 43.152, 45.992, 41.161, 36.8027, 32.5082, 28.0231, 19.0007, 23.9592, 19.1818, 14.8314, 10.5318, 6.016, 92.8601, 1.9296, -2.7985, -7.1415, -11.4473, -15.9989, -7.7292, -20.097, -24.7797, -29.116, -33.429, -38.0232, -33.292, -42.1208, -46.7618, -51.0922, -55.4139, -60.0587, -56.7016, -64.1421, -68.7449, -73.0701, -77.402, -82.1084, -79.4944, -86.1611, -90.7289, -95.0498, -99.3937, -104.176, -102.0139, -108.1781, -112.7138, -117.0315, -121.3895, -126.2676, -124.3846, -130.1931, -134.6997, -139.0152, -143.3899, -148.3925, -146.6639, -152.2065, -156.6867, -161.0011, -165.3955, -170.5669, -168.8822, -174.2184, -178.6747, 177.0106, 172.5929, 167.178, 168.9425, 163.771, 159.3362, 155.0198, 150.5744, 144.77, 146.7988, 141.7615, 137.3458, 133.0262, 128.5476, 121.9726, 124.6792, 119.7529, 115.3541, 111.0295, 106.5107, 96.39, 102.5783, 97.7451, 93.361, 89.0293, 84.4616, 97.2946, 80.4923, 75.7379, 71.3663, 67.0253, 62.3968, 67.4103, 58.4183, 53.731, 49.3699, 45.0169, 40.3115, 43.5602, 36.3542, 31.7244, 27.3716, 23.0034, 18.1985, 20.6543, 14.2982, 9.7177, 5.371, 0.9841, -3.9547, -1.9029]"
2017-01-13,39.9289,116.388,0.0434293552812047,ICEYE-X37,59102,20.5,"[80.844, 56.5047, 19.3855, -18.0812, -55.0314, -81.6625, -49.2169, -12.267, 25.0312, 61.8507, 77.0886, 41.5947, 4.2107, -33.1526, -69.4145, -70.4259, -34.3538, 2.8268, 40.0635, 75.7539, 63.3936, 26.5122, -10.959, -48.0837, -81.217, -56.1347, -19.3559, 17.9315, 54.9512, 81.5885, 48.6406, 11.3529, -26.0736, -62.7389, -76.5982, -41.3722, -4.2819, 33.0005, 69.4263, 70.0999, 33.622, -3.8252, -41.08, -76.4275, -62.9615, -26.4281, 10.8237, 47.972, 81.2801, 55.6324, 18.4907, -18.9715, -55.8932, -81.3098, -48.3522, -11.3837, 25.9164, 62.7059, 76.3656, 40.7073, 3.3151, -34.0359, -70.227, -69.6176, -33.4784, 3.7129, 40.9443, 76.4917, 62.536, 25.6183, -11.8521, -48.9553, -81.5875, -55.2779, -18.4741, 18.8181, 55.8202, 81.2115, 47.7579, 10.4567, -26.9612, -63.5839, -75.8744, -40.5004, -3.3961, 33.8846, 70.249, 69.2733, 32.7298, -4.7205, -41.9585, -77.1384, -62.1182, -25.5482, 11.7111, 48.8489, 81.6441, 54.7574, 17.5944, -19.8628, -56.7548, -80.8855, -47.4854, -10.4988, 26.8028, 63.5601, 75.6221, 39.818, 2.4183, -34.9199, -71.0344, -68.8025, -32.6012, 4.6006, 41.8262, 77.2111, 61.6746, 24.7229, -12.7463, -49.827, -81.8798, -54.4185, -17.5905, 19.7061, 56.6894, 80.7626, 46.8732, 9.5591, -27.8497, -64.4273, -75.1329, -39.6267, -2.5087, 34.77, 71.0667, 68.4398, 31.8361, -5.6169, -42.8374, -77.8279, -61.2715, -24.6666, 12.6, 49.7264]","[110.1174, -2.4528, -14.1359, -21.9693, -33.2017, -135.5482, 162.1561, 152.2228, 144.3412, 130.6794, -0.4198, -32.5799, -41.4914, -49.7094, -68.451, 152.9934, 133.2243, 124.9576, 116.2244, 87.7281, -46.3681, -60.8147, -68.76, -78.5203, -134.5203, 116.9601, 105.4401, 97.6339, 86.413, -17.2586, -78.4485, -88.3272, -96.2537, -110.3224, 117.5654, 86.9462, 78.0989, 69.9009, 51.116, -87.8497, -107.3415, -115.5988, -124.4377, -154.6057, 72.9115, 58.7515, 50.8397, 41.0949, -15.7478, -123.6827, -135.1118, -142.9438, -154.4147, 98.1634, 41.0414, 31.2577, 23.3534, 9.2807, -123.5631, -153.6344, -162.4534, -170.7231, 169.7037, 31.1322, 12.2108, 3.9971, -4.8243, -35.2186, -167.7963, 178.1945, 170.2739, 160.3658, 99.2898, -4.2556, -15.5337, -23.3398, -34.8017, -143.5332, 160.4376, 150.7067, 142.7554, 128.2498, -5.3831, -34.1031, -42.8617, -51.1124, -70.7435, 150.3018, 131.6448, 123.4391, 114.5075, 82.2659, -48.4896, -62.2366, -70.1254, -80.0195, -142.1011, 115.1038, 103.9136, 96.0801, 84.3548, -27.6696, -80.0646, -89.7068, -97.6368, -112.1523, 113.5209, 85.3164, 76.5848, 68.2593, 47.7749, -90.6554, -108.7995, -116.9638, -125.879, -158.4047, 70.8076, 57.2058, 49.3069, 39.2418, -27.3424, -125.456, -136.5064, -144.3151, -156.0341, 90.6673, 39.3325, 29.7412, 21.7619, 6.7853, -128.1304, -155.1474, -163.8223, -172.1296, 167.3103, 28.5261, 10.6342, 2.4766, -6.5536, -41.1245, -169.861, 176.7771, 168.9084, 158.8559]"
2024-12-10,39.9289,116.388,0.0427434842249638,NUSAT-6 HYPATIA,46272,29.6,"[-53.8639, -5.4977, 82.8636, -18.0949, -36.6879, 64.1564, 16.1995, -69.0075, 38.9294, 46.7018, -73.736, 11.632, 73.0519, -39.2042, -18.0664, 77.6963, -3.8215, -49.7044, 54.1816, 28.9176, -80.5173, 28.3601, 57.6355, -60.7247, 0.3324, 81.0908, -25.5031, -29.9947, 69.1503, 9.0075, -61.7966, 44.6899, 40.104, -80.5012, 18.2938, 67.1806, -48.1301, -10.3919, 81.9511, -12.9592, -41.1587, 60.6931, 20.373, -72.69, 35.743, 49.8992, -70.6115, 8.7913, 75.2859, -36.3973, -20.439, 76.0671, -1.6843, -51.455, 52.742, 30.3374, -81.2153, 27.3832, 58.4345, -60.2917, -0.0757, 81.2733, -25.6939, -29.7167, 69.3124, 8.2863, -60.7912, 45.392, 39.0015, -81.5985, 19.657, 65.805, -50.6731, -8.2335, 82.6165, -16.1134, -38.149, 62.9229, 16.9767, -69.0553, 38.6882, 46.4727, -74.9872, 12.6157, 72.0487, -41.9817, -15.6141, 79.2441, -7.7, -45.6777, 57.1276, 24.4455, -76.0317, 32.6674, 52.8482, -67.8538, 6.311, 77.1106, -34.3125, -22.1595, 74.8253, -0.4592, -52.2601, 51.9993, 30.7646, -81.1233, 27.3659, 58.2087, -61.3911, 0.7915, 80.7727, -27.7159, -27.824, 70.6697, 5.6293, -57.8659, 47.5757, 36.0052, -82.896, 22.8181, 62.6191, -55.8438, -3.9012, 82.6474, -22.216, -32.5736, 67.0848, 10.6001, -62.4755, 43.8837, 40.23, -81.2924, 19.0556, 66.1318, -51.3008, -7.7328, 82.7219, -17.8204, -36.3844, 64.1676, 14.4908, -66.0809, 40.9453, 43.4907]","[-179.6655, 8.3453, -87.6323, -179.6434, 5.5292, -17.248, 177.3059, 11.6788, -15.5341, 175.3883, 140.0487, -18.6676, -175.4637, 152.0117, -22.3186, -62.1276, 149.9031, -23.6575, -44.5692, 146.8742, 8.6092, -45.9139, 146.8356, 120.1639, -49.5431, -179.0797, 122.1257, -52.8306, -78.615, 119.2041, -50.9849, -74.0024, 116.6497, 60.0884, -76.7196, 120.4398, 92.7001, -80.4972, -146.4752, 91.5806, -83.0097, -104.6233, 88.4192, -73.1743, -104.3654, 86.8374, 55.1247, -107.7656, 99.2834, 63.1094, -111.4504, -146.8775, 60.7057, -112.5738, -133.5181, 57.6456, -75.3749, -135.2211, 57.7362, 30.9281, -138.9555, 93.1029, 32.6334, -142.3394, -168.2502, 29.6492, -141.0037, -163.6431, 26.954, -38.7408, -166.373, 29.8477, 2.4822, -170.2357, 111.4099, 1.6996, -173.107, 164.6264, -1.5152, -167.1958, 165.5885, -3.5989, -41.276, 162.2778, 4.0898, -27.5165, 158.4226, 112.7555, -29.5095, 156.3003, 135.3245, -32.7516, 171.5477, 134.4327, -33.9691, -63.7383, 130.7837, -17.7912, -58.2648, 127.0317, 94.1683, -60.9069, 125.9283, 104.9685, -64.0472, 162.055, 103.0165, -64.1326, -91.4279, 99.1719, -32.8805, -89.4463, 95.5896, 68.4377, -92.4505, 95.7999, 74.0108, -95.4074, 169.8753, 71.4078, -94.1034, -121.1121, 67.4547, -39.7624, -120.9154, 64.0811, 39.8132, -124.1217, 65.8863, 42.6646, -126.8526, 170.2564, 39.6445, -123.9612, -151.7836, 35.6347, -46.1664, -152.5984, 32.4797, 9.7477, -155.9155, 36.0623, 11.0409, -158.4155]"
2022-01-28,39.9289,116.388,0.0427434842249638,FLOCK 4H 25,66728,27.5,"[0.1418, 37.9665, 74.4834, 64.7934, 27.5388, -10.3462, -47.9725, -81.7377, -55.3011, -17.834, 20.0585, 57.5643, 80.3735, 45.3864, 7.6437, -30.2001, -67.2137, -72.3503, -35.7216, 2.0746, 39.8816, 76.1459, 62.9449, 25.6131, -12.2766, -49.8669, -82.404, -53.4194, -15.9059, 21.9873, 59.4394, 79.0384, 43.4782, 5.7107, -32.1184, -69.0195, -70.5919, -33.8068, 4.0077, 41.7947, 77.7316, 61.0852, 23.6859, -14.2066, -51.7577, -82.6198, -51.5324, -13.9766, 23.9155, 61.3071, 77.5479, 41.567, 3.7773, -34.0352, -70.8033, -68.8051, -31.8896, 5.9412, 43.7057, 79.2068, 59.2163, 21.7573, -16.1361, -53.6444, -82.3466, -49.6408, -12.0461, 25.843, 63.1661, 75.951, 39.653, 1.8436, -35.9505, -72.5584, -66.9963, -29.9704, 7.8749, 45.6144, 80.5196, 57.3395, 19.8275, -18.0651, -55.5265, -81.6318, -47.7448, -10.1145, 27.7697, 65.0143, 74.2799, 37.7365, -0.0905, -37.864, -74.2754, -65.17, -28.0491, 9.8086, 47.5204, 81.5934, 55.4558, 17.8964, -19.9934, -57.4031, -80.5751, -45.8451, -8.1819, 29.6954, 66.8493, 72.5557, 35.8175, -2.0248, -39.7756, -75.9401, -63.3296, -26.1259, 11.7424, 49.4234, 82.3272, 53.5663, 15.9643, -21.9209, -59.2736, -79.2769, -43.9418, -6.2485, 31.62, 68.6677, 70.7923, 33.8964, -3.9592, -41.6851, -77.532, -61.4776, -24.201, 13.6761, 51.3231, 82.6187, 51.6716, 14.0311, -23.8475, -61.1367, -77.8138, -42.0352, -4.3142, 33.5434]","[173.2495, 164.95, 140.4275, 1.6852, -12.9305, -20.675, -30.0996, -87.4639, 163.9072, 152.9973, 145.3814, 133.8154, 12.8344, -31.9184, -40.9829, -48.8192, -64.9707, 154.4875, 133.2948, 125.1643, 116.7031, 88.7215, -47.4308, -61.0778, -68.7699, -78.5091, -148.3951, 115.3422, 104.8896, 97.2595, 85.0697, -42.815, -80.2419, -89.0715, -96.9943, -114.5873, 104.2011, 85.091, 77.0785, 68.4326, 36.0107, -96.3947, -109.2153, -116.8686, -126.9655, 149.0833, 66.8388, 56.787, 49.1298, 36.2174, -96.7046, -128.5358, -137.1584, -145.184, -164.5207, 54.3097, 36.9031, 28.9914, 20.1354, -18.064, -145.2333, -157.3441, -164.9718, -175.4759, 86.6711, 18.3883, 8.6887, 0.9911, -12.7634, -149.2802, -176.8034, 174.7558, 166.61, 145.1375, 4.7253, -11.2705, -19.0975, -28.1921, -73.9601, 166.032, 154.5348, 146.9198, 135.9507, 25.9984, -30.0165, -39.4059, -47.1576, -61.9005, 159.1123, 134.952, 126.6705, 118.3857, 94.2607, -44.6164, -59.4315, -67.1888, -76.5543, -132.1438, 117.3846, 106.4205, 98.8052, 87.3033, -32.25, -78.3815, -87.4975, -95.3176, -111.2306, 108.2222, 86.728, 78.5851, 70.1408, 42.672, -93.7639, -107.5813, -115.2832, -124.9561, 167.2159, 68.811, 58.3121, 50.6839, 38.5685, -88.2148, -126.7117, -135.5867, -143.4902, -160.8015, 57.8707, 38.5221, 30.4991, 21.8726, -9.877, -142.7537, -155.7209, -163.3813, -173.4036, 104.7698, 20.3003, 10.2088, 2.5546, -10.2705, -142.3499, -175.0115, 176.3258, 168.3229]"
2018-05-04,39.9289,116.388,0.0420576131687228,JILIN-01-05,43023,24.5,"[13.3258, -24.6995, -62.095, -76.8361, -40.7205, -2.8328, 35.1641, 72.0804, 67.1514, 29.875, -8.1517, -45.9611, -80.6952, -56.9669, -19.3998, 18.6411, 56.325, 80.9872, 46.314, 8.4358, -29.5624, -66.7411, -72.6177, -35.8855, 2.0589, 40.0141, 76.3605, 62.4947, 25.0031, -13.0378, -50.757, -82.5201, -52.2084, -14.5206, 23.5222, 61.0657, 77.5733, 41.484, 3.5443, -34.4144, -71.2754, -68.133, -31.0371, 6.9505, 44.8492, 80.0782, 57.7695, 20.1241, -17.9187, -55.5254, -81.4967, -47.4202, -9.6361, 28.3962, 65.7466, 73.415, 36.6385, -1.3471, -39.2534, -75.5969, -63.5148, -26.1777, 11.8406, 49.6653, 82.3665, 53.0004, 15.2397, -22.7928, -60.256, -78.3527, -42.6097, -4.748, 33.2614, 70.3285, 68.9472, 31.7807, -6.237, -44.0767, -79.4459, -58.8203, -21.3093, 16.7277, 54.4565, 81.9077, 48.2009, 10.3517, -27.6585, -64.931, -74.3141, -37.7815, 0.1423, 38.1155, 74.7259, 64.3294, 26.913, -11.1237, -48.8806, -82.1037, -54.0772, -16.4334, 21.6101, 59.2135, 79.0416, 43.3791, 5.4616, -32.5141, -69.516, -69.9116, -32.939, 5.0331, 42.9558, 78.725, 59.6281, 22.0375, -16.0059, -53.6598, -82.2351, -49.3005, -11.5518, 26.4861, 63.9202, 75.097, 38.5402, 0.5709, -37.3575, -73.9385, -65.3373, -28.0847, 9.9231, 47.779, 81.731, 54.8751, 17.156, -20.8819, -58.4059, -79.743, -44.499, -6.6658, 31.354, 68.5467, 70.7236, 33.6878, -4.3188, -42.1864]","[7.664, -0.072, -13.4272, -147.7022, -177.723, 173.6728, 165.5037, 144.4371, 3.8125, -12.4642, -20.3582, -29.5685, -77.2053, 164.7524, 153.2804, 145.5998, 134.3, 18.5466, -31.5655, -40.8346, -48.7124, -64.6762, 155.17, 133.4084, 125.1977, 116.6522, 87.8558, -47.5544, -61.1106, -68.8551, -78.843, -156.4782, 115.0252, 104.747, 97.0302, 84.1023, -48.3813, -80.6289, -89.3167, -97.4332, -117.4871, 101.6652, 84.658, 76.7187, 67.6462, 24.273, -97.9621, -109.6954, -117.3782, -128.4436, 120.9175, 65.6641, 56.2434, 48.4046, 33.0801, -106.5614, -129.5224, -137.7919, -146.262, -173.2309, 50.0326, 35.9958, 28.2262, 18.4271, -52.3561, -147.7729, -158.2351, -165.9396, -178.5275, 51.5048, 16.557, 7.7586, -0.2967, -19.3344, -160.5748, -178.2909, 173.7305, 164.7632, 124.9873, -0.536, -12.6009, -20.29, -31.0943, -136.3129, 162.8098, 153.2571, 145.4458, 130.6358, -7.9374, -32.3684, -40.7172, -49.0994, -74.3162, 147.5212, 133.0333, 125.2411, 115.5879, 51.2888, -50.4507, -61.1492, -68.8418, -81.0598, 151.524, 113.6635, 104.7699, 96.7595, 78.5475, -62.5679, -81.1608, -89.1934, -98.0388, -134.5134, 96.7944, 84.4267, 76.7297, 66.1301, -32.7948, -99.9386, -109.6629, -117.4433, -131.7098, 90.6544, 64.71, 56.2932, 47.977, 24.1959, -114.8029, -129.8544, -137.6794, -147.1655, 154.572, 46.7806, 35.8712, 28.1851, 16.2603, -107.7731, -149.1347, -158.1538, -166.1121, 176.5175, 35.3542, 15.897, 7.8178, -0.9349]"
2024-07-10,32.9793,118.852,0.0420576131687228,FLOCK 3P 54,42014,8.6,"[-41.0998, -2.959, 21.3496, 39.5016, 54.7919, 68.7896, 81.1484, 76.5434, 57.2914, 28.1451, -21.7068, -80.6299, -27.1695, 5.5702, 27.4954, 44.538, 59.3061, 73.0067, 82.7943, 71.4821, 49.9096, 16.4203, -41.6625, -63.5922, -15.9527, 12.771, 32.9101, 49.1084, 63.4797, 76.8117, 81.5313, 66.1143, 42.1436, 3.567, -61.7132, -48.0821, -6.7753, 18.947, 37.7259, 53.2755, 67.334, 80.0228, 78.4078, 60.5917, 33.9862, -10.353, -79.2385, -35.3628, 0.8578, 24.3086, 42.0371, 57.0838, 70.874, 82.2163, 74.6182, 54.9822, 25.4466, -25.0731, -78.3434, -24.9847, 7.2962, 29.0035, 45.9119, 60.5641, 74.0868, 82.7553, 70.6398, 49.3327, 16.5654, -40.0847, -65.0954, -16.4582, 12.786, 33.1379, 49.3999, 63.7373, 76.9359, 81.5813, 66.657, 43.6902, 7.4284, -54.6927, -53.2375, -9.3906, 17.502, 36.789, 52.5375, 66.6166, 79.3512, 79.4449, 62.7628, 38.1109, -1.824, -68.105, -43.3335, -3.4884, 21.5704, 40.0137, 55.3514, 69.2093, 81.2186, 76.9748, 59.0201, 32.6637, -10.9964, -79.095, -35.164, 1.4635, 25.0831, 42.8543, 57.8612, 71.5188, 82.3945, 74.4752, 55.4826, 27.4313, -19.8507, -82.3606, -28.4557, 5.6222, 28.1081, 45.3423, 60.0813, 73.5459, 82.7986, 72.0902, 52.2015, 22.5087, -28.1317, -76.2339, -22.9723, 9.1029, 30.6958, 47.5015, 62.0225, 75.2911, 82.5393, 69.8992, 49.2269, 17.9989, -35.5977, -69.4514, -18.5273, 11.9901]","[169.947, 173.5001, 174.3164, 175.0778, 177.0278, -176.6735, -143.8419, -52.3092, -34.1719, -29.0904, -24.7331, 100.2566, 143.9074, 145.9373, 146.6141, 147.5993, 150.3605, 160.1053, -138.9735, -71.2413, -60.1001, -55.9924, -49.8156, 106.6665, 116.9104, 118.2301, 118.8924, 120.2056, 124.0963, 139.6699, -133.3849, -94.2992, -86.6753, -82.9543, -71.3594, 84.6524, 89.4766, 90.4333, 91.1701, 92.9253, 98.3993, 124.3067, -141.9947, -119.3167, -113.6382, -109.8262, -72.0398, 58.9476, 61.8027, 62.5778, 63.4607, 65.7893, 73.5141, 117.3145, -159.9569, -145.3935, -140.8408, -136.4075, 0.2014, 32.071, 33.9795, 34.6818, 35.7738, 38.8316, 49.812, 117.5063, 177.6672, -172.1027, -168.1902, -162.3427, -6.5581, 4.6637, 6.0546, 6.756, 8.1156, 12.0894, 27.8552, 113.8782, 153.0767, 160.7806, 164.3772, 173.1738, -29.1653, -23.0367, -21.9457, -21.1942, -19.5111, -14.3976, 8.4431, 101.1566, 127.2514, 133.3845, 136.9088, 152.5506, -54.9244, -50.922, -50.0064, -49.167, -47.1075, -40.5903, -7.5421, 82.1029, 100.6714, 105.7856, 109.4419, 146.465, -81.8302, -78.9364, -78.119, -77.1638, -74.6793, -66.4561, -19.9384, 59.5133, 73.5934, 78.0311, 82.0061, -172.856, -109.293, -107.0489, -106.2795, -105.1888, -102.2376, -91.9791, -30.6461, 34.9134, 46.1651, 50.1498, 54.6214, -162.5636, -137.0784, -135.2414, -134.4869, -133.2486, -129.8004, -117.176, -43.0674, 9.0907, 18.4756, 22.1583, 27.2934, -179.9021, -165.0757, -163.5032]"
2020-11-21,32.5261,119.739,0.0420576131687228,FLOCK 4G 2,62661,26.5,"[-82.1306, -54.3595, -16.8294, 21.1048, 58.6203, 79.641, 44.2722, 6.4996, -31.3492, -68.3177, -71.2715, -34.5038, 3.345, 41.1791, 77.2664, 61.6378, 24.2387, -13.6664, -51.2447, -82.6289, -52.0019, -14.4168, 23.5168, 60.9592, 77.828, 41.8846, 4.0838, -33.7453, -70.556, -69.0452, -32.1069, 5.7631, 43.5695, 79.1401, 59.3036, 21.8292, -16.0775, -53.6035, -82.3706, -49.6372, -12.0027, 25.9271, 63.2843, 75.8371, 39.4931, 1.6678, -36.1384, -72.7507, -66.7837, -29.707, 8.181, 45.9557, 80.7637, 56.9574, 19.418, -18.4873, -55.9546, -81.4236, -47.2663, -9.5874, 28.3358, 65.5921, 73.7333, 37.0981, -0.7482, -38.5284, -74.8834, -64.496, -27.3045, 10.5986, 48.3372, 81.9841, 54.6015, 17.0055, -20.8955, -58.2968, -79.9812, -44.8899, -7.1711, 30.7424, 67.8772, 71.5548, 34.7, -3.1641, -40.915, -76.9241, -62.1882, -24.8994, 13.0157, 50.7134, 82.5992, 52.2374, 14.5918, -23.3021, -60.628, -78.2237, -42.5086, -4.7539, 33.1468, 70.1325, 69.325, 32.299, -5.5796, -43.2977, -78.8226, -59.8646, -22.4921, 15.4322, 53.0835, 82.4595, 49.8663, 12.1771, -25.7068, -62.946, -76.2712, -40.1228, -2.336, 35.5487, 72.3465, 67.0585, 29.8954, -7.9946, -45.6761, -80.4935, -57.5282, -20.0827, 17.8478, 55.4462, 81.6024, 47.4892, 9.7616, -28.1094, -65.2472, -74.1954, -37.7331, 0.0825, 37.9478, 74.5022, 64.7649, 27.4896, -10.4089, -48.0498, -81.7969, -55.1814]","[-59.915, -162.8824, -173.5405, 178.8445, 166.9568, 41.6344, 1.3843, -7.5252, -15.3998, -32.3643, -173.524, 166.655, 158.6103, 150.0366, 119.1414, -14.6654, -27.6937, -35.3457, -45.3241, -125.5445, 148.4192, 138.2865, 130.6432, 117.8944, -14.3781, -47.0351, -55.6767, -63.6737, -82.7058, 135.9559, 118.3733, 110.4592, 101.6299, 63.8434, -63.779, -75.8985, -83.516, -93.9927, 168.2492, 99.8067, 90.1206, 82.4284, 68.6386, -68.2149, -95.4127, -103.8263, -111.9725, -133.6631, 85.9329, 70.1141, 62.3055, 53.1763, 5.7355, -112.7286, -124.0913, -131.6945, -142.7592, 104.6796, 51.2657, 41.9604, 34.1979, 19.1353, -120.5655, -143.7545, -151.9752, -160.3001, 174.5166, 36.2795, 21.8744, 14.1478, 4.6675, -56.0405, -161.5465, -172.2737, -179.8825, 168.3547, 44.8986, 2.7848, -6.1953, -14.0507, -30.6903, -171.8923, 167.9345, 159.8757, 151.3388, 121.4565, -13.0927, -26.3484, -34.0149, -43.9067, -121.3446, 149.7428, 139.5525, 131.9181, 119.3208, -11.6378, -45.6452, -54.3477, -62.3203, -80.9449, 137.5018, 119.6499, 111.7251, 102.9388, 66.586, -62.2471, -74.5566, -82.1841, -92.5593, 172.2181, 101.1202, 91.3861, 83.7055, 70.1013, -65.8419, -94.0321, -102.498, -110.6141, -131.784, 87.417, 71.3884, 63.5719, 54.4931, 9.0935, -111.2294, -122.7524, -130.361, -141.3066, 108.0407, 52.571, 43.2255, 35.4775, 20.6454, -118.4471, -142.3819, -150.6472, -158.936, 176.5606, 37.718, 23.1467, 15.4151, 5.9938, -51.9146, -160.0741]"
2020-01-11,39.9289,116.388,0.0420576131687228,CAPELLA-17 (ACADIA),64583,18.4,"[-62.1655, -77.3272, -42.4628, -5.6449, 31.3132, 67.4665, 72.4976, 36.7245, -0.2453, -37.1785, -72.8318, -67.2089, -31.1162, 5.8208, 42.6772, 77.5665, 61.7782, 25.3118, -11.7237, -48.4895, -81.3287, -56.2487, -19.7068, 17.2797, 53.9412, 82.0953, 50.6303, 13.8537, -23.1781, -59.6543, -79.2688, -45.0386, -8.2596, 28.7112, 65.0, 74.7934, 39.3183, 2.3735, -34.5864, -70.475, -69.636, -33.7108, 3.2051, 40.0915, 75.4347, 64.2792, 27.9193, -9.1079, -45.9203, -79.8811, -58.7785, -22.3132, 14.6675, 51.3842, 82.2195, 53.1916, 16.469, -20.57, -57.128, -80.8775, -47.6078, -10.8725, 26.1074, 62.5071, 76.9704, 41.907, 4.9915, -31.9912, -68.063, -72.0132, -36.301, 0.5901, 37.5021, 73.1692, 66.7546, 30.5235, -6.4918, -43.3456, -78.0387, -61.293, -24.9165, 12.055, 48.8196, 81.5059, 55.7427, 19.0821, -17.9605, -54.5896, -81.9521, -50.1695, -13.4836, 23.5021, 59.9943, 78.9592, 44.49, 7.6085, -29.3934, -65.6122, -74.3187, -38.8865, -2.024, 34.9096, 70.8175, 69.1956, 33.1241, -3.8757, -40.7661, -75.9561, -63.7884, -27.5165, 9.4422, 46.2488, 80.1353, 58.2817, 21.6929, -15.3499, -52.0414, -82.2676, -52.7225, -16.0924, 20.8954, 57.4661, 80.6402, 47.0668, 10.2243, -26.7932, -63.1328, -76.5167, -41.4669, -4.637, 32.3143, 68.4075, 71.5895, 35.7206, -1.2597, -38.1825, -73.7252, -66.2594, -30.1129, 6.8296, 43.6727, 78.3373, 60.806, 24.3011]","[36.3631, -94.1644, -126.6548, -135.5352, -143.5544, -160.4222, 61.6212, 39.4341, 31.0749, 22.6853, 0.028, -137.6102, -154.2659, -162.2726, -171.1829, 155.5144, 25.607, 12.1273, 4.3182, -5.4026, -61.909, -169.9091, 178.6455, 170.9245, 160.0882, 65.989, -4.6944, -14.8108, -22.575, -35.161, -158.5746, 161.0081, 151.812, 143.9051, 128.7366, -6.9327, -33.0084, -41.5826, -49.7891, -69.4306, 151.9777, 133.2171, 125.0717, 116.4322, 89.0012, -45.6908, -60.4419, -68.3276, -77.6516, -121.5882, 118.2974, 106.039, 98.2953, 88.0346, 12.1883, -76.7794, -87.4425, -95.1763, -106.8929, 140.3526, 88.7341, 79.1638, 71.3416, 57.5264, -73.9961, -105.4074, -114.2388, -122.2959, -139.6356, 82.226, 60.7306, 52.414, 44.0013, 20.8164, -116.65, -132.9895, -140.9788, -149.968, 175.0555, 46.6938, 33.4476, 25.6571, 15.8794, -42.9883, -148.7474, -160.064, -167.7914, -178.7886, 83.3053, 16.5355, 6.5219, -1.2414, -13.9629, -138.8512, -177.7551, 173.1078, 165.1695, 149.6243, 13.4107, -11.7203, -20.2442, -28.4685, -48.5032, 172.845, 154.4882, 146.3662, 137.659, 109.0178, -24.6665, -39.1259, -46.9884, -56.3593, -101.9979, 139.4295, 127.3268, 119.5819, 109.1846, 29.1988, -55.5717, -66.1121, -73.841, -85.6678, 159.4753, 109.9582, 100.4586, 92.6112, 78.4904, -54.0423, -84.1293, -92.9013, -100.9715, -118.611, 102.9647, 81.9954, 73.7089, 65.2383, 41.1573, -95.7089, -111.6786, -119.6395, -128.6672, -164.8288, 67.7886, 54.7322]"
2021-10-31,39.9289,116.388,0.0417146776406023,FLOCK 4A 2,44080,27.9,"[14.8689, 45.4801, 73.6906, 75.7437, 52.4294, 30.0535, 8.8573, -11.6809, -32.1291, -53.0068, -74.3002, -77.5139, -52.6193, -24.0152, 6.549, 37.4543, 66.6815, 80.977, 58.5399, 35.7821, 14.2929, -6.4009, -26.8707, -47.663, -69.0559, -81.7293, -59.0934, -31.0471, -0.7285, 30.3379, 60.2159, 82.7696, 63.9267, 40.8498, 19.0766, -1.7847, -22.3042, -43.0448, -64.4109, -82.7128, -64.523, -37.0129, -6.955, 24.1841, 54.5178, 80.612, 68.5391, 45.2313, 23.1958, 2.167, -18.4198, -39.1384, -60.4579, -80.9549, -68.9511, -41.9491, -12.1355, 19.025, 49.6865, 77.2411, 72.3316, 48.9033, 26.6369, 5.4505, -15.2121, -35.9324, -57.2164, -78.4891, -72.4197, -45.8915, -16.2824, 14.8781, 45.7778, 74.1046, 75.275, 51.8458, 29.3869, 8.0608, -12.6786, -33.4182, -54.6872, -76.2799, -74.9778, -48.872, -19.4102, 11.752, 42.826, 71.6203, 77.3736, 54.0434, 31.4347, 9.9928, -10.8183, -31.59, -52.8668, -74.6218, -76.6901, -50.9163, -21.5324, 9.6495, 40.8516, 69.9325, 78.6787, 55.4864, 32.7719, 11.2424, -9.6313, -30.4447, -51.7519, -73.6117, -77.6341, -52.0425, -22.6586, 8.5714, 39.8662, 69.0993, 79.2746, 56.17, 33.3939, 11.8071, -9.1179, -29.9806, -51.3411, -73.2847, -77.8753, -52.2594, -22.7932, 8.5177, 39.8739, 69.1412, 79.227, 56.0938, 33.2998, 11.6866, -9.2782, -30.1978, -51.6352, -73.6516, -77.4322, -51.5661, -21.9348, 9.4882, 40.8723, 70.0538]","[67.2, 59.0556, 38.1767, -89.1369, -112.1797, -120.1256, -125.8759, -131.1873, -136.9277, -144.7167, -164.4529, 74.331, 46.3857, 37.4095, 30.6658, 23.2574, 9.0854, -103.883, -147.3412, -156.7182, -162.7845, -168.1276, -173.6722, 179.3415, 165.355, 62.2544, 11.4254, 0.9194, -6.036, -13.0539, -24.2502, -98.7096, 178.0794, 166.7043, 160.2506, 154.8344, 149.4027, 142.9108, 131.7064, 63.339, -23.0077, -35.6014, -42.8694, -49.6907, -59.3315, -101.6181, 144.2368, 130.1254, 123.2257, 117.7098, 112.3379, 106.162, 96.4978, 54.1883, -56.844, -72.171, -79.8198, -86.559, -95.3104, -123.3358, 111.2326, 93.5123, 86.1316, 80.5029, 75.157, 69.1859, 60.4417, 30.7363, -90.1344, -108.8261, -116.8853, -123.6092, -131.8298, -153.3868, 78.9718, 56.8146, 48.9552, 43.2141, 37.8738, 32.0343, 23.8572, 0.2895, -123.1749, -145.6194, -154.0718, -160.815, -168.7187, 172.9768, 46.9453, 19.9676, 11.6811, 5.8415, 0.4962, -5.2627, -13.0968, -33.5174, -156.6054, 177.3876, 168.6113, 161.8375, 154.111, 137.4684, 14.1149, -17.0982, -25.7052, -31.6175, -36.9714, -42.6875, -50.3372, -69.2365, 168.6798, 140.1368, 131.155, 124.355, 116.7045, 100.7597, -20.7992, -54.4417, -63.215, -69.1652, -74.5267, -80.2308, -87.8233, -106.2963, 131.8906, 102.5886, 93.5531, 86.7401, 79.081, 63.0938, -58.6527, -92.095, -100.8537, -106.8027, -112.1691, -117.8891, -125.5419, -144.5502, 92.7697, 64.734, 55.8047, 48.993, 41.2411, 24.4637]"
2022-05-05,39.9289,116.388,0.0413717421124819,JILIN-01 GAOFEN 2F,49338,16.4,"[-49.9064, -12.4599, 25.2521, 62.3226, 76.7591, 41.1147, 3.7182, -33.7564, -70.2637, -69.3118, -32.6107, 5.0645, 42.6233, 78.0419, 60.7941, 23.8084, -13.7107, -50.9686, -82.3291, -52.5439, -15.1545, 22.5647, 59.733, 78.8387, 43.7669, 6.4039, -31.0889, -67.7717, -71.7755, -35.286, 2.3667, 39.9603, 75.8766, 63.3702, 26.4836, -11.0273, -48.3338, -81.607, -55.1714, -17.8472, 19.8753, 57.1271, 80.6118, 46.4133, 9.0888, -28.4186, -65.2408, -74.1678, -37.957, -0.3311, 37.2926, 73.5596, 65.923, 29.156, -8.3431, -45.6922, -80.1849, -57.7872, -20.5378, 17.1842, 54.5081, 81.8757, 49.0532, 11.7727, -25.7456, -62.6815, -76.4519, -40.6231, -3.0284, 34.6208, 71.1463, 68.4445, 31.8253, -5.6583, -43.0447, -78.3158, -60.3886, -23.226, 14.4917, 51.8784, 82.3732, 51.6855, 14.4553, -23.0705, -60.101, -78.5637, -43.2838, -5.7252, 31.9454, 68.6691, 70.9229, 34.4912, -2.9733, -40.3921, -76.1797, -62.972, -25.9114, 11.798, 49.2398, 81.9609, 54.3088, 17.1362, -20.3933, -57.5039, -80.3899, -45.9385, -8.421, 29.2669, 66.1474, 73.3397, 37.1532, -0.2883, -37.7351, -73.8824, -65.5324, -28.5938, 9.1034, 46.5937, 80.7598, 56.9215, 19.8154, -17.7145, -54.8938, -81.7399, -48.5864, -11.1157, 26.5854, 63.5937, 75.6642, 39.8109, 2.3966, -35.0741, -71.4836, -68.0626, -31.2728, 6.4083, 43.9411, 79.0258, 59.5213, 22.4925, -15.0343, -52.273, -82.3578, -51.2264]","[-149.7911, -159.7638, -167.5971, 178.7172, 45.6688, 15.1817, 6.452, -1.6977, -20.9934, -160.8339, -179.2026, 172.6862, 163.771, 129.1221, -0.3293, -13.3172, -21.0932, -31.2448, -107.9933, 163.2907, 152.7867, 145.002, 132.4108, 5.8887, -31.9932, -41.0178, -49.0267, -66.0377, 154.5617, 133.4879, 125.2168, 116.5751, 88.3514, -46.5319, -60.7114, -68.5487, -78.224, -137.2425, 116.4884, 105.347, 97.5847, 85.885, -30.6024, -79.1076, -88.4838, -96.3831, -111.6217, 110.9088, 86.2138, 77.7458, 69.3317, 45.6839, -92.4158, -108.085, -116.011, -125.2869, -170.6262, 69.8304, 57.9191, 50.1537, 39.1874, -62.8108, -126.1493, -135.9444, -143.7627, -157.6005, 68.6571, 38.9814, 30.2751, 22.0482, 1.7503, -137.8719, -155.4343, -163.4783, -172.419, 151.9008, 23.3545, 10.5055, 2.7113, -7.6468, -91.3141, -173.1029, 176.6023, 168.8378, 156.125, 28.5113, -8.2016, -17.194, -25.2693, -43.0486, 177.2611, 157.2449, 149.0511, 140.3911, 111.4412, -22.8878, -36.8911, -44.7404, -54.591, -119.6059, 140.0513, 129.158, 121.4217, 109.6237, -8.5071, -55.3259, -64.6596, -72.6157, -88.4564, 133.2285, 109.9575, 101.5786, 93.1527, 68.9806, -68.8243, -84.2678, -92.1994, -101.625, -151.3889, 93.3389, 81.725, 73.9913, 62.9455, -41.3371, -102.3795, -112.1203, -119.9868, -134.3051, 90.4131, 62.7095, 54.106, 45.8734, 25.1868, -114.3518, -131.6208, -139.6641, -148.7332, 172.4979, 46.7941, 34.3055, 26.5493, 16.1269, -70.2114, -149.3479]"
2022-01-21,39.9289,116.388,0.0413717421124819,FREGAT DEB,46621,9.3,"[9.6071, -10.1552, -30.2321, -46.6148, -49.7888, -36.0127, -14.8914, 6.9685, 26.7277, 42.2804, 50.4029, 47.965, 36.7256, 20.603, 1.8219, -18.3112, -37.6471, -50.1031, -45.8379, -27.924, -6.0059, 15.2675, 33.6287, 46.6742, 50.7245, 44.2529, 30.6602, 13.2931, -6.1832, -26.3724, -44.0437, -50.6785, -39.649, -19.261, 2.7584, 23.1054, 39.6971, 49.5952, 49.2606, 39.4019, 24.008, 5.6504, -14.3141, -34.0866, -48.7025, -48.1252, -32.023, -10.3804, 11.2479, 30.3541, 44.7061, 50.7971, 46.2104, 33.6823, 16.894, -2.2499, -22.4385, -41.0553, -50.7894, -42.9387, -23.5858, -1.527, 19.3349, 36.859, 48.38, 50.1834, 41.8739, 27.3, 9.4103, -10.3247, -30.3549, -46.6711, -49.7627, -35.9306, -14.7701, 7.1228, 26.8962, 42.4199, 50.4402, 47.8666, 36.5469, 20.4019, 1.6335, -18.464, -37.7459, -50.1262, -45.7855, -27.8259, -5.8706, 15.4305, 33.7924, 46.7819, 50.705, 44.1138, 30.4671, 13.0937, -6.3597, -26.5057, -44.115, -50.6678, -39.5762, -19.1479, 2.9064, 23.2729, 39.8468, 49.658, 49.1861, 39.2337, 23.8081, 5.4574, -14.4754, -34.1975, -48.7423, -48.0852, -31.9333, -10.2528, 11.4061, 30.5203, 44.8305, 50.8054, 46.0897, 33.4954, 16.6932, -2.4326, -22.5816, -41.1406, -50.7952, -42.8758, -23.4807, -1.386, 19.4999, 37.0161, 48.4659, 50.1349, 41.7186, 27.1026, 9.2137, -10.4937, -30.4771, -46.7268, -49.7365, -35.8496, -14.6504, 7.2754]","[149.6305, 163.4109, -179.1788, -150.548, -107.0343, -71.4342, -50.1839, -34.499, -18.5293, 2.525, 32.3116, 64.937, 89.6449, 106.7138, 120.5294, 135.1164, 155.8649, -168.6555, -125.1311, -96.253, -78.1346, -62.9082, -45.4785, -21.0651, 11.3571, 41.5251, 62.6593, 77.9097, 91.535, 107.7537, 133.3683, 174.9994, -146.1319, -122.7587, -106.5126, -90.9593, -71.2723, -43.1597, -10.0389, 16.5167, 34.7225, 48.842, 62.9253, 81.8393, 113.8448, 158.0159, -169.85, -150.3479, -134.9816, -118.3438, -95.6181, -64.2659, -32.6924, -9.8984, 6.1323, 19.7569, 35.0421, 58.033, 96.8709, 138.4948, 164.3986, -178.5547, -163.2383, -144.7334, -118.399, -85.3191, -56.9399, -37.4174, -22.8437, -9.0856, 8.3332, 37.004, 80.514, 116.0518, 137.2838, 152.9886, 169.0192, -169.805, -139.8814, -107.2891, -82.7114, -65.7306, -51.9574, -37.3805, -16.61, 18.9086, 62.3893, 91.2198, 109.3366, 124.5977, 142.1104, 166.6671, -160.824, -130.7543, -109.7392, -94.5563, -80.9595, -64.7387, -39.089, 2.5572, 41.3628, 64.7086, 80.9677, 96.5724, 116.368, 144.6276, 177.7557, -155.8163, -137.709, -123.6393, -109.572, -90.6429, -58.596, -14.4504, 17.6274, 37.1202, 52.5137, 69.2231, 92.0826, 123.5509, 155.0541, 177.7221, -166.3242, -152.7344, -137.4532, -114.4336, -75.5663, -33.9996, -8.1331, 8.9197, 24.2789, 42.8795, 69.3624, 102.4903, 130.7519, 150.1658, 164.6817, 178.4179, -164.1548, -135.4445, -91.9398, -56.4643, -35.25, -19.525]"
2021-10-04,34.5712,108.23,0.0413717421124819,PELICAN-5 300C,66667,20.1,"[-59.4942, -79.082, -43.6225, -5.8733, 32.038, 69.0948, 70.3489, 33.3923, -4.494, -42.2469, -78.0187, -60.8434, -23.4916, 14.4366, 52.1089, 82.5974, 50.8319, 13.1498, -24.7561, -62.051, -77.0154, -41.0003, -3.2146, 34.6801, 71.5488, 67.8722, 30.7499, -7.151, -44.8656, -79.9642, -58.2783, -20.8424, 17.0932, 54.7097, 81.9231, 48.22, 10.4929, -27.4004, -64.5893, -74.771, -38.373, -0.555, 37.3191, 73.9407, 65.3588, 28.1043, -9.8074, -47.479, -81.5278, -55.6996, -18.1908, 19.7487, 57.3008, 80.5306, 45.6013, 7.8351, -30.0422, -67.1036, -72.4163, -35.7411, 2.1051, 39.9545, 76.2384, 62.8183, 25.4559, -12.4631, -50.0861, -82.4678, -53.1095, -15.5369, 22.4029, 59.8799, 78.6815, 42.9767, 5.1764, -32.6811, -69.5852, -69.9896, -33.1049, 4.7655, 42.586, 78.3862, 60.2574, 22.805, -15.1177, -52.6861, -82.5443, -50.5101, -12.8811, 25.0555, 62.4442, 76.5625, 40.3468, 2.5171, -35.317, -72.021, -67.5138, -30.4649, 7.4261, 45.2128, 80.2845, 57.6805, 20.1519, -17.771, -55.2775, -81.7331, -47.9025, -10.2235, 27.7063, 64.9892, 74.2821, 37.7122, -0.1424, -37.9494, -74.3901, -65.0028, -27.8214, 10.0865, 47.8344, 81.7591, 55.0907, 17.4968, -20.4228, -57.8586, -80.2528, -45.2879, -7.5645, 30.3548, 67.5088, 71.9006, 35.0735, -2.8021, -40.5779, -76.6573, -62.4659, -25.1746, 12.7465, 50.4498, 82.5541, 52.4904, 14.8399, -23.0729, -60.4273, -78.3554]","[-21.5903, -149.2817, 173.1478, 164.3081, 156.3825, 138.7057, -2.7591, -21.6316, -29.6258, -38.3108, -71.6558, 156.8174, 144.1108, 136.4595, 126.2787, 38.2626, -40.0437, -49.9694, -57.641, -70.8552, 154.8871, 124.6868, 116.1261, 108.0547, 87.8519, -53.2853, -69.9453, -77.809, -86.7971, -128.908, 107.6534, 95.8747, 88.2523, 77.4799, -28.7256, -88.6918, -98.1642, -105.9018, -120.3812, 101.2933, 76.2733, 67.9458, 59.6946, 36.1229, -103.2917, -118.2336, -125.9962, -135.3451, 169.9279, 58.6687, 47.6523, 40.0343, 28.5498, -91.4518, -137.2613, -146.353, -154.1833, -170.2525, 49.1763, 27.8999, 19.7658, 11.2966, -16.8951, -152.9181, -166.5004, -174.1891, 176.0328, 104.2448, 9.8258, -0.5588, -8.1964, -20.5455, -149.8904, 174.2343, 165.4627, 157.511, 139.4081, -1.9461, -20.4393, -28.4155, -37.1462, -71.8598, 157.7405, 145.2512, 137.6107, 127.3207, 36.043, -38.9031, -48.7605, -56.4425, -69.8516, 154.7868, 125.7844, 117.2812, 109.1769, 88.4168, -52.3787, -68.7496, -76.5996, -85.6422, -129.7701, 108.6176, 97.0184, 89.4014, 78.4982, -30.294, -87.5391, -96.9547, -104.7066, -119.4321, 101.5326, 77.3802, 69.1012, 60.8094, 36.49, -102.3183, -117.0351, -124.7878, -134.2019, 168.1719, 59.6654, 48.7987, 41.1809, 29.5387, -92.2088, -136.0988, -145.143, -152.992, -169.3773, 49.6449, 29.0149, 20.921, 12.4028, -16.8205, -151.8955, -165.2994, -172.982, 177.1618, 101.6762, 10.8488, 0.5899, -7.0529, -19.5936, -150.0266]"
2023-03-31,30.5833,114.267,0.0413717421124819,FLOCK 4H 2,66705,19.7,"[7.6226, -30.2825, -67.3437, -72.1825, -35.4914, 2.3545, 40.2108, 76.4746, 62.5085, 25.0936, -12.8612, -50.4972, -82.539, -52.6962, -15.1198, 22.823, 60.3039, 78.3188, 42.4693, 4.624, -33.257, -70.1326, -69.4393, -32.5214, 5.3521, 43.1761, 78.8567, 59.6162, 22.103, -15.8541, -53.4253, -82.3922, -49.7662, -12.1275, 25.8119, 63.1905, 75.8778, 39.5014, 1.6249, -36.2272, -72.858, -66.6382, -29.5466, 8.3497, 46.1356, 80.877, 56.7047, 19.1097, -18.8452, -56.3419, -81.1832, -46.8263, -9.1332, 28.7984, 66.0506, 73.2584, 36.5277, -1.3745, -39.1927, -75.485, -63.797, -26.5674, 11.3472, 49.088, 82.2475, 53.7779, 16.1141, -21.8341, -59.2442, -79.2645, -43.878, -6.1369, 31.782, 68.8741, 70.5319, 33.5491, -4.3737, -42.1528, -77.9498, -60.9268, -23.5843, 14.3441, 52.0322, 82.5979, 50.8389, 13.1166, -24.8205, -62.1283, -76.9447, -40.9224, -3.1392, 34.7624, 71.6446, 67.7368, 30.566, -7.3724, -45.1067, -80.1306, -58.0348, -20.5976, 17.3401, 54.9663, 81.796, 47.8898, 10.1175, -27.8038, -64.9886, -74.4011, -37.9601, -0.1404, 37.739, 74.3343, 64.8955, 27.579, -10.3702, -48.0536, -81.7981, -55.1257, -17.6078, 20.3348, 57.8879, 80.1178, 44.9321, 7.1172, -30.7838, -67.8166, -71.7262, -34.9921, 2.8592, 40.711, 76.894, 62.0215, 24.5885, -13.3668, -50.9921, -82.5971, -52.2029, -14.6151, 23.3279, 60.7936, 77.9228, 41.967, 4.1161, -33.76]","[-12.6767, -20.5233, -36.7757, -177.4653, 161.5575, 153.4374, 144.9408, 116.1418, -19.403, -32.8517, -40.5395, -50.399, -125.2573, 143.3862, 133.089, 125.4431, 112.9265, -17.6939, -52.1797, -60.9038, -68.8923, -87.5359, 131.137, 113.1613, 105.2133, 96.4129, 59.7771, -68.8866, -81.1479, -88.7869, -99.2471, 164.0737, 94.5703, 84.8443, 77.1419, 63.3692, -73.3302, -100.6931, -109.1275, -117.2987, -139.1941, 80.5522, 64.8006, 56.9852, 47.8144, -0.6957, -118.1086, -129.4251, -137.0467, -148.2442, 97.0423, 45.8659, 36.6085, 28.8167, 13.4326, -126.6418, -149.1512, -157.3502, -165.7499, 167.7847, 30.5292, 16.4697, 8.751, -0.8704, -66.7993, -167.1315, -177.6868, 174.6783, 162.5671, 35.6897, -2.7487, -11.6208, -19.5374, -37.0321, -178.4848, 162.4366, 154.4262, 145.7449, 112.6188, -19.0922, -31.8364, -39.4917, -49.6623, -137.3297, 144.0003, 134.0642, 126.3846, 113.128, -21.2738, -51.2903, -59.8458, -67.926, -88.2571, 130.6325, 114.0626, 106.1995, 97.1744, 54.0315, -68.4181, -80.1218, -87.7455, -98.5887, 153.441, 95.2543, 85.825, 78.0685, 63.3534, -75.4206, -99.7717, -108.0687, -116.3558, -140.6184, 80.4028, 65.7206, 57.9675, 48.5241, -9.6469, -117.5209, -128.3901, -136.0131, -147.6864, 89.7102, 46.6061, 37.5932, 29.7254, 13.1174, -127.8, -148.2033, -156.2916, -164.8353, 165.2549, 30.6331, 17.4052, 9.7279, -0.2247, -78.7787, -166.4518, -176.6445, 175.7022, 162.9935, 31.1064, -1.9627, -10.6335, -18.6499]"
2014-03-10,39.9289,116.388,0.0410288065843614,CAPELLA-19 (ACADIA),67384,16.0,"[-9.6484, -46.1554, -79.8231, -59.0891, -22.8964, 13.843, 50.351, 81.9363, 54.6675, 18.2519, -18.4983, -54.8188, -81.9335, -50.4801, -14.0563, 22.6953, 58.9914, 79.7928, 45.974, 9.3924, -27.3258, -63.3522, -76.5367, -41.7747, -5.1985, 31.5255, 67.4491, 72.6964, 37.2096, 0.5259, -36.1201, -71.5992, -68.73, -33.0088, 3.6676, 40.3212, 75.4272, 64.4837, 28.4, -8.3384, -44.8673, -78.937, -60.3497, -24.2013, 12.5329, 49.0645, 81.4872, 55.9441, 19.5606, -17.1911, -53.5443, -82.1886, -51.7602, -15.3645, 21.3878, 57.7224, 80.5887, 47.2644, 10.7028, -26.0227, -62.1029, -77.5769, -43.0659, -6.5086, 30.2221, 66.2175, 73.8533, 38.5083, 1.8365, -34.8229, -70.4117, -69.9361, -34.3074, 2.3571, 39.024, 74.3065, 65.7258, 29.7041, -7.0289, -43.5783, -77.9758, -61.6054, -25.505, 11.2233, 47.7768, 80.8724, 57.2172, 20.8682, -15.8841, -52.268, -82.2316, -53.0374, -16.6716, 20.0805, 56.4507, 81.2608, 48.5526, 12.0122, -24.7196, -60.8494, -78.563, -44.355, -7.8177, 28.9188, 64.9787, 74.9849, 39.8053, 3.1464, -33.5254, -69.211, -71.1288, -35.6042, 1.0473, 37.7265, 73.1596, 66.9599, 31.0068, -5.7199, -42.2886, -76.9562, -62.8557, -26.8072, 9.9142, 46.4881, 80.1229, 58.4863, 22.1746, -14.5774, -50.9901, -82.0595, -54.3115, -17.9776, 18.7735, 55.1767, 81.7791, 49.8383, 13.3207, -23.4166, -59.5921, -79.4802, -45.642, -9.1259, 27.6155, 63.7337]","[15.3335, 5.9878, -37.7491, -157.7399, -170.1119, -177.8523, 172.0912, 104.9526, 7.5989, -3.4244, -11.13, -22.1792, -119.5381, 173.4357, 163.3661, 155.6271, 143.2746, 23.0291, -20.5568, -29.8864, -37.7325, -51.9674, 175.9569, 145.7416, 136.9434, 128.9213, 112.0443, -25.3865, -47.9003, -56.2843, -64.5798, -85.5681, 136.5774, 118.6506, 110.5546, 101.8973, 74.414, -59.9138, -74.7917, -82.6783, -91.8461, -130.7431, 104.7603, 91.9053, 84.1413, 74.3212, 15.3028, -90.0482, -101.4198, -109.128, -119.8575, 151.5372, 75.6901, 65.362, 57.64, 45.7242, -69.0538, -118.3749, -127.897, -135.7044, -149.3213, 81.2798, 47.8722, 38.929, 30.9684, 14.9941, -121.4427, -145.8096, -154.3004, -162.5068, 177.9022, 39.7988, 20.7122, 12.5389, 4.0027, -21.1821, -157.109, -172.7533, 179.3086, 170.3042, 135.4693, 7.3157, -6.0733, -13.8671, -23.4704, -75.346, 172.3416, 160.588, 152.8711, 142.4338, 62.9639, -22.0297, -32.6399, -40.3509, -51.8702, -160.1193, 143.8255, 134.0938, 126.3188, 113.258, -12.7865, -49.9835, -59.0846, -66.9909, -82.1633, 142.8163, 116.2914, 107.6836, 99.5578, 81.1877, -56.8087, -77.2183, -85.4773, -93.9027, -117.1211, 105.7957, 89.2911, 81.2944, 72.4399, 41.0189, -90.0663, -104.0474, -111.8773, -121.2816, -167.0369, 74.7727, 62.5992, 54.8677, 44.6978, -25.7714, -119.7209, -130.6393, -138.3452, -149.5036, 109.8405, 46.0462, 36.0864, 28.3373, 15.7785, -106.118, -147.8242, -157.0972, -164.9561, -179.413]"
2025-11-05,39.9289,116.388,0.0410288065843614,FLOCK 4X 37,51009,9.7,"[-23.3897, 32.5855, 37.1448, -28.6684, 77.5279, -71.4213, 60.5442, 1.7642, 13.0575, 53.6588, -56.3159, 81.6569, -43.3353, 45.1627, 23.4632, -10.0257, 68.264, -81.825, 70.6299, -15.9137, 27.4577, 41.9845, -36.5786, 80.365, -63.1866, 56.3499, 8.5603, 6.5769, 58.1048, -64.9883, 79.1561, -34.5551, 40.0762, 29.4691, -18.0887, 72.358, -80.6483, 66.4021, -7.588, 21.1352, 47.3623, -45.9812, 82.403, -53.4647, 51.266, 15.9632, -1.3674, 63.0431, -74.6237, 75.304, -24.7587, 33.895, 35.9742, -27.7629, 76.7267, -71.6914, 61.3082, 1.3896, 13.4316, 53.2039, -56.8358, 81.8165, -42.4676, 45.1747, 23.8214, -10.9634, 68.3957, -82.5092, 70.3441, -14.173, 26.4378, 42.8818, -39.1098, 80.8097, -60.0733, 55.2615, 10.8089, 4.118, 59.4421, -68.9134, 78.1312, -30.4391, 37.9112, 32.0011, -22.3778, 74.0206, -76.485, 64.3612, -3.0735, 17.4655, 50.1134, -52.0795, 82.5512, -46.9538, 48.126, 20.4763, -7.0566, 66.0054, -80.699, 72.5326, -17.7003, 29.2472, 40.3988, -35.6892, 79.4614, -63.1715, 57.3121, 8.258, 6.6824, 57.6088, -66.3994, 79.3893, -32.7949, 39.6989, 30.2401, -20.3071, 72.7625, -77.9743, 65.6243, -4.6295, 18.8774, 48.9456, -50.8013, 82.586, -47.9779, 49.0498, 19.5841, -6.2321, 65.3083, -80.428, 73.0873, -18.0591, 29.69, 40.0041, -35.7036, 79.2196, -62.8183, 57.4872, 8.41, 6.4244, 57.6016, -67.2956, 79.3505, -31.8019]","[90.2061, -90.6682, 76.5181, -104.314, 41.235, 97.1813, -94.3096, 69.7215, -110.7764, 54.9075, -128.437, -57.2641, 64.6883, -117.1954, 49.6574, -130.8701, 28.9596, 162.7202, -115.176, 42.7714, -137.9134, 29.0985, -152.101, -19.1199, 43.1297, -142.7143, 22.4853, -157.9917, 6.6728, -179.6283, -123.3787, 16.4607, -164.783, 2.3297, -178.323, -22.4961, 50.098, -165.9275, -4.697, 174.7439, -18.6531, 159.3914, -92.7381, -7.9335, 168.9936, -24.8698, 154.6296, -42.4357, 122.2322, 177.2172, -31.5619, 147.5953, -45.2228, 133.859, -78.1729, -24.4273, 144.1402, -52.2082, 127.2958, -66.8994, 109.3662, -177.0126, -57.4978, 120.8267, -72.3755, 107.0285, -93.1468, 27.225, 122.4795, -79.4452, 99.9407, -93.094, 85.403, -144.5764, -80.667, 94.8467, -99.7903, 79.7114, -115.9656, 54.9446, 110.0927, -106.2586, 72.7688, -120.093, 59.0771, -147.3415, -90.6587, 70.4896, -127.2585, 52.2325, -141.4616, 35.5783, 126.7852, -131.9766, 46.0239, -147.4938, 31.9186, -166.5829, -23.3183, 49.9115, -154.5802, 24.7827, -168.1352, 10.4764, 148.9613, -154.484, 20.104, -175.0757, 4.4206, 169.3086, -18.3302, 40.196, 178.5341, -2.4718, 164.5964, -16.2401, 139.2698, -161.5459, -4.1794, 157.3188, -23.1893, 143.2807, -39.6175, 58.9354, 152.6887, -29.324, 137.0139, -43.5972, 118.3536, -96.9164, -24.8067, 129.8474, -50.7657, 116.3306, -65.1481, 74.6198, 129.6662, -55.4418, 109.2813, -71.2362, 93.6903, -94.7256, -35.6437, 102.7332]"
2025-11-20,39.9289,116.388,0.0406858710562409,ICEYE-X37,59102,25.1,"[61.5794, 24.5009, -13.095, -50.3829, -82.0926, -53.0296, -15.5968, 22.2475, 59.5789, 78.6723, 43.4929, 6.0202, -31.5193, -68.1573, -71.2678, -34.7338, 3.0163, 40.7488, 76.6232, 62.1758, 25.1205, -12.4743, -49.775, -81.9616, -53.6354, -16.218, 21.6265, 58.9778, 79.114, 44.1063, 6.6416, -30.9027, -67.5793, -71.8277, -35.35, 2.3937, 40.1331, 76.1147, 62.7708, 25.7397, -11.854, -49.1671, -81.7864, -54.2404, -16.8388, 21.0056, 58.3762, 79.5374, 44.7191, 7.2627, -30.2863, -66.9994, -72.3834, -35.9656, 1.7715, 39.5175, 75.5977, 63.3643, 26.3584, -11.2338, -48.559, -81.5697, -54.8444, -17.4592, 20.385, 57.7741, 79.9402, 45.3312, 7.8834, -29.67, -66.4179, -72.9345, -36.5807, 1.1496, 38.902, 75.0731, 63.9561, 26.9766, -10.6139, -47.9508, -81.3147, -55.4475, -18.0792, 19.7646, 57.1716, 80.32, 45.9427, 8.5038, -29.0538, -65.8349, -73.4807, -37.1953, 0.528, 38.2866, 74.5418, 64.5463, 27.5944, -9.9943, -47.3426, -81.0249, -56.0497, -18.6987, 19.1444, 56.5687, 80.6741, 46.5536, 9.1239, -28.4378, -65.2505, -74.0214, -37.8093, -0.0932, 37.6712, 74.0045, 65.1347, 28.2117, -9.3749, -46.7343, -80.7034, -56.6508, -19.3178, 18.5244, 55.9654, 80.9994, 47.1637, 9.7435, -27.8219, -64.6648, -74.5561, -38.4227, -0.7141, 37.056, 73.4618, 65.7213, 28.8286, -8.7558, -46.1259, -80.3535, -57.251, -19.9364, 17.9048, 55.3617, 81.2929, 47.7732]","[48.3894, 34.8107, 26.8986, 16.6969, -56.1661, -148.3663, -159.161, -167.0714, -179.8466, 54.139, 16.0355, 6.8916, -1.2615, -18.9124, -157.7096, -178.5647, 173.0662, 164.1967, 133.3506, 0.9406, -12.9148, -20.8407, -30.9271, -99.6333, 164.0415, 153.1024, 145.199, 132.6485, 8.5801, -31.6306, -40.8509, -48.9743, -66.1495, 155.2998, 133.7331, 125.323, 116.5145, 87.0387, -46.4932, -60.6393, -68.5804, -78.5561, -143.2646, 116.456, 105.3664, 97.4684, 85.1323, -36.7947, -79.2934, -88.5932, -96.6887, -113.4152, 108.3598, 86.0327, 77.5797, 68.8296, 40.6201, -93.911, -108.3627, -116.3205, -126.1901, 172.9079, 68.8776, 57.6308, 49.737, 37.6056, -81.9717, -126.9528, -136.3353, -144.4046, -160.7073, 61.475, 38.3343, 29.8363, 21.1422, -5.8954, -141.3118, -156.0851, -164.0611, -173.8288, 128.8624, 21.3066, 9.8959, 2.0048, -9.9312, -126.938, -174.6086, 175.9228, 167.8782, 151.976, 14.6504, -9.3622, -17.9072, -26.5477, -52.4992, 171.3056, 156.1936, 148.198, 138.528, 84.5869, -26.2566, -37.8384, -45.7282, -57.4774, -171.6827, 137.7394, 128.1811, 120.1596, 104.6363, -32.1085, -57.0566, -65.6508, -74.2401, -99.1835, 123.9424, 108.4734, 100.4566, 90.8805, 40.0776, -73.8115, -85.5722, -93.462, -105.0327, 143.8016, 90.0912, 80.4397, 72.4396, 57.2752, -78.7957, -104.7488, -113.3944, -121.9347, -145.9411, 76.6, 60.7545, 52.715, 43.229, -4.6625, -121.3578, -133.3052, -141.1965, -152.5964, 99.5176, 42.4472]"
2024-12-03,39.9289,116.388,0.0406858710562409,FLOCK 4H 21,66724,22.8,"[-82.0297, -54.4716, -16.8416, 21.2012, 58.8344, 79.3643, 43.7366, 5.7854, -32.2202, -69.2652, -70.2133, -33.2577, 4.7074, 42.642, 78.5333, 59.9155, 22.2905, -15.785, -53.466, -82.3553, -49.5302, -11.7906, 26.249, 63.7149, 75.3096, 38.7235, 0.7192, -37.2366, -73.8583, -65.4817, -28.235, 9.7686, 47.6377, 81.7296, 54.9909, 17.233, -20.8356, -58.3822, -79.819, -44.5615, -6.7342, 31.2893, 68.5134, 70.7788, 33.6954, -4.3465, -42.2379, -78.0984, -60.6489, -23.2011, 14.8281, 52.6111, 82.5072, 50.0284, 12.1704, -25.8784, -63.2489, -75.8861, -39.5718, -1.674, 36.3198, 73.1631, 66.0382, 28.6552, -9.4099, -47.2206, -81.449, -55.7551, -18.1579, 19.8842, 57.5536, 80.2672, 45.0388, 7.1045, -30.9114, -68.0369, -71.4211, -34.565, 3.3884, 41.3378, 77.5001, 61.1887, 23.6054, -14.4693, -52.1797, -82.589, -50.8207, -13.107, 24.9353, 62.451, 76.428, 40.0288, 2.037, -35.9326, -72.6857, -66.7259, -29.544, 8.4512, 46.34, 81.0607, 56.2751, 18.5482, -19.5231, -57.1073, -80.6702, -45.8569, -8.0503, 29.9793, 67.2769, 71.9825, 35.0028, -3.0304, -40.9395, -77.0494, -61.9129, -24.5113, 13.5129, 51.3214, 82.6217, 51.3197, 13.4853, -24.5695, -61.9903, -76.98, -40.8707, -2.9894, 35.0141, 71.9767, 67.2815, 29.964, -8.096, -45.9288, -80.722, -57.0311, -19.4688, 18.5717, 56.2745, 81.065, 46.3349, 8.4186, -29.6066, -66.8041, -72.6098, -35.8665]","[-88.6436, 166.9371, 156.2174, 148.5743, 136.5728, 10.0135, -28.9818, -37.865, -45.8153, -63.6547, 154.9276, 136.1848, 128.1847, 119.4293, 84.0899, -45.8409, -58.2317, -65.8899, -76.3756, -174.0813, 117.3854, 107.6867, 99.9591, 85.9034, -51.8155, -77.9726, -86.3567, -94.6156, -118.0633, 102.4911, 87.4673, 79.685, 70.2814, 12.9454, -95.9366, -106.8057, -114.45, -126.2852, 109.4824, 68.1488, 59.1807, 51.2733, 34.0638, -107.4455, -126.8121, -134.847, -143.5526, -177.2273, 51.4775, 38.8286, 31.1648, 20.8567, -71.9931, -145.5368, -155.3405, -163.0599, -176.862, 46.5045, 19.1325, 10.6883, 2.4917, -19.8981, -160.1414, -175.5409, 176.6541, 167.3219, 113.3949, 1.297, -9.7523, -17.3883, -28.9737, -150.7173, 165.1939, 156.1508, 148.2616, 131.4612, -9.6671, -29.7257, -37.801, -46.4201, -78.1365, 148.703, 135.8122, 128.1358, 117.9302, 29.6132, -48.3594, -58.2917, -65.9886, -79.4276, 144.8671, 116.1546, 107.6567, 99.4902, 77.8137, -62.6387, -78.4683, -86.2973, -95.5112, -145.6387, 98.4378, 87.2252, 79.5859, 68.15, -50.7996, -97.6675, -106.8032, -114.6541, -130.8993, 88.0555, 67.28, 59.1669, 50.5927, 20.2532, -113.9498, -127.1255, -134.8113, -144.8543, 131.9694, 48.7277, 38.6814, 30.9903, 17.777, -116.5942, -146.7345, -155.2983, -163.4083, 175.8269, 34.7774, 18.5254, 10.6711, 1.522, -45.7456, -164.3102, -175.7199, 176.6453, 165.4363, 49.5536, -0.6164, -9.8332, -17.6685, -33.5557, -174.0612, 164.3706]"
2020-12-25,30.5833,114.267,0.0406858710562409,JILIN-01-07,43159,29.6,"[63.0263, 76.0795, 39.5236, 1.554, -36.3857, -73.1605, -66.3717, -29.0407, 9.0744, 47.0632, 81.6618, 55.5999, 17.864, -20.1732, -57.7443, -80.4626, -45.223, -7.2891, 30.8504, 68.2173, 71.219, 34.1254, -3.8832, -41.7611, -77.8293, -61.168, -23.6158, 14.5282, 52.4254, 82.7744, 50.2678, 12.4305, -25.5882, -62.9893, -76.2765, -39.8463, -1.8347, 36.2721, 73.2506, 66.1137, 28.7143, -9.3179, -47.117, -81.5802, -55.8933, -18.18, 19.9778, 57.7529, 80.3236, 44.9066, 6.9936, -30.9928, -68.1519, -71.4505, -34.4498, 3.6219, 41.679, 77.934, 60.8899, 23.2933, -14.7483, -52.4479, -82.8001, -50.5727, -12.7355, 25.4208, 63.0289, 76.0786, 39.524, 1.5552, -36.3848, -73.1608, -66.3697, -29.0371, 9.0786, 47.0669, 81.6629, 55.5993, 17.8645, -20.1724, -57.7445, -80.4615, -45.2196, -7.2846, 30.8548, 68.2205, 71.2175, 34.1251, -3.8828, -41.7611, -77.8305, -61.1649, -23.6112, 14.5333, 52.4297, 82.774, 50.2666, 12.4303, -25.5884, -62.9905, -76.274, -39.8418, -1.8293, 36.2773, 73.2542, 66.1115, 28.7134, -9.3184, -47.1181, -81.5816, -55.8891, -18.1744, 19.9836, 57.7578, 80.3213, 44.9047, 6.9926, -30.994, -68.1541, -71.4468, -34.4442, 3.6282, 41.6848, 77.9377, 60.8871, 23.2916, -14.7496, -52.45, -82.7996, -50.5674, -12.729, 25.4274, 63.0344, 76.0751, 39.5215, 1.5534, -36.3869, -73.1639, -66.3648, -29.0305, 9.0858, 47.0734, 81.6656, 55.5959]","[149.6451, 11.73, -15.2118, -23.4664, -31.4748, -53.1432, 165.423, 150.2555, 142.6035, 133.4954, 79.9979, -33.2632, -44.0079, -51.477, -62.8051, 174.3292, 130.8593, 122.0073, 114.2809, 97.7873, -44.8509, -64.1125, -71.9869, -80.439, -112.0409, 114.0991, 101.5683, 94.0511, 84.0241, -8.0258, -82.9749, -92.5781, -100.1167, -113.4201, 109.1445, 81.7687, 73.4806, 65.4591, 43.6204, -97.873, -112.886, -120.516, -129.6075, 177.8229, 63.7668, 52.9478, 45.4627, 34.1031, -89.6896, -132.309, -141.1184, -148.8316, -165.2387, 52.366, 32.8591, 24.9579, 16.4916, -15.4946, -149.1415, -161.5679, -169.0666, -179.0719, 90.3237, 14.0322, 4.3739, -3.179, -16.5328, -154.4487, 178.612, 170.3575, 162.3491, 140.68, -0.7548, -15.9213, -23.5733, -32.6818, -86.1917, 160.5604, 149.8159, 142.3469, 131.0185, 8.1449, -35.3178, -44.1695, -51.8961, -68.392, 148.9708, 129.7112, 121.8369, 113.3848, 81.7787, -52.0789, -64.6087, -72.1259, -82.1536, -174.2245, 110.8485, 101.2457, 93.707, 80.4029, -57.0382, -84.4085, -92.6963, -100.7181, -122.5618, 95.949, 80.9376, 73.3077, 64.216, 11.6316, -102.4112, -113.2293, -120.7144, -132.0754, 104.119, 61.5143, 52.7053, 44.9919, 28.583, -113.8152, -133.3181, -141.2192, -149.686, 178.3161, 44.6807, 32.2556, 24.757, 14.7511, -75.8819, -152.1457, -161.8032, -169.3563, 177.2875, 39.3664, 12.4353, 4.181, -3.8276, -25.5013, -166.9351, 177.9014, 170.2495, 161.1402, 107.6014, -5.6173]"
2015-09-12,25.0333,111.75,0.0406858710562409,JILIN-01 KUANFU 01C,52443,14.7,"[31.7919, 68.5436, 71.0212, 34.3303, -3.3505, -40.8578, -76.5586, -62.8836, -26.0861, 11.3855, 48.7427, 81.932, 54.6079, 17.1945, -20.502, -57.6341, -80.5374, -46.2892, -9.0496, 28.461, 65.3824, 74.0417, 37.6656, 0.0079, -37.5456, -73.6969, -66.0567, -29.4069, 8.0417, 45.4431, 80.1825, 57.8797, 20.5494, -17.1559, -54.3831, -82.1164, -49.5663, -12.3881, 25.1266, 62.1777, 76.9016, 40.9946, 3.3669, -34.2262, -70.6869, -69.1825, -32.7224, 4.6977, 42.1351, 77.7524, 61.1302, 23.9017, -13.8066, -51.1156, -82.468, -52.8314, -15.7239, 21.7894, 58.9426, 79.4708, 44.3161, 6.726, -30.9006, -67.5874, -72.2371, -36.0322, 1.354, 38.8201, 74.9683, 64.3523, 27.2507, -10.4545, -47.8346, -81.4393, -56.0819, -19.0566, 18.4499, 55.6851, 81.4835, 47.6288, 10.0847, -27.5693, -64.43, -75.1776, -39.3354, -1.9891, 35.4992, 71.9932, 67.5346, 30.5958, -7.1003, -44.5424, -79.4254, -59.3142, -22.3858, 15.1087, 52.4107, 82.4805, 50.931, 13.4424, -24.2331, -61.2329, -77.9218, -42.6312, -5.3309, 32.1733, 68.9076, 70.6588, 33.9363, -3.7443, -41.2406, -76.8713, -62.5228, -25.711, 11.7662, 49.1232, 82.0698, 54.2203, 16.7987, -20.8925, -58.007, -80.3025, -45.9185, -8.6711, 28.8432, 65.7531, 73.6925, 37.2714, -0.3872, -37.9306, -74.0335, -65.6993, -29.0315, 8.423, 45.8251, 80.4314, 57.4936, 20.1529, -17.5481, -54.7594, -81.9899, -49.1959, -12.0092, 25.5097]","[-153.614, -170.9895, 48.481, 28.652, 20.5459, 11.9438, -17.3981, -151.6996, -165.3959, -173.1177, 177.2668, 115.413, 11.5023, 0.6578, -7.0058, -18.6719, -137.1982, 176.1568, 166.9386, 159.1379, 144.0417, 5.5383, -18.5101, -26.8476, -35.1619, -58.5774, 162.8093, 147.3276, 139.4996, 130.3776, 86.1301, -34.9097, -46.6844, -54.3495, -65.1108, -165.464, 129.2921, 119.5581, 111.854, 98.4533, -35.27, -65.6094, -74.2409, -82.3292, -101.7377, 117.9793, 100.0884, 92.1094, 83.384, 50.4464, -81.0389, -94.0046, -101.7104, -111.7542, 171.5416, 82.5662, 72.1891, 64.5409, 52.4327, -72.503, -112.631, -121.6312, -129.5467, -146.1307, 74.1414, 52.8946, 44.7149, 36.307, 10.5664, -126.7796, -141.2977, -149.0845, -158.5546, 146.4823, 36.0193, 24.8353, 17.2041, 6.1004, -103.9905, -159.5556, -169.0153, -176.8052, 168.6727, 31.8613, 5.7565, -2.681, -10.8373, -31.8184, -171.9696, 171.4426, 163.5317, 154.5224, 114.7025, -10.2919, -22.4991, -30.1516, -40.4633, -128.6883, 153.6423, 143.6102, 135.9027, 122.9292, -7.8626, -41.3131, -50.0751, -58.0362, -75.7277, 143.651, 124.2238, 116.1416, 107.5024, 77.3128, -56.285, -69.8093, -77.5222, -87.2028, -151.5811, 106.997, 96.2486, 88.5832, 76.7991, -43.3269, -88.2979, -97.4647, -105.2799, -120.608, 100.5189, 77.0549, 68.7482, 60.4044, 36.4274, -101.8372, -117.0897, -124.9039, -134.0784, 179.9712, 60.5564, 48.9039, 41.2415, 30.3872, -72.3984, -135.1764, -144.8464, -152.5601]"
2015-09-12,25.0333,111.75,0.0406858710562409,ICEYE-X67,66302,22.2,"[-28.7631, -3.3607, 22.9212, 42.3802, 42.6708, 23.5715, -2.5642, -28.0254, -44.4088, -39.9622, -18.6224, 7.9458, 32.5569, 45.4557, 36.2309, 12.909, -13.7197, -36.7298, -45.4019, -32.2446, -7.6353, 18.9399, 40.2215, 44.2279, 27.356, 1.7168, -24.2914, -42.9457, -42.1593, -22.6007, 3.6695, 29.0807, 44.7748, 39.023, 17.0422, -9.5327, -33.6634, -45.5352, -35.4522, -11.8646, 14.8383, 37.615, 45.2046, 30.9371, 5.99, -20.3879, -40.957, -43.855, -26.4241, -0.6256, 25.377, 43.4904, 41.4018, 21.0714, -5.29, -30.3017, -45.0423, -38.3286, -16.0223, 10.6481, 34.6279, 45.5607, 34.2659, 10.2312, -16.3515, -38.5062, -44.9908, -30.0527, -4.9154, 21.4913, 41.6523, 43.2995, 24.9632, -1.0163, -26.6979, -43.9443, -40.8111, -20.08, 6.3974, 31.3239, 45.2806, 37.2867, 14.4152, -12.2142, -35.6595, -45.5226, -33.4405, -9.1756, 17.463, 39.3233, 44.6519, 28.6792, 3.2646, -22.8984, -42.2845, -42.8338, -24.0056, 2.1121, 27.7597, 44.3761, 39.9368, 18.5143, -8.0043, -32.4801, -45.4288, -36.5345, -13.3813, 13.3264, 36.5711, 45.4069, 32.1749, 7.529, -18.9432, -40.1215, -44.3329, -27.7626, -2.183, 23.9855, 42.8842, 42.1489, 22.4979, -3.7477, -29.0255, -44.7136, -39.2754, -17.5054, 9.1117, 33.4623, 45.5326, 35.3991, 11.7525, -14.8671, -37.5205, -45.2543, -31.309, -6.4641, 20.0443, 40.8604, 43.8559, 26.3308, 0.5313, -25.3463, -43.4069, -41.5988]","[110.45, 137.1543, 162.392, -161.186, -111.9031, -75.1137, -49.827, -23.4409, 16.3921, 64.7198, 98.1217, 122.7231, 151.0571, -165.1931, -118.7529, -88.3708, -64.0917, -33.4729, 12.9764, 56.1654, 84.2642, 108.9209, 142.723, -168.5114, -128.9079, -102.6659, -77.2732, -40.2222, 8.7308, 44.6876, 69.8244, 96.7075, 137.7292, -174.0884, -141.5133, -117.1024, -88.3669, -44.1453, 1.4561, 31.2915, 55.6772, 87.1339, 134.531, 176.9447, -155.525, -130.806, -96.4047, -47.7174, -9.0209, 16.9677, 42.7398, 80.9305, 130.0702, 165.1435, -170.0089, -142.8148, -101.2115, -53.7228, -21.8129, 2.6063, 32.0445, 77.3764, 122.3859, 151.5487, 175.9035, -152.1004, -104.5391, -63.0619, -35.894, -10.9052, 24.5386, 73.741, 111.5435, 137.1409, 163.1316, -158.0474, -109.3963, -75.1007, -50.3432, -22.5771, 20.2089, 67.3648, 98.5065, 122.8004, 152.7002, -161.5977, -117.4932, -88.8077, -64.2866, -31.3718, 16.9915, 57.6282, 84.3001, 109.4146, 145.4858, -165.5566, -128.6266, -103.2205, -76.7807, -36.7851, 11.8464, 45.2976, 69.8332, 97.9734, 141.2806, -172.3669, -141.8215, -117.4608, -86.7768, -40.0572, 3.3382, 31.4222, 55.9761, 89.4764, 137.8489, 177.5523, -156.0729, -130.6237, -93.4478, -44.1763, -8.132, 16.9526, 43.6748, 84.2801, 132.2781, 165.0147, -170.4811, -141.6909, -97.2383, -51.3828, -21.5403, 2.7597, 33.9617, 80.9249, 123.3777, 151.0528, 175.8343, -149.6702, -100.6684, -61.8393, -35.8888, -10.2501, 27.5652, 76.427]"
2025-03-16,39.9289,116.388,0.0403429355281204,FLOCK 4Y 35,55057,23.0,"[38.4873, 59.432, 78.964, 74.3214, 51.9804, 26.9691, -0.3364, -29.5625, -59.5317, -82.6655, -59.8701, -33.6131, -9.0952, 13.8068, 35.5272, 56.5055, 76.47, 77.1763, 55.562, 31.0101, 4.1642, -24.6975, -54.5794, -81.4259, -64.4754, -38.0314, -13.2387, 9.8833, 31.7384, 52.7785, 73.0448, 80.2866, 59.9445, 35.9409, 9.6436, -18.7576, -48.4616, -77.0646, -70.0746, -43.5036, -18.3661, 5.0502, 27.1001, 48.2393, 68.7058, 82.5388, 65.0595, 41.7079, 16.0461, -11.7872, -41.1937, -70.517, -76.4335, -50.0699, -24.5265, -0.7341, 21.5832, 42.8716, 63.4847, 81.5427, 70.7893, 48.2484, 23.305, -3.8484, -32.8132, -62.3692, -82.0608, -57.7586, -31.7787, -7.5234, 15.1471, 36.6511, 57.4033, 77.0422, 76.8359, 55.4878, 31.3437, 4.9791, -23.3839, -52.86, -80.2062, -66.5394, -40.1874, -15.3848, 7.7375, 29.5416, 50.466, 70.664, 81.927, 63.3263, 40.0791, 14.5999, -12.9972, -42.1264, -71.1381, -76.0612, -49.8123, -24.3991, -0.7171, 21.4913, 42.656, 63.1232, 81.2373, 71.5702, 49.421, 24.9088, -1.7707, -30.2972, -59.6001, -82.6853, -60.6695, -34.6561, -10.3064, 12.4281, 33.9329, 54.6244, 74.423, 79.4874, 59.2624, 35.797, 10.1591, -17.5238, -46.5789, -75.0185, -72.537, -46.2403, -21.1379, 2.2569, 24.23, 45.2056, 65.4806, 82.2857, 69.4117, 47.156, 22.6488, -3.9847, -32.4025, -61.4961, -82.4604, -59.1807, -33.3294, -9.1422, 13.4507, 34.8294]","[177.4893, -178.3604, -152.2853, -43.2363, -28.0111, -24.8516, -23.6099, -22.025, -16.1453, 62.9771, 133.3802, 138.7161, 139.887, 140.3261, 141.2316, 144.6134, 163.1294, -86.0105, -65.0098, -61.1902, -59.8468, -58.4741, -54.008, -8.597, 94.906, 102.1906, 103.6758, 104.1417, 104.8686, 107.4985, 120.1295, -135.9331, -102.6955, -97.7626, -96.2189, -95.0176, -91.7326, -68.6343, 54.104, 65.2978, 67.3062, 67.8525, 68.4231, 70.3776, 78.798, 158.3453, -141.5604, -134.6497, -132.7423, -131.6383, -129.27, -116.9949, 7.0491, 27.8168, 30.7337, 31.4509, 31.9101, 33.2981, 38.8198, 81.084, 177.1872, -172.0066, -169.4533, -168.3353, -166.6297, -159.7306, -63.4556, -10.7606, -6.1264, -5.083, -4.6663, -3.7224, -0.1669, 19.6255, 129.8548, 149.8451, 153.5758, 154.8728, 156.1484, 160.1765, -164.0905, -51.8779, -43.4462, -41.7922, -41.3148, -40.6879, -38.457, -28.4885, 62.6328, 110.1428, 116.2026, 117.9414, 119.0086, 121.43, 134.2847, -101.4728, -81.6179, -78.762, -78.0622, -77.6189, -76.2689, -70.9333, -31.7414, 66.6315, 78.1272, 80.7844, 81.8827, 83.4095, 89.1985, 164.6427, -121.7384, -116.1703, -114.9633, -114.5506, -113.7626, -110.8458, -96.3841, 9.8535, 38.6241, 43.2348, 44.6822, 45.7764, 48.7017, 67.0218, -168.2678, -154.4375, -152.1255, -151.5371, -151.0608, -149.4891, -143.1158, -90.579, -4.5488, 4.9351, 7.2751, 8.3114, 9.925, 16.377, 104.2812, 165.1864, 170.2224, 171.3347, 171.7318, 172.5512]"
2022-08-03,43.0671,129.075,0.04,SUPERVIEW NEO-2 03,62079,8.2,"[-53.896, -16.1695, 21.9428, 59.6013, 78.7388, 42.88, 4.8823, -33.1683, -70.2107, -69.1733, -32.0602, 5.9914, 43.968, 79.5376, 58.5365, 20.8396, -17.281, -54.9872, -81.757, -47.8244, -9.9714, 28.1296, 65.558, 73.5713, 36.7329, -1.327, -39.3144, -75.7358, -63.3207, -25.8929, 12.1975, 50.081, 82.5009, 52.4845, 14.6398, -23.4691, -60.9935, -77.7305, -41.7158, -3.7672, 34.3026, 71.3576, 67.8752, 30.5652, -7.5344, -45.4357, -80.4488, -57.3464, -19.711, 18.3987, 56.1533, 81.0948, 46.3848, 8.4338, -29.6439, -66.9037, -72.4224, -35.5799, 2.4402, 40.4573, 76.8001, 61.9672, 24.382, -13.7368, -51.5243, -82.6, -51.3027, -13.5179, 24.5917, 62.1634, 76.6325, 40.2522, 2.2247, -35.8017, -72.6283, -66.6886, -29.4227, 8.6477, 46.5879, 81.2053, 55.9538, 18.1871, -19.9311, -57.5669, -80.3033, -45.2137, -7.3168, 30.7731, 68.066, 71.1717, 34.0955, -3.9843, -41.9381, -77.9112, -60.7744, -23.2487, 14.8521, 52.6854, 82.4655, 49.8789, 11.9842, -26.114, -63.5386, -75.5409, -39.0925, -1.1108, 36.939, 73.7514, 65.3643, 27.9205, -10.19, -48.0466, -81.8548, -54.7662, -17.0616, 21.0502, 58.7347, 79.3939, 43.7636, 5.7763, -32.2821, -69.3857, -69.9997, -32.9468, 5.097, 43.0843, 78.8902, 59.4033, 21.7317, -16.3895, -54.1177, -82.1071, -48.7009, -10.8647, 27.2388, 64.7066, 74.3613, 37.6197, -0.4332, -38.4315, -74.9715, -64.1722, -26.7819, 11.3036]","[100.8954, 90.279, 82.6049, 70.2977, -58.7244, -95.0227, -103.8307, -111.8526, -130.6577, 87.9425, 70.1291, 62.1654, 53.2328, 13.2239, -112.3539, -124.2903, -131.9565, -142.8415, 109.0144, 51.0475, 41.5972, 33.7905, 18.6521, -121.1333, -144.2197, -152.4709, -160.9206, 171.9491, 35.1262, 21.2457, 13.5055, 3.6678, -70.4999, -162.7005, -173.0119, 179.2945, 166.4638, 34.1562, 1.622, -7.0534, -15.1435, -35.2178, -176.4685, 166.7852, 158.8851, 149.7751, 104.3194, -15.9918, -27.5341, -35.1939, -46.4011, -161.7796, 147.5628, 138.3151, 130.4562, 114.448, -26.14, -47.5275, -55.6927, -64.2513, -94.0296, 131.1885, 117.9287, 110.2178, 100.1151, 16.116, -66.1862, -76.244, -83.9577, -97.3043, 127.5399, 98.2091, 89.6686, 81.4876, 59.8184, -80.633, -96.4903, -104.3396, -113.615, -165.3161, 80.3203, 69.1673, 61.5057, 49.8947, -71.3669, -115.83, -124.9099, -132.8179, -149.7136, 68.9684, 49.108, 41.029, 32.3296, -0.8125, -132.5835, -145.3246, -153.0136, -163.3673, 102.9829, 30.2719, 20.4694, 12.7226, -1.2688, -138.4226, -165.1237, -173.5533, 178.1817, 154.8074, 15.1997, 0.1785, -7.6225, -17.1086, -76.4582, 176.7572, 165.9292, 158.2628, 146.2606, 20.0002, -19.2804, -28.1897, -36.1656, -54.1733, 164.4082, 145.8154, 137.8065, 128.9767, 92.0357, -36.3962, -48.6328, -56.3062, -66.9762, -169.6445, 126.831, 117.241, 109.4622, 94.8274, -44.1006, -68.5136, -76.8309, -85.2066, -110.7363, 111.236, 96.9136, 89.1505]"
2016-12-02,31.2222,121.458,0.04,ICEYE-X75,68497,10.0,"[-15.6521, -52.4562, -82.2808, -52.0348, -15.2015, 21.9986, 58.7519, 79.7074, 45.38, 8.3606, -28.7732, -65.1398, -74.6386, -39.086, -2.0278, 35.1225, 71.2136, 68.6138, 32.3299, -4.8161, -41.8161, -76.9296, -62.5213, -26.016, 11.1574, 48.1544, 81.3107, 56.0135, 19.2005, -17.9751, -54.723, -81.8824, -49.7584, -12.875, 24.323, 61.0008, 78.0443, 43.0816, 6.0318, -31.0853, -67.3282, -72.6005, -36.7826, 0.3031, 37.4346, 73.304, 66.4321, 30.0136, -7.1441, -44.1097, -78.7119, -60.2904, -23.697, 13.4873, 50.4433, 82.1041, 53.7426, 16.8746, -20.2969, -56.9817, -80.8962, -47.4756, -10.547, 26.6461, 63.236, 76.1897, 40.7789, 3.7023, -33.3951, -69.4885, -70.5004, -34.4755, 2.6345, 39.7439, 75.3242, 64.2246, 27.6949, -9.4718, -46.3992, -80.2694, -58.0459, -21.3757, 15.8167, 52.7263, 82.2568, 51.4637, 14.5475, -22.6173, -59.2307, -79.4858, -45.187, -8.2177, 28.9676, 65.4537, 74.2106, 38.4723, 1.3725, -35.7024, -71.6111, -68.3557, -32.165, 4.9663, 42.0501, 77.241, 61.9972, 25.3738, -11.7988, -48.6839, -81.4779, -55.7901, -19.0522, 18.1454, 55.0025, 81.7329, 49.178, 12.2191, -24.9363, -61.4681, -77.7971, -42.8932, -5.8873, 31.2874, 67.6491, 72.148, 36.1621, -0.9575, -38.0069, -73.6817, -66.1782, -29.8514, 7.2983, 44.3528, 79.0003, 59.7541, 23.0508, -14.1252, -50.9633, -82.1739, -53.5249, -16.7268, 20.4734, 57.2705, 80.6452, 46.8864]","[-111.2931, -121.7894, 154.2749, 73.3295, 62.9221, 55.1567, 42.8739, -78.4848, -121.3664, -130.6348, -138.5604, -153.8146, 70.2233, 44.4725, 35.9111, 27.6498, 7.1278, -131.6746, -149.5147, -157.6058, -166.4315, 162.3072, 30.5964, 16.7697, 8.929, -0.7595, -57.0193, -165.4982, -176.9056, 175.3528, 164.3127, 64.6344, -0.4677, -10.4233, -18.2268, -31.3823, -159.9677, 165.0111, 156.0343, 148.0108, 131.2519, -6.72, -29.0424, -37.4151, -45.8451, -69.2645, 153.169, 137.0448, 129.065, 119.9729, 82.2508, -43.7783, -56.623, -64.4122, -74.5088, -145.2635, 120.5433, 109.7352, 101.9897, 90.3101, -22.44, -74.1947, -83.7627, -91.6242, -105.8275, 120.6887, 91.4327, 82.7061, 74.5613, 55.9345, -82.852, -102.5283, -110.7414, -119.3707, -146.5748, 78.3584, 63.6237, 55.7325, 46.3304, -0.2065, -117.9789, -130.0026, -137.7599, -148.3328, 124.5892, 46.6817, 36.3844, 28.6158, 16.18, -106.2916, -147.8624, -157.0973, -165.0376, 179.4881, 42.8595, 17.8921, 9.3795, 1.0881, -19.8946, -158.394, -175.9888, 175.9309, 167.0681, 134.8179, 3.8143, -9.7804, -17.6043, -27.3672, -85.7387, 167.9608, 156.6291, 148.8845, 137.7535, 35.2262, -27.0992, -36.9594, -44.7703, -58.1074, 172.6018, 138.5204, 129.5717, 121.5305, 104.4956, -33.9026, -55.6159, -63.9465, -72.4126, -96.4205, 126.5025, 110.5727, 102.601, 93.4655, 54.3671, -70.5207, -83.1699, -90.9467, -101.1297, -174.3622, 94.0152, 83.2706, 75.5197, 63.7317, -51.2822, -100.8123]"
2020-06-22,39.9289,116.388,0.04,FLOCK 4Q 29,58304,22.3,"[4.1035, -51.0556, -71.8185, -17.7216, 37.7407, 81.8528, 30.6643, -24.8195, -77.9137, -44.0818, 11.229, 65.9841, 56.8819, 1.7484, -53.3439, -69.6762, -15.383, 40.0585, 80.6116, 28.3409, -27.1371, -79.6438, -41.7951, 13.5515, 68.1672, 54.6281, -0.5661, -55.5854, -67.5357, -13.0832, 42.3328, 79.0451, 26.0555, -29.412, -81.0906, -39.5441, 15.8326, 70.2843, 52.4061, -2.8398, -57.7794, -65.4075, -10.8225, 44.5632, 77.2941, 23.8085, -31.6441, -82.1317, -37.3291, 18.0722, 72.3278, 50.2172, -5.0725, -59.9251, -63.2982, -8.6011, 46.7496, 75.4434, 21.6002, -33.8333, -82.6299, -35.1508, 20.2703, 74.2863, 48.0627, -7.2642, -62.021, -61.2127, -6.4192, 48.8918, 73.5422, 19.4309, -35.9797, -82.5114, -33.0095, 22.4268, 76.1433, 45.9432, -9.4146, -64.0659, -59.1542, -4.2771, 50.9896, 71.6201, 17.3007, -38.0831, -81.8343, -30.9055, 24.5414, 77.8736, 43.8595, -11.5238, -66.0576, -57.1253, -2.1748, 53.0426, 69.6954, 15.2099, -40.1435, -80.7468, -28.8392, 26.6143, 79.4394, 41.8123, -13.5915, -67.9936, -55.1276, -0.1126, 55.0505, 67.7798, 13.1587, -42.1609, -79.3973, -26.8108, 28.6452, 80.7838, 39.8019, -15.6178, -69.8703, -53.1628, 1.9094, 57.0128, 65.8812, 11.1472, -44.1352, -77.8926, -24.8207, 30.6342, 81.8271, 37.8288, -17.6026, -71.683, -51.2317, 3.891, 58.929, 64.0049, 9.1757, -46.0664, -76.3008, -22.8691, 32.5813, 82.4753, 35.8934, -19.5458]","[42.6552, 30.4354, -119.8155, -143.0694, -153.6693, 93.6745, 31.3975, 21.0833, -15.0058, -153.3704, -164.521, 177.6207, 23.2978, 9.6155, -3.0966, -155.292, -176.1331, 173.0992, 47.982, -1.7343, -12.0225, -55.5813, 173.3401, 162.4297, 142.9342, -10.3724, -23.4183, -36.7021, 169.7719, 150.8158, 139.8427, 5.7878, -34.8429, -45.1369, -98.7556, 140.0971, 129.3798, 107.8869, -43.931, -56.4471, -70.394, 135.2313, 117.7758, 106.5576, -33.8259, -67.9312, -78.2613, -145.0054, 106.8939, 96.3286, 72.3702, -77.3982, -89.4717, -104.1883, 100.9874, 84.7456, 73.2401, -71.6646, -101.0016, -111.3969, 166.1754, 73.7249, 63.2753, 36.2333, -110.79, -122.4929, -138.1045, 66.9713, 51.724, 39.8858, -108.2885, -134.0562, -144.5454, 116.8409, 40.5855, 30.2191, -0.7345, -144.1187, -155.5116, -172.1672, 33.1337, 18.71, 6.4896, -144.0659, -167.0967, -177.7083, 69.4386, 7.4721, -2.8409, -38.8259, -177.3939, 171.4718, 153.5926, -0.5618, -14.2972, -26.9544, -179.2382, 159.8753, 149.1126, 25.0879, -25.6185, -35.9053, -78.4318, 149.3763, 138.4565, 119.1354, -34.1421, -47.2986, -60.453, 146.0331, 126.8584, 115.9156, -16.4155, -58.689, -68.975, -120.0159, 116.1857, 105.442, 84.4102, -67.628, -80.2947, -94.0142, 111.6377, 93.8516, 82.6985, -55.7299, -91.7416, -102.0508, -163.9586, 83.0291, 72.4278, 49.3503, -101.0354, -113.2862, -127.6474, 77.4982, 60.8538, 49.4592, -93.4703, -124.7782, -135.1333, 149.8394, 49.9022, 39.4133]"
2024-12-04,39.5217,115.842,0.04,FLOCK 4V 8,46288,24.3,"[44.3248, -8.1934, -60.5594, -65.2628, -14.0459, 37.4374, 82.7014, 38.36, -14.3353, -66.4551, -59.3701, -7.9297, 43.496, 80.9338, 32.0766, -20.7622, -72.439, -53.1286, -1.5331, 49.8031, 76.0804, 25.4759, -27.4677, -78.1943, -46.563, 5.1406, 56.3428, 70.0134, 18.5595, -34.4435, -82.3662, -39.6866, 12.0871, 63.083, 63.3235, 11.33, -41.6785, -81.2546, -32.5076, 19.3016, 69.9426, 56.185, 3.7918, -49.1566, -75.6513, -25.032, 26.7783, 76.6569, 48.6601, -4.0492, -56.851, -68.5771, -17.265, 34.5099, 81.9793, 40.7749, -12.1846, -64.7058, -60.8676, -9.2121, 42.4869, 81.3625, 32.5416, -20.6039, -72.5643, -52.733, -0.8791, 50.6937, 75.0579, 23.9681, -29.2937, -79.7665, -44.2443, 7.7266, 59.0989, 67.069, 15.0618, -38.2371, -82.5433, -35.4313, 16.5972, 67.6199, 58.3927, 5.8315, -47.4109, -76.9296, -26.31, 25.7233, 75.9537, 49.2474, -3.7108, -56.7756, -68.429, -16.8914, 35.0938, 82.2902, 39.6999, -13.5498, -66.2404, -59.1019, -7.1856, 44.6932, 79.8132, 29.7772, -23.6664, -75.4814, -49.3129, 2.7968, 54.4937, 71.3386, 19.4955, -34.0375, -82.3926, -39.1601, 13.044, 64.4237, 61.4954, 8.8699, -44.6327, -78.9765, -28.6812, 23.543, 74.2144, 51.0401, -2.0811, -55.4041, -69.5469, -17.8962, 34.2784, 82.0564, 40.1291, -13.3342, -66.2378, -58.9201, -6.821, 45.2295, 79.283, 28.8128, -24.8611, -76.6647, -47.7731, 4.5288, 56.3558, 69.3721]","[-2.18, -12.8919, -27.3998, 179.1929, 162.4526, 152.5156, 71.3551, -21.1198, -31.2852, -48.9337, 157.9865, 144.0643, 133.5912, 11.0221, -39.9057, -49.7662, -73.2521, 137.762, 125.6644, 114.2837, -28.6113, -58.5838, -68.3736, -104.6502, 118.1363, 107.2341, 94.3459, -56.6217, -77.1906, -87.167, -156.602, 98.894, 88.7492, 73.2651, -80.0174, -95.7575, -106.2452, 133.6857, 79.904, 70.1771, 49.796, -101.3204, -114.3144, -125.7851, 90.0564, 61.08, 51.4701, 20.1483, -121.5368, -132.8927, -146.1373, 61.5534, 42.3606, 32.5534, -29.6666, -141.1334, -151.53, -168.1067, 38.241, 23.6975, 13.2997, -105.4877, -160.3562, -170.2765, 166.0224, 17.0878, 5.0481, -6.5298, -151.5641, -179.3498, 170.7927, 127.486, -3.001, -13.6318, -27.4452, 179.8667, 161.7907, 151.5526, 51.5949, -22.5056, -32.395, -50.7568, 156.7101, 142.9943, 131.77, -9.4853, -41.6719, -51.3149, -80.9256, 135.6861, 124.1984, 110.9435, -41.5475, -60.6435, -70.509, -138.1468, 115.6784, 105.3355, 87.7594, -65.6331, -79.5173, -90.1913, 139.7053, 96.2102, 86.3173, 57.5336, -86.9802, -98.371, -110.8138, 99.1299, 77.0383, 67.0049, -3.1257, -107.1232, -117.2825, -133.5426, 72.9576, 58.0158, 47.1392, -87.2952, -126.659, -136.3498, -162.4697, 50.8772, 39.035, 26.1443, -125.744, -145.8742, -155.7259, 140.7944, 30.4007, 19.9936, 2.391, -151.0935, -164.9352, -175.6994, 51.4898, 10.6777, 0.7636, -30.878, -172.803, 176.0373, 163.0662, 11.3792]"
2024-12-04,39.5217,115.842,0.04,FLOCK 4H 33,66736,22.8,"[-82.3015, -53.6547, -16.0032, 22.0419, 59.6511, 78.7425, 42.9069, 4.9515, -33.0416, -70.0267, -69.4511, -32.4389, 5.5354, 43.4618, 79.15, 59.1137, 21.4696, -16.6, -54.2569, -82.1034, -48.735, -10.9784, 27.0614, 64.4943, 74.6006, 37.9191, -0.0865, -38.0279, -74.5554, -64.7251, -27.4412, 10.5692, 48.4273, 82.0548, 54.2095, 16.4395, -21.6214, -59.1394, -79.2669, -43.7895, -5.9483, 32.0731, 69.2489, 70.051, 32.917, -5.1236, -42.9988, -78.6846, -59.9072, -22.4328, 15.6012, 53.3695, 82.3315, 49.2699, 11.4045, -26.6347, -63.9696, -75.2404, -38.8237, -0.9148, 37.0748, 73.8398, 65.3158, 27.9033, -10.1584, -47.9508, -81.7926, -55.0328, -17.4153, 20.6296, 58.2795, 79.764, 44.3046, 6.3664, -31.6382, -68.7159, -70.7545, -33.8416, 4.1207, 42.0637, 78.0798, 60.4818, 22.8805, -15.189, -52.8786, -82.4858, -50.1202, -12.3905, 25.6527, 63.142, 75.8196, 39.3199, 1.327, -36.6298, -73.3109, -66.0637, -28.8457, 9.1564, 47.0362, 81.4347, 55.5886, 17.8504, -20.2138, -57.7739, -80.2356, -45.1797, -7.3601, 30.6685, 67.9282, 71.3504, 34.3199, -3.7121, -41.6068, -77.5904, -61.2654, -23.8384, 14.1908, 51.9874, 82.5873, 50.6561, 12.8151, -25.2311, -62.6226, -76.4338, -40.2176, -2.3257, 35.6749, 72.5783, 66.6536, 29.3077, -8.7492, -46.5661, -81.0927, -56.403, -18.8217, 19.222, 56.9092, 80.6809, 45.6958, 7.7762, -30.2391, -67.3984, -72.0379, -35.2381]","[-94.6266, 166.4238, 155.894, 148.24, 135.945, 6.8213, -29.3891, -38.1801, -46.1749, -64.7429, 153.8446, 135.83, 127.8697, 119.0188, 81.0238, -46.4542, -58.5602, -66.2121, -76.8869, -179.9472, 116.9402, 107.3715, 99.6187, 85.1392, -53.5618, -78.3461, -86.6675, -94.9894, -119.6575, 101.7175, 87.1311, 79.3708, 69.8394, 7.5479, -96.4441, -107.1232, -114.7752, -126.8716, 106.2534, 67.7503, 58.8717, 50.9238, 33.0674, -108.5412, -127.1608, -135.155, -143.946, -179.8774, 50.8769, 38.5065, 30.8497, 20.3698, -77.9091, -145.9757, -155.6497, -163.3903, -177.5662, 44.7578, 18.7671, 10.3836, 2.1296, -21.3283, -160.9145, -175.871, 176.3473, 166.9011, 108.7091, 0.8012, -10.0635, -17.7059, -29.5272, -154.0982, 164.8019, 155.8479, 147.9236, 130.5589, -10.7491, -30.0669, -38.1028, -46.7998, -80.4634, 148.1075, 135.4962, 127.8286, 117.4704, 23.9955, -48.7876, -58.5947, -66.3106, -80.0844, 143.0694, 115.7957, 107.3585, 99.1414, 76.5472, -63.3958, -78.7914, -86.5977, -95.9151, -149.7758, 97.9488, 86.92, 79.2769, 67.633, -54.1838, -98.05, -107.1, -114.9828, -131.7279, 86.963, 66.9452, 58.8718, 50.229, 18.2455, -114.5302, -127.4349, -135.1116, -145.2928, 126.5034, 48.3066, 38.3845, 30.6779, 17.1717, -118.3818, -147.0847, -155.5905, -163.7465, 174.687, 34.0231, 18.2086, 10.3778, 1.1375, -49.2743, -164.7858, -176.0187, 176.3436, 164.9474, 46.0393, -0.9916, -10.1237, -17.9863, -34.3059, -175.1335, 164.0438]"
2019-08-27,20.0,135.0,0.04,GEOEYE 1,33331,7.8,"[57.189, 80.6239, 47.8858, 11.4854, -25.1182, -61.1016, -78.1297, -44.0586, -7.5965, 29.0513, 64.9575, 74.8355, 39.8969, 3.3821, -33.169, -68.7281, -71.3976, -36.0511, 0.5181, 37.1071, 72.4178, 67.5794, 31.8625, -4.7226, -41.1843, -75.8489, -63.8933, -28.0024, 8.6337, 45.122, 78.9513, 59.8925, 23.7969, -12.8217, -49.149, -81.1691, -56.1174, -19.9242, 16.7428, 53.0758, 81.901, 52.0285, 15.7101, -20.9077, -57.036, -80.7538, -48.2127, -11.8257, 24.8375, 60.9285, 78.1863, 44.0721, 7.6105, -28.9729, -64.7857, -75.0726, -40.2332, -3.7147, 32.9092, 68.5836, 71.4509, 36.0591, -0.4945, -37.0084, -72.2355, -67.8576, -32.2042, 4.4013, 40.9473, 75.7398, 63.9345, 28.0082, -8.5976, -45.0021, -78.7948, -60.1943, -24.1402, 12.5146, 48.9362, 81.1241, 56.1465, 19.9313, -16.6915, -52.9344, -81.9137, -52.3467, -16.0513, 20.6178, 56.8486, 80.7969, 48.232, 11.8373, -24.7688, -60.7669, -78.3813, -44.4018, -7.9459, 28.7026, 64.6252, 75.1314, 40.2454, 3.734, -32.8213, -68.406, -71.7094, -36.3964, 0.1684, 36.7596, 72.1057, 67.9068, 32.2124, -4.3712, -40.8387, -75.5625, -64.2232, -28.3492, 8.284, 44.7765, 78.7094, 60.2311, 24.1477, -12.4709, -48.8065, -81.0236, -56.4548, -20.2721, 16.3934, 52.7334, 81.9168, 52.3725, 16.0615, -20.558, -56.698, -80.9172, -48.5541, -12.1744, 24.4887, 60.5916, 78.4396, 44.4191, 7.962, -28.6247, -64.4561, -75.3627]","[143.2285, 32.7343, -20.0487, -29.9491, -37.9363, -51.5422, -176.6628, 146.2247, 136.8953, 128.7694, 113.084, -20.1505, -47.4425, -56.2963, -64.6193, -83.2008, 140.6207, 119.085, 110.5619, 101.9522, 78.9811, -56.7888, -74.3718, -82.624, -91.6055, -121.2592, 107.3376, 92.308, 84.2253, 74.7456, 33.7793, -87.9186, -101.0197, -108.9786, -119.0946, -178.2098, 77.5268, 65.7531, 57.8378, 46.8776, -38.6096, -116.7855, -127.4955, -135.4109, -147.4657, 103.3751, 49.287, 39.3318, 31.3428, 17.7968, -107.173, -144.5411, -153.8722, -161.9855, -177.5437, 49.6685, 21.8701, 12.9816, 4.6639, -13.8038, -150.0666, -171.6828, 179.7957, 171.2047, 148.5249, 12.7346, -5.0735, -13.3476, -22.3153, -51.7178, 176.5996, 161.5396, 153.461, 144.0105, 103.8715, -18.5107, -31.7307, -39.7023, -49.7928, -108.3228, 146.7708, 134.9848, 127.0762, 116.1645, 32.3947, -47.4328, -58.2126, -66.1333, -78.1434, 173.095, 118.5237, 108.564, 100.5851, 87.1271, -37.0208, -75.2185, -84.5932, -92.7048, -108.1822, 119.0482, 91.1036, 82.2148, 73.9122, 55.6276, -80.4295, -102.3783, -110.9275, -119.5092, -142.0252, 82.0176, 64.1586, 55.8872, 46.9423, 18.005, -113.9455, -129.1675, -137.2629, -146.6945, 173.5578, 50.7416, 37.5011, 29.5347, 19.4808, -37.707, -143.8531, -155.7298, -163.6472, -174.5253, 102.3473, 21.8077, 11.0194, 3.1069, -8.8401, -116.2369, -172.1407, 177.8445, 169.8639, 156.465, 32.4933, -5.9832, -15.3603, -23.46, -38.8157, -171.1198]"
2018-01-09,31.1833,117.767,0.04,SUPERVIEW NEO-3 01,59510,17.8,"[20.4368, -17.4203, -54.8633, -81.9485, -48.4864, -10.9052, 26.9455, 64.1915, 75.0683, 38.6656, 0.8828, -36.8656, -73.3547, -66.1953, -29.1605, 8.6544, 46.3479, 80.9493, 56.6882, 19.1948, -18.661, -56.0725, -81.3791, -47.2657, -9.6624, 28.1846, 65.3775, 73.9795, 37.4324, -0.3611, -38.0959, -74.4509, -65.0182, -27.9247, 9.8979, 47.5731, 81.6063, 55.4763, 17.953, -19.9008, -57.2788, -80.6809, -46.0442, -8.42, 29.4225, 66.557, 72.8708, 36.1989, -1.6044, -39.3247, -75.5244, -63.836, -26.6888, 11.1407, 48.7965, 82.1221, 54.2627, 16.7116, -21.1394, -58.4817, -79.8806, -44.8219, -7.1779, 30.6592, 67.7293, 71.7459, 34.9653, -2.847, -40.5519, -76.5699, -62.6495, -25.4529, 12.3827, 50.0177, 82.468, 53.0476, 15.4705, -22.377, -59.6811, -79.0007, -43.5989, -5.9363, 31.8948, 68.8933, 70.6076, 33.7316, -4.0888, -41.7774, -77.5805, -61.4593, -24.2171, 13.6239, 51.2368, 82.6204, 51.8312, 14.2298, -23.6135, -60.8767, -78.0589, -42.3754, -4.6951, 33.129, 70.0476, 69.4583, 32.4977, -5.3299, -43.0013, -78.5474, -60.2658, -22.9813, 14.8643, 52.4535, 82.5677, 50.6137, 12.9894, -24.8488, -62.068, -77.0689, -41.1514, -3.4544, 34.362, 71.1907, 68.2997, 31.2638, -6.5703, -44.2234, -79.4586, -59.0695, -21.7456, 16.1038, 53.6678, 82.3144, 49.395, 11.7495, -26.0829, -63.2547, -76.0411, -39.9269, -2.2141, 35.5937, 72.3206, 67.1334, 30.0299, -7.8098]","[65.562, 57.9532, 47.1666, -58.5748, -118.8667, -128.3627, -136.0808, -150.3479, 71.6848, 46.0806, 37.7336, 29.5327, 6.9356, -132.8761, -148.3115, -156.0987, -165.2837, 145.6643, 28.8328, 17.5405, 9.9357, -1.169, -113.9931, -167.0612, -176.3685, 175.875, 160.9325, 21.6031, -2.0178, -10.2671, -18.561, -42.9717, 178.3518, 163.6411, 155.8964, 146.5329, 90.8717, -19.5202, -30.4781, -38.0842, -49.5363, -168.38, 144.7603, 135.627, 127.8262, 112.1306, -28.1972, -50.1076, -58.2676, -66.6633, -93.1794, 129.6588, 115.5984, 107.8904, 98.3333, 35.0501, -67.8425, -78.4942, -86.1068, -97.9389, 138.2004, 96.5966, 87.6236, 79.7724, 63.2337, -77.7636, -98.1897, -106.2683, -114.7747, -143.7508, 81.035, 67.5601, 59.883, 50.116, -21.6808, -116.137, -126.508, -134.1323, -146.3809, 85.629, 48.4464, 39.6211, 31.7131, 14.2268, -127.1343, -146.2645, -154.2693, -162.896, 165.236, 32.4719, 19.526, 11.8741, 1.8792, -79.009, -164.4065, -174.5196, 177.8389, 165.1329, 33.7741, 0.3087, -8.3806, -16.3519, -34.9084, -176.3402, 165.6674, 157.7294, 148.9719, 113.6857, -16.0378, -28.5044, -36.1365, -46.3788, -136.4601, 147.3467, 137.4708, 129.8067, 116.5971, -17.4868, -47.8176, -56.3816, -64.4232, -84.1941, 134.5936, 117.6056, 109.7274, 100.8282, 61.4852, -64.5001, -76.5313, -84.149, -94.6602, 166.4772, 99.1207, 89.4629, 81.7707, 68.005, -68.2594, -95.9334, -104.3821, -112.5012, -133.6576, 85.6469, 69.5496, 61.7248]"
2014-08-26,39.9289,116.388,0.04,FLOCK 4G 18,62680,24.8,"[-72.9469, -66.0091, -28.3024, 10.1859, 48.5179, 82.2618, 53.2221, 14.9641, -23.5629, -61.4788, -77.0363, -40.45, -2.0767, 36.3958, 73.6536, 65.0934, 27.2052, -11.3288, -49.5681, -82.492, -52.4941, -14.3298, 24.1944, 62.1911, 76.2827, 39.3953, 0.9341, -37.4894, -74.5064, -64.3369, -26.5494, 11.9488, 50.2514, 82.6122, 51.4942, 13.2016, -25.3178, -63.1668, -75.5643, -38.7097, -0.3149, 38.1433, 75.199, 63.4099, 25.4493, -13.0883, -51.2917, -82.6345, -50.7739, -12.5724, 25.9491, 63.8798, 74.7746, 37.6502, -0.8265, -39.2292, -76.0166, -62.6588, -24.7999, 13.7065, 51.9769, 82.555, 49.7674, 11.4435, -27.0668, -64.8411, -74.0407, -36.9722, 1.4423, 39.8843, 76.6883, 61.7217, 23.6972, -14.8423, -53.007, -82.3712, -49.055, -10.8192, 27.6981, 65.5541, 73.2229, 35.9083, -2.5821, -40.9622, -77.4618, -60.9766, -23.0541, 15.459, 53.6942, 82.1021, 48.0423, 9.6898, -28.8097, -66.4999, -72.4803, -35.2376, 3.1948, 41.6188, 78.1027, 60.0302, 21.9489, -16.5908, -54.7137, -81.7438, -47.3376, -9.0702, 29.4413, 67.2121, 71.6399, 34.1695, -4.3326, -42.6884, -78.8192, -59.2918, -21.312, 17.2063, 55.4029, 81.3181, 46.319, 7.9406, -30.5466, -68.141, -70.8932, -33.506, 4.9425, 43.3466, 79.4145, 58.3367, 20.2047, -18.3338, -56.4113, -80.8294, -45.6222, -7.3255, 31.1786, 68.8512, 70.0342, 32.4341, -6.0781, -44.4077, -80.0554, -57.6053, -19.5736, 18.9482]","[91.7037, -49.0341, -64.4372, -72.274, -81.8631, -147.906, 111.4535, 100.9626, 93.2365, 80.1966, -54.4335, -84.7648, -93.3375, -101.588, -124.7733, 94.9935, 80.1297, 72.3213, 62.5658, -9.8015, -104.0598, -114.3766, -122.1129, -135.4805, 88.1311, 59.7505, 51.2632, 42.9381, 18.3308, -120.815, -135.2286, -143.0138, -152.9011, 128.4558, 40.343, 30.2172, 22.4592, 8.6495, -128.9523, -155.6488, -164.0684, -172.4495, 161.5874, 23.2928, 9.3434, 1.58, -8.4932, -93.8063, -175.148, 174.88, 167.107, 152.9182, 14.0101, -11.1231, -19.4675, -27.9327, -55.6455, 167.5534, 153.9893, 146.2439, 136.0223, 44.3314, -30.7219, -40.5241, -48.3253, -63.0225, 157.2774, 133.4861, 125.2013, 116.6725, 87.2609, -48.2722, -61.434, -69.164, -79.5936, -177.5579, 113.8066, 104.1405, 96.3194, 81.1808, -59.457, -81.9789, -90.1978, -98.8209, -130.4113, 96.0454, 83.2156, 75.4988, 64.9019, -38.8682, -101.747, -111.2619, -119.1178, -134.8448, 84.076, 62.638, 54.4712, 45.7763, 12.0316, -119.7245, -132.2035, -139.9112, -150.7412, 100.1656, 42.7986, 33.4042, 25.5234, 9.2789, -132.4247, -152.8186, -160.928, -169.7286, 153.7861, 24.6406, 12.4495, 4.7503, -6.2689, -120.2168, -172.737, 178.0034, 170.0809, 153.1503, 11.3122, -8.1949, -16.259, -25.1404, -64.3821, 168.9178, 157.0341, 149.3379, 138.0569, 19.9034, -28.1766, -37.3291, -45.2819, -62.824, 154.9941, 136.3559, 128.3413, 119.342, 76.635, -46.6771, -58.3098, -66.0023]"
2020-05-13,39.9289,116.388,0.04,ICEYE-X66,66301,22.9,"[45.543, 35.0737, 11.1895, -15.5524, -38.0753, -45.0874, -30.3661, -5.1674, 21.3663, 41.6384, 43.2634, 24.777, -1.3581, -27.1187, -44.1433, -40.3826, -19.2068, 7.4502, 32.2535, 45.4281, 36.3386, 12.9366, -13.8294, -36.9067, -45.3528, -31.8021, -6.9481, 19.7008, 40.7225, 43.9014, 26.3537, 0.4279, -25.5638, -43.5507, -41.3222, -20.8744, 5.6698, 30.8259, 45.2032, 37.5426, 14.6705, -12.0921, -35.6759, -45.5102, -33.1915, -8.7214, 18.0134, 39.7264, 44.4405, 27.8971, 2.2135, -23.9772, -42.8627, -42.179, -22.5177, 3.8843, 29.3546, 44.8703, 38.6812, 16.3893, -10.3426, -34.3872, -45.5584, -34.5306, -10.4856, 16.3065, 38.6551, 44.8771, 29.4038, 3.9971, -22.3619, -42.0836, -42.9484, -24.1341, 2.0954, 27.8434, 44.4316, 39.7494, 18.0906, -8.5827, -33.0451, -45.4971, -35.8152, -12.2389, 14.5826, 37.5133, 45.208, 30.8705, 5.7769, -20.7207, -41.2181, -43.6257, -25.721, 0.305, 26.2957, 43.8904, 40.7424, 19.7723, -6.8143, -31.6537, -45.3268, -37.0408, -13.9791, 12.8438, 36.3061, 45.4309, 32.2935, 7.5511, -19.056, -40.2709, -44.2069, -27.2753, -1.4853, 24.7147, 43.2503, 41.6552, 21.432, -5.0392, -30.2168, -45.0489, -38.2031, -15.7044, 11.0921, 35.0382, 45.544, 33.669, 9.3181, -17.3704, -39.2468, -44.6882, -28.7941, -3.2736, 23.1037, 42.5156, 42.4829, 23.0672, -3.2591, -28.7384, -44.6655, -39.2974, -17.4127, 9.3296, 33.714, 45.5464]","[-83.5886, -37.747, -7.9775, 16.4867, 48.2866, 95.8914, 137.8958, 165.3177, -169.5946, -134.0404, -84.6382, -46.7508, -21.0649, 5.1912, 44.6189, 93.3975, 127.3841, 152.1682, -179.5288, -135.7967, -89.051, -58.4603, -34.0326, -3.1288, 43.7364, 86.8639, 114.8916, 139.7522, 174.2186, -136.6206, -97.5533, -71.467, -45.6318, -7.3739, 41.7034, 76.7491, 101.7372, 129.4063, 172.0164, -140.4398, -108.9687, -84.5247, -54.459, -8.4439, 35.7593, 64.4527, 89.1404, 122.5647, 171.331, -148.4141, -121.87, -96.399, -59.2964, -10.0745, 26.071, 51.3175, 78.4129, 119.864, 168.0845, -159.5064, -134.9932, -105.7064, -60.6364, -15.4215, 13.9974, 38.566, 70.9991, 119.2257, 160.6624, -172.2772, -147.1147, -111.1422, -61.9324, -24.6545, 0.9056, 27.4868, 67.758, 116.5209, 149.9227, 174.5583, -156.8739, -112.8274, -66.6819, -36.4777, -11.975, 19.5219, 67.0743, 109.6719, 137.3078, 162.2168, -162.9064, -113.8654, -75.4314, -49.5019, -23.3763, 15.7093, 64.8695, 99.3147, 124.1261, 152.035, -165.0033, -118.0248, -86.9763, -62.4864, -31.8683, 14.8889, 58.6103, 86.8819, 111.5915, 145.4142, -165.8666, -126.2641, -99.9083, -74.1807, -36.273, 13.1314, 48.6656, 73.7068, 101.0165, 142.8489, -169.4523, -137.5022, -112.9721, -83.1731, -37.3173, 7.4737, 36.4413, 61.0053, 93.8215, 142.0724, -177.1567, -150.3172, -124.9307, -88.1812, -38.6907, -2.0288, 23.2969, 50.0666, 90.7416, 139.0342, 171.941, -163.4356, -134.3955, -89.5308]"
2023-12-28,39.9289,116.388,0.04,QPS-SAR-9 SUSANOO-I,63205,17.1,"[-19.504, -38.3319, -40.4142, -23.9756, 0.4051, 24.6967, 40.706, 37.8493, 18.5602, -6.3671, -29.5363, -41.9663, -34.5046, -13.1261, 12.0509, 33.8025, 42.0686, 30.2473, 7.2456, -17.7243, -37.3502, -41.009, -25.6266, -1.5212, 23.0181, 40.0475, 38.7846, 20.3281, -4.4576, -28.0146, -41.6732, -35.7112, -14.9748, 10.1706, 32.4718, 42.1701, 31.6833, 9.1419, -15.9168, -36.2747, -41.4851, -27.2304, -3.4449, 21.2998, 39.2769, 39.6166, 22.0625, -2.5419, -26.4395, -41.2566, -36.8322, -16.8001, 8.2758, 31.0707, 42.143, 33.0523, 11.0249, -14.085, -35.1114, -41.839, -28.7825, -5.3634, 19.5458, 38.3996, 40.3397, 23.7595, -0.6228, -24.8159, -40.7197, -37.8618, -18.5987, 6.3693, 29.6049, 41.9876, 34.3485, 12.8917, -12.2321, -33.8665, -42.0677, -30.2778, -7.2738, 17.7603, 37.4212, 40.9487, 25.4148, 1.2971, -23.1482, -40.0669, -38.794, -20.367, 4.4542, 28.0798, 41.7052, 35.5661, 14.7393, -10.3612, -32.5458, -42.1695, -31.7112, -9.1733, 15.9467, 36.3479, 41.4392, 27.0241, 3.2151, -21.4408, -39.3028, -39.623, -22.1013, 2.5331, 26.5007, 41.2982, 36.6991, 16.5644, -8.4754, -31.1551, -42.1437, -33.0773, -11.0591, 14.1087, 35.1856, 41.8072, 28.5827, 5.1286, -19.6978, -38.4329, -40.3434, -23.7976, 0.6088, 24.8724, 40.7698, 37.7414, 18.3637, -6.5776, -29.7001, -41.9906, -34.3703, -12.9283, 12.2496, 33.9405, 42.0499, 30.0855, 7.0347, -17.9229]","[-44.491, -9.2905, 37.3373, 75.4082, 102.691, 130.186, 168.8531, -144.5051, -109.7604, -83.4944, -54.4188, -12.6239, 32.3882, 64.2646, 90.2467, 121.7004, 166.4493, -151.135, -121.7006, -95.5385, -61.364, -15.0261, 24.1455, 51.8735, 78.9562, 116.5153, 163.368, -160.8347, -134.3238, -105.8597, -65.111, -19.4609, 13.3173, 39.3476, 69.9861, 113.9148, 157.2952, -172.5557, -146.5395, -113.3462, -67.4484, -27.1869, 1.0527, 27.7893, 64.2528, 111.1556, 148.0371, 174.8579, -157.2231, -117.5559, -71.402, -37.6681, -11.5254, 18.3617, 61.3759, 105.638, 136.5665, 162.5006, -165.2356, -119.9175, -78.5937, -49.7762, -23.3201, 12.0728, 58.8639, 96.8497, 124.0459, 151.4863, -169.9461, -123.4342, -88.6967, -62.3774, -33.1762, 8.8481, 53.8904, 85.661, 111.5768, 142.9679, -172.4201, -130.0796, -100.618, -74.3773, -40.0192, 6.501, 45.5978, 73.2356, 100.2634, 137.7295, -175.5548, -139.7735, -113.2131, -84.6313, -43.6534, 2.0506, 34.7228, 60.6841, 91.2629, 135.0586, 178.3515, -151.4773, -125.3875, -92.0198, -45.923, -5.7236, 22.4222, 49.1032, 85.48, 132.2403, 169.096, -164.0373, -136.0081, -96.1144, -49.8821, -16.2531, 9.8175, 39.6473, 82.5335, 126.6958, 157.6409, -176.3559, -143.9272, -98.3963, -57.1194, -28.399, -1.9997, 33.3126, 79.9574, 117.9068, 145.1451, 172.6886, -148.522, -101.907, -67.2718, -41.028, -11.8822, 30.02, 74.9509, 106.7317, 132.7122, 164.2587, -150.9054, -108.5944, -79.2327, -53.0505]"
2023-10-13,39.9289,116.388,0.04,GLOBAL-4,44499,20.7,"[41.2678, 40.6273, 15.1756, -16.3039, -41.1523, -40.8487, -15.5785, 16.1088, 41.1956, 40.7039, 15.3179, -16.1619, -41.0781, -40.9258, -15.7267, 15.9591, 41.1182, 40.7847, 15.469, -16.011, -40.9988, -41.0068, -15.8836, 15.8005, 41.0355, 40.8695, 15.6288, -15.8511, -40.9141, -41.0917, -16.0492, 15.6328, 40.9475, 40.9583, 15.7971, -15.6824, -40.8241, -41.1803, -16.2233, 15.4562, 40.8539, 41.0508, 15.9741, -15.5047, -40.7286, -41.2725, -16.406, 15.2706, 40.7548, 41.147, 16.1596, -15.3182, -40.6275, -41.3682, -16.5972, 15.076, 40.65, 41.2467, 16.3536, -15.1227, -40.5207, -41.4671, -16.7969, 14.8724, 40.5393, 41.3497, 16.5562, -14.9182, -40.408, -41.5692, -17.0051, 14.6596, 40.4226, 41.4558, 16.7673, -14.7047, -40.2892, -41.6742, -17.2217, 14.4377, 40.2997, 41.565, 16.9868, -14.482, -40.1643, -41.7821, -17.4467, 14.2065, 40.1705, 41.677, 17.2147, -14.2503, -40.0331, -41.8925, -17.6801, 13.9662, 40.0348, 41.7916, 17.4509, -14.0095, -39.8954, -42.0053, -17.9216, 13.7168, 39.8924, 41.9087, 17.6954, -13.7595, -39.751, -42.1204, -18.1714, 13.4581, 39.7434, 42.028, 17.9481, -13.5005, -39.6, -42.2374, -18.4293, 13.1903, 39.5874, 42.1493, 18.2091, -13.2324, -39.442, -42.3562, -18.6954, 12.9133, 39.4243, 42.2724, 18.4782, -12.955, -39.277, -42.4765, -18.9695, 12.6269, 39.254, 42.3969, 18.7554, -12.6683, -39.1047, -42.5981, -19.2516, 12.3311]","[48.1165, 106.3842, 146.6723, 176.6441, -142.5345, -84.6002, -44.0173, -13.8182, 27.374, 85.6458, 126.0301, 155.9999, -163.2797, -105.3473, -64.6671, -34.4705, 6.6159, 64.8909, 105.3778, 135.346, 175.9599, -126.111, -85.3269, -55.1325, -14.1576, 44.1195, 84.7156, 114.6825, 155.1843, -146.8912, -105.9968, -75.804, -34.9464, 23.3314, 64.0432, 94.0096, 134.3937, -167.6881, -126.6769, -96.4851, -55.7503, 2.5265, 43.3608, 73.3273, 113.5882, 171.4982, -147.3672, -117.1756, -76.5691, -18.2953, 22.6681, 52.6356, 92.7681, 150.6676, -168.0678, -137.8754, -97.4027, -39.1341, 1.9652, 31.9346, 71.9335, 129.8199, 171.2213, -158.5847, -118.2508, -59.9901, -18.748, 11.2243, 51.0845, 108.9551, 150.4999, -179.3033, -139.1135, -80.8634, -39.4717, -9.4954, 30.2213, 88.0729, 129.7681, 159.9688, -159.9905, -101.7542, -60.2059, -30.2242, 9.344, 67.1734, 109.0257, 139.2316, 179.1183, -122.6626, -80.9506, -50.9623, -11.5474, 46.2561, 88.2726, 118.4852, 158.213, -143.5888, -101.7058, -71.7095, -32.4525, 25.3211, 67.5089, 97.7296, 137.2939, -164.533, -122.4718, -92.4657, -53.3711, 4.3681, 46.7344, 76.9651, 116.3612, 174.5047, -143.2485, -113.2308, -74.3029, -16.6029, 25.949, 56.1916, 95.4153, 153.5241, -164.0362, -134.0048, -95.2478, -37.5922, 5.1526, 35.4092, 74.4563, 132.5252, 175.1652, -154.7877, -116.2055, -58.5998, -15.6549, 14.6178, 53.4844, 111.5076, 154.3554, -175.5796, -137.176, -79.6259, -36.4737, -6.1825]"
2024-08-30,39.9289,116.388,0.04,ICEYE-X36,59103,14.2,"[12.1128, 49.6355, 81.9732, 53.4555, 16.0809, -21.5709, -58.6688, -79.4834, -44.7533, -7.248, 30.4814, 67.3963, 71.8438, 35.3339, -2.2853, -39.7889, -75.6075, -63.5179, -26.5519, 11.1614, 48.701, 81.6944, 54.3836, 17.0304, -20.6241, -57.7519, -80.092, -45.688, -8.199, 29.5346, 66.5032, 72.6953, 36.2771, -1.335, -38.8507, -74.8061, -64.4196, -27.4975, 10.2102, 47.7657, 81.3206, 55.3101, 17.9795, -19.6773, -56.8336, -80.6449, -46.6215, -9.1496, 28.5877, 65.606, 73.536, 37.2196, -0.3849, -37.9121, -73.9893, -65.3176, -28.4424, 9.2591, 46.8299, 80.8636, 56.2348, 18.9282, -18.7304, -55.9138, -81.1316, -47.554, -10.0997, 27.6407, 64.7051, 74.3641, 38.1613, 0.5651, -36.9732, -73.1595, -66.2117, -29.3867, 8.3082, 45.8934, 80.3352, 57.1578, 19.8765, -17.7834, -54.9926, -81.541, -48.4853, -11.0495, 26.6935, 63.8009, 75.1777, 39.1023, 1.5149, -36.0339, -72.3185, -67.1013, -30.3303, 7.3574, 44.9563, 79.7466, 58.0789, 20.8243, -16.8364, -54.0703, -81.8613, -49.4155, -11.9989, 25.7464, 62.8938, 75.9743, 40.0425, 2.4644, -35.0944, -71.4678, -67.9861, -31.2733, 6.4068, 44.0188, 79.1075, 58.998, 21.7716, -15.8895, -53.1468, -82.0819, -50.3443, -12.9478, 24.7991, 61.984, 76.7509, 40.9819, 3.4137, -34.1546, -70.6088, -68.8655, -32.2156, 5.4564, 43.0807, 78.4264, 59.9148, 22.7185, -14.9425, -52.2223, -82.1944, -51.2719, -13.8964, 23.8518]","[-160.1061, -170.2042, 120.5393, 24.6634, 13.768, 5.8893, -6.5166, -128.5604, -170.7651, 179.9181, 171.7842, 154.6994, 16.0299, -5.5816, -13.9783, -22.7263, -50.9232, 174.7242, 160.1861, 152.2011, 142.2702, 79.1121, -22.7923, -33.919, -41.7902, -53.8816, -172.3029, 141.6667, 132.2221, 124.129, 107.713, -30.4076, -53.213, -61.6767, -70.339, -96.7828, 127.5632, 112.521, 104.5074, 94.7336, 37.2037, -70.2309, -81.6046, -89.4716, -101.2696, 144.4562, 94.1071, 84.5267, 76.4705, 60.6682, -76.7073, -100.8396, -109.3752, -117.9573, -142.8374, 80.4471, 64.8586, 56.8128, 47.1866, -5.2419, -117.6511, -129.2887, -137.1547, -148.6787, 101.7478, 46.5568, 36.8319, 28.8089, 13.5708, -122.8491, -148.4612, -157.0738, -165.5809, 170.9386, 33.381, 17.1992, 9.1175, -0.3701, -48.2343, -165.0513, -176.9713, 175.1606, 163.8928, 59.5772, -0.9835, -10.8621, -18.8555, -33.5738, -168.8094, 163.9226, 155.2277, 146.7905, 124.567, -13.6297, -30.4572, -38.5785, -47.9358, -91.7507, 147.5702, 135.3479, 127.4743, 116.4462, 17.9102, -48.5132, -58.5553, -66.5226, -80.761, 145.439, 116.3119, 107.5292, 99.1572, 78.0662, -60.5785, -78.1102, -86.275, -95.5099, -135.7497, 100.2154, 87.6689, 79.7866, 68.9831, -23.3389, -96.0315, -106.2476, -114.1923, -127.9868, 99.9282, 68.7073, 59.8309, 51.5194, 31.4521, -107.4581, -125.7599, -133.9721, -143.092, 179.8182, 52.8863, 39.9918, 32.0976, 21.5045, -64.3096, -143.5376, -153.9389, -161.8645]"
2018-03-24,41.0,123.0,0.04,FLOCK 4G 2,62661,20.5,"[-80.4955, -45.5208, -7.6689, 30.3884, 67.6805, 71.6043, 34.5903, -3.4453, -41.3604, -77.423, -61.4515, -23.99, 14.0708, 51.8902, 82.6169, 50.7557, 12.9135, -25.1443, -62.5644, -76.4728, -40.2151, -2.2867, 35.7391, 72.6532, 66.5899, 29.2369, -8.8268, -46.6612, -81.1781, -56.2521, -18.6266, 19.4479, 57.1482, 80.5465, 45.4579, 7.5315, -30.4948, -67.6676, -71.7617, -34.8913, 3.0963, 41.0742, 77.3007, 61.4456, 23.8737, -14.2028, -51.9349, -82.6242, -51.0066, -13.2562, 24.8174, 62.3552, 76.5233, 40.1381, 2.1489, -35.8311, -72.6196, -66.7754, -29.5529, 8.4782, 46.3899, 81.106, 56.2286, 18.5034, -19.5714, -57.1725, -80.6268, -45.7291, -7.8808, 30.1771, 67.4805, 71.7982, 34.8017, -3.2323, -41.1501, -77.2509, -61.6565, -24.2029, 13.8569, 51.6802, 82.6304, 50.9664, 13.1282, -24.9304, -62.3584, -76.6515, -40.428, -2.5025, 35.5246, 72.4579, 66.7946, 29.4525, -8.6102, -46.448, -81.0577, -56.4631, -18.8436, 19.2304, 56.9361, 80.6812, 45.6733, 7.7501, -30.2776, -67.4623, -71.9604, -35.1086, 2.8767, 40.8567, 77.1216, 61.6577, 24.0935, -13.9827, -51.7192, -82.6349, -51.2229, -13.4772, 24.5965, 62.142, 76.7078, 40.3581, 2.3713, -35.6108, -72.4193, -66.9852, -29.7745, 8.2549, 46.1695, 80.9791, 56.4468, 18.7272, -19.3478, -56.9549, -80.763, -45.9503, -8.1058, 29.9529, 67.268, 72.0036, 35.026, -3.0063, -40.9268, -77.067, -61.8739, -24.4287]","[-77.0298, -122.4853, -131.5657, -139.4248, -155.9389, 62.7406, 42.4769, 34.4027, 25.8001, -5.5691, -138.9697, -151.9276, -159.5965, -169.7382, 102.7304, 23.8043, 13.8847, 6.1934, -7.257, -142.8893, -171.6134, 179.8937, 171.7464, 150.1338, 9.4044, -6.327, -14.1406, -23.3774, -74.3691, 170.6035, 159.4328, 151.8052, 140.3617, 20.2626, -25.5917, -34.6734, -42.533, -59.0166, 159.875, 139.4452, 131.3583, 122.7763, 91.7458, -42.0629, -55.0352, -62.7042, -72.8433, -159.5462, 120.7973, 110.8418, 103.1553, 89.7841, -45.8376, -74.7202, -83.2137, -91.3613, -112.9026, 106.4754, 90.6374, 82.8159, 73.6078, 23.2453, -92.4963, -103.6745, -111.3024, -122.7389, 117.7928, 71.391, 62.283, 54.4327, 38.0689, -103.1625, -123.6617, -131.7489, -140.3307, -171.1827, 54.9713, 41.9263, 34.2537, 24.1545, -61.7853, -142.3057, -152.2653, -159.9521, -173.3077, 51.4395, 22.255, 13.7424, 5.6094, -15.7375, -156.5977, -172.4694, 179.7088, 170.5022, 120.6115, 4.5148, -6.7151, -14.3424, -25.723, -144.8676, 168.2864, 159.1762, 151.3257, 134.996, -6.016, -26.692, -34.7924, -43.3533, -73.8592, 151.8823, 138.8197, 131.1468, 121.0515, 35.9837, -45.3101, -55.3072, -62.9892, -76.264, 148.513, 119.1497, 110.6359, 102.5029, 81.2327, -59.5194, -75.5037, -83.3338, -92.5112, -141.7537, 101.4181, 90.1785, 82.5509, 71.1789, -47.2921, -94.7288, -103.8666, -111.7077, -127.9151, 90.9576, 70.2024, 62.1012, 53.5411, 23.2221, -111.0786, -124.2177]"
2025-12-03,36.0986,120.372,0.04,ICEYE-X52,64572,12.2,"[-17.3254, -54.3421, -81.9067, -49.6216, -12.4906, 24.9341, 61.7937, 77.2285, 41.8378, 4.5384, -32.817, -69.1915, -70.5429, -34.273, 3.0772, 40.4005, 76.0519, 63.1827, 26.3852, -11.0278, -48.1804, -81.3597, -55.772, -18.7872, 18.6411, 55.6949, 81.3479, 48.0551, 10.8456, -26.5519, -63.2678, -76.0679, -40.513, -3.2324, 34.1483, 70.5083, 69.1254, 32.6604, -4.7234, -41.9775, -77.2647, -61.8536, -25.0724, 12.3393, 49.5289, 81.909, 54.2324, 17.148, -20.271, -57.2085, -80.6106, -46.7246, -9.539, 27.8763, 64.6136, 74.7834, 38.9167, 1.5844, -35.7445, -71.8839, -67.8178, -31.3424, 6.032, 43.3193, 78.3847, 60.3494, 23.4419, -13.9782, -51.0727, -82.2147, -52.8977, -15.8392, 21.5895, 58.561, 79.687, 45.1481, 7.8923, -29.4887, -66.0656, -73.5458, -37.5929, -0.2772, 37.0791, 73.1692, 66.3656, 29.7237, -7.677, -44.8877, -79.4448, -59.0149, -22.1296, 15.292, 52.4231, 82.2509, 51.3455, 14.1969, -23.2152, -60.0597, -78.6846, -43.8181, -6.585, 30.8163, 67.4014, 72.1861, 35.989, -1.3709, -38.6683, -74.4881, -65.0424, -28.4066, 8.9874, 46.2325, 80.3788, 57.4936, 20.4947, -16.928, -53.9555, -82.0146, -50.0102, -12.8879, 24.5365, 61.41, 77.5432, 42.2325, 4.937, -32.4229, -68.8252, -70.9036, -34.6662, 2.6794, 40.006, 75.7192, 63.5638, 26.7822, -10.6307, -47.7917, -81.1772, -56.156, -19.1827, 18.2442, 55.307, 81.5189, 48.4468, 11.2431]","[14.0887, 3.0927, -95.8662, -161.8529, -171.8314, -179.6898, 166.7513, 35.6777, 3.3555, -5.5245, -13.6808, -32.1026, -171.0993, 169.0956, 160.8528, 152.1199, 123.1086, -10.7064, -24.9381, -32.8322, -42.5596, -99.6348, 152.6397, 141.2601, 133.4719, 122.1039, 14.1874, -42.7692, -52.4836, -60.3803, -74.643, 151.646, 122.6166, 113.8782, 105.6392, 85.8551, -53.2636, -71.6396, -79.791, -88.6802, -121.0941, 107.9964, 94.4226, 86.5628, 76.5931, 10.5262, -88.4275, -99.4053, -107.1965, -119.003, 125.8111, 76.4131, 66.914, 58.9725, 43.9519, -92.0112, -118.1713, -126.7652, -135.1041, -156.527, 64.9121, 47.6915, 39.6106, 30.5613, -5.9285, -133.3255, -146.2635, -154.0912, -164.347, 119.7034, 30.6306, 19.982, 12.1788, -0.0878, -121.5386, -164.4531, -173.7341, 178.2681, 162.3463, 24.9951, 1.1163, -7.3619, -15.8045, -39.0943, -176.8825, 166.9751, 158.9647, 149.7254, 108.2232, -14.4758, -26.8927, -34.7011, -45.2517, -131.6968, 149.6435, 139.3236, 131.5009, 118.6902, -7.4832, -45.2303, -54.3337, -62.3929, -79.2984, 142.2025, 120.3557, 111.9951, 103.428, 77.8686, -58.4149, -73.6788, -81.6362, -91.0699, -138.6379, 104.3399, 92.432, 84.6389, 73.7395, -22.6578, -91.2335, -101.2837, -109.1332, -122.5198, 107.2954, 73.9444, 65.021, 56.886, 38.8027, -100.1208, -120.3345, -128.602, -137.2967, -165.498, 60.0521, 45.6204, 37.7147, 28.0506, -26.8437, -136.6994, -148.1887, -155.9772, -167.2376, 87.0931, 27.8432, 18.0635]"
2025-12-03,36.0986,120.372,0.04,QPS-SAR-12 KUSHINADA-I,65116,16.6,"[-29.4547, -6.1768, 18.8258, 38.0295, 40.5651, 24.3293, 0.0036, -24.3021, -40.5344, -38.113, -19.0317, 5.9429, 29.2981, 41.937, 34.5428, 13.1545, -11.997, -33.7229, -42.0723, -30.3662, -7.3521, 17.7223, 37.4157, 40.9278, 25.3438, 1.185, -23.2728, -40.1258, -38.6823, -20.1198, 4.7631, 28.3587, 41.7641, 35.2938, 14.292, -10.8465, -32.9139, -42.1433, -31.2539, -8.5232, 16.6082, 36.7659, 41.2455, 26.341, 2.3655, -22.2285, -39.6749, -39.2127, -21.195, 3.5811, 27.3984, 41.5438, 36.0131, 15.4212, -9.6902, -32.0779, -42.166, -32.1167, -9.6893, 15.4845, 36.0815, 41.5174, 27.3196, 3.5447, -21.1701, -39.1829, -39.7029, -22.2565, 2.3974, 26.4186, 41.2767, 36.6995, 16.5413, -8.5287, -31.2163, -42.1403, -32.9532, -10.8498, 14.3519, 35.364, 41.7427, 28.2785, 4.7219, -20.0985, -38.6512, -40.1516, -23.3033, 1.2126, 25.4202, 40.9637, 37.3515, 17.6516, -7.3627, -30.3303, -42.0663, -33.7622, -12.0039, 13.2112, 34.6148, 41.9206, 29.2167, 5.8964, -19.0147, -38.0811, -40.5578, -24.3346, 0.0275, 24.4045, 40.6056, 37.9676, 18.7513, -6.193, -29.4212, -41.9443, -34.5422, -13.151, 12.0633, 33.8354, 42.0506, 30.133, 7.0677, -17.9196, -37.4739, -40.9202, -25.3492, -1.1574, 23.3725, 40.2036, 38.5466, 19.8395, -5.02, -28.4902, -41.7747, -35.292, -14.2904, 10.9087, 33.0271, 42.1323, 31.0261, 8.235, -16.8139, -36.831, -41.2379, -26.3462]","[88.2913, 117.4411, 143.8545, 178.8984, -134.3297, -95.8958, -68.514, -41.1657, -2.8679, 43.7844, 78.8509, 105.2758, 134.3978, 176.2918, -138.4838, -106.53, -80.5682, -49.2229, -4.6205, 37.8629, 67.4198, 93.7093, 128.1206, 174.7089, -146.1723, -118.5125, -91.4135, -53.7947, -7.0258, 28.6855, 55.2608, 84.0017, 125.2514, 170.8859, -156.606, -130.6185, -99.7769, -55.6721, -12.5971, 17.3918, 43.5819, 77.3776, 123.7245, 163.525, -168.512, -141.6373, -104.693, -57.8679, -21.4999, 5.2505, 33.6358, 74.2254, 120.2205, 153.3043, 179.3416, -150.2966, -106.7266, -63.0892, -32.644, -6.5288, 26.6698, 72.7195, 113.1951, 141.4865, 168.1617, -155.5612, -108.7406, -71.7063, -44.7562, -16.7011, 23.2171, 69.5201, 103.1997, 129.3112, 159.2174, -157.7804, -113.6144, -82.6886, -56.6241, -24.0024, 21.6971, 62.8367, 91.4818, 117.9823, 153.6023, -159.6423, -121.9351, -94.7603, -67.01, -27.7707, 18.7848, 53.079, 79.2889, 108.7643, 151.1702, -164.1731, -132.7433, -106.7051, -74.6391, -29.3397, 12.4488, 41.4729, 67.8232, 102.7988, 149.4288, -172.1873, -144.7631, -117.2923, -78.7353, -31.9848, 2.941, 29.2737, 58.3431, 100.1285, 145.234, 177.1908, -156.7731, -125.2404, -80.3876, -37.9696, -8.5414, 17.6832, 52.0292, 98.475, 137.5358, 165.2345, -167.549, -129.6742, -82.788, -47.2155, -20.7356, 7.953, 49.098, 94.6068, 127.1126, 153.1708, -175.8067, -131.4431, -88.4194, -58.5622, -32.4389, 1.2941, 47.4985, 87.233]"
2022-08-06,34.6983,109.9,0.04,GLOBAL-7,46088,23.4,"[-36.6161, -45.4611, 7.283, -23.9393, -49.2685, -5.2068, -5.697, -51.8883, -15.3191, 19.1985, -52.9726, -23.7346, 45.6305, -52.0783, -30.8918, 51.0946, -48.7433, -37.0499, 34.4881, -42.5029, -42.3324, 16.9878, -32.7488, -46.7448, 2.8133, -18.4786, -50.171, -8.5417, 1.7397, -52.3628, -17.8647, 28.0156, -52.947, -25.7177, 50.7163, -51.4769, -32.4563, 47.4215, -47.5012, -38.2857, 29.7307, -40.5484, -43.2929, 13.3996, -29.9584, -47.4557, 0.2542, -14.6518, -50.6361, -10.3773, 6.7226, -52.569, -19.1966, 33.2695, -52.8741, -26.6888, 52.3726, -51.1092, -33.1598, 44.9751, -46.8328, -38.7838, 27.4375, -39.5724, -43.6288, 11.8833, -28.6526, -47.6618, -0.6669, -12.9883, -50.7398, -10.8904, 8.6668, -52.599, -19.4285, 34.9486, -52.8657, -26.7225, 52.6292, -51.1069, -33.0524, 44.5911, -46.8899, -38.579, 27.4534, -39.754, -43.3656, 12.2572, -29.0509, -47.3828, -0.0662, -13.7518, -50.4985, -10.1486, 7.3362, -52.4667, -18.5973, 33.1431, -52.933, -25.836, 52.0792, -51.4779, -32.138, 46.3239, -47.6769, -37.6644, 29.7298, -41.0913, -42.4862, 14.5078, -31.1356, -46.5891, 2.0676, -16.8903, -49.8656, -8.1278, 2.813, -52.1026, -16.6724, 27.7158, -52.979, -23.9949, 49.6336, -52.0968, -30.3778, 49.6779, -49.0392, -35.995, 34.3249, -43.3905, -40.9346, 18.7808, -34.6455, -45.2066, 5.8731, -22.0358, -48.7388, -4.7098, -4.4726, -51.3635, -13.5535, 18.6048, -52.8088, -21.1108]","[-32.2959, 61.6616, 115.2804, -52.632, 44.7382, 99.9956, -73.6898, 26.0403, 86.1996, -99.0348, 5.577, 72.9412, -140.0321, -16.1274, 59.6703, 153.6135, -38.1117, 45.9727, 109.9251, -59.4935, 31.467, 86.2356, -80.0098, 15.768, 69.2269, -100.2426, -1.4879, 54.7847, -121.963, -20.5258, 41.4053, -150.1102, -41.218, 28.3583, 160.5838, -62.9197, 15.1794, 97.0212, -84.6581, 1.4921, 61.586, -105.682, -13.0662, 40.615, -125.9129, -28.8651, 24.643, -146.1199, -46.2435, 10.6978, -168.4018, -65.3816, -2.403, 161.24, -86.088, -15.2756, 107.1645, -107.674, -28.3348, 48.1094, -129.1894, -41.9312, 16.4706, -149.9633, -56.4098, -3.2596, -169.9989, -72.125, -18.7084, 169.8692, -89.4005, -32.3645, 147.4402, -108.4036, -45.2649, 116.4339, -128.9419, -57.9689, 61.6922, -150.3459, -70.8618, 4.5841, -171.6943, -84.2734, -26.1732, 167.6721, -98.5307, -45.6219, 147.7702, -113.9729, -60.9172, 127.8255, -130.918, -74.4424, 105.8063, -149.552, -87.2016, 76.0749, -169.7406, -99.7365, 24.39, 169.1074, -112.417, -33.9432, 147.8774, -125.5556, -66.3959, 127.278, -139.4604, -86.465, 107.4397, -154.4532, -101.9739, 87.7599, -170.8504, -115.5343, 66.5856, 171.1227, -128.2229, 39.562, 151.4967, -140.6023, -5.3877, 130.7224, -153.0422, -66.1086, 109.6136, -165.8429, -103.5874, 88.9573, -179.2924, -125.5305, 69.0752, 166.308, -141.7566, 49.6227, 150.6481, -155.5857, 29.4167, 133.4622, -168.3167, 5.518, 114.6568, 179.4112]"
2023-04-09,31.2222,121.458,0.04,GLOBAL-7,46088,28.9,"[48.9153, 26.8035, -51.7391, -4.0783, 44.1313, 36.6967, -43.9331, -13.7254, 38.1825, 44.5738, -31.4409, -23.8624, 31.3853, 50.0479, -16.9875, -34.2121, 23.9149, 52.7428, -2.3235, -43.9825, 15.8496, 52.5572, 11.5346, -51.2365, 7.2079, 49.8427, 24.0063, -52.6161, -2.0213, 45.2194, 34.7208, -46.1606, -11.8446, 39.2606, 43.3376, -33.9844, -22.2063, 32.3554, 49.4411, -19.2299, -32.8593, 24.7214, 52.5998, -4.0096, -43.0535, 16.4574, 52.6554, 10.4558, -50.8618, 7.5898, 49.9647, 23.4785, -52.7194, -1.8913, 45.2128, 34.6317, -46.2845, -11.9936, 39.0407, 43.5347, -33.7236, -22.6561, 31.8777, 49.7259, -18.4532, -33.6006, 23.958, 52.7389, -2.7553, -43.9629, 15.3844, 52.4476, 12.0692, -51.5008, 6.1809, 49.3121, 25.2949, -52.2675, -3.6648, 44.1066, 36.4627, -44.3523, -14.1543, 37.5039, 45.1394, -30.6338, -25.1932, 29.9285, 50.7992, -14.6424, -36.3883, 21.5987, 52.983, 1.4092, -46.5369, 12.6003, 51.7289, 16.2867, -52.6513, 2.945, 47.7025, 29.3009, -50.5027, -7.3827, 41.7578, 39.9746, -39.8274, -18.3624, 34.539, 47.7972, -24.4943, -29.809, 26.4149, 52.1813, -7.8115, -41.047, 17.5561, 52.8022, 8.3039, -50.1084, 8.015, 50.0422, 22.8045, -52.8178, -2.2149, 44.8041, 35.0769, -45.9217, -13.1415, 37.9357, 44.6005, -31.9605, -24.6766, 29.9747, 50.756, -15.1394, -36.4031, 21.1917, 52.9988, 1.8426, -46.9626, 11.6895, 51.4081, 17.5051]","[116.2148, 16.0832, -81.2917, 172.2259, 119.8969, 18.7308, -64.2179, 170.6108, 121.3866, 23.3579, -54.2583, 170.3337, 121.2211, 30.3724, -49.2846, 172.5363, 119.9276, 39.2587, -46.8744, 179.2176, 117.9561, 48.3173, -45.4206, -166.8439, 115.7006, 55.641, -43.8016, -145.9335, 113.5524, 60.347, -41.0751, -126.471, 111.9796, 62.5924, -36.3789, -114.4716, 111.6588, 62.9536, -29.1504, -108.3344, 113.7227, 62.0281, -19.7696, -105.2709, 120.1917, 60.3253, -9.9952, -103.3958, 134.0664, 58.2833, -1.9783, -101.4284, 155.6017, 56.3301, 3.2381, -98.3163, 176.0887, 54.9732, 5.8159, -93.1029, -171.2675, 54.9498, 6.3967, -85.1819, -164.7856, 57.5129, 5.6377, -75.0525, -161.45, 64.9262, 4.0921, -64.7533, -159.2468, 80.4317, 2.2355, -56.5711, -156.8029, 103.3509, 0.54, -51.4231, -152.9734, 123.5094, -0.4155, -48.9782, -146.7383, 135.2929, 0.2451, -48.4999, -137.6094, 141.2877, 4.0658, -49.2906, -126.5588, 144.5546, 13.8331, -50.7735, -116.1059, 147.0631, 32.7611, -52.4412, -108.4082, 150.2144, 56.9132, -53.7606, -103.9205, 155.2282, 74.8771, -54.0246, -102.0277, 163.0976, 84.5732, -52.0813, -101.9112, 173.8503, 89.5658, -45.8078, -102.8658, -174.4109, 92.6637, -31.6426, -104.3083, -164.563, 95.6723, -8.1873, -105.6919, -158.0913, 100.0007, 14.7336, -106.375, -154.756, 106.9002, 28.6146, -105.3996, -153.6913, 117.0379, 35.7379, -101.0547, -154.0622, 129.3181, 39.7387, -90.1703, -155.1893, 140.7475, 42.9483]"
