name	norad_id	country	epoch	inclination	mean_motion	eccentricity	altitude_km	period_min	rcs_size	object_type	line1	line2	launch_date_x	decay_date_x	launch_date_y	decay_date_y	launch_date	decay_date	sat_name	purpose	detailed_purpose	users	operator	orbit_type	sensor	source	filter_source	commercial_source
ZHUHAI-1 03B	44536	PRC	2026-05-20T16:11:46.936320	97.5512	15.52428176	0.00092532	416.8	92.76	MEDIUM	PAYLOAD	1 44536U 19060C   26140.67484880  .00019613  00000-0  32184-3 0  9997	2 44536  97.5512 296.9951 0009253  64.1094 296.1111 15.52428176372056	2019-09-19		2019-09-19		2019-09-19		Zhuhai 1 (OHS 5)	Earth Observation	Hyperspectral Imaging	Commercial	Zhuhai Orbita Control Engineering Co. Ltd.	Sun-Synchronous	OPT_HR	UCS	UCS	UCS
GRUS-1B	47934	JPN	2026-05-20T16:10:07.883040	97.5402	14.98904692	0.00169015	577.4	96.07	MEDIUM	PAYLOAD	1 47934U 21022C   26140.67370235  .00000590  00000-0  53409-4 0  9999	2 47934  97.5402  24.7716 0016902  55.7584 304.5237 14.98904692281776	2021-03-22		2021-03-22		2021-03-22		GRUS-1B	Earth Observation	Optical Imaging	Commercial	Axelspace	Sun-Synchronous	OPT_HR	UCS	UCS	UCS
BEIJING 1 (TSINGHUA)	28890	PRC	2026-05-20T15:59:36.646368	98.288	14.63514002	0.00149089	689	98.39	MEDIUM	PAYLOAD	1 28890U 05043A   26140.66639637  .00000216  00000-0  51039-4 0  9999	2 28890  98.2880 273.7317 0014909  13.1098 347.0488 14.63514002 96622	2005-10-27		2005-10-27		2005-10-27		"BeijingGalaxy-1 (Beijing 1 [Tsinghua], Tsinghau-2, China DMC+4)"	Earth Observation	Optical Imaging	Commercial	Beijing Landview Mapping Information Technology Co. Ltd (BLMIT)	Sun-Synchronous	OPT_HR	UCS	UCS	UCS
SUPERVIEW NEO-1 02	52322	PRC	2026-05-20T15:47:44.672352	97.3402	15.16194723	0.00033479	524.5	94.97	LARGE	PAYLOAD	1 52322U 22043C   26140.65815593  .00002879  00000-0  15241-3 0  9992	2 52322  97.3402 214.3419 0003348  81.8359 278.3254 15.16194723225400	2022-04-29		2022-04-29		2022-04-29		Siwei 02 (SuperView Neo 1-02)	Earth Observation	Optical Imaging	Commercial	China Siwei Surveying and Mapping Technology Co. Ltd.		OPT_HR	UCS	UCS	UCS
SKYSAT C8	42990	US	2026-05-20T15:41:22.083648	97.4493	15.36372945	0.00016089	464	93.73	MEDIUM	PAYLOAD	1 42990U 17068D   26140.65372782  .00007471  00000-0  21294-3 0  9999	2 42990  97.4493 276.9461 0001609 110.5725 249.5691 15.36372945478082	2017-10-31		2017-10-31		2017-10-31		"SkySat-10 (SkySat C8, S108)"	Earth Observation	Optical Imaging	Commercial	"Planet Labs, Inc."	Sun-Synchronous	OPT_HR	UCS	UCS	UCS
SPOT 7	40053	AZER	2026-05-20T15:34:11.025408	98.0637	14.60931928	0.00012841	697.3	98.57	LARGE	PAYLOAD	1 40053U 14034A   26140.64873872  .00000529  00000-0  11733-3 0  9996	2 40053  98.0637 203.8479 0001284  79.8747 280.2599 14.60931928633119	2014-06-30		2014-06-30		2014-06-30		Spot 7 (Syst?me Probatoire d¡¯Observation de la Terre)	Earth Observation	Optical Imaging	Commercial	Spot Image	Sun-Synchronous	OPT_HR	UCS	UCS	UCS
SKYSAT C7	42991	US	2026-05-20T15:30:44.503488	97.4503	15.36312733	0.0005859	464.2	93.73	MEDIUM	PAYLOAD	1 42991U 17068E   26140.64634842  .00007551  00000-0  21552-3 0  9993	2 42991  97.4503 277.9263 0005859 192.3610 167.7491 15.36312733478143	2017-10-31		2017-10-31		2017-10-31		"SkySat-9 (SkySat C7, S107)"	Earth Observation	Optical Imaging	Commercial	"Planet Labs, Inc."	Sun-Synchronous	OPT_HR	UCS	UCS	UCS
ICEYE-X2	43800	FIN	2026-05-20T15:29:24.047808	97.4366	15.17344922	0.00113543	521	94.9	MEDIUM	PAYLOAD	1 43800U 18099AU  26140.64541722  .00006119  00000-0  30947-3 0  9999	2 43800  97.4366 194.9779 0011354  46.8196 313.3984 15.17344922408647	2018-12-03		2018-12-03		2018-12-03		ICEYE-X2 (ICEYE POC 2)	Earth Observation	Radar Imaging (SAR)	Commercial	ICEYE Ltd.	Sun-Synchronous	SAR	UCS	UCS	UCS
ICEYE-X4	44390	FIN	2026-05-20T15:29:10.552992	97.8777	15.28597445	0.00144061	487.1	94.2	MEDIUM	PAYLOAD	1 44390U 19038D   26140.64526103  .00008903  00000-0  32200-3 0  9991	2 44390  97.8777 171.9501 0014406  47.9359 312.3102 15.28597445377596	2019-07-05		2019-07-05		2019-07-05		ICEYE-X4 (ICEYE POC 4)	Earth Observation	Radar Imaging	Commercial	ICEYE Ltd.	Sun-Synchronous	SAR	UCS	UCS	UCS
SKYSAT C9	42989	US	2026-05-20T15:28:41.754144	97.4397	15.40812878	0.00076737	450.8	93.46	MEDIUM	PAYLOAD	1 42989U 17068C   26140.64492771  .00009015  00000-0  22189-3 0  9997	2 42989  97.4397 277.9172 0007674 228.2925 131.7666 15.40812878478511	2017-10-31		2017-10-31		2017-10-31		"SkySat-11 (SkySat C9, S109)"	Earth Observation	Optical Imaging	Commercial	"Planet Labs, Inc."	Sun-Synchronous	OPT_HR	UCS	UCS	UCS
LINGQIAO VIDEO B	40960	PRC	2026-05-20T15:20:12.776928	97.6584	14.77455112	0.00171608	644.5	97.47	MEDIUM	PAYLOAD	1 40960U 15057C   26140.63903677  .00000597  00000-0  90408-4 0  9997	2 40960  97.6584 137.9732 0017161   4.8033 355.3340 14.77455112571380	2015-10-07		2015-10-07		2015-10-07		"Jilin-1 (Lingqiao-B, Lingqiao Video B)"	Earth Observation	Optical Imaging (video)	Commercial	Chang Guang Satellite Technology Co. Ltd.	Sun-Synchronous	OPT_HR	UCS	UCS	UCS
GRUS-1E	47935	JPN	2026-05-20T15:19:53.622048	97.5462	14.99394382	0.00146801	575.9	96.04	MEDIUM	PAYLOAD	1 47935U 21022D   26140.63881507  .00001397  00000-0  11860-3 0  9995	2 47935  97.5462  25.9224 0014680  59.4034 300.8635 14.99394382281829	2021-03-22		2021-03-22		2021-03-22		GRUS-1E	Earth Observation	Optical Imaging	Commercial	Axelspace	Sun-Synchronous	OPT_HR	UCS	UCS	UCS
PLEIADES 1B	39019	FR	2026-05-20T15:19:53.070816	98.1948	14.58541051	0.00013369	705	98.73	LARGE	PAYLOAD	1 39019U 12068A   26140.63880869  .00000297  00000-0  73689-4 0  9995	2 39019  98.1948 216.0687 0001337 102.3490 257.7859 14.58541051716838	2012-12-02		2012-12-02		2012-12-02		Pl?iades HR1B	Earth Observation	Optical Imaging	Commercial	"Ministry of Defense//Centre National d/Etudes Spatiales (CNES) - cooperation with Austria, Belgium, Spain, Sweden"	Sun-Synchronous	OPT_HR	UCS	UCS	UCS
ZHUHAI-1 03D	44538	PRC	2026-05-20T15:18:44.178048	97.5371	15.4805752	0.000773	429.5	93.02	MEDIUM	PAYLOAD	1 44538U 19060E   26140.63801132  .00021375  00000-0  40904-3 0  9995	2 44538  97.5371 289.3204 0007730  51.6531 308.5413 15.48057520371815	2019-09-19		2019-09-19		2019-09-19		Zhuhai 1 (OHS 7)	Earth Observation	Hyperspectral Imaging	Commercial	Zhuhai Orbita Control Engineering Co. Ltd.	Sun-Synchronous	OPT_HR	UCS	UCS	UCS
GLOBAL-19	55982	US	2026-05-20T15:15:46.751328	42.0027	15.38425729	0.00055154	457.9	93.6	MEDIUM	PAYLOAD	1 55982U 23041B   26140.63595777  .00010189  00000-0  26930-3 0  9993	2 55982  42.0027   2.6279 0005515 161.2732 198.8312 15.38425729177687	2023-03-24		2023-03-24		2023-03-24		BlackSky Global 19	Earth Observation	Optical Imaging	Commercial	BlackSky Global	Non-Polar Inclined	OPT_HR	UCS	UCS	UCS
NOVASAR 1	43619	UK	2026-05-20T15:14:22.701408	97.5096	14.96210546	0.00014209	585.8	96.24	LARGE	PAYLOAD	1 43619U 18071B   26140.63498497 -.00000417  00000-0 -32157-4 0  9999	2 43619  97.5096  14.0806 0001421  94.4597 265.6787 14.96210546418817	2018-09-16		2018-09-16		2018-09-16		NovaSAR-1	Earth Observation	Radar Imaging	Government/Commercial	UK Government/Surrey Satellite Technologies	Sun-Synchronous	SAR	UCS	UCS	UCS
PNEO3	48268	FR	2026-05-20T15:10:36.653952	97.8931	14.81674083	0.00014872	631.2	97.19	LARGE	PAYLOAD	1 48268U 21034A   26140.63236868  .00001172  00000-0  15547-3 0  9999	2 48268  97.8931 215.7948 0001487  97.0962 263.0420 14.81674083273579	2021-04-29		2021-04-29		2021-04-29		Pl?iades Neo 3	Earth Observation	Optical Imaging	Commercial	Airbus Defense and Space	Sun-Synchronous	OPT_HR	UCS	UCS	UCS
KOMPSAT 5	39227	SKOR	2026-05-20T15:09:32.317056	97.6207	15.04501045	0.00023978	560.2	95.71	LARGE	PAYLOAD	1 39227U 13042A   26140.63162404  .00000352  00000-0  29443-4 0  9998	2 39227  97.6207 327.7195 0002398 195.2795 164.8359 15.04501045699713	2013-08-22		2013-08-22		2013-08-22		"Kompsat-5 (Arirang 5, Korean Multipurpose Satellite-4)"	Earth Observation	Radar Imaging	Government/Commercial	Korea Aerospace Research Institute (KARI)	Sun-Synchronous	SAR	UCS	UCS	UCS
KOMPSAT 2	29268	SKOR	2026-05-20T15:07:33.572352	97.8304	14.64639499	0.00148968	685.4	98.32	LARGE	PAYLOAD	1 29268U 06031A   26140.63024968  .00000001  00000-0  86125-5 0  9996	2 29268  97.8304 326.4104 0014897 155.6083 295.5034 14.64639499 57440	2006-07-28		2006-07-28		2006-07-28		"Kompsat-2 (Arirang 2, Korean planned Multipurpose Satellite-2)"	Earth Observation/Technology Development	Optical Imaging	Government/Commercial	Korea Aerospace Research Institute (KARI)	Sun-Synchronous	OPT_HR	UCS	UCS	UCS
ICEYE-X7	46496	FIN	2026-05-20T15:05:41.737056	97.7492	15.30835132	0.0009773	480.5	94.07	MEDIUM	PAYLOAD	1 46496U 20068L   26140.62895529  .00008114  00000-0  27468-3 0  9998	2 46496  97.7492 105.9223 0009773  70.4013 289.8281 15.30835132310577	2020-09-28		2020-09-28		2020-09-28		ICEYE-X7 (ICEYE POC 7)	Earth Observation	Radar Imaging	Commercial	ICEYE Ltd.	Sun-Synchronous	SAR	UCS	UCS	UCS
SUPERVIEW NEO-1 01	52320	PRC	2026-05-20T15:02:51.347616	97.3406	15.16244605	0.00025993	524.3	94.97	LARGE	PAYLOAD	1 52320U 22043A   26140.62698319  .00003206  00000-0  16912-3 0  9993	2 52320  97.3406 214.2938 0002599  57.3935 302.7549 15.16244605225383	2022-04-29		2022-04-29		2022-04-29		Siwei 01 (SuperView Neo 1-01)	Earth Observation	Optical Imaging	Commercial	China Siwei Surveying and Mapping Technology Co. Ltd.		OPT_HR	UCS	UCS	UCS
JILIN-1-03	41914	PRC	2026-05-20T15:02:41.104896	97.1957	15.40845513	0.00035942	450.8	93.45	MEDIUM	PAYLOAD	1 41914U 17002B   26140.62686464  .00009506  00000-0  23367-3 0  9998	2 41914  97.1957 148.1151 0003594 269.3244  90.7591 15.40845513517618	2017-01-09		2017-01-09		2017-01-09		Jilin-1-3 (Lingqiao 3)	Earth Observation	Optical Imaging	Commercial	Chang Guang Satellite Technology Co. Ltd.	Sun-Synchronous	OPT_HR	UCS	UCS	UCS
GRUS-1D	47936	JPN	2026-05-20T15:00:30.137184	97.5419	14.98622145	0.00129297	578.3	96.09	MEDIUM	PAYLOAD	1 47936U 21022E   26140.62534881  .00001330  00000-0  11545-3 0  9992	2 47936  97.5419  24.9297 0012930  48.2697 311.9630 14.98622145281770	2021-03-22		2021-03-22		2021-03-22		GRUS-1D	Earth Observation	Optical Imaging	Commercial	Axelspace	Sun-Synchronous	OPT_HR	UCS	UCS	UCS
JILIN-01 GAOFEN 2F	49338	PRC	2026-05-20T14:58:58.937664	97.667	15.07541473	0.0017718	550.9	95.52	LARGE	PAYLOAD	1 49338U 21097A   26140.62429326  .00002537  00000-0  17065-3 0  9992	2 49338  97.6670 266.9039 0017718 324.4354  35.5692 15.07541473252161	2021-10-27		2021-10-27		2021-10-27		Jilin-1 Gaofen 02F	Earth Observation	Optical Imaging	Commercial	Chang Guang Satellite Technology Co. Ltd.	Sun-Synchronous	OPT_HR	UCS	UCS	UCS
SKYSAT 2	40072	US	2026-05-20T14:55:16.205376	98.3823	14.87944836	0.00060298	611.5	96.78	MEDIUM	PAYLOAD	1 40072U 14037D   26140.62171534  .00000783  00000-0  92136-4 0  9993	2 40072  98.3823  98.0204 0006030  21.5285 338.6183 14.87944836641864	2014-07-08		2014-07-08		2014-07-08		"SkySat-2 (B, S2)"	Earth Observation	Optical Imaging	Commercial	"Planet Labs, Inc."	Sun-Synchronous	OPT_HR	UCS	UCS	UCS
GEOEYE 1	33331	US	2026-05-20T14:54:58.834656	98.124	14.64695623	0.00051451	685.2	98.31	LARGE	PAYLOAD	1 33331U 08042A   26140.62151429  .00000259  00000-0  57535-4 0  9995	2 33331  98.1240 214.9013 0005145 136.1400 224.0213 14.64695623946110	2008-09-06		2008-09-06		2008-09-06		GeoEye-1 (Orbview 5)	Earth Observation	Optical Imaging	Government/Commercial	DigitalGlobe Corporation	Sun-Synchronous	OPT_HR	UCS	UCS	UCS
SPOT 6	38755	FR	2026-05-20T14:52:43.658400	98.2125	14.58544169	0.00012937	705	98.73	LARGE	PAYLOAD	1 38755U 12047A   26140.61994975  .00000261  00000-0  66038-4 0  9991	2 38755  98.2125 208.2491 0001294  95.2258 264.9089 14.58544169729036	2012-09-09		2012-09-09		2012-09-09		Spot 6 (Syst?me Probatoire d¡¯Observation de la Terre)	Earth Observation	Optical Imaging	Commercial	Spot Image	Sun-Synchronous	OPT_HR	UCS	UCS	UCS
GRUS-1C	47933	JPN	2026-05-20T14:51:27.552960	97.5394	14.98918236	0.00149564	577.4	96.07	MEDIUM	PAYLOAD	1 47933U 21022B   26140.61906890  .00001049  00000-0  91277-4 0  9999	2 47933  97.5394  24.6377 0014956  58.6074 301.6610 14.98918236281772	2021-03-22		2021-03-22		2021-03-22		GRUS-1C	Earth Observation	Optical Imaging	Commercial	Axelspace	Sun-Synchronous	OPT_HR	UCS	UCS	UCS
STRIX-1	53815	JPN	2026-05-20T14:50:45.477888	97.4507	15.3846674	0.00026855	457.8	93.6	MEDIUM	PAYLOAD	1 53815U 22113A   26140.61858192  .00014809  00000-0  39210-3 0  9994	2 53815  97.4507 202.1771 0002685 359.6070   0.5172 15.38466740203203	2022-09-15		2022-09-15		2022-09-15		StriX-1	Earth Observation	Radar Imaging	Commercial	Synspective	Sun-Synchronous	SAR	UCS	UCS	UCS
DMC 3-FM2	40716	UK	2026-05-20T14:44:50.902656	97.6546	14.85707996	0.00068568	618.5	96.92	LARGE	PAYLOAD	1 40716U 15032B   26140.61447804  .00000010  00000-0  70846-5 0  9997	2 40716  97.6546   8.4209 0006857 137.7330 222.4415 14.85707996585813	2015-07-10		2015-07-10		2015-07-10		DMC 3-2 (Disaster Monitoring Constellation)	Earth Observation	Optical Imaging	Commercial	Surrey Satellite Technology Ltd.	Sun-Synchronous	OPT_HR	UCS	UCS	UCS
MENUT	55010	SPN	2026-05-20T14:38:29.738688	97.316	15.5658234	0.00052858	404.7	92.51	MEDIUM	PAYLOAD	1 55010U 23001B   26140.61006642  .00047285  00000-0  66368-3 0  9993	2 55010  97.3160 207.7635 0005286 189.8122 170.3030 15.56582340188102	2023-01-03		2023-01-03		2023-01-03		Menut	Earth Observation	Optical/Infrared Imaging	Commercial	Open Cosmos	Sun-Synchronous	OPT_HR	UCS	UCS	UCS
JILIN-01 GAOFEN 3E	46457	PRC	2026-05-20T14:37:59.674080	97.2275	15.60316507	0.00101862	393.9	92.29	MEDIUM	PAYLOAD	1 46457U 20065D   26140.60971845  .00039204  00000-0  47826-3 0  9990	2 46457  97.2275 192.6459 0010186 252.7242 107.2901 15.60316507315458	2020-09-15		2020-09-15		2020-09-15		Jilin-1 Gaofen 03B-04 	Earth Observation	Optical Imaging	Commercial	Chang Guang Satellite Technology Co. Ltd.	Sun-Synchronous	OPT_HR	UCS	UCS	UCS
RADARSAT 2	32382	CA	2026-05-20T14:37:17.915232	98.5781	14.29981981	0.00013126	798.9	100.7	LARGE	PAYLOAD	1 32382U 07061A   26140.60923513  .00000025  00000-0  26705-4 0  9995	2 32382  98.5781 147.9357 0001313  85.1327 275.0005 14.29981981962017	2007-12-14		2007-12-14		2007-12-14		Radarsat-2 	Earth Observation	Radar Imaging	Commercial	MDA Corporation	Sun-Synchronous	SAR	UCS	UCS	UCS
WORLDVIEW 3	40115	US	2026-05-20T14:36:00.797184	97.857	14.84969523	0.00026456	620.8	96.97	LARGE	PAYLOAD	1 40115U 14048A   26140.60834256  .00000479  00000-0  62520-4 0  9994	2 40115  97.8570 215.8220 0002646  69.7146 290.4353 14.84969523637812	2014-08-13		2014-08-13		2014-08-13		Worldview 3	Earth Observation	Optical Imaging/Infrared Imaging	Commercial	Maxar Technologies Inc.	Sun-Synchronous	OPT_HR	UCS	UCS	UCS
WORLDVIEW 2	35946	US	2026-05-20T14:35:28.041216	98.4683	14.37935543	0.00033018	772.5	100.14	LARGE	PAYLOAD	1 35946U 09055A   26140.60796344  .00000062  00000-0  34956-4 0  9997	2 35946  98.4683 214.4417 0003302 312.9268  47.1641 14.37935543871686	2009-10-08		2009-10-08		2009-10-08		Worldview 2	Earth Observation	Optical Imaging	Commercial	Maxar Technologies Inc.	Sun-Synchronous	OPT_HR	UCS	UCS	UCS
KOMPSAT 3A	40536	SKOR	2026-05-20T14:32:04.888896	97.6892	15.52657893	0.00549093	416.1	92.74	LARGE	PAYLOAD	1 40536U 15014A   26140.60561214  .00018012  00000-0  27565-3 0  9997	2 40536  97.6892 129.9808 0054909 277.4410  82.0605 15.52657893617534	2015-03-25		2015-03-25		2015-03-25		"Kompsat-3A (Arirang 3A, Korean Multipurpose Satellite-3A)"	Earth Observation	Optical Imaging	Government/Commercial	Korea Aerospace Research Institute (KARI)	Sun-Synchronous	OPT_HR	UCS	UCS	UCS
ZHUHAI-1 OHS-02	43441	PRC	2026-05-20T14:29:53.737152	97.0387	15.25432098	0.00082687	496.6	94.4	MEDIUM	PAYLOAD	1 43441U 18040C   26140.60409418  .00005459  00000-0  21841-3 0  9996	2 43441  97.0387 166.3884 0008269 341.1894  18.9038 15.25432098110070	2018-04-26		2018-04-26		2018-04-26		Zhuhai 1-05 (OHS-2)	Earth Observation	Hyperspectral Imaging	Commercial	Zhuhai Orbita Aerospace Science and Technology Co.	Sun-Synchronous	OPT_HR	UCS	UCS	UCS
ZHUHAI-1 OVS-02	43440	PRC	2026-05-20T14:29:33.058176	97.0404	15.24611252	0.00039724	499.1	94.45	MEDIUM	PAYLOAD	1 43440U 18040B   26140.60385484  .00004999  00000-0  20533-3 0  9996	2 43440  97.0404 159.4760 0003972  30.2708 329.8760 15.24611252448510	2018-04-26		2018-04-26		2018-04-26		Zhuhai 1-03 (OVS-2A)	Earth Observation	Video Imaging	Commercial	Zhuhai Orbita Control Engineering Co. Ltd.	Sun-Synchronous	OPT_HR	UCS	UCS	UCS
JILIN-01-09	43943	PRC	2026-05-20T14:29:04.184160	97.4723	15.20238259	0.00028117	512.3	94.72	MEDIUM	PAYLOAD	1 43943U 19005B   26140.60352065  .00003267  00000-0  15384-3 0  9990	2 43943  97.4723 235.8097 0002812 152.1255 208.0132 15.20238259404950	2019-01-21		2019-01-21		2019-01-21		Jilin-1-9 (Guanpu 1)	Earth Observation	Multispectral Imaging	Commercial	Chang Guang Satellite Technology Co. Ltd.	Sun-Synchronous	OPT_MR	UCS	UCS	UCS
JILIN-01 GAOFEN 2D	49256	PRC	2026-05-20T14:26:49.557408	97.6449	15.10363552	0.00323215	542.2	95.34	LARGE	PAYLOAD	1 49256U 21086A   26140.60196247  .00002737  00000-0  16889-3 0  9995	2 49256  97.6449 263.3633 0032321 237.4176 122.3932 15.10363552256550	2021-09-27		2021-09-27		2021-09-27		Jilin-1 Gaofen 02D 	Earth Observation	Optical Imaging	Commercial	Chang Guang Satellite Technology Co. Ltd.	Sun-Synchronous	OPT_HR	UCS	UCS	UCS
GLOBAL-17	49949	US	2026-05-20T14:26:24.891072	41.994	15.50776076	0.0011903	421.6	92.86	MEDIUM	PAYLOAD	1 49949U 21120A   26140.60167698  .00019936  00000-0  34078-3 0  9990	2 49949  41.9940 213.4834 0011903  56.5788 303.6193 15.50776076250615	2021-12-09		2021-12-09		2021-12-09		BlackSky Global 17	Earth Observation	Optical Imaging	Commercial	BlackSky Global	Non-Polar Inclined	OPT_HR	UCS	UCS	UCS
SSTL S1-4	43618	UK	2026-05-20T14:25:49.200960	97.5062	14.96182513	0.00014231	585.8	96.25	LARGE	PAYLOAD	1 43618U 18071A   26140.60126390  .00001208  00000-0  11203-3 0  9990	2 43618  97.5062  13.3576 0001423  79.1978 280.9404 14.96182513418818	2018-09-16		2018-09-16		2018-09-16		SSTL-S1-4 	Earth Observation	Optical Imaging	Commercial	Surrey Satellite Technology Ltd.	Sun-Synchronous	OPT_HR	UCS	UCS	UCS
SUPERVIEW NEO-2 01	53128	PRC	2026-05-20T14:25:22.711584	97.3928	15.24498002	0.00017117	499.4	94.46	LARGE	PAYLOAD	1 53128U 22082A   26140.60095731  .00000432  00000-0  20424-4 0  9992	2 53128  97.3928 150.9171 0001712  89.1172 271.0262 15.24498002214004	2022-07-15		2022-07-15		2022-07-15		Siwei Gaojing 2-01 	Earth Observation	Radar Imaging	Commercial	China Siwei Surveying and Mapping Technology Co. Ltd.	Sun-Synchronous	SAR	UCS	UCS	UCS
PNEO4	49070	FR	2026-05-20T14:21:58.418784	97.8931	14.81676618	0.00014724	631.2	97.19	LARGE	PAYLOAD	1 49070U 21073E   26140.59859281  .00000660  00000-0  90488-4 0  9998	2 49070  97.8931 215.7573 0001472  92.8856 267.2525 14.81676618257282	2021-08-17		2021-08-17		2021-08-17		Pl?iades Neo 4	Earth Observation	Optical Imaging	Commercial	Airbus Defense and Space	Sun-Synchronous	OPT_HR	UCS	UCS	UCS
GRUS-1A	43890	TBD	2026-05-20T14:21:33.832800	97.4576	14.98996693	0.00066442	577.1	96.06	MEDIUM	PAYLOAD	1 43890U 18111Q   26140.59830825  .00000847  00000-0  74510-4 0  9999	2 43890  97.4576   8.9192 0006644 247.3775 112.6746 14.98996693403578	2018-12-27		2018-12-27		2018-12-27		GRUS-1A	Earth Observation	Multispectral Imaging	Commercial	Axelspace	Sun-Synchronous	OPT_MR	UCS	UCS	UCS
JILIN 1	40961	PRC	2026-05-20T14:19:50.323008	97.6509	14.78107864	0.00168822	642.4	97.42	LARGE	PAYLOAD	1 40961U 15057D   26140.59711022  .00000469  00000-0  71437-4 0  9993	2 40961  97.6509 141.3355 0016882 359.0204   1.0972 14.78107864571534	2015-10-07		2015-10-07		2015-10-07		"Jilin-1-1 (Optical A, Lingqiao 1)"	Earth Observation	Optical Imaging	Commercial	Chang Guang Satellite Technology Co. Ltd.	Sun-Synchronous	OPT_HR	UCS	UCS	UCS
JILIN-01 GAOFEN 3D 27	52444	PRC	2026-05-20T14:17:51.167904	97.5688	15.69292717	0.00051996	368.1	91.76	MEDIUM	PAYLOAD	1 52444U 22048B   26140.59573111  .00072820  00000-0  62113-3 0  9995	2 52444  97.5688 252.1752 0005200 148.7008 211.4564 15.69292717225149	2022-05-05		2022-05-05		2022-05-05		Jilin-1 GaoFen 03D-27	Earth Observation	Optical Imaging	Commercial	Chang Guang Satellite Technology Co. Ltd.	Sun-Synchronous	OPT_HR	UCS	UCS	UCS
SUPERVIEW-1 03	43099	PRC	2026-05-20T14:14:23.432064	97.3128	15.38310114	0.00461432	458.2	93.61	LARGE	PAYLOAD	1 43099U 18002A   26140.59332676  .00010888  00000-0  28018-3 0  9997	2 43099  97.3128 225.4937 0046143 280.2303  79.3741 15.38310114464120	2018-01-09		2018-01-09		2018-01-09		Superview 1-03 (GaoJing 1-03)	Earth Observation	Optical Imaging	Commercial	Beijing Space View Technology	Sun-Synchronous	OPT_HR	UCS	UCS	UCS
LINGQIAO VIDEO A	40959	PRC	2026-05-20T14:13:25.627872	97.6618	14.77347535	0.00170296	644.8	97.47	MEDIUM	PAYLOAD	1 40959U 15057B   26140.59265773 -.00000019  00000-0  40874-5 0  9991	2 40959  97.6618 136.7582 0017030   4.8386 355.2987 14.77347535571332	2015-10-07		2015-10-07		2015-10-07		"Jilin-1 (Lingqiao-A, Lingqiao Video A)"	Earth Observation	Optical Imaging (video)	Commercial	Chang Guang Satellite Technology Co. Ltd.	Sun-Synchronous	OPT_HR	UCS	UCS	UCS
DMC 3-FM1	40715	UK	2026-05-20T14:12:57.250656	97.649	14.85705046	0.00065541	618.5	96.92	LARGE	PAYLOAD	1 40715U 15032A   26140.59232929  .00000814  00000-0  99695-4 0  9997	2 40715  97.6490   6.8449 0006554 132.4744 227.7027 14.85705046585814	2015-07-10		2015-07-10		2015-07-10		DMC 3-1 (Disaster Monitoring Constellation)	Earth Observation	Optical Imaging	Commercial	Surrey Satellite Technology Ltd.	Sun-Synchronous	OPT_HR	UCS	UCS	UCS
KOMPSAT 3	38338	SKOR	2026-05-20T14:12:09.900864	98.1156	14.62178475	0.00049709	693.3	98.48	LARGE	PAYLOAD	1 38338U 12025B   26140.59178126  .00000235  00000-0  55879-4 0  9995	2 38338  98.1156  98.5316 0004971 186.5671 173.5466 14.62178475747313	2012-05-17		2012-05-17		2012-05-17		"Kompsat-3 (Arirang 3, Korean Multipurpose Satellite-3)"	Earth Observation	Optical Imaging	Government/Commercial	Korea Aerospace Research Institute (KARI)	Sun-Synchronous	OPT_HR	UCS	UCS	UCS
JILIN-01 GAOFEN 3F	46458	PRC	2026-05-20T14:10:39.063360	97.223	15.58045745	0.00117938	400.4	92.42	MEDIUM	PAYLOAD	1 46458U 20065E   26140.59072990  .00033002  00000-0  43878-3 0  9995	2 46458  97.2230 190.0838 0011794 241.6991 118.3075 15.58045745315407	2020-09-15		2020-09-15		2020-09-15		Jilin-1 Gaofen 03B-05 	Earth Observation	Optical Imaging	Commercial	Chang Guang Satellite Technology Co. Ltd.	Sun-Synchronous	OPT_HR	UCS	UCS	UCS
JILIN-01 GAOFEN 3G	46459	PRC	2026-05-20T14:10:34.939488	97.2305	15.66332801	0.00126571	376.5	91.93	MEDIUM	PAYLOAD	1 46459U 20065F   26140.59068217  .00054735  00000-0  52587-3 0  9996	2 46459  97.2305 196.4722 0012657 148.3981 211.8043 15.66332801315612	2020-09-15		2020-09-15		2020-09-15		Jilin-1 Gaofen 03B-06 	Earth Observation	Optical Imaging	Commercial	Chang Guang Satellite Technology Co. Ltd.	Sun-Synchronous	OPT_HR	UCS	UCS	UCS
ICEYE-X6	46497	FIN	2026-05-20T14:08:29.427072	98.0971	15.0435588	0.00072802	560.6	95.72	MEDIUM	PAYLOAD	1 46497U 20068M   26140.58922948  .00002200  00000-0  16249-3 0  9995	2 46497  98.0971 132.9468 0007280 171.4522 188.6828 15.04355880309088	2020-09-28		2020-09-28		2020-09-28		ICEYE-X6 (ICEYE POC 6)	Earth Observation	Radar Imaging	Commercial	ICEYE Ltd.	Sun-Synchronous	SAR	UCS	UCS	UCS
WORLDVIEW 1	32060	US	2026-05-20T14:07:58.937376	97.3926	15.24577808	0.00037705	499.2	94.45	LARGE	PAYLOAD	1 32060U 07041A   26140.58887659  .00004173  00000-0  17223-3 0  9995	2 32060  97.3926 260.7272 0003771 131.8261 228.3299 15.24577808 38671	2007-09-18		2007-09-18		2007-09-18		Worldview 1	Earth Observation	Optical Imaging	Commercial	Maxar Technologies Inc.	Sun-Synchronous	OPT_HR	UCS	UCS	UCS
JILIN-01 KUANFU 01C	52443	PRC	2026-05-20T14:07:57.510048	97.5255	15.10064382	0.00166795	543.1	95.36	LARGE	PAYLOAD	1 52443U 22048A   26140.58886007  .00001564  00000-0  99720-4 0  9996	2 52443  97.5255 218.2646 0016679  63.3118 296.9817 15.10064382223035	2022-05-05		2022-05-05		2022-05-05		Jilin-1 Kuanfu 01C	Earth Observation	Optical Imaging	Commercial	Chang Guang Satellite Technology Co. Ltd.	Sun-Synchronous	OPT_HR	UCS	UCS	UCS
JILIN-01-05	43023	PRC	2026-05-20T14:05:34.661472	97.4841	15.33402053	0.00043441	472.8	93.91	MEDIUM	PAYLOAD	1 43023U 17074B   26140.58720673  .00005655  00000-0  17767-3 0  9994	2 43023  97.4841 246.3822 0004344 340.9713  19.1366 15.33402053469771	2017-11-21		2017-11-21		2017-11-21		Jilin-1-5 (Shipin 5)	Earth Observation	Optical Imaging	Commercial	Chang Guang Satellite Technology Co. Ltd.	Sun-Synchronous	OPT_HR	UCS	UCS	UCS
JILIN-01 GAOFEN 3D 31	52448	PRC	2026-05-20T14:05:23.902080	97.5663	15.73506865	0.00033763	356	91.52	MEDIUM	PAYLOAD	1 52448U 22048F   26140.58708220  .00088490  00000-0  63187-3 0  9991	2 52448  97.5663 253.3059 0003376 185.3570 174.7658 15.73506865225234	2022-05-05		2022-05-05		2022-05-05		Jilin-1 GaoFen 03D-31	Earth Observation	Optical Imaging	Commercial	Chang Guang Satellite Technology Co. Ltd.	Sun-Synchronous	OPT_HR	UCS	UCS	UCS
JILIN-01 GAOFEN 3D 29	52446	PRC	2026-05-20T14:05:09.473280	97.5686	15.69490678	0.00029219	367.5	91.75	MEDIUM	PAYLOAD	1 52446U 22048D   26140.58691520  .00070693  00000-0  59858-3 0  9999	2 52446  97.5686 252.5163 0002922 146.2946 213.8502 15.69490678225167	2022-05-05		2022-05-05		2022-05-05		Jilin-1 GaoFen 03D-29	Earth Observation	Optical Imaging	Commercial	Chang Guang Satellite Technology Co. Ltd.	Sun-Synchronous	OPT_HR	UCS	UCS	UCS
ICEYE-X5	44389	FIN	2026-05-20T14:02:56.792256	97.8707	15.52875583	0.00042526	415.5	92.73	LARGE	PAYLOAD	1 44389U 19038C   26140.58537954  .00029560  00000-0  47668-3 0  9994	2 44389  97.8707 192.5734 0004253   8.4859 351.6464 15.52875583378676	2019-07-05		2019-07-05		2019-07-05		ICEYE-X5 (ICEYE POC 5)	Earth Observation	Radar Imaging	Commercial	ICEYE Ltd.	Sun-Synchronous	SAR	UCS	UCS	UCS
JILIN-01-10	43946	PRC	2026-05-20T13:52:22.090944	97.4767	15.25384911	0.00085113	496.8	94.4	MEDIUM	PAYLOAD	1 43946U 19005E   26140.57803346  .00003910  00000-0  15771-3 0  9997	2 43946  97.4767 239.3926 0008511  27.2576 332.9107 15.25384911405100	2019-01-21		2019-01-21		2019-01-21		Jilin-1-10 (Guanpu 2)	Earth Observation	Multispectral Imaging	Commercial	Chang Guang Satellite Technology Co. Ltd.	Sun-Synchronous	OPT_MR	UCS	UCS	UCS
JILIN-01 GAOFEN 3D 28	52445	PRC	2026-05-20T13:50:11.739264	97.5625	15.71479104	0.00041972	361.8	91.63	MEDIUM	PAYLOAD	1 52445U 22048C   26140.57652476  .00076167  00000-0  59334-3 0  9995	2 52445  97.5625 252.2135 0004197 166.9458 193.1914 15.71479104225181	2022-05-05		2022-05-05		2022-05-05		Jilin-1 GaoFen 03D-28	Earth Observation	Optical Imaging	Commercial	Chang Guang Satellite Technology Co. Ltd.	Sun-Synchronous	OPT_HR	UCS	UCS	UCS
ION SCV-004	50993	IT	2026-05-20T13:48:18.254592	97.2849	15.30142227	0.00092174	482.5	94.11	MEDIUM	PAYLOAD	1 50993U 22002K   26140.57521128  .00003685  00000-0  12879-3 0  9998	2 50993  97.2849 198.7562 0009217  93.4779 266.7516 15.30142227241077	2022-01-13		2022-01-13		2022-01-13		Dove 4x-44 (0 Flock 4x-44 247b)	Earth Observation	Optical Imaging	Commercial	"Planet Labs, Inc."	Sun-Synchronous	OPT_HR	UCS	UCS	UCS
PAZ	43215	SPN	2026-05-20T13:46:38.593920	97.4454	15.19154349	0.00016355	515.5	94.79	LARGE	PAYLOAD	1 43215U 18020A   26140.57405780  .00001139  00000-0  57407-4 0  9996	2 43215  97.4454 148.3525 0001635  88.8767 271.2655 15.19154349456811	2018-02-22		2018-02-22		2018-02-22		Paz	Earth Observation	Radar Imaging	Military/Commercial	Hisdesat	Sun-Synchronous	SAR	UCS	UCS	UCS
JILIN-01 GAOFEN 3H	46460	PRC	2026-05-20T13:46:13.195776	97.225	15.63753096	0.00085807	384	92.09	MEDIUM	PAYLOAD	1 46460U 20065G   26140.57376384  .00046482  00000-0  49634-3 0  9992	2 46460  97.2250 192.9303 0008581  98.2806 261.9427 15.63753096315565	2020-09-15		2020-09-15		2020-09-15		Jilin-1 Gaofen 03C-01 	Earth Observation	Video Imaging	Commercial	Chang Guang Satellite Technology Co. Ltd.	Sun-Synchronous	OPT_HR	UCS	UCS	UCS
JILIN-01-07	43159	PRC	2026-05-20T13:46:07.379328	97.1785	15.34212205	0.00094407	470.4	93.86	MEDIUM	PAYLOAD	1 43159U 18008E   26140.57369652  .00005979  00000-0  18263-3 0  9998	2 43159  97.1785 161.2475 0009441 146.4566 213.7277 15.34212205460764	2018-01-19		2018-01-19		2018-01-19		Jilin-1-7 (Shipin 7)	Earth Observation	Optical Imaging	Commercial	Chang Guang Satellite Technology Co. Ltd.	Sun-Synchronous	OPT_HR	UCS	UCS	UCS
JILIN-01 GAOFEN 2B	44836	PRC	2026-05-20T13:46:05.221056	97.4885	15.20359686	0.00153798	511.9	94.71	LARGE	PAYLOAD	1 44836U 19086A   26140.57367154  .00003965  00000-0  18485-3 0  9992	2 44836  97.4885 212.7437 0015380  60.7992 299.4779 15.20359686356291	2019-12-07		2019-12-07		2019-12-07		Jilin-1 Gaofen 02B	Earth Observation	Optical Imaging	Commercial	Chang Guang Satellite Technology Co. Ltd.	Sun-Synchronous	OPT_HR	UCS	UCS	UCS
ZHUHAI-1 03E	44539	PRC	2026-05-20T13:46:02.984160	97.5588	15.40072033	0.00072549	453	93.5	MEDIUM	PAYLOAD	1 44539U 19060F   26140.57364565  .00012381  00000-0  31139-3 0  9990	2 44539  97.5588 289.5900 0007255 119.5229 240.6741 15.40072033371516	2019-09-19		2019-09-19		2019-09-19		Zhuhai 1 (OHS 8)	Earth Observation	Hyperspectral Imaging	Commercial	Zhuhai Orbita Control Engineering Co. Ltd.	Sun-Synchronous	OPT_HR	UCS	UCS	UCS
JILIN-01-04	43022	PRC	2026-05-20T13:44:38.590368	97.4834	15.41670456	0.00025698	448.3	93.41	MEDIUM	PAYLOAD	1 43022U 17074A   26140.57266887  .00009459  00000-0  22643-3 0  9999	2 43022  97.4834 249.4698 0002570 300.1227  59.9765 15.41670456470011	2017-11-21		2017-11-21		2017-11-21		Jilin-1-4 (Shipin 4)	Earth Observation	Optical Imaging	Commercial	Chang Guang Satellite Technology Co. Ltd.	Sun-Synchronous	OPT_HR	UCS	UCS	UCS
DMC 3-FM3	40717	UK	2026-05-20T13:41:11.196672	97.6597	14.85695915	0.00060312	618.5	96.92	LARGE	PAYLOAD	1 40717U 15032C   26140.57026848 -.00000173  00000-0 -13976-4 0  9996	2 40717  97.6597  10.1137 0006031 136.7260 223.4431 14.85695915585811	2015-07-10		2015-07-10		2015-07-10		DMC 3-3 (Disaster Monitoring Constellation)	Earth Observation	Optical Imaging	Commercial	Surrey Satellite Technology Ltd.	Sun-Synchronous	OPT_HR	UCS	UCS	UCS
GLOBAL-14	49469	US	2026-05-20T13:40:42.704544	42.0043	15.49144189	0.00158363	426.4	92.95	MEDIUM	PAYLOAD	1 49469U 21106A   26140.56993871  .00017645  00000-0  31958-3 0  9995	2 49469  42.0043  95.0276 0015836 197.9266 162.1021 15.49144189253840	2021-11-18		2021-11-18		2021-11-18		BlackSky Global 14	Earth Observation	Optical Imaging	Commercial	BlackSky Global	Non-Polar Inclined	OPT_HR	UCS	UCS	UCS
JILIN-01 GAOFEN 2A	44777	PRC	2026-05-20T13:33:54.536256	97.496	15.38485318	0.00069593	457.7	93.6	LARGE	PAYLOAD	1 44777U 19075A   26140.56521454  .00010749  00000-0  28504-3 0  9999	2 44777  97.4960 223.7274 0006959 169.6177 190.5213 15.38485318360634	2019-11-13		2019-11-13		2019-11-13		Jilin-1 Gaofen 02A	Earth Observation	Multispectral Imaging	Commercial	Chang Guang Satellite Technology Co. Ltd.	Sun-Synchronous	OPT_MR	UCS	UCS	UCS
JILIN-01-08	43160	PRC	2026-05-20T13:22:00.497280	97.1816	15.33320129	0.00068392	473.1	93.91	MEDIUM	PAYLOAD	1 43160U 18008F   26140.55695020  .00005778  00000-0  18169-3 0  9991	2 43160  97.1816 160.5746 0006839 156.3257 203.8302 15.33320129460717	2018-01-19		2018-01-19		2018-01-19		Jilin-1-8 (Shipin 8)	Earth Observation	Optical Imaging	Commercial	Chang Guang Satellite Technology Co. Ltd.	Sun-Synchronous	OPT_HR	UCS	UCS	UCS
JILIN-01-06	43024	PRC	2026-05-20T13:21:43.689888	97.4769	15.33351533	0.00062977	473	93.91	MEDIUM	PAYLOAD	1 43024U 17074C   26140.55675567  .00004247  00000-0  13424-3 0  9995	2 43024  97.4769 243.3926 0006298 350.2245   9.8874 15.33351533469605	2017-11-21		2017-11-21		2017-11-21		Jilin-1-6 (Shipin 6)	Earth Observation	Optical Imaging	Commercial	Chang Guang Satellite Technology Co. Ltd.	Sun-Synchronous	OPT_HR	UCS	UCS	UCS
SKYSAT C3	41774	US	2026-05-20T13:06:21.279168	96.9038	15.51277467	0.00027945	420.1	92.83	MEDIUM	PAYLOAD	1 41774U 16058E   26140.54607962  .00016238  00000-0  27826-3 0  9993	2 41774  96.9038 172.4772 0002794  85.9121 274.2452 15.51277467541829	2016-09-16		2016-09-16		2016-09-16		"SkySat-7 (SkySat C3, S103)"	Earth Observation	Optical Imaging	Commercial	"Planet Labs, Inc."	Sun-Synchronous	OPT_HR	UCS	UCS	UCS
SKYSAT 1	39418	US	2026-05-20T13:04:01.643808	97.3831	15.1279913	0.00227589	534.8	95.19	MEDIUM	PAYLOAD	1 39418U 13066C   26140.54446347  .00002327  00000-0  13542-3 0  9993	2 39418  97.3831 190.8229 0022759  53.2860 307.0458 15.12799130684304	2013-11-21		2013-11-21		2013-11-21		SkySat-1 (S1)	Earth Observation	Optical Imaging	Commercial	"Planet Labs, Inc."	Sun-Synchronous	OPT_HR	UCS	UCS	UCS
EOSSAT-1	55053	SAFR	2026-05-20T13:03:42.105312	97.325	15.33268967	0.0008736	473.2	93.92	MEDIUM	PAYLOAD	1 55053U 23001AW  26140.54423733  .00003616  00000-0  11482-3 0  9993	2 55053  97.3250 201.3930 0008736 205.3236 154.7580 15.33268967187689	2023-01-03		2023-01-03		2023-01-03		EOS Sat-1 (EOS Agrisat-1)	Earth Observation	Multispectral Imaging	Commercial	EOS Data Analytics	Sun-Synchronous	OPT_MR	UCS	UCS	UCS
JILIN-01 KUANFU 01	45016	PRC	2026-05-20T12:45:14.883264	97.5033	15.10549508	0.00107469	541.7	95.33	LARGE	PAYLOAD	1 45016U 20003A   26140.53142226  .00001827  00000-0  11450-3 0  9991	2 45016  97.5033 215.0289 0010747  45.6470 314.5638 15.10549508351150	2020-01-15		2020-01-15		2020-01-15		Jilin-1 Kuanfu-1	Earth Observation	Optical Imaging	Commercial	Chang Guang Satellite Technology Co. Ltd.	Sun-Synchronous	OPT_HR	UCS	UCS	UCS
SKYSAT C1	41601	US	2026-05-20T12:42:50.772384	96.958	15.3578039	0.0004407	465.7	93.76	MEDIUM	PAYLOAD	1 41601U 16040C   26140.52975431  .00006408  00000-0  18618-3 0  9997	2 41601  96.9580 173.7565 0004407 112.6118 247.5594 15.35780390553628	2016-06-22		2016-06-22		2016-06-22		"SkySat-3 (SkySat Gen 2-1, Skysat C1, S3)"	Earth Observation	Optical Imaging	Commercial	"Planet Labs, Inc."	Sun-Synchronous	OPT_HR	UCS	UCS	UCS
GLOBAL-16	49950	US	2026-05-20T12:21:24.044832	41.9943	15.48838046	0.0010146	427.3	92.97	MEDIUM	PAYLOAD	1 49950U 21120B   26140.51486163  .00017816  00000-0  32701-3 0  9999	2 49950  41.9943 217.2333 0010146  44.6669 315.4990 15.48838046250552	2021-12-09		2021-12-09		2021-12-09		BlackSky Global 16	Earth Observation	Optical Imaging	Commercial	BlackSky Global	Non-Polar Inclined	OPT_HR	UCS	UCS	UCS
TERRA SAR X	31698	GER	2026-05-20T11:04:06.028032	97.446	15.19150954	0.00018653	515.5	94.79	LARGE	PAYLOAD	1 31698U 07026A   26140.46118088  .00000196  00000-0  12516-4 0  9996	2 31698  97.4460 148.5621 0001865  92.2234 267.9214 15.19150954 49013	2007-06-15		2007-06-15		2007-06-15		TerraSAR-X?1 (Terra Synthetic Aperture Radar X-Band)	Earth Observation	Radar Imaging	Government/Commercial	German Aerospace Center (DLR)/Infoterra	Sun-Synchronous	SAR	UCS	UCS	UCS
PATHFINDER 1	41787	US	2026-05-20T10:57:16.313184	97.817	14.67626261	0.00270755	675.8	98.12	MEDIUM	PAYLOAD	1 41787U 16059E   26140.45643881  .00000336  00000-0  67056-4 0  9990	2 41787  97.8170 140.9851 0027075 296.1697  63.6724 14.67626261515640	2016-09-26		2016-09-26		2016-09-26		BlackSky Pathfinder 1	Earth Observation	Optical Imaging	Commercial	BlackSky Global	Sun-Synchronous	OPT_HR	UCS	UCS	UCS
SKYSAT C6	42992	US	2026-05-20T10:11:48.445728	97.4541	15.33921135	0.00015485	471.3	93.88	MEDIUM	PAYLOAD	1 42992U 17068F   26140.42486627  .00006478  00000-0  19988-3 0  9993	2 42992  97.4541 277.7671 0001548 209.5123 150.6032 15.33921135478060	2017-10-31		2017-10-31		2017-10-31		"SkySat-8 (SkySat C6, S106)"	Earth Observation	Optical Imaging	Commercial	"Planet Labs, Inc."	Sun-Synchronous	OPT_HR	UCS	UCS	UCS
WNISAT 1	39423	JPN	2026-05-20T10:01:10.195104	97.7169	14.58022953	0.01621754	706.7	98.76	MEDIUM	PAYLOAD	1 39423U 13066H   26140.41747911  .00000296  00000-0  63193-4 0  9997	2 39423  97.7169 291.5501 0162175 319.7579  39.1706 14.58022953662681	2013-11-21		2013-11-21		2013-11-21		WNISat-1 (Weather News Inc. Satellite 1)	Earth Observation	Optical Imaging	Commercial	"Weathernews, Inc."	Sun-Synchronous	OPT_HR	UCS	UCS	UCS
GLOBAL-4	44499	US	2026-05-20T09:41:44.069856	45.0077	15.61539897	0.00043494	390.3	92.22	MEDIUM	PAYLOAD	1 44499U 19054E   26140.40398229  .00035010  00000-0  40106-3 0  9992	2 44499  45.0077  36.3718 0004349 168.2203 191.8796 15.61539897376017	2019-08-19		2019-08-19		2019-08-19		BlackSky Global 4	Earth Observation	Optical Imaging	Commercial	BlackSky Global	Non-Polar Inclined	OPT_HR	UCS	UCS	UCS
GLOBAL-18	52196	US	2026-05-20T09:16:05.907072	52.9826	15.45008646	0.00051235	438.5	93.2	MEDIUM	PAYLOAD	1 52196U 22034B   26140.38617948  .00016147  00000-0  34504-3 0  9991	2 52196  52.9826  29.3795 0005123 149.8314 210.2987 15.45008646232660	2022-04-02		2022-04-02		2022-04-02		BlackSky Global 18	Earth Observation	Optical Imaging	Commercial	BlackSky Global	Non-Polar Inclined	OPT_HR	UCS	UCS	UCS
SKYSAT C5	41772	US	2026-05-20T09:14:27.434400	97.0487	15.34025939	0.00041331	471	93.87	MEDIUM	PAYLOAD	1 41772U 16058C   26140.38503975  .00005424  00000-0  16700-3 0  9996	2 41772  97.0487 182.2715 0004133  57.8112 302.3532 15.34025939539487	2016-09-16		2016-09-16		2016-09-16		"SkySat-5 (SkySat C5, S105)"	Earth Observation	Optical Imaging	Commercial	"Planet Labs, Inc."	Sun-Synchronous	OPT_HR	UCS	UCS	UCS
WNISAT 1R	42835	JPN	2026-05-20T08:56:18.333024	97.4808	15.01619846	0.00096546	569	95.9	MEDIUM	PAYLOAD	1 42835U 17042L   26140.37243441  .00001616  00000-0  12894-3 0  9998	2 42835  97.4808 297.4953 0009655 256.3189 103.6961 15.01619846482335	2017-07-14		2017-07-14		2017-07-14		WNISat-1R (Weather News Inc. Satellite 1R)	Earth Observation	Optical Imaging	Commercial	"Weathernews, Inc."	Sun-Synchronous	OPT_HR	UCS	UCS	UCS
SKYSAT C11	42987	US	2026-05-20T08:37:57.064800	97.4331	15.56345995	0.00016517	405.4	92.52	MEDIUM	PAYLOAD	1 42987U 17068A   26140.35968825  .00019774  00000-0  28193-3 0  9995	2 42987  97.4331 288.0178 0001652 112.2847 247.8583 15.56345995478910	2017-10-31		2017-10-31		2017-10-31		"SkySat-13 (SkySat C11, S111)"	Earth Observation	Optical Imaging	Commercial	"Planet Labs, Inc."	Sun-Synchronous	OPT_HR	UCS	UCS	UCS
GLOBAL-2	43812	US	2026-05-20T08:22:42.798144	97.3573	15.084888	0.00042379	548	95.46	MEDIUM	PAYLOAD	1 43812U 18099BG  26140.34910646  .00001437  00000-0  96034-4 0  9992	2 43812  97.3573 178.0214 0004238 240.3109 119.7698 15.08488800407715	2018-12-03		2018-12-03		2018-12-03		BlackSky Global 2	Earth Observation	Optical Imaging	Commercial	BlackSky Global	Sun-Synchronous	OPT_HR	UCS	UCS	UCS
GLOBAL-5	55983	US	2026-05-20T08:16:08.956704	42.0027	15.38436881	0.00057653	457.9	93.6	MEDIUM	PAYLOAD	1 55983U 23041C   26140.34454811  .00010677  00000-0  28173-3 0  9998	2 55983  42.0027   3.8642 0005765 170.5157 189.5793 15.38436881177643	2023-03-24		2023-03-24		2023-03-24		BlackSky Global 5	Earth Observation	Optical Imaging	Commercial	BlackSky Global	Non-Polar Inclined	OPT_HR	UCS	UCS	UCS
KAZSTSAT	43783	KAZ	2026-05-20T08:14:43.732608	97.4288	14.99794782	0.00059592	574.7	96.01	MEDIUM	PAYLOAD	1 43783U 18099AB  26140.34356172  .00000373  00000-0  34608-4 0  9994	2 43783  97.4288 173.5394 0005959 142.4332 217.7309 14.99794782407138	2018-12-03		2018-12-03		2018-12-03		KazSTSAT (Kazakh Science and Technology Satellite)	Earth Observation	Optical Imaging	Commercial	Ghalam LLP	Sun-Synchronous	OPT_HR	UCS	UCS	UCS
SKYSAT C10	42988	US	2026-05-20T07:33:39.774816	97.4473	15.34105191	0.00016627	470.7	93.87	MEDIUM	PAYLOAD	1 42988U 17068B   26140.31504369  .00006516  00000-0  19988-3 0  9993	2 42988  97.4473 276.9082 0001663  96.3563 263.7869 15.34105191478087	2017-10-31		2017-10-31		2017-10-31		"SkySat-12 (SkySat C10, S110)"	Earth Observation	Optical Imaging	Commercial	"Planet Labs, Inc."	Sun-Synchronous	OPT_HR	UCS	UCS	UCS
SKYSAT C12	43797	US	2026-05-20T07:20:11.276448	96.9274	15.47923278	0.00020966	429.9	93.03	MEDIUM	PAYLOAD	1 43797U 18099AR  26140.30568607  .00012717  00000-0  24554-3 0  9996	2 43797  96.9274 164.6830 0002097 223.1865 136.9223 15.47923278417547	2018-12-03		2018-12-03		2018-12-03		"SkySat-14 (SkySat C12, S112)"	Earth Observation	Optical Imaging	Commercial	"Planet Labs, Inc."	Sun-Synchronous	OPT_HR	UCS	UCS	UCS
GLOBAL-9	47971	US	2026-05-20T03:30:42.549120	44.9827	15.453757	0.00029969	437.4	93.18	MEDIUM	PAYLOAD	1 47971U 21023G   26140.14632580  .00015923  00000-0  33278-3 0  9994	2 47971  44.9827  47.9908 0002997 166.5685 193.5285 15.45375700290602	2021-03-22		2021-03-22		2021-03-22		BlackSky Global 9	Earth Observation	Optical Imaging	Commercial	BlackSky Global	Non-Polar Inclined	OPT_HR	UCS	UCS	UCS
SKYSAT C2	41773	US	2026-05-20T00:36:53.461728	97.0182	15.41369092	0.00048	449.2	93.42	MEDIUM	PAYLOAD	1 41773U 16058D   26140.02561877  .00008954  00000-0  21635-3 0  9997	2 41773  97.0182 163.1931 0004800 130.8880 229.2784 15.41369092540716	2016-09-16		2016-09-16		2016-09-16		"SkySat-6 (SkySat C2, S4)"	Earth Observation	Optical Imaging	Commercial	"Planet Labs, Inc."	Sun-Synchronous	OPT_HR	UCS	UCS	UCS
SKYSAT C4	41771	US	2026-05-20T00:30:04.092480	96.9189	15.47630324	0.00024082	430.8	93.05	MEDIUM	PAYLOAD	1 41771U 16058B   26140.02088070  .00012833  00000-0  25027-3 0  9994	2 41771  96.9189 162.9896 0002408  68.6262 291.5246 15.47630324541115	2016-09-16		2016-09-16		2016-09-16		"SkySat-4 (SkySat C4, S104)"	Earth Observation	Optical Imaging	Commercial	"Planet Labs, Inc."	Sun-Synchronous	OPT_HR	UCS	UCS	UCS
ICEYE-X38	59100	FIN	2026-05-20T15:59:16.289664	97.8376	15.12571449	0.0003268	535.5	95.2	MEDIUM	PAYLOAD	1 59100U 24043C   26140.66616076  .00003444  00000-0  20139-3 0  9992	2 59100  97.8376 283.6675 0003268 152.6089 207.5313 15.12571449107518	2024-03-04		2024-03-04		2024-03-04								SAR		KEYWORD_NEW	KEYWORD
ICEYE-X65	66300	UAE	2026-05-20T15:45:17.313696	45.405	15.08732157	0.0006369	547.2	95.44		PAYLOAD	1 66300U 25248H   26140.65645039  .00002700  00000-0  18498-3 0  9999	2 66300  45.4050 278.9712 0006369 244.1534 115.8691 15.08732157 31361	2025-11-02		2025-11-02		2025-11-02								SAR		KEYWORD_NEW	KEYWORD
ICEYE-X25	56963	FIN	2026-05-20T15:41:01.840128	97.5864	15.57923961	0.00029272	400.8	92.43	MEDIUM	PAYLOAD	1 56963U 23084AH  26140.65349352  .00029435  00000-0  39467-3 0  9991	2 56963  97.5864 285.0575 0002927  60.0235 300.1310 15.57923961163688	2023-06-12		2023-06-12		2023-06-12								SAR		KEYWORD_NEW	KEYWORD
ICEYE-X50	63255	FIN	2026-05-20T15:40:50.769696	97.6922	14.95178679	0.0001091	589	96.31	MEDIUM	PAYLOAD	1 63255U 25052AX  26140.65336539  .00001402  00000-0  13281-3 0  9993	2 63255  97.6922  33.0759 0001091   8.5599 351.5641 14.95178679 64532	2025-03-15		2025-03-15		2025-03-15								SAR		KEYWORD_NEW	KEYWORD
ICEYE-X67	66302	UAE	2026-05-20T15:38:10.110624	45.4053	15.08804736	0.00074763	547	95.44		PAYLOAD	1 66302U 25248K   26140.65150591  .00002754  00000-0  18803-3 0  9994	2 66302  45.4053 278.1315 0007476 241.5807 118.4322 15.08804736 31364	2025-11-02		2025-11-02		2025-11-02								SAR		KEYWORD_NEW	KEYWORD
ICEYE-X35	58302	FIN	2026-05-20T15:06:45.577152	97.3799	15.49840664	0.00074897	424.3	92.91	MEDIUM	PAYLOAD	1 58302U 23174AY  26140.62969418  .00028147  00000-0  50519-3 0  9998	2 58302  97.3799 224.4957 0007490 282.8985  77.1430 15.49840664141071	2023-11-11		2023-11-11		2023-11-11								SAR		KEYWORD_NEW	KEYWORD
ICEYE-X36	59103	US	2026-05-20T14:59:07.620864	97.8337	15.06632453	0.00071615	553.6	95.58	MEDIUM	PAYLOAD	1 59103U 24043F   26140.62439376  .00001926  00000-0  13431-3 0  9997	2 59103  97.8337 278.2210 0007162  63.4639 296.7321 15.06632453120992	2024-03-04		2024-03-04		2024-03-04								SAR		KEYWORD_NEW	KEYWORD
ICEYE-X71	68494	FIN	2026-05-20T14:59:04.221024	97.7598	14.91516447	0.00037579	600.3	96.55		PAYLOAD	1 68494U 26067CG  26140.62435441  .00001552  00000-0  16049-3 0  9990	2 68494  97.7598  99.2913 0003758 102.9650 257.1988 14.91516447  7613	2026-03-30		2026-03-30		2026-03-30								SAR		KEYWORD_NEW	KEYWORD
ICEYE-X53	64584	FIN	2026-05-20T14:58:01.864416	97.7404	15.00883808	0.00018449	571.3	95.94	LARGE	PAYLOAD	1 64584U 25135BJ  26140.62363269  .00002042  00000-0  16526-3 0  9994	2 64584  97.7404 257.5222 0001845 134.3326 225.8049 15.00883808 49942	2025-06-23		2025-06-23		2025-06-23								SAR		KEYWORD_NEW	KEYWORD
ICEYE-X74	68500	US	2026-05-20T14:57:53.764416	97.7606	14.91519237	0.00037518	600.3	96.55		PAYLOAD	1 68500U 26067CN  26140.62353894  .00001555  00000-0  16078-3 0  9994	2 68500  97.7606  99.2964 0003752  99.8550 260.3092 14.91519237  7616	2026-03-30		2026-03-30		2026-03-30								SAR		KEYWORD_NEW	KEYWORD
ICEYE-X76	68502	POL	2026-05-20T14:53:37.537440	97.7611	14.9162544	0.00036608	600	96.54		PAYLOAD	1 68502U 26067CQ  26140.62057335  .00001413  00000-0  14630-3 0  9992	2 68502  97.7611  99.3039 0003661  95.9430 264.2206 14.91625440  7615	2026-03-30		2026-03-30		2026-03-30								SAR		KEYWORD_NEW	KEYWORD
ICEYE-X73	68496	POR	2026-05-20T14:32:05.802144	97.7596	14.92066981	0.00032276	598.6	96.51		PAYLOAD	1 68496U 26067CJ  26140.60562271  .00001299  00000-0  13344-3 0  9995	2 68496  97.7596  99.3140 0003228  62.2634 297.8912 14.92066981  7610	2026-03-30		2026-03-30		2026-03-30								SAR		KEYWORD_NEW	KEYWORD
ICEYE-X31	58288	FIN	2026-05-20T14:31:59.386080	97.3784	15.33286538	0.00035638	473.2	93.92	MEDIUM	PAYLOAD	1 58288U 23174AJ  26140.60554845  .00012724  00000-0  39775-3 0  9998	2 58288  97.3784 216.3747 0003564  86.0772 274.0878 15.33286538140521	2023-11-11		2023-11-11		2023-11-11								SAR		KEYWORD_NEW	KEYWORD
ICEYE-X52	64572	FIN	2026-05-20T14:24:57.870720	97.7714	14.93446254	0.00032789	594.3	96.42	MEDIUM	PAYLOAD	1 64572U 25135AW  26140.60066980  .00001397  00000-0  13826-3 0  9991	2 64572  97.7714 255.1599 0003279  77.6156 282.5431 14.93446254 49763	2025-06-23		2025-06-23		2025-06-23								SAR		KEYWORD_NEW	KEYWORD
ICEYE-X56	64574	FIN	2026-05-20T14:23:12.477408	97.7713	14.95429166	0.00033703	588.2	96.29	LARGE	PAYLOAD	1 64574U 25135AY  26140.59944997  .00002241  00000-0  20796-3 0  9997	2 64574  97.7713 255.7825 0003370  81.7857 278.3746 14.95429166 49800	2025-06-23		2025-06-23		2025-06-23								SAR		KEYWORD_NEW	KEYWORD
ICEYE-X57	64578	US	2026-05-20T14:22:10.005024	97.7863	15.0088001	0.00018189	571.3	95.94	MEDIUM	PAYLOAD	1 64578U 25135BC  26140.59872691  .00003051  00000-0  24453-3 0  9996	2 64578  97.7863 256.9950 0001819  49.2414 310.8967 15.00880010 49887	2025-06-23		2025-06-23		2025-06-23								SAR		KEYWORD_NEW	KEYWORD
ICEYE-X55	64581	FIN	2026-05-20T14:12:26.830080	97.7711	14.95021351	0.00045911	589.4	96.32	MEDIUM	PAYLOAD	1 64581U 25135BF  26140.59197720  .00002284  00000-0  21404-3 0  9993	2 64581  97.7711 255.6360 0004591  88.9301 271.2445 14.95021351 49798	2025-06-23		2025-06-23		2025-06-23								SAR		KEYWORD_NEW	KEYWORD
ICEYE-X51	63257	US	2026-05-20T14:09:58.370688	97.7493	15.00890611	0.00020324	571.3	95.94	MEDIUM	PAYLOAD	1 63257U 25052AZ  26140.59025892  .00003005  00000-0  24088-3 0  9993	2 63257  97.7493  35.7542 0002032  61.3440 298.7988 15.00890611 64669	2025-03-15		2025-03-15		2025-03-15								SAR		KEYWORD_NEW	KEYWORD
ICEYE-X54	64570	FIN	2026-05-20T13:44:34.888992	97.7691	14.94366878	0.00032547	591.5	96.36	MEDIUM	PAYLOAD	1 64570U 25135AU  26140.57262603  .00001419  00000-0  13722-3 0  9995	2 64570  97.7691 255.2741 0003255  66.5303 293.6259 14.94366878 49776	2025-06-23		2025-06-23		2025-06-23								SAR		KEYWORD_NEW	KEYWORD
ICEYE-X33	60548	US	2026-05-20T13:38:39.842880	97.7188	15.00904123	8.88E-06	571.2	95.94	MEDIUM	PAYLOAD	1 60548U 24149CJ  26140.56851670  .00004302  00000-0  34251-3 0  9991	2 60548  97.7188 219.8751 0000089 266.8604  93.2610 15.00904123 96064	2024-08-16		2024-08-16		2024-08-16								SAR		KEYWORD_NEW	KEYWORD
ICEYE-X34	58294	US	2026-05-20T12:20:02.934240	97.3882	15.60699347	0.00053639	392.8	92.27	MEDIUM	PAYLOAD	1 58294U 23174AQ  26140.51392285  .00054669  00000-0  65668-3 0  9997	2 58294  97.3882 230.4705 0005364 222.6102 137.4740 15.60699347141429	2023-11-11		2023-11-11		2023-11-11								SAR		KEYWORD_NEW	KEYWORD
ICEYE-X61	66754	FIN	2026-05-20T11:31:52.445568	97.4205	15.1821014	0.00048575	518.4	94.85		PAYLOAD	1 66754U 25276CS  26140.48046812  .00002416  00000-0  12138-3 0  9997	2 66754  97.4205 214.4930 0004858  83.7123 276.4664 15.18210140 26218	2025-11-28		2025-11-28		2025-11-28								SAR		KEYWORD_NEW	KEYWORD
ICEYE-X43	60539	BRAZ	2026-05-20T11:21:17.022816	97.6761	14.99774686	0.00054326	574.7	96.01	MEDIUM	PAYLOAD	1 60539U 24149BZ  26140.47311369  .00002016  00000-0  16782-3 0  9996	2 60539  97.6761 217.8210 0005433 172.2759 187.8549 14.99774686 95962	2024-08-16		2024-08-16		2024-08-16								SAR		KEYWORD_NEW	KEYWORD
ICEYE-X41	62700	US	2026-05-20T10:59:45.375648	97.7074	14.96554993	0.00031011	584.7	96.22	MEDIUM	PAYLOAD	1 62700U 25009CV  26140.45816407  .00001515  00000-0  13824-3 0  9992	2 62700  97.7074 220.3919 0003101 106.1124 254.0439 14.96554993 73267	2025-01-14		2025-01-14		2025-01-14								SAR		KEYWORD_NEW	KEYWORD
ICEYE-X39	60546	BRAZ	2026-05-20T10:56:47.699232	97.6799	14.99711418	0.00028139	574.9	96.02	MEDIUM	PAYLOAD	1 60546U 24149CG  26140.45610763  .00001287  00000-0  10908-3 0  9995	2 60546  97.6799 217.8585 0002814 172.2252 187.9016 14.99711418 95968	2024-08-16		2024-08-16		2024-08-16								SAR		KEYWORD_NEW	KEYWORD
ICEYE-X40	60549	UAE	2026-05-20T10:42:23.395104	97.6822	14.97848747	0.00051968	580.7	96.14	MEDIUM	PAYLOAD	1 60549U 24149CK  26140.44610411  .00000862  00000-0  78195-4 0  9998	2 60549  97.6822 217.3895 0005197 151.0874 209.0637 14.97848747 95924	2024-08-16		2024-08-16		2024-08-16								SAR		KEYWORD_NEW	KEYWORD
ICEYE-X60	66753	GREC	2026-05-20T10:28:17.774112	97.4211	15.10494855	0.00030185	541.8	95.33		PAYLOAD	1 66753U 25276CR  26140.43631683  .00002211  00000-0  13801-3 0  9998	2 66753  97.4211 213.9547 0003019 104.6737 255.4828 15.10494855 26177	2025-11-28		2025-11-28		2025-11-28								SAR		KEYWORD_NEW	KEYWORD
ICEYE-X66	66301	UAE	2026-05-20T10:17:40.180128	45.4021	15.0882192	0.00059345	546.9	95.44		PAYLOAD	1 66301U 25248J   26140.42893727  .00002450  00000-0  16896-3 0  9996	2 66301  45.4021 279.7528 0005934 238.2318 121.7986 15.08821920 31310	2025-11-02		2025-11-02		2025-11-02								SAR		KEYWORD_NEW	KEYWORD
ICEYE-X47	62389	FIN	2026-05-20T08:25:04.292832	44.9959	15.13015565	5.92E-05	534.1	95.17	MEDIUM	PAYLOAD	1 62389U 24247N   26140.35074413  .00001333  00000-0  88436-4 0  9990	2 62389  44.9959 145.6344 0000592 341.5362  18.5494 15.13015565 77969	2024-12-21		2024-12-21		2024-12-21								SAR		KEYWORD_NEW	KEYWORD
ICEYE-X72	68504	FIN	2026-05-20T08:14:12.302016	97.7612	14.91939224	0.00036449	599	96.52		PAYLOAD	1 68504U 26067CS  26140.34319794  .00001409  00000-0  14469-3 0  9998	2 68504  97.7612  99.0516 0003645  76.8106 283.3519 14.91939224  7577	2026-03-30		2026-03-30		2026-03-30								SAR		KEYWORD_NEW	KEYWORD
ICEYE-X37	59102	US	2026-05-20T08:11:11.217120	97.8274	15.05849263	0.0016586	556	95.63	MEDIUM	PAYLOAD	1 59102U 24043E   26140.34110205  .00002585  00000-0  18209-3 0  9992	2 59102  97.8274 276.9162 0016586 104.0043 256.3029 15.05849263120897	2024-03-04		2024-03-04		2024-03-04								SAR		KEYWORD_NEW	KEYWORD
ICEYE-X75	68497	POL	2026-05-20T08:06:51.506496	97.7578	14.92044188	0.00028977	598.7	96.51		PAYLOAD	1 68497U 26067CK  26140.33809614  .00001336  00000-0  13717-3 0  9997	2 68497  97.7578  99.0382 0002898  64.0812 296.0705 14.92044188  7577	2026-03-30		2026-03-30		2026-03-30								SAR		KEYWORD_NEW	KEYWORD
ICEYE-X64	67373	FIN	2026-05-20T06:45:31.979232	97.8017	14.87844417	0.0004826	611.8	96.78		PAYLOAD	1 67373U 26004L   26140.28162013  .00000715  00000-0  84139-4 0  9996	2 67373  97.8017 139.3027 0004826 215.8195 144.2698 14.87844417 19143	2026-01-11		2026-01-11		2026-01-11								SAR		KEYWORD_NEW	KEYWORD
ICEYE-X48	63253	US	2026-05-20T06:23:41.447616	97.6915	14.97802833	0.0001527	580.8	96.14	MEDIUM	PAYLOAD	1 63253U 25052AV  26140.26645194  .00001602  00000-0  14136-3 0  9990	2 63253  97.6915  32.8808 0001527   7.4912 352.6333 14.97802833 64498	2025-03-15		2025-03-15		2025-03-15								SAR		KEYWORD_NEW	KEYWORD
ICEYE-X46	63258	FIN	2026-05-20T05:58:21.096192	97.6923	14.95185957	0.0001733	588.9	96.31	MEDIUM	PAYLOAD	1 63258U 25052BA  26140.24885528  .00001558  00000-0  14702-3 0  9999	2 63258  97.6923  32.6763 0001733  90.8226 269.3194 14.95185957 64479	2025-03-15		2025-03-15		2025-03-15								SAR		KEYWORD_NEW	KEYWORD
ICEYE-X63	67372	FIN	2026-05-20T05:55:54.122016	97.8003	14.88242905	0.0003321	610.6	96.76		PAYLOAD	1 67372U 26004K   26140.24715419  .00000526  00000-0  62862-4 0  9994	2 67372  97.8003 139.3264 0003321 201.1774 158.9306 14.88242905 19143	2026-01-11		2026-01-11		2026-01-11								SAR		KEYWORD_NEW	KEYWORD
ICEYE-X45	62705	US	2026-05-20T04:40:09.171840	97.8245	15.00847405	9.99E-05	571.4	95.95	MEDIUM	PAYLOAD	1 62705U 25009DA  26140.19455060  .00001828  00000-0  14864-3 0  9994	2 62705  97.8245 226.6765 0000999 104.5857 255.5478 15.00847405 73480	2025-01-14		2025-01-14		2025-01-14								SAR		KEYWORD_NEW	KEYWORD
ICEYE-X44	62707	UAE	2026-05-20T04:36:59.568768	97.7066	14.95830221	0.00013155	586.9	96.27	LARGE	PAYLOAD	1 62707U 25009DC  26140.19235612  .00001532  00000-0  14234-3 0  9998	2 62707  97.7066 219.7648 0001315 151.3608 208.7685 14.95830221 95757	2025-01-14		2025-01-14		2025-01-14								SAR		KEYWORD_NEW	KEYWORD
ICEYE-X42	62698	UAE	2026-05-20T04:05:47.673888	97.7398	14.91848728	0.00017259	599.3	96.53	MEDIUM	PAYLOAD	1 62698U 25009CT  26140.17069067  .00001505  00000-0  15454-3 0  9999	2 62698  97.7398 218.9885 0001726 103.4309 256.7103 14.91848728 73111	2025-01-14		2025-01-14		2025-01-14								SAR		KEYWORD_NEW	KEYWORD
ICEYE-X58	66751	FIN	2026-05-20T04:02:07.869696	97.4215	15.17689345	0.00048618	520	94.88		PAYLOAD	1 66751U 25276CP  26140.16814664  .00001857  00000-0  95460-4 0  9995	2 66751  97.4215 214.1639 0004862  82.0684 278.1101 15.17689345 26163	2025-11-28		2025-11-28		2025-11-28								SAR		KEYWORD_NEW	KEYWORD
ICEYE-X62	66755	POL	2026-05-20T03:56:30.285888	97.421	15.09897834	0.00039999	543.6	95.37		PAYLOAD	1 66755U 25276CT  26140.16423942  .00001305  00000-0  84369-4 0  9998	2 66755  97.4210 213.2518 0004000  97.7699 262.3984 15.09897834 26104	2025-11-28		2025-11-28		2025-11-28								SAR		KEYWORD_NEW	KEYWORD
ICEYE-X59	66752	GREC	2026-05-20T03:34:38.440128	97.42	15.01111278	0.000199	570.6	95.93		PAYLOAD	1 66752U 25276CQ  26140.14905602  .00001531  00000-0  12397-3 0  9993	2 66752  97.4200 212.6768 0001990  67.0136 293.1299 15.01111278 26060	2025-11-28		2025-11-28		2025-11-28								SAR		KEYWORD_NEW	KEYWORD
ICEYE-X49	62384	FIN	2026-05-20T00:56:48.249312	44.9981	15.12752344	0.0001412	534.9	95.19	MEDIUM	PAYLOAD	1 62384U 24247H   26140.03944733  .00001419  00000-0  93911-4 0  9990	2 62384  44.9981 147.6263 0001412 283.2203  76.8517 15.12752344 77919	2024-12-21		2024-12-21		2024-12-21								SAR		KEYWORD_NEW	KEYWORD
CAPELLA-16 (ACADIA)	65318	US	2026-05-20T15:11:46.531680	97.7352	14.94469516	0.00035579	591.2	96.36	LARGE	PAYLOAD	1 65318U 25188D   26140.63317745  .00002638  00000-0  24978-3 0  9998	2 65318  97.7352 216.1844 0003558 357.6762   2.4441 14.94469516 39805	2025-08-26		2025-08-26		2025-08-26								SAR		KEYWORD_NEW	KEYWORD
CAPELLA-20 (ACADIA)	68485	US	2026-05-20T14:29:18.609504	97.7566	14.92194791	0.00030112	598.2	96.5		PAYLOAD	1 68485U 26067BX  26140.60368761  .00003943  00000-0  39249-3 0  9991	2 68485  97.7566  99.3018 0003011  61.4436 298.7085 14.92194791  7612	2026-03-30		2026-03-30		2026-03-30								SAR		KEYWORD_NEW	KEYWORD
CAPELLA-18 (ACADIA)	67385	US	2026-05-20T14:00:01.999872	97.8015	14.86626794	0.00015944	615.6	96.86		PAYLOAD	1 67385U 26004Y   26140.58335648 -.00049468  00000-0 -56113-2 0  9997	2 67385  97.8015 139.6121 0001594  92.1462 109.6134 14.86626794  5717	2026-01-11		2026-01-11		2026-01-11								SAR		KEYWORD_NEW	KEYWORD
CAPELLA-17 (ACADIA)	64583	US	2026-05-20T13:33:44.900928	97.7664	14.91446021	0.00065783	600.6	96.55	LARGE	PAYLOAD	1 64583U 25135BH  26140.56510302  .00003844  00000-0  38989-3 0  9996	2 64583  97.7664 254.6017 0006578  94.1435 266.0535 14.91446021 49736	2025-06-23		2025-06-23		2025-06-23								SAR		KEYWORD_NEW	KEYWORD
CAPELLA-13 (ACADIA)	60419	US	2026-05-20T11:40:33.635424	53.0031	14.87640905	0.00013282	612.4	96.8	LARGE	PAYLOAD	1 60419U 24142A   26140.48650041  .00002350  00000-0  28153-3 0  9996	2 60419  53.0031 178.4813 0001328  89.7851 270.3282 14.87640905 96281	2024-08-11		2024-08-11		2024-08-11								SAR		KEYWORD_NEW	KEYWORD
CAPELLA-19 (ACADIA)	67384	US	2026-05-20T11:14:32.473824	97.7999	14.86638683	0.00014997	615.6	96.86		PAYLOAD	1 67384U 26004X   26140.46843141  .00003100  00000-0  35520-3 0  9996	2 67384  97.7999 139.3516 0001500  90.6190 269.5198 14.86638683 19158	2026-01-11		2026-01-11		2026-01-11								SAR		KEYWORD_NEW	KEYWORD
CAPELLA-14 (ACADIA)	59444	US	2026-05-20T10:59:23.074080	45.6047	15.12985367	0.00060307	534.2	95.18	LARGE	PAYLOAD	1 59444U 24066C   26140.45790595  .00012366  00000-0  70284-3 0  9993	2 59444  45.6047  41.6134 0006031 162.0398 198.0703 15.12985367108286	2024-04-07		2024-04-07		2024-04-07								SAR		KEYWORD_NEW	KEYWORD
CAPELLA-11 (ACADIA)	57693	US	2026-05-20T09:47:23.012736	53.0096	14.82338681	7.38E-05	629.1	97.14	LARGE	PAYLOAD	1 57693U 23126A   26140.40790524  .00002801  00000-0  37482-3 0  9996	2 57693  53.0096 305.2406 0000738  91.3039 268.8023 14.82338681148004	2023-08-23		2023-08-23		2023-08-23								SAR		KEYWORD_NEW	KEYWORD
CAPELLA-15 (ACADIA)	60544	US	2026-05-20T05:31:27.958080	97.6778	14.924919	0.0004865	597.3	96.48	LARGE	PAYLOAD	1 60544U 24149CE  26140.23018470  .00000738  00000-0  77235-4 0  9993	2 60544  97.6778 213.8286 0004865 156.5789 203.5653 14.92491900 95680	2024-08-16		2024-08-16		2024-08-16								SAR		KEYWORD_NEW	KEYWORD
UMBRA-09	60541	US	2026-05-20T05:48:53.381664	97.6964	15.17108749	0.0001242	521.7	94.92	LARGE	PAYLOAD	1 60541U 24149CB  26140.24228451  .00013986  00000-0  70829-3 0  9993	2 60541  97.6964 226.9911 0001242 110.7141 249.4225 15.17108749 96481	2024-08-16		2024-08-16		2024-08-16								SAR		KEYWORD_NEW	KEYWORD
UMBRA-10	60547	US	2026-05-20T05:48:14.288256	97.6974	15.17094652	0.0002198	521.8	94.92	LARGE	PAYLOAD	1 60547U 24149CH  26140.24183204  .00011586  00000-0  58780-3 0  9991	2 60547  97.6974 227.0162 0002198 100.1564 259.9917 15.17094652 96493	2024-08-16		2024-08-16		2024-08-16								SAR		KEYWORD_NEW	KEYWORD
UMBRA-11	66748	US	2026-05-20T04:37:30.283104	97.4203	15.25370626	0.00036601	496.8	94.4		PAYLOAD	1 66748U 25276CL  26140.19271161  .00015985  00000-0  63553-3 0  9997	2 66748  97.4203 215.0233 0003660  95.5580 264.6075 15.25370626 26220	2025-11-28		2025-11-28		2025-11-28								SAR		KEYWORD_NEW	KEYWORD
UMBRA-07	58297	US	2026-05-20T04:27:31.360032	97.3796	15.08543196	0.0004313	547.8	95.46	LARGE	PAYLOAD	1 58297U 23174AT  26140.18577963  .00006871  00000-0  44372-3 0  9992	2 58297  97.3796 197.0184 0004313 153.3271 206.8181 15.08543196139198	2023-11-11		2023-11-11		2023-11-11								SAR		KEYWORD_NEW	KEYWORD
UMBRA-12	67371	US	2026-05-19T22:53:24.787968	97.8017	14.89066519	0.00048599	608	96.7		PAYLOAD	1 67371U 26004J   26139.95375912  .00002983  00000-0  32230-3 0  9993	2 67371  97.8017 139.1222 0004860 209.6188 150.4754 14.89066519 19106	2026-01-11		2026-01-11		2026-01-11								SAR		KEYWORD_NEW	KEYWORD
COSMO-SKYMED-FM3	67304	IT	2026-05-20T01:07:51.854016	97.8885	14.82159939	0.0001313	629.7	97.16		PAYLOAD	1 67304U 26001A   26140.04712794  .00000161  00000-0  26754-4 0  9992	2 67304  97.8885 324.0569 0001313  90.8913 269.2451 14.82159939 20297	2026-01-03		2026-01-03		2026-01-03								SAR		KEYWORD_NEW	KEYWORD
COSMO	68460	US	2026-05-19T19:58:29.944992	97.449	15.17233133	0.00068117	521.3	94.91		PAYLOAD	1 68460U 26067AW  26139.83229103  .00005311  00000-0  27020-3 0  9998	2 68460  97.4490  98.6080 0006812 149.9062 210.2564 15.17233133  7633	2026-03-30		2026-03-30		2026-03-30								SAR		KEYWORD_NEW	KEYWORD
QPS-SAR-10 WADATSUMI-I	64055	JPN	2026-05-20T15:38:58.783200	42.0044	15.01499207	0.00119653	569.4	95.9	LARGE	PAYLOAD	1 64055U 25104A   26140.65206925  .00002978  00000-0  24034-3 0  9992	2 64055  42.0044  70.8170 0011965 165.6643 194.4524 15.01499207 55290	2025-05-17		2025-05-17		2025-05-17								SAR		KEYWORD_NEW	KEYWORD
QPS-SAR-7 TSUKUYOMI-II	59447	JPN	2026-05-20T14:57:01.342080	45.6053	15.08522823	0.00014129	547.9	95.46	LARGE	PAYLOAD	1 59447U 24066F   26140.62293220  .00004587  00000-0  30513-3 0  9995	2 59447  45.6053  29.9544 0001413 196.3533 163.7306 15.08522823116062	2024-04-07		2024-04-07		2024-04-07								SAR		KEYWORD_NEW	KEYWORD
QPS-SAR-9 SUSANOO-I	63205	JPN	2026-05-20T14:33:55.700352	42.0194	15.02863835	0.00047032	565.2	95.82	LARGE	PAYLOAD	1 63205U 25050A   26140.60689468  .00003113  00000-0  24202-3 0  9999	2 63205  42.0194 254.6114 0004703 318.1758  41.8709 15.02863835 64817	2025-03-15		2025-03-15		2025-03-15								SAR		KEYWORD_NEW	KEYWORD
QPS-SAR-11 YAMATSUMI	64340	JPN	2026-05-20T14:02:26.756160	42.0095	15.01337701	0.00109658	569.9	95.91	LARGE	PAYLOAD	1 64340U 25125A   26140.58503190  .00002776  00000-0  22600-3 0  9991	2 64340  42.0095 343.9361 0010966 305.1169  54.8629 15.01337701 51474	2025-06-11		2025-06-11		2025-06-11								SAR		KEYWORD_NEW	KEYWORD
PULSAR-0	64541	US	2026-05-20T13:46:17.311872	97.4674	15.20078757	0.0001511	512.7	94.73	LARGE	PAYLOAD	1 64541U 25135P   26140.57381148  .00001937  00000-0  92954-4 0  9999	2 64541  97.4674 255.4943 0001511 287.0447  73.0622 15.20078757 50637	2025-06-23		2025-06-23		2025-06-23								SAR		KEYWORD_NEW	KEYWORD
QPS-SAR-5 TSUKUYOMI-I	58578	JPN	2026-05-20T13:09:59.249088	42.0079	15.21894316	0.00242781	507.3	94.62	LARGE	PAYLOAD	1 58578U 23196A   26140.54860242  .00007723  00000-0  33972-3 0  9994	2 58578  42.0079 173.2187 0024278  96.5467 263.8132 15.21894316134032	2023-12-15		2023-12-15		2023-12-15								SAR		KEYWORD_NEW	KEYWORD
QPS-SAR-15 SUKUNAMI-1	67228	JPN	2026-05-20T09:14:31.785504	42.0082	14.98734964	0.00097379	577.9	96.08		PAYLOAD	1 67228U 25307A   26140.38509011  .00002587  00000-0  22617-3 0  9995	2 67228  42.0082  20.5437 0009738 182.1360 177.9425 14.98734964 22512	2025-12-21		2025-12-21		2025-12-21								SAR		KEYWORD_NEW	KEYWORD
QPS-SAR-12 KUSHINADA-I	65116	JPN	2026-05-20T08:26:47.616864	42.0101	15.00575582	0.00064373	572.3	95.96	LARGE	PAYLOAD	1 65116U 25169A   26140.35194001  .00002201  00000-0  18585-3 0  9993	2 65116  42.0101 169.2400 0006437  21.6112 338.4985 15.00575582 43234	2025-08-05		2025-08-05		2025-08-05								SAR		KEYWORD_NEW	KEYWORD
QPS-SAR-8 AMATERU-IV	60542	JPN	2026-05-20T04:24:30.850560	97.6646	15.03803813	0.00032403	562.3	95.76	LARGE	PAYLOAD	1 60542U 24149CC  26140.18369040  .00003290  00000-0  24381-3 0  9996	2 60542  97.6646 219.5753 0003240 184.6410 175.4786 15.03803813 96063	2024-08-16		2024-08-16		2024-08-16								SAR		KEYWORD_NEW	KEYWORD
QPS-SAR-14 YACHIHOKO-1	66316	JPN	2026-05-19T18:06:16.409376	42.005	14.99432832	0.00050986	575.8	96.04		PAYLOAD	1 66316U 25252A   26139.75435659  .00002806  00000-0  23984-3 0  9998	2 66316  42.0050 288.1050 0005099  69.7088 290.4285 14.99432832 29242	2025-11-05		2025-11-05		2025-11-05								SAR		KEYWORD_NEW	KEYWORD
SUPERVIEW NEO-1 04	63126	PRC	2026-05-20T20:17:13.936416	97.3498	15.21579116	0.000203	508.2	94.64	LARGE	PAYLOAD	1 63126U 25040B   26140.84530019  .00000218  00000-0  12658-4 0  9999	2 63126  97.3498 255.9979 0002030  63.8345 296.3100 15.21579116 68036	2025-02-27		2025-02-27		2025-02-27								OPT_HR		KEYWORD_NEW	KEYWORD
SUPERVIEW NEO 3-02	63208	PRC	2026-05-20T15:02:22.936704	97.4513	15.24570686	9.30E-05	499.2	94.45	LARGE	PAYLOAD	1 63208U 25051A   26140.62665436  .00006980  00000-0  28621-3 0  9998	2 63208  97.4513 220.0739 0000930 129.5359 230.5961 15.24570686 65640	2025-03-15		2025-03-15		2025-03-15								OPT_HR		KEYWORD_NEW	KEYWORD
SUPERVIEW NEO-3 01	59510	PRC	2026-05-20T14:16:48.294624	97.4136	15.24569707	0.00020078	499.2	94.45	LARGE	PAYLOAD	1 59510U 24072A   26140.59500341  .00006424  00000-0  26363-3 0  9994	2 59510  97.4136 221.0005 0002008 148.2434 211.8925 15.24569707116505	2024-04-15		2024-04-15		2024-04-15								OPT_HR		KEYWORD_NEW	KEYWORD
SUPERVIEW NEO-2 03	62079	PRC	2026-05-20T11:06:58.008960	97.4395	15.19718742	0.00015758	513.8	94.75	LARGE	PAYLOAD	1 62079U 24218B   26140.46317140  .00000107  00000-0  81643-5 0  9995	2 62079  97.4395 148.1883 0001576  88.2303 271.9112 15.19718742 82232	2024-11-24		2024-11-24		2024-11-24								OPT_HR		KEYWORD_NEW	KEYWORD
SUPERVIEW NEO-2 04	62080	PRC	2026-05-20T11:06:57.900960	97.4396	15.1971923	0.00013396	513.8	94.75	LARGE	PAYLOAD	1 62080U 24218C   26140.46317015  .00000124  00000-0  89461-5 0  9993	2 62080  97.4396 148.1927 0001340 108.1490 251.9891 15.19719230 82237	2024-11-24		2024-11-24		2024-11-24								OPT_HR		KEYWORD_NEW	KEYWORD
SUPERVIEW NEO-2 06	68378	PRC	2026-05-20T05:35:01.289184	97.4384	15.19720116	0.00014931	513.8	94.75		PAYLOAD	1 68378U 26062B   26140.23265381  .00001047  00000-0  52170-4 0  9992	2 68378  97.4384 147.9434 0001493 107.6644 252.4754 15.19720116  8400	2026-03-25		2026-03-25		2026-03-25								OPT_HR		KEYWORD_NEW	KEYWORD
SUPERVIEW NEO-2 05	68377	PRC	2026-05-20T04:00:12.464352	97.4384	15.19720246	0.000178	513.8	94.75		PAYLOAD	1 68377U 26062A   26140.16681093  .00001167  00000-0  57826-4 0  9991	2 68377  97.4384 147.8733 0001780  87.0415 273.1024 15.19720246  8398	2026-03-25		2026-03-25		2026-03-25								OPT_HR		KEYWORD_NEW	KEYWORD
SUPERVIEW NEO-1 03	63125	PRC	2026-05-19T20:35:56.300064	97.3471	15.21594645	0.00011178	508.2	94.64	LARGE	PAYLOAD	1 63125U 25040A   26139.85829051  .00000171  00000-0  10558-4 0  9999	2 63125  97.3471 254.9418 0001118  89.6068 270.5296 15.21594645 67872	2025-02-27		2025-02-27		2025-02-27								OPT_HR		KEYWORD_NEW	KEYWORD
JILIN-01 KUANFU 02B 4	61192	PRC	2026-05-20T14:47:32.034336	97.5517	15.08638625	0.00132199	547.5	95.45	LARGE	PAYLOAD	1 61192U 24169D   26140.61634299  .00002016  00000-0  13258-3 0  9995	2 61192  97.5517 229.9388 0013220   7.1528 352.9886 15.08638625 91675	2024-09-20		2024-09-20		2024-09-20								OPT_HR		KEYWORD_NEW	KEYWORD
JILIN-01 KUANFU 02B 5	61193	PRC	2026-05-20T14:31:14.478816	97.5563	15.0869479	0.00137808	547.3	95.45	LARGE	PAYLOAD	1 61193U 24169E   26140.60502869  .00002756  00000-0  17947-3 0  9992	2 61193  97.5563 230.6868 0013781  30.7964 329.4070 15.08694790 91676	2024-09-20		2024-09-20		2024-09-20								OPT_HR		KEYWORD_NEW	KEYWORD
JILIN-01 KUANFU 02B 1	61189	PRC	2026-05-20T14:14:39.948288	97.5564	15.08666108	0.00040131	547.4	95.45	LARGE	PAYLOAD	1 61189U 24169A   26140.59351792  .00002967  00000-0  19341-3 0  9996	2 61189  97.5564 230.5381 0004013 126.0261 234.1340 15.08666108 91661	2024-09-20		2024-09-20		2024-09-20								OPT_HR		KEYWORD_NEW	KEYWORD
JILIN-01 KUANFU 02B 3	61191	PRC	2026-05-20T13:58:34.244256	97.5556	15.08681088	0.00146726	547.4	95.45	LARGE	PAYLOAD	1 61191U 24169C   26140.58234079  .00002493  00000-0  16278-3 0  9996	2 61191  97.5556 230.3514 0014673  48.2174 312.0306 15.08681088 91664	2024-09-20		2024-09-20		2024-09-20								OPT_HR		KEYWORD_NEW	KEYWORD
JILIN-01 KUANFU 02A	57696	PRC	2026-05-20T13:50:51.392544	97.555	15.10353088	0.0013065	542.3	95.34	LARGE	PAYLOAD	1 57696U 23127A   26140.57698371  .00002516  00000-0  15702-3 0  9999	2 57696  97.5550 234.7565 0013065  76.6715 283.5970 15.10353088151460	2023-08-25		2023-08-25		2023-08-25								OPT_HR		KEYWORD_NEW	KEYWORD
JILIN-01 KUANFU 02B 2	61190	PRC	2026-05-20T13:43:19.039296	97.556	15.08626428	0.00082075	547.5	95.45	LARGE	PAYLOAD	1 61190U 24169B   26140.57174814  .00002224  00000-0  14605-3 0  9998	2 61190  97.5560 229.9094 0008208 107.7841 252.4283 15.08626428 91662	2024-09-20		2024-09-20		2024-09-20								OPT_HR		KEYWORD_NEW	KEYWORD
JILIN-01 KUANFU 02B 6	61194	PRC	2026-05-20T13:27:47.122848	97.5545	15.08655874	0.00179324	547.4	95.45	LARGE	PAYLOAD	1 61194U 24169F   26140.56096207  .00001903  00000-0  12517-3 0  9993	2 61194  97.5545 230.5537 0017932  60.2152 300.0858 15.08655874 91677	2024-09-20		2024-09-20		2024-09-20								OPT_HR		KEYWORD_NEW	KEYWORD
FLOCK 4H 6	66709	US	2026-05-20T15:11:23.513856	97.4232	15.19934656	0.00047001	513.2	94.74		PAYLOAD	1 66709U 25276AV  26140.63291104  .00004341  00000-0  20506-3 0  9997	2 66709  97.4232 214.8104 0004700  80.4262 279.7504 15.19934656 26247	2025-11-28		2025-11-28		2025-11-28								OPT_SM		KEYWORD_NEW	KEYWORD
FLOCK 4H 36	66739	US	2026-05-20T14:51:18.879264	97.4246	15.20069749	0.00039314	512.8	94.73		PAYLOAD	1 66739U 25276CB  26140.61896851  .00004171  00000-0  19641-3 0  9997	2 66739  97.4246 214.8673 0003931  72.9025 287.2640 15.20069749 26243	2025-11-28		2025-11-28		2025-11-28								OPT_SM		KEYWORD_NEW	KEYWORD
FLOCK 4Q 2	58320	US	2026-05-20T14:41:48.075936	97.3825	15.48288821	0.00055138	428.9	93.01	MEDIUM	PAYLOAD	1 58320U 23174BS  26140.61236199  .00016055  00000-0  30555-3 0  9993	2 58320  97.3825 228.4260 0005514 219.7286 140.3561 15.48288821141337	2023-11-11		2023-11-11		2023-11-11								OPT_SM		KEYWORD_NEW	KEYWORD
FLOCK 4H 3	66706	US	2026-05-20T14:40:13.163808	97.4245	15.19589482	0.00056846	514.2	94.76		PAYLOAD	1 66706U 25276AS  26140.61126347  .00004319  00000-0  20606-3 0  9994	2 66706  97.4245 214.7162 0005685  99.1340 261.0538 15.19589482 26231	2025-11-28		2025-11-28		2025-11-28								OPT_SM		KEYWORD_NEW	KEYWORD
FLOCK 4Q 29	58304	US	2026-05-20T14:38:56.549472	97.3926	15.53814785	0.00053219	412.7	92.67	MEDIUM	PAYLOAD	1 58304U 23174BA  26140.61037673  .00020372  00000-0  31831-3 0  9996	2 58304  97.3926 231.4341 0005322 218.2125 141.8752 15.53814785141471	2023-11-11		2023-11-11		2023-11-11								OPT_SM		KEYWORD_NEW	KEYWORD
FLOCK 4G 20	62636	US	2026-05-20T14:26:40.724736	97.3875	15.4760913	0.00024222	430.9	93.05	MEDIUM	PAYLOAD	1 62636U 25009AD  26140.60186024  .00062935  00000-0  12144-2 0  9998	2 62636  97.3875 224.3242 0002422 141.8429 218.2993 15.47609130 74845	2025-01-14		2025-01-14		2025-01-14								OPT_SM		KEYWORD_NEW	KEYWORD
FLOCK 4BE 24	60505	US	2026-05-20T14:22:11.190432	97.3713	15.41938027	0.00039054	447.5	93.39	MEDIUM	PAYLOAD	1 60505U 24149AP  26140.59874063  .00014268  00000-0  33718-3 0  9997	2 60505  97.3713 224.7012 0003905  48.4611 311.6971 15.41938027 98114	2024-08-16		2024-08-16		2024-08-16								OPT_SM		KEYWORD_NEW	KEYWORD
FLOCK 4Q 27	58282	US	2026-05-20T13:19:39.946080	97.3812	15.5296432	0.00044666	415.2	92.73	MEDIUM	PAYLOAD	1 58282U 23174AC  26140.55532345  .00020440  00000-0  32934-3 0  9991	2 58282  97.3812 230.3443 0004467 224.5411 135.5483 15.52964320141468	2023-11-11		2023-11-11		2023-11-11								OPT_SM		KEYWORD_NEW	KEYWORD
FLOCK 4G 28	62634	US	2026-05-20T12:55:57.112608	97.4022	15.3433537	0.00029936	470	93.85	MEDIUM	PAYLOAD	1 62634U 25009AB  26140.53885547  .00005861  00000-0  17870-3 0  9991	2 62634  97.4022 224.9942 0002994  72.7375 287.4195 15.34335370 74847	2025-01-14		2025-01-14		2025-01-14								OPT_SM		KEYWORD_NEW	KEYWORD
FLOCK 4G 24	62637	US	2026-05-20T12:50:27.570048	97.4023	15.29305322	0.00036936	485	94.16	MEDIUM	PAYLOAD	1 62637U 25009AE  26140.53504132  .00006745  00000-0  23991-3 0  9995	2 62637  97.4023 222.9303 0003694  55.5993 304.5596 15.29305322 74702	2025-01-14		2025-01-14		2025-01-14								OPT_SM		KEYWORD_NEW	KEYWORD
FLOCK 4BE 22	60494	US	2026-05-20T12:49:59.336256	97.373	15.40252054	0.00034699	452.5	93.49	MEDIUM	PAYLOAD	1 60494U 24149AC  26140.53471454  .00012237  00000-0  30610-3 0  9997	2 60494  97.3730 223.8535 0003470  36.5597 323.5886 15.40252054 98045	2024-08-16		2024-08-16		2024-08-16								OPT_SM		KEYWORD_NEW	KEYWORD
FLOCK 4H 8	66711	US	2026-05-20T12:49:53.099040	97.4229	15.19768834	0.00051348	513.7	94.75		PAYLOAD	1 66711U 25276AX  26140.53464235  .00004407  00000-0  20910-3 0  9998	2 66711  97.4229 214.6339 0005135 108.7484 251.4308 15.19768834 26227	2025-11-28		2025-11-28		2025-11-28								OPT_SM		KEYWORD_NEW	KEYWORD
FLOCK 4G 31	62652	US	2026-05-20T12:43:43.778784	97.3968	15.28476626	0.00029109	487.5	94.21	MEDIUM	PAYLOAD	1 62652U 25009AV  26140.53036781  .00007069  00000-0  25773-3 0  9992	2 62652  97.3968 222.2740 0002911  84.2037 275.9535 15.28476626 74689	2025-01-14		2025-01-14		2025-01-14								OPT_SM		KEYWORD_NEW	KEYWORD
FLOCK 4Q 7	58318	US	2026-05-20T12:38:50.536320	97.391	15.53634063	0.00063572	413.3	92.69	MEDIUM	PAYLOAD	1 58318U 23174BQ  26140.52697380  .00023901  00000-0  37536-3 0  9997	2 58318  97.3910 231.1147 0006357 221.9710 138.1057 15.53634063141454	2023-11-11		2023-11-11		2023-11-11								OPT_SM		KEYWORD_NEW	KEYWORD
FLOCK 4BE 2	60511	US	2026-05-20T12:18:54.128736	97.3817	15.49609633	0.00028724	425	92.93	MEDIUM	PAYLOAD	1 60511U 24149AV  26140.51312649  .00040523  00000-0  73201-3 0  9997	2 60511  97.3817 227.0868 0002872  58.0364 302.1166 15.49609633 98213	2024-08-16		2024-08-16		2024-08-16								OPT_SM		KEYWORD_NEW	KEYWORD
FLOCK 4Q 12	58275	US	2026-05-20T12:17:03.571296	97.3825	15.6599269	0.00060569	377.5	91.95	MEDIUM	PAYLOAD	1 58275U 23174V   26140.51184689  .00102328  00000-0  99314-3 0  9994	2 58275  97.3825 232.4167 0006057 222.0689 138.0106 15.65992690141585	2023-11-11		2023-11-11		2023-11-11								OPT_SM		KEYWORD_NEW	KEYWORD
FLOCK 4H 31	66734	US	2026-05-20T12:16:16.592160	97.4171	15.1928108	0.00054199	515.1	94.78		PAYLOAD	1 66734U 25276BW  26140.51130315  .00003932  00000-0  18956-3 0  9999	2 66734  97.4171 214.3775 0005420 111.4297 248.7517 15.19281080 26212	2025-11-28		2025-11-28		2025-11-28								OPT_SM		KEYWORD_NEW	KEYWORD
FLOCK 4Q 9	58322	US	2026-05-20T12:15:23.749056	97.3863	15.4834023	0.00059681	428.7	93	MEDIUM	PAYLOAD	1 58322U 23174BU  26140.51069154  .00020109  00000-0  38136-3 0  9997	2 58322  97.3863 228.3815 0005968 220.3158 139.7650 15.48340230141306	2023-11-11		2023-11-11		2023-11-11								OPT_SM		KEYWORD_NEW	KEYWORD
FLOCK 4BE 25	60487	US	2026-05-20T12:13:45.331680	97.3796	15.38038029	0.00021388	459	93.63	MEDIUM	PAYLOAD	1 60487U 24149V   26140.50955245  .00010117  00000-0  27246-3 0  9997	2 60487  97.3796 223.4888 0002139  46.1441 313.9980 15.38038029 97983	2024-08-16		2024-08-16		2024-08-16								OPT_SM		KEYWORD_NEW	KEYWORD
FLOCK 4G 26	62633	US	2026-05-20T12:13:13.918368	97.4016	15.28784517	0.00043279	486.6	94.19	MEDIUM	PAYLOAD	1 62633U 25009AA  26140.50918887  .00008618  00000-0  31059-3 0  9999	2 62633  97.4016 222.6388 0004328  63.3221 296.8462 15.28784517 74684	2025-01-14		2025-01-14		2025-01-14								OPT_SM		KEYWORD_NEW	KEYWORD
FLOCK 4G 3	62639	US	2026-05-20T12:13:01.096608	97.4023	15.28731105	0.00038159	486.7	94.2	MEDIUM	PAYLOAD	1 62639U 25009AG  26140.50904047  .00008780  00000-0  31690-3 0  9999	2 62639  97.4023 222.6563 0003816  64.7402 295.4233 15.28731105 74675	2025-01-14		2025-01-14		2025-01-14								OPT_SM		KEYWORD_NEW	KEYWORD
FLOCK 4Q 13	58328	US	2026-05-20T12:12:31.032864	97.4002	15.50368622	0.00053011	422.8	92.88	MEDIUM	PAYLOAD	1 58328U 23174CA  26140.50869251  .00017733  00000-0  31363-3 0  9992	2 58328  97.4002 230.5418 0005301 234.8071 125.2684 15.50368622141380	2023-11-11		2023-11-11		2023-11-11								OPT_SM		KEYWORD_NEW	KEYWORD
FLOCK 4BE 23	60490	US	2026-05-20T12:11:04.890336	97.3778	15.36900989	0.00035368	462.4	93.69	MEDIUM	PAYLOAD	1 60490U 24149Y   26140.50769549  .00010398  00000-0  29036-3 0  9991	2 60490  97.3778 222.7972 0003537  42.4580 317.6938 15.36900989 97940	2024-08-16		2024-08-16		2024-08-16								OPT_SM		KEYWORD_NEW	KEYWORD
FLOCK 4G 34	62650	US	2026-05-20T12:10:53.741280	97.3961	15.28654741	0.00030734	487	94.2	MEDIUM	PAYLOAD	1 62650U 25009AT  26140.50756645  .00007712  00000-0  27939-3 0  9996	2 62650  97.3961 222.2672 0003073  77.0069 283.1513 15.28654741 74682	2025-01-14		2025-01-14		2025-01-14								OPT_SM		KEYWORD_NEW	KEYWORD
FLOCK 4G 16	62638	US	2026-05-20T12:10:11.134848	97.3853	15.58606869	0.00012808	398.8	92.39	SMALL	PAYLOAD	1 62638U 25009AF  26140.50707332  .00066358  00000-0  86169-3 0  9992	2 62638  97.3853 229.5149 0001281 173.9099 186.2173 15.58606869 75187	2025-01-14		2025-01-14		2025-01-14								OPT_SM		KEYWORD_NEW	KEYWORD
FLOCK 4Q 35	58309	US	2026-05-20T12:08:14.551008	97.3871	15.54815399	0.00052686	409.8	92.61	MEDIUM	PAYLOAD	1 58309U 23174BF  26140.50572397  .00023511  00000-0  35389-3 0  9996	2 58309  97.3871 231.6551 0005269 227.1447 132.9365 15.54815399141504	2023-11-11		2023-11-11		2023-11-11								OPT_SM		KEYWORD_NEW	KEYWORD
FLOCK 4G 12	62625	US	2026-05-20T12:01:25.975776	97.4019	15.28545209	0.00053049	487.3	94.21	MEDIUM	PAYLOAD	1 62625U 25009S   26140.50099509  .00008766  00000-0  31813-3 0  9993	2 62625  97.4019 222.4891 0005305  66.1702 294.0094 15.28545209 74679	2025-01-14		2025-01-14		2025-01-14								OPT_SM		KEYWORD_NEW	KEYWORD
FLOCK 4Q 11	58273	US	2026-05-20T11:59:32.006400	97.3869	15.48364119	0.0004873	428.6	93	MEDIUM	PAYLOAD	1 58273U 23174T   26140.49967600  .00016261  00000-0  30868-3 0  9990	2 58273  97.3869 228.5632 0004873 246.0368 114.0372 15.48364119141307	2023-11-11		2023-11-11		2023-11-11								OPT_SM		KEYWORD_NEW	KEYWORD
FLOCK 4Q 21	58329	US	2026-05-20T11:59:01.176288	97.3869	15.76327307	0.00090694	348	91.35	MEDIUM	PAYLOAD	1 58329U 23174CB  26140.49931917  .00224191  00000-0  13914-2 0  9999	2 58329  97.3869 235.3310 0009069 234.4068 125.6353 15.76327307141720	2023-11-11		2023-11-11		2023-11-11								OPT_SM		KEYWORD_NEW	KEYWORD
FLOCK 4Q 26	58284	US	2026-05-20T11:57:51.695136	97.3872	15.55333307	0.00055431	408.3	92.58	MEDIUM	PAYLOAD	1 58284U 23174AE  26140.49851499  .00024661  00000-0  36411-3 0  9993	2 58284  97.3872 232.0048 0005543 233.5766 126.4978 15.55333307141528	2023-11-11		2023-11-11		2023-11-11								OPT_SM		KEYWORD_NEW	KEYWORD
FLOCK 4G 35	62683	US	2026-05-20T11:51:46.498752	97.3966	15.37766925	0.00044973	459.9	93.64	MEDIUM	PAYLOAD	1 62683U 25009CC  26140.49428818  .00021792  00000-0  58848-3 0  9995	2 62683  97.3966 223.8689 0004497  75.0724 285.1019 15.37766925132412	2025-01-14		2025-01-14		2025-01-14								OPT_SM		KEYWORD_NEW	KEYWORD
FLOCK 4Q 36	58274	US	2026-05-20T11:50:13.007040	97.3848	15.55785015	0.00066391	407	92.56	MEDIUM	PAYLOAD	1 58274U 23174U   26140.49320610  .00026799  00000-0  38883-3 0  9997	2 58274  97.3848 231.9260 0006639 225.8379 134.2330 15.55785015141521	2023-11-11		2023-11-11		2023-11-11								OPT_SM		KEYWORD_NEW	KEYWORD
FLOCK 4G 5	62663	US	2026-05-20T11:50:02.047200	97.4023	15.2993462	0.0004408	483.1	94.12	MEDIUM	PAYLOAD	1 62663U 25009BG  26140.49307925  .00005652  00000-0  19762-3 0  9997	2 62663  97.4023 222.9708 0004408  64.9605 295.2092 15.29934620 74704	2025-01-14		2025-01-14		2025-01-14								OPT_SM		KEYWORD_NEW	KEYWORD
FLOCK 4Q 28	58280	US	2026-05-20T11:46:57.811296	97.3882	15.53121754	0.00047925	414.8	92.72	MEDIUM	PAYLOAD	1 58280U 23174AA  26140.49094689  .00021902  00000-0  35070-3 0  9994	2 58280  97.3882 230.8125 0004792 226.1994 133.8863 15.53121754141448	2023-11-11		2023-11-11		2023-11-11								OPT_SM		KEYWORD_NEW	KEYWORD
FLOCK 4G 11	62629	US	2026-05-20T11:46:46.331328	97.3921	15.28709971	0.00041034	486.8	94.2	MEDIUM	PAYLOAD	1 62629U 25009W   26140.49081402  .00007991  00000-0  28886-3 0  9993	2 62629  97.3921 222.0985 0004103  78.5321 281.6379 15.28709971 74680	2025-01-14		2025-01-14		2025-01-14								OPT_SM		KEYWORD_NEW	KEYWORD
FLOCK 4BE 18	60480	US	2026-05-20T11:45:40.381344	97.3727	15.40886448	0.0003093	450.6	93.45	MEDIUM	PAYLOAD	1 60480U 24149N   26140.49005071  .00012562  00000-0  30770-3 0  9993	2 60480  97.3727 223.9507 0003093  21.8250 338.3128 15.40886448 98043	2024-08-16		2024-08-16		2024-08-16								OPT_SM		KEYWORD_NEW	KEYWORD
FLOCK 4BE 6	60516	US	2026-05-20T11:43:29.091360	97.3786	15.38749112	0.00042079	456.9	93.58	MEDIUM	PAYLOAD	1 60516U 24149BA  26140.48853115  .00011315  00000-0  29742-3 0  9994	2 60516  97.3786 223.9198 0004208  59.5191 300.6469 15.38749112 98015	2024-08-16		2024-08-16		2024-08-16								OPT_SM		KEYWORD_NEW	KEYWORD
FLOCK 4BE 34	60495	US	2026-05-20T11:41:27.472992	97.3777	15.40280267	0.00038487	452.4	93.49	MEDIUM	PAYLOAD	1 60495U 24149AD  26140.48712353  .00011371  00000-0  28435-3 0  9998	2 60495  97.3777 224.6099 0003849  47.4557 312.7013 15.40280267 98069	2024-08-16		2024-08-16		2024-08-16								OPT_SM		KEYWORD_NEW	KEYWORD
FLOCK 4BE 30	60499	US	2026-05-20T11:40:31.414080	97.3782	15.49744964	0.00019129	424.6	92.92	MEDIUM	PAYLOAD	1 60499U 24149AH  26140.48647470  .00072765  00000-0  13016-2 0  9991	2 60499  97.3782 225.2217 0001913 168.2640 191.8657 15.49744964 97475	2024-08-16		2024-08-16		2024-08-16								OPT_SM		KEYWORD_NEW	KEYWORD
FLOCK 4G 18	62680	US	2026-05-20T11:39:12.533472	97.4011	15.28702721	0.00065945	486.8	94.2	MEDIUM	PAYLOAD	1 62680U 25009BZ  26140.48556173  .00005970  00000-0  21649-3 0  9996	2 62680  97.4011 222.3291 0006594  78.1912 282.0067 15.28702721132308	2025-01-14		2025-01-14		2025-01-14								OPT_SM		KEYWORD_NEW	KEYWORD
FLOCK 4BE 35	60558	US	2026-05-20T11:37:12.772704	97.3704	15.60083462	0.0001418	394.6	92.3	MEDIUM	PAYLOAD	1 60558U 24149CU  26140.48417561  .00125515  00000-0  15292-2 0  9993	2 60558  97.3704 225.5698 0001418 240.7894 119.3221 15.60083462 98136	2024-08-16		2024-08-16		2024-08-16								OPT_SM		KEYWORD_NEW	KEYWORD
FLOCK 4BE 26	60484	US	2026-05-20T11:34:16.742208	97.3669	15.61550799	0.00027798	390.3	92.22	MEDIUM	PAYLOAD	1 60484U 24149S   26140.48213822  .00077286  00000-0  89602-3 0  9993	2 60484  97.3669 225.2637 0002780 239.2552 120.8432 15.61550799 98135	2024-08-16		2024-08-16		2024-08-16								OPT_SM		KEYWORD_NEW	KEYWORD
FLOCK 4G 36	62675	US	2026-05-20T11:28:11.669376	97.4013	15.28734279	0.00058775	486.7	94.2	MEDIUM	PAYLOAD	1 62675U 25009BU  26140.47791284  .00007087  00000-0  25625-3 0  9992	2 62675  97.4013 222.3595 0005878  71.8431 288.3448 15.28734279 74660	2025-01-14		2025-01-14		2025-01-14								OPT_SM		KEYWORD_NEW	KEYWORD
FLOCK 4BE 36	60486	US	2026-05-20T11:27:22.964832	97.374	15.41771907	0.00034944	448	93.4	MEDIUM	PAYLOAD	1 60486U 24149U   26140.47734913  .00012686  00000-0  30175-3 0  9997	2 60486  97.3740 224.5940 0003494  35.2870 324.8608 15.41771907 98085	2024-08-16		2024-08-16		2024-08-16								OPT_SM		KEYWORD_NEW	KEYWORD
FLOCK 4G 2	62661	US	2026-05-20T11:24:28.010880	97.4009	15.29249106	0.00053913	485.2	94.16	MEDIUM	PAYLOAD	1 62661U 25009BE  26140.47532420  .00007008  00000-0  24951-3 0  9996	2 62661  97.4009 222.6197 0005391  75.5334 284.6504 15.29249106132291	2025-01-14		2025-01-14		2025-01-14								OPT_SM		KEYWORD_NEW	KEYWORD
FLOCK 4BE 32	60497	US	2026-05-20T11:20:05.506080	97.3716	15.41118455	0.00036967	449.9	93.44	MEDIUM	PAYLOAD	1 60497U 24149AF  26140.47228595  .00014309  00000-0  34743-3 0  9992	2 60497  97.3716 224.1219 0003697  43.1830 316.9706 15.41118455 98066	2024-08-16		2024-08-16		2024-08-16								OPT_SM		KEYWORD_NEW	KEYWORD
FLOCK 4Q 31	58285	US	2026-05-20T11:18:48.407904	97.391	15.55396181	0.0005775	408.1	92.58	MEDIUM	PAYLOAD	1 58285U 23174AF  26140.47139361  .00027137  00000-0  39944-3 0  9994	2 58285  97.3910 231.6428 0005775 228.9703 131.1053 15.55396181141475	2023-11-11		2023-11-11		2023-11-11								OPT_SM		KEYWORD_NEW	KEYWORD
FLOCK 4Q 33	58308	US	2026-05-20T11:17:22.777728	97.3856	15.5579202	0.00056267	407	92.56	MEDIUM	PAYLOAD	1 58308U 23174BE  26140.47040252  .00024082  00000-0  34969-3 0  9998	2 58308  97.3856 231.5494 0005627 211.3243 148.7677 15.55792020141527	2023-11-11		2023-11-11		2023-11-11								OPT_SM		KEYWORD_NEW	KEYWORD
FLOCK 4G 23	62647	US	2026-05-20T11:16:51.056832	97.3936	15.30303394	0.00016942	482	94.1	MEDIUM	PAYLOAD	1 62647U 25009AQ  26140.47003538  .00026675  00000-0  91038-3 0  9994	2 62647  97.3936 222.2084 0001694 109.3085 250.8339 15.30303394 74686	2025-01-14		2025-01-14		2025-01-14								OPT_SM		KEYWORD_NEW	KEYWORD
FLOCK 4BE 31	60488	US	2026-05-20T11:11:06.668160	97.3795	15.42928223	0.00026323	444.6	93.33	MEDIUM	PAYLOAD	1 60488U 24149W   26140.46604940  .00014626  00000-0  33443-3 0  9991	2 60488  97.3795 225.3661 0002632  48.5053 311.6420 15.42928223 98104	2024-08-16		2024-08-16		2024-08-16								OPT_SM		KEYWORD_NEW	KEYWORD
FLOCK 4H 35	66738	US	2026-05-20T10:58:30.876384	97.4198	15.20320696	0.00028031	512	94.72		PAYLOAD	1 66738U 25276CA  26140.45730181  .00003250  00000-0  15264-3 0  9995	2 66738  97.4198 214.6691 0002803  60.9464 299.2051 15.20320696 25516	2025-11-28		2025-11-28		2025-11-28								OPT_SM		KEYWORD_NEW	KEYWORD
FLOCK 4H 2	66705	US	2026-05-20T10:56:19.308192	97.4177	15.2045973	0.00027618	511.6	94.71		PAYLOAD	1 66705U 25276AR  26140.45577903  .00003835  00000-0  17884-3 0  9999	2 66705  97.4177 214.6152 0002762  81.7742 278.3806 15.20459730 26220	2025-11-28		2025-11-28		2025-11-28								OPT_SM		KEYWORD_NEW	KEYWORD
FLOCK 4H 15	66718	US	2026-05-20T10:54:16.362720	97.4222	15.19218356	0.00059888	515.3	94.79		PAYLOAD	1 66718U 25276BE  26140.45435605  .00003879  00000-0  18738-3 0  9992	2 66718  97.4222 214.4171 0005989 110.3182 249.8697 15.19218356 26209	2025-11-28		2025-11-28		2025-11-28								OPT_SM		KEYWORD_NEW	KEYWORD
FLOCK 4H 26	66729	US	2026-05-20T10:50:12.757056	97.4194	15.19236678	0.00065547	515.3	94.78		PAYLOAD	1 66729U 25276BR  26140.45153654  .00003916  00000-0  18901-3 0  9999	2 66729  97.4194 214.3561 0006555 105.3959 254.8000 15.19236678 26208	2025-11-28		2025-11-28		2025-11-28								OPT_SM		KEYWORD_NEW	KEYWORD
FLOCK 4H 21	66724	US	2026-05-20T10:38:02.939712	97.4186	15.20416037	0.00035981	511.7	94.71		PAYLOAD	1 66724U 25276BL  26140.44308958  .00003464  00000-0  16205-3 0  9995	2 66724  97.4186 214.6523 0003598  65.3173 294.8437 15.20416037 25479	2025-11-28		2025-11-28		2025-11-28								OPT_SM		KEYWORD_NEW	KEYWORD
FLOCK 4H 18	66721	US	2026-05-20T10:34:25.660128	97.418	15.19406884	0.00054819	514.8	94.77		PAYLOAD	1 66721U 25276BH  26140.44057477  .00004119  00000-0  19770-3 0  9997	2 66721  97.4180 214.3413 0005482 117.7168 242.4624 15.19406884 26201	2025-11-28		2025-11-28		2025-11-28								OPT_SM		KEYWORD_NEW	KEYWORD
FLOCK 4H 32	66735	US	2026-05-20T10:30:13.766976	97.4227	15.19392637	0.00062996	514.8	94.78		PAYLOAD	1 66735U 25276BX  26140.43765934  .00004036  00000-0  19386-3 0  9996	2 66735  97.4227 214.4509 0006300 104.3312 255.8622 15.19392637 26204	2025-11-28		2025-11-28		2025-11-28								OPT_SM		KEYWORD_NEW	KEYWORD
FLOCK 4H 29	66732	US	2026-05-20T10:27:54.717408	97.4173	15.19374984	0.00049484	514.9	94.78		PAYLOAD	1 66732U 25276BU  26140.43604997  .00004010  00000-0  19276-3 0  9994	2 66732  97.4173 214.3272 0004948 114.7716 245.4034 15.19374984 26203	2025-11-28		2025-11-28		2025-11-28								OPT_SM		KEYWORD_NEW	KEYWORD
FLOCK 4H 9	66712	US	2026-05-20T10:15:53.914176	97.422	15.2005929	0.00048611	512.8	94.73		PAYLOAD	1 66712U 25276AY  26140.42770734  .00004602  00000-0  21639-3 0  9997	2 66712  97.4220 214.6051 0004861  84.9482 275.2308 15.20059290 26212	2025-11-28		2025-11-28		2025-11-28								OPT_SM		KEYWORD_NEW	KEYWORD
FLOCK 4H 34	66737	US	2026-05-20T06:41:14.939232	97.424	15.20120075	0.0003601	512.6	94.73		PAYLOAD	1 66737U 25276BZ  26140.27864513  .00004417  00000-0  20750-3 0  9993	2 66737  97.4240 214.5378 0003601  66.7998 293.3616 15.20120075 25440	2025-11-28		2025-11-28		2025-11-28								OPT_SM		KEYWORD_NEW	KEYWORD
FLOCK 4H 1	66704	US	2026-05-20T06:35:59.654400	97.4181	15.20210219	0.0003446	512.3	94.72		PAYLOAD	1 66704U 25276AQ  26140.27499600  .00004300  00000-0  20157-3 0  9990	2 66704  97.4181 214.4078 0003446  76.5606 283.6013 15.20210219 26192	2025-11-28		2025-11-28		2025-11-28								OPT_SM		KEYWORD_NEW	KEYWORD
FLOCK 4Q 25	58303	US	2026-05-20T05:56:52.590624	97.3803	15.74804699	0.0008765	352.3	91.44	MEDIUM	PAYLOAD	1 58303U 23174AZ  26140.24783091  .00198418  00000-0  13197-2 0  9997	2 58303  97.3803 233.6187 0008765 225.1936 134.8617 15.74804699141655	2023-11-11		2023-11-11		2023-11-11								OPT_SM		KEYWORD_NEW	KEYWORD
FLOCK 4Q 1	58270	US	2026-05-20T05:49:28.464384	97.3856	15.7602357	0.0006324	348.9	91.37	MEDIUM	PAYLOAD	1 58270U 23174Q   26140.24269056  .00155999  00000-0  99029-3 0  9996	2 58270  97.3856 233.3641 0006324 238.9318 121.1327 15.76023570141596	2023-11-11		2023-11-11		2023-11-11								OPT_SM		KEYWORD_NEW	KEYWORD
FLOCK 4Q 23	58307	US	2026-05-20T05:42:24.440832	97.3919	15.65977907	0.0007989	377.6	91.95	MEDIUM	PAYLOAD	1 58307U 23174BD  26140.23778288  .00113126  00000-0  10963-2 0  9993	2 58307  97.3919 233.6555 0007989 236.2735 123.7764 15.65977907141588	2023-11-11		2023-11-11		2023-11-11								OPT_SM		KEYWORD_NEW	KEYWORD
FLOCK 4G 32	62643	US	2026-05-20T05:41:18.795840	97.3819	15.78859678	0.0002551	340.8	91.2	MEDIUM	PAYLOAD	1 62643U 25009AL  26140.23702310  .00219988  00000-0  12238-2 0  9993	2 62643  97.3819 228.7591 0002551 184.6945 175.4298 15.78859678 75095	2025-01-14		2025-01-14		2025-01-14								OPT_SM		KEYWORD_NEW	KEYWORD
FLOCK 4Q 22	58306	US	2026-05-20T05:37:03.400032	97.3814	15.57326566	0.0004722	402.5	92.47	MEDIUM	PAYLOAD	1 58306U 23174BC  26140.23406713  .00027089  00000-0  37145-3 0  9997	2 58306  97.3814 231.4680 0004722 215.2485 144.8459 15.57326566141515	2023-11-11		2023-11-11		2023-11-11								OPT_SM		KEYWORD_NEW	KEYWORD
FLOCK 4BE 3	60561	US	2026-05-20T05:26:23.589888	97.3694	15.40643235	0.0004505	451.3	93.47	MEDIUM	PAYLOAD	1 60561U 24149CX  26140.22666192  .00012479  00000-0  30810-3 0  9993	2 60561  97.3694 223.8905 0004505  50.1499 310.0144 15.40643235 98035	2024-08-16		2024-08-16		2024-08-16								OPT_SM		KEYWORD_NEW	KEYWORD
FLOCK 4BE 12	60560	US	2026-05-20T05:26:16.271808	97.3656	15.65254179	0.00018103	379.6	92	MEDIUM	PAYLOAD	1 60560U 24149CW  26140.22657722  .00099516  00000-0  99571-3 0  9997	2 60560  97.3656 226.5058 0001810 160.2401 199.8929 15.65254179 98196	2024-08-16		2024-08-16		2024-08-16								OPT_SM		KEYWORD_NEW	KEYWORD
FLOCK 4G 15	62678	US	2026-05-20T05:24:36.166176	97.4014	15.28761194	0.0005956	486.7	94.19	MEDIUM	PAYLOAD	1 62678U 25009BX  26140.22541859  .00007754  00000-0  27990-3 0  9997	2 62678  97.4014 222.2437 0005956  69.0144 291.1732 15.28761194132271	2025-01-14		2025-01-14		2025-01-14								OPT_SM		KEYWORD_NEW	KEYWORD
FLOCK 4BE 11	60501	US	2026-05-20T05:20:10.525920	97.3698	15.41964299	0.0003751	447.4	93.39	MEDIUM	PAYLOAD	1 60501U 24149AK  26140.22234405  .00013561  00000-0  32032-3 0  9996	2 60501  97.3698 224.0723 0003751  40.8313 319.3214 15.41964299 98045	2024-08-16		2024-08-16		2024-08-16								OPT_SM		KEYWORD_NEW	KEYWORD
FLOCK 4G 10	62670	US	2026-05-20T05:18:32.105088	97.3924	15.28655299	0.0005942	487	94.2	MEDIUM	PAYLOAD	1 62670U 25009BP  26140.22120492  .00006968  00000-0  25261-3 0  9990	2 62670  97.3924 221.5473 0005942  83.5260 276.6656 15.28655299132269	2025-01-14		2025-01-14		2025-01-14								OPT_SM		KEYWORD_NEW	KEYWORD
FLOCK 4Q 34	58316	US	2026-05-20T05:18:21.954816	97.3809	15.67068004	0.0008415	374.4	91.89	MEDIUM	PAYLOAD	1 58316U 23174BN  26140.22108744  .00117169  00000-0  10863-2 0  9996	2 58316  97.3809 233.0017 0008415 234.6105 125.4370 15.67068004141595	2023-11-11		2023-11-11		2023-11-11								OPT_SM		KEYWORD_NEW	KEYWORD
FLOCK 4BE 9	60514	US	2026-05-20T05:18:15.680448	97.3788	15.39877453	0.00035644	453.6	93.51	MEDIUM	PAYLOAD	1 60514U 24149AY  26140.22101482  .00011685  00000-0  29602-3 0  9992	2 60514  97.3788 224.2411 0003564  66.0699 294.0920 15.39877453 98016	2024-08-16		2024-08-16		2024-08-16								OPT_SM		KEYWORD_NEW	KEYWORD
FLOCK 4G 4	62659	US	2026-05-20T05:15:48.582720	97.3951	15.28225175	0.0003874	488.3	94.23	MEDIUM	PAYLOAD	1 62659U 25009BC  26140.21931230  .00006534  00000-0  24025-3 0  9992	2 62659  97.3951 221.6906 0003874  79.4585 280.7091 15.28225175132236	2025-01-14		2025-01-14		2025-01-14								OPT_SM		KEYWORD_NEW	KEYWORD
FLOCK 4BE 1	60518	US	2026-05-20T05:11:24.363744	97.3779	15.41573054	0.00045585	448.6	93.41	MEDIUM	PAYLOAD	1 60518U 24149BC  26140.21625421  .00012512  00000-0  29958-3 0  9993	2 60518  97.3779 224.9384 0004558  55.6325 304.5352 15.41573054 98064	2024-08-16		2024-08-16		2024-08-16								OPT_SM		KEYWORD_NEW	KEYWORD
FLOCK 4BE 5	60559	US	2026-05-20T05:08:35.676384	97.3839	15.39386736	0.00039306	455.1	93.54	MEDIUM	PAYLOAD	1 60559U 24149CV  26140.21430181  .00010765  00000-0  27730-3 0  9999	2 60559  97.3839 223.9638 0003931  62.1460 298.0184 15.39386736 97979	2024-08-16		2024-08-16		2024-08-16								OPT_SM		KEYWORD_NEW	KEYWORD
FLOCK 4G 8	62613	US	2026-05-20T05:08:07.243008	97.4005	15.2914309	0.00052873	485.5	94.17	MEDIUM	PAYLOAD	1 62613U 25009E   26140.21397272  .00006835  00000-0  24423-3 0  9990	2 62613  97.4005 222.3486 0005287  70.1371 290.0438 15.29143090 74644	2025-01-14		2025-01-14		2025-01-14								OPT_SM		KEYWORD_NEW	KEYWORD
FLOCK 4BE 27	60513	US	2026-05-20T05:07:31.139040	97.3824	15.33907482	0.00048748	471.3	93.88	MEDIUM	PAYLOAD	1 60513U 24149AX  26140.21355485  .00006480  00000-0  19994-3 0  9994	2 60513  97.3824 222.0627 0004875  60.3099 299.8628 15.33907482 97857	2024-08-16		2024-08-16		2024-08-16								OPT_SM		KEYWORD_NEW	KEYWORD
FLOCK 4H 7	66710	US	2026-05-20T05:03:45.019872	97.419	15.19682053	0.00038998	513.9	94.76		PAYLOAD	1 66710U 25276AW  26140.21093773  .00004456  00000-0  21194-3 0  9996	2 66710  97.4190 214.2031 0003900 114.8895 245.2745 15.19682053 26178	2025-11-28		2025-11-28		2025-11-28								OPT_SM		KEYWORD_NEW	KEYWORD
FLOCK 4G 6	62660	US	2026-05-20T05:00:14.000832	97.3943	15.28961594	0.00047754	486.1	94.18	MEDIUM	PAYLOAD	1 62660U 25009BD  26140.20849538  .00006453  00000-0  23204-3 0  9990	2 62660  97.3943 221.7886 0004775  83.5385 276.6398 15.28961594132227	2025-01-14		2025-01-14		2025-01-14								OPT_SM		KEYWORD_NEW	KEYWORD
FLOCK 4BE 7	60481	US	2026-05-20T04:58:45.399360	97.3755	15.39069295	0.00025371	456	93.56	MEDIUM	PAYLOAD	1 60481U 24149P   26140.20746990  .00016890  00000-0  43811-3 0  9993	2 60481  97.3755 223.0648 0002537  35.5680 324.5734 15.39069295 97942	2024-08-16		2024-08-16		2024-08-16								OPT_SM		KEYWORD_NEW	KEYWORD
FLOCK 4G 14	62667	US	2026-05-20T04:58:16.260960	97.4025	15.28614559	0.00056077	487.1	94.2	MEDIUM	PAYLOAD	1 62667U 25009BL  26140.20713265  .00007023  00000-0  25492-3 0  9999	2 62667  97.4025 222.1687 0005608  69.6114 290.5727 15.28614559 74627	2025-01-14		2025-01-14		2025-01-14								OPT_SM		KEYWORD_NEW	KEYWORD
FLOCK 4BE 28	60519	US	2026-05-20T04:58:08.466816	97.3747	15.43841503	0.00045677	441.9	93.27	MEDIUM	PAYLOAD	1 60519U 24149BD  26140.20704244  .00013721  00000-0  30436-3 0  9990	2 60519  97.3747 225.5679 0004568  49.6507 310.5140 15.43841503 98128	2024-08-16		2024-08-16		2024-08-16								OPT_SM		KEYWORD_NEW	KEYWORD
FLOCK 4H 22	66725	US	2026-05-20T04:53:20.799744	97.4175	15.19789845	0.00042557	513.6	94.75		PAYLOAD	1 66725U 25276BM  26140.20371296  .00004513  00000-0  21394-3 0  9996	2 66725  97.4175 214.1822 0004256 118.4933 241.6732 15.19789845 26175	2025-11-28		2025-11-28		2025-11-28								OPT_SM		KEYWORD_NEW	KEYWORD
FLOCK 4BE 17	60492	US	2026-05-20T04:53:10.057632	97.3771	15.38888041	0.00027264	456.5	93.57	MEDIUM	PAYLOAD	1 60492U 24149AA  26140.20358863  .00011780  00000-0  30821-3 0  9993	2 60492  97.3771 223.3710 0002726  34.9226 325.2197 15.38888041 97953	2024-08-16		2024-08-16		2024-08-16								OPT_SM		KEYWORD_NEW	KEYWORD
FLOCK 4H 5	66708	TWN	2026-05-20T04:52:47.830368	97.4183	15.2025951	0.00022771	512.2	94.72		PAYLOAD	1 66708U 25276AU  26140.20333137  .00004113  00000-0  19268-3 0  9992	2 66708  97.4183 214.3554 0002277  91.6517 268.4979 15.20259510 26184	2025-11-28		2025-11-28		2025-11-28								OPT_SM		KEYWORD_NEW	KEYWORD
FLOCK 4G 30	62679	US	2026-05-20T04:52:10.718112	97.392	15.30068716	0.00044725	482.7	94.11	MEDIUM	PAYLOAD	1 62679U 25009BY  26140.20290183  .00026381  00000-0  90673-3 0  9992	2 62679  97.3920 221.5850 0004472  87.7365 272.4388 15.30068716132263	2025-01-14		2025-01-14		2025-01-14								OPT_SM		KEYWORD_NEW	KEYWORD
FLOCK 4G 22	62645	US	2026-05-20T04:50:54.548736	97.4007	15.28656131	0.00032948	487	94.2	MEDIUM	PAYLOAD	1 62645U 25009AN  26140.20202024  .00007076  00000-0  25658-3 0  9993	2 62645  97.4007 222.3654 0003295  65.6351 294.5232 15.28656131 74647	2025-01-14		2025-01-14		2025-01-14								OPT_SM		KEYWORD_NEW	KEYWORD
FLOCK 4G 27	62641	US	2026-05-20T04:47:26.818080	97.3934	15.28690931	0.00033325	486.9	94.2	MEDIUM	PAYLOAD	1 62641U 25009AJ  26140.19961595  .00007214  00000-0  26123-3 0  9994	2 62641  97.3934 221.7683 0003333  74.4182 285.7426 15.28690931 74620	2025-01-14		2025-01-14		2025-01-14								OPT_SM		KEYWORD_NEW	KEYWORD
FLOCK 4BE 20	60489	US	2026-05-20T04:45:59.925600	97.3695	15.37253614	0.00035615	461.4	93.67	MEDIUM	PAYLOAD	1 60489U 24149X   26140.19861025  .00009725  00000-0  26868-3 0  9998	2 60489  97.3695 222.1266 0003562  34.2583 325.8891 15.37253614 97919	2024-08-16		2024-08-16		2024-08-16								OPT_SM		KEYWORD_NEW	KEYWORD
FLOCK 4G 13	62621	US	2026-05-20T04:41:53.796192	97.3966	15.40701123	0.00034051	451.2	93.46	MEDIUM	PAYLOAD	1 62621U 25009N   26140.19576153  .00049864  00000-0  12169-2 0  9995	2 62621  97.3966 223.0400 0003405  86.8537 273.3098 15.40701123 74680	2025-01-14		2025-01-14		2025-01-14								OPT_SM		KEYWORD_NEW	KEYWORD
FLOCK 4H 13	66716	US	2026-05-20T04:41:01.534560	97.4227	15.20339233	0.00024693	512	94.72		PAYLOAD	1 66716U 25276BC  26140.19515665  .00002931  00000-0  13789-3 0  9995	2 66716  97.4227 214.4640 0002469  76.3587 283.7923 15.20339233 26189	2025-11-28		2025-11-28		2025-11-28								OPT_SM		KEYWORD_NEW	KEYWORD
FLOCK 4H 25	66728	US	2026-05-20T04:40:53.467392	97.4194	15.2032361	0.0001845	512	94.72		PAYLOAD	1 66728U 25276BQ  26140.19506328  .00003649  00000-0  17101-3 0  9993	2 66728  97.4194 214.3984 0001845  81.8826 278.2618 15.20323610 25461	2025-11-28		2025-11-28		2025-11-28								OPT_SM		KEYWORD_NEW	KEYWORD
FLOCK 4G 17	62681	US	2026-05-20T04:37:21.053856	97.3924	15.28915431	0.00060282	486.2	94.18	MEDIUM	PAYLOAD	1 62681U 25009CA  26140.19260479  .00007710  00000-0  27702-3 0  9996	2 62681  97.3924 221.7366 0006028  82.6559 277.5366 15.28915431132277	2025-01-14		2025-01-14		2025-01-14								OPT_SM		KEYWORD_NEW	KEYWORD
FLOCK 4Q 30	58286	US	2026-05-20T04:36:50.891616	97.3931	15.55655294	0.00045626	407.4	92.56	MEDIUM	PAYLOAD	1 58286U 23174AG  26140.19225569  .00030231  00000-0  44057-3 0  9990	2 58286  97.3931 231.5788 0004563 225.7890 134.2990 15.55655294141447	2023-11-11		2023-11-11		2023-11-11								OPT_SM		KEYWORD_NEW	KEYWORD
FLOCK 4G 1	62666	US	2026-05-20T04:36:25.680096	97.4021	15.29012645	0.00055125	485.9	94.18	MEDIUM	PAYLOAD	1 62666U 25009BK  26140.19196389  .00008124  00000-0  29087-3 0  9995	2 62666  97.4021 222.3212 0005513  74.3876 285.7973 15.29012645 74630	2025-01-14		2025-01-14		2025-01-14								OPT_SM		KEYWORD_NEW	KEYWORD
FLOCK 4BE 15	60491	US	2026-05-20T04:36:23.208192	97.3691	15.53424884	0.00029023	413.9	92.7	MEDIUM	PAYLOAD	1 60491U 24149Z   26140.19193528  .00091560  00000-0  14331-2 0  9996	2 60491  97.3691 224.6495 0002902 133.6827 226.4668 15.53424884 98074	2024-08-16		2024-08-16		2024-08-16								OPT_SM		KEYWORD_NEW	KEYWORD
FLOCK 4BE 19	60563	US	2026-05-20T04:32:38.542272	97.3741	15.43092121	0.00045391	444.1	93.32	MEDIUM	PAYLOAD	1 60563U 24149CZ  26140.18933498  .00013155  00000-0  29933-3 0  9992	2 60563  97.3741 225.2563 0004539  51.7893 308.3763 15.43092121 98108	2024-08-16		2024-08-16		2024-08-16								OPT_SM		KEYWORD_NEW	KEYWORD
FLOCK 4Q 16	58271	US	2026-05-20T04:32:12.225696	97.3825	15.479126	0.00049658	430	93.03	MEDIUM	PAYLOAD	1 58271U 23174R   26140.18903039  .00015904  00000-0  30672-3 0  9996	2 58271  97.3825 227.6774 0004966 251.2502 108.8210 15.47912600141243	2023-11-11		2023-11-11		2023-11-11								OPT_SM		KEYWORD_NEW	KEYWORD
FLOCK 4G 29	62642	US	2026-05-20T04:31:19.310016	97.4019	15.28817289	0.00037272	486.5	94.19	MEDIUM	PAYLOAD	1 62642U 25009AK  26140.18841794  .00008989  00000-0  32352-3 0  9993	2 62642  97.4019 222.2966 0003727  60.8611 299.3002 15.28817289 74627	2025-01-14		2025-01-14		2025-01-14								OPT_SM		KEYWORD_NEW	KEYWORD
FLOCK 4H 28	66731	US	2026-05-20T04:27:26.919936	97.4182	15.19289045	0.00061722	515.1	94.78		PAYLOAD	1 66731U 25276BT  26140.18572824  .00003827  00000-0  18450-3 0  9996	2 66731  97.4182 214.0728 0006172 107.9858 252.2050 15.19289045 26169	2025-11-28		2025-11-28		2025-11-28								OPT_SM		KEYWORD_NEW	KEYWORD
FLOCK 4G 25	62646	US	2026-05-20T04:23:51.023616	97.4014	15.28828633	0.00031021	486.4	94.19	MEDIUM	PAYLOAD	1 62646U 25009AP  26140.18322944  .00006852  00000-0  24723-3 0  9998	2 62646  97.4014 222.4029 0003102  75.9811 284.1774 15.28828633 74649	2025-01-14		2025-01-14		2025-01-14								OPT_SM		KEYWORD_NEW	KEYWORD
FLOCK 4G 7	62624	US	2026-05-20T04:22:48.096768	97.3943	15.28659431	0.00040569	487	94.2	MEDIUM	PAYLOAD	1 62624U 25009R   26140.18250112  .00008265  00000-0  29914-3 0  9998	2 62624  97.3943 221.6718 0004057  78.2648 281.9046 15.28659431 74628	2025-01-14		2025-01-14		2025-01-14								OPT_SM		KEYWORD_NEW	KEYWORD
FLOCK 4H 4	66707	US	2026-05-20T04:16:29.632800	97.4227	15.19349489	0.00063234	514.9	94.78		PAYLOAD	1 66707U 25276AT  26140.17812075  .00003943  00000-0  18970-3 0  9999	2 66707  97.4227 214.1882 0006323 100.8438 259.3509 15.19349489 26164	2025-11-28		2025-11-28		2025-11-28								OPT_SM		KEYWORD_NEW	KEYWORD
FLOCK 4BE 13	60512	US	2026-05-20T04:15:38.985120	97.372	15.41059384	0.00040902	450.1	93.44	MEDIUM	PAYLOAD	1 60512U 24149AW  26140.17753455  .00010224  00000-0  24943-3 0  9998	2 60512  97.3720 224.3158 0004090  32.0764 328.0731 15.41059384 98050	2024-08-16		2024-08-16		2024-08-16								OPT_SM		KEYWORD_NEW	KEYWORD
FLOCK 4BE 29	60509	US	2026-05-20T04:13:25.879872	97.3807	15.43133815	0.00034519	444	93.32	MEDIUM	PAYLOAD	1 60509U 24149AT  26140.17599398  .00013158  00000-0  29903-3 0  9998	2 60509  97.3807 225.6489 0003452  65.3710 294.7897 15.43133815 98094	2024-08-16		2024-08-16		2024-08-16								OPT_SM		KEYWORD_NEW	KEYWORD
FLOCK 4H 23	66726	US	2026-05-20T04:13:08.024448	97.4242	15.19381381	0.00062013	514.8	94.78		PAYLOAD	1 66726U 25276BN  26140.17578732  .00004198  00000-0  20155-3 0  9990	2 66726  97.4242 214.2241 0006201  96.2935 263.9007 15.19381381 26168	2025-11-28		2025-11-28		2025-11-28								OPT_SM		KEYWORD_NEW	KEYWORD
FLOCK 4G 9	62622	US	2026-05-20T04:12:06.562944	97.3958	15.2751933	0.00060067	490.4	94.27	MEDIUM	PAYLOAD	1 62622U 25009P   26140.17507596  .00006409  00000-0  24072-3 0  9994	2 62622  97.3958 221.3421 0006007  74.3212 285.8690 15.27519330 74586	2025-01-14		2025-01-14		2025-01-14								OPT_SM		KEYWORD_NEW	KEYWORD
FLOCK 4H 33	66736	US	2026-05-20T04:11:43.796544	97.4225	15.20573908	0.00032459	511.2	94.7		PAYLOAD	1 66736U 25276BY  26140.17481246  .00003698  00000-0  17200-3 0  9995	2 66736  97.4225 214.4902 0003246  61.7810 298.3753 15.20573908 26183	2025-11-28		2025-11-28		2025-11-28								OPT_SM		KEYWORD_NEW	KEYWORD
FLOCK 4H 16	66719	US	2026-05-20T04:08:50.912736	97.4238	15.19435365	0.00061006	514.7	94.77		PAYLOAD	1 66719U 25276BF  26140.17281149  .00004328  00000-0  20739-3 0  9998	2 66719  97.4238 214.2182 0006101 102.1761 258.0158 15.19435365 26166	2025-11-28		2025-11-28		2025-11-28								OPT_SM		KEYWORD_NEW	KEYWORD
FLOCK 4BE 14	60517	US	2026-05-20T04:07:20.716320	97.3695	15.40044707	0.00049868	453.1	93.5	MEDIUM	PAYLOAD	1 60517U 24149BB  26140.17176755  .00012424  00000-0  31281-3 0  9992	2 60517  97.3695 223.7146 0004987  55.6424 304.5294 15.40044707 98016	2024-08-16		2024-08-16		2024-08-16								OPT_SM		KEYWORD_NEW	KEYWORD
FLOCK 4G 21	62651	US	2026-05-20T04:06:09.613440	97.399	15.30024175	0.00028628	482.9	94.12	MEDIUM	PAYLOAD	1 62651U 25009AU  26140.17094460  .00008703  00000-0  30202-3 0  9998	2 62651  97.3990 222.7486 0002863  78.7205 281.4357 15.30024175 74670	2025-01-14		2025-01-14		2025-01-14								OPT_SM		KEYWORD_NEW	KEYWORD
FLOCK 4G 33	62685	US	2026-05-20T04:04:43.470912	97.3945	15.25100127	0.0007049	497.6	94.42	MEDIUM	PAYLOAD	1 62685U 25009CE  26140.16994758  .00004443  00000-0  18031-3 0  9996	2 62685  97.3945 220.3692 0007049  77.0327 283.1697 15.25100127 74535	2025-01-14		2025-01-14		2025-01-14								OPT_SM		KEYWORD_NEW	KEYWORD
FLOCK 4H 14	66717	US	2026-05-20T04:04:27.638976	97.4209	15.20656619	0.00021929	511	94.7		PAYLOAD	1 66717U 25276BD  26140.16976434  .00004049  00000-0  18756-3 0  9999	2 66717  97.4209 214.4652 0002193  78.2746 281.8735 15.20656619 25432	2025-11-28		2025-11-28		2025-11-28								OPT_SM		KEYWORD_NEW	KEYWORD
FLOCK 4H 30	66733	US	2026-05-20T04:02:59.110080	97.4237	15.19464601	0.00059681	514.6	94.77		PAYLOAD	1 66733U 25276BV  26140.16873970  .00004146  00000-0  19866-3 0  9999	2 66733  97.4237 214.2173 0005968 107.1715 253.0173 15.19464601 26162	2025-11-28		2025-11-28		2025-11-28								OPT_SM		KEYWORD_NEW	KEYWORD
FLOCK 4H 10	66713	US	2026-05-20T04:00:08.454528	97.4195	15.19473113	0.0006209	514.6	94.77		PAYLOAD	1 66713U 25276AZ  26140.16676452  .00004194  00000-0  20082-3 0  9998	2 66713  97.4195 214.1275 0006209 101.4138 258.7795 15.19473113 26160	2025-11-28		2025-11-28		2025-11-28								OPT_SM		KEYWORD_NEW	KEYWORD
FLOCK 4H 24	66727	US	2026-05-20T03:56:37.898592	97.424	15.19482146	0.0005658	514.5	94.77		PAYLOAD	1 66727U 25276BP  26140.16432753  .00004400  00000-0  21052-3 0  9995	2 66727  97.4240 214.2362 0005658 107.8202 252.3650 15.19482146 26169	2025-11-28		2025-11-28		2025-11-28								OPT_SM		KEYWORD_NEW	KEYWORD
FLOCK 4H 20	66723	US	2026-05-20T03:55:21.682560	97.4218	15.2081324	0.00036679	510.5	94.69		PAYLOAD	1 66723U 25276BK  26140.16344540  .00005273  00000-0  24216-3 0  9991	2 66723  97.4218 214.4938 0003668  62.1634 297.9973 15.20813240 25439	2025-11-28		2025-11-28		2025-11-28								OPT_SM		KEYWORD_NEW	KEYWORD
FLOCK 4H 11	66714	US	2026-05-20T03:53:29.022144	97.4204	15.21778245	0.00045471	507.6	94.63		PAYLOAD	1 66714U 25276BA  26140.16214146  .00009998  00000-0  44346-3 0  9993	2 66714  97.4204 214.4765 0004547 112.7492 247.4225 15.21778245 26182	2025-11-28		2025-11-28		2025-11-28								OPT_SM		KEYWORD_NEW	KEYWORD
FLOCK 4H 19	66722	US	2026-05-20T03:44:55.164192	97.4181	15.20685873	0.00025679	510.9	94.69		PAYLOAD	1 66722U 25276BJ  26140.15619403  .00004411  00000-0  20389-3 0  9992	2 66722  97.4181 214.4194 0002568  66.4157 293.7347 15.20685873 25478	2025-11-28		2025-11-28		2025-11-28								OPT_SM		KEYWORD_NEW	KEYWORD
FLOCK 4Q 4	58327	US	2026-05-20T03:44:22.123104	97.3821	15.4734095	0.00047128	431.6	93.06	MEDIUM	PAYLOAD	1 58327U 23174BZ  26140.15581161  .00015761  00000-0  31004-3 0  9994	2 58327  97.3821 227.2754 0004713 248.1854 111.8895 15.47340950141224	2023-11-11		2023-11-11		2023-11-11								OPT_SM		KEYWORD_NEW	KEYWORD
FLOCK 4H 17	66720	US	2026-05-20T03:42:57.560832	97.4219	15.21967181	0.00042597	507	94.61		PAYLOAD	1 66720U 25276BG  26140.15483288  .00012051  00000-0  53081-3 0  9994	2 66720  97.4219 214.5390 0004260  77.1380 283.0331 15.21967181 26185	2025-11-28		2025-11-28		2025-11-28								OPT_SM		KEYWORD_NEW	KEYWORD
FLOCK 4H 12	66715	US	2026-05-20T03:39:59.220000	97.4191	15.20113618	0.00036615	512.6	94.73		PAYLOAD	1 66715U 25276BB  26140.15276875  .00004514  00000-0  21201-3 0  9994	2 66715  97.4191 214.2870 0003661  80.3455 279.8194 15.20113618 26481	2025-11-28		2025-11-28		2025-11-28								OPT_SM		KEYWORD_NEW	KEYWORD
FLOCK 4H 27	66730	US	2026-05-20T03:39:48.464064	97.4168	15.20110874	0.00022498	512.6	94.73		PAYLOAD	1 66730U 25276BS  26140.15264426  .00009024  00000-0  42057-3 0  9993	2 66730  97.4168 214.2449 0002250  88.8627 271.2866 15.20110874 26170	2025-11-28		2025-11-28		2025-11-28								OPT_SM		KEYWORD_NEW	KEYWORD
NUSAT-41 (C PAYNE-G)	56944	ARGN	2026-05-20T15:42:07.809120	97.5488	15.29977967	0.00079502	483	94.12	MEDIUM	PAYLOAD	1 56944U 23084N   26140.65425705  .00008107  00000-0  28178-3 0  9997	2 56944  97.5488 276.9302 0007950  68.6609 291.5479 15.29977967163577	2023-06-12		2023-06-12		2023-06-12								OPT_SM		KEYWORD_NEW	KEYWORD
NUSAT-42 (M WONENBURGER)	56966	ARGN	2026-05-20T15:13:01.894944	97.5694	15.44041866	0.00051196	441.3	93.26	MEDIUM	PAYLOAD	1 56966U 23084AL  26140.63404971  .00016337  00000-0  35950-3 0  9991	2 56966  97.5694 283.5745 0005120   0.0884   0.0363 15.44041866163827	2023-06-12		2023-06-12		2023-06-12								OPT_SM		KEYWORD_NEW	KEYWORD
NUSAT-54(BRANCA MARQUES)	68442	ARGN	2026-05-20T14:44:56.120352	97.4531	15.17432321	0.0005357	520.7	94.9		PAYLOAD	1 68442U 26067AC  26140.61453843  .00003479  00000-0  17723-3 0  9998	2 68442  97.4531  99.4248 0005357 143.4728 216.6871 15.17432321  7759	2026-03-30		2026-03-30		2026-03-30								OPT_SM		KEYWORD_NEW	KEYWORD
NUSAT-40 (C SHOEMAKER)	56943	ARGN	2026-05-20T14:41:51.041184	97.4852	15.70814314	0.00018249	363.7	91.67	MEDIUM	PAYLOAD	1 56943U 23084M   26140.61239631  .00061936  00000-0  49724-3 0  9992	2 56943  97.4852 285.0497 0001825 329.4415  30.6741 15.70814314164470	2023-06-12		2023-06-12		2023-06-12								OPT_SM		KEYWORD_NEW	KEYWORD
NUSAT-44 MARIA MITCHELL	59122	ARGN	2026-05-20T14:39:14.392800	97.5422	15.29942972	0.00060401	483.1	94.12	MEDIUM	PAYLOAD	1 59122U 24043AA  26140.61058325  .00007542  00000-0  26274-3 0  9997	2 59122  97.5422 280.4582 0006040 339.1073  20.9919 15.29942972123056	2024-03-04		2024-03-04		2024-03-04								OPT_SM		KEYWORD_NEW	KEYWORD
NUSAT-45 (UZMASAT-1)	62640	ARGN	2026-05-20T12:38:54.421728	97.3594	15.30012575	0.00034319	482.9	94.12	MEDIUM	PAYLOAD	1 62640U 25009AH  26140.52701877  .00006458  00000-0  22488-3 0  9994	2 62640  97.3594 221.9851 0003432  83.3837 276.7794 15.30012575 74696	2025-01-14		2025-01-14		2025-01-14								OPT_SM		KEYWORD_NEW	KEYWORD
NUSAT-51 (YVONNE BRILL)	66740	ARGN	2026-05-20T12:15:52.447680	97.4211	15.19899732	0.0004804	513.3	94.74		PAYLOAD	1 66740U 25276CC  26140.51102370  .00004049  00000-0  19168-3 0  9992	2 66740  97.4211 214.6236 0004804  95.1531 265.0252 15.19899732 26221	2025-11-28		2025-11-28		2025-11-28								OPT_SM		KEYWORD_NEW	KEYWORD
NUSAT-50 (NANCY ROMAN)	60493	ARGN	2026-05-20T11:54:26.607456	97.3785	15.29320757	0.00018158	485	94.16	MEDIUM	PAYLOAD	1 60493U 24149AB  26140.49614129  .00006569  00000-0  23362-3 0  9996	2 60493  97.3785 221.9561 0001816 310.0396  50.0685 15.29320757 97895	2024-08-16		2024-08-16		2024-08-16								OPT_SM		KEYWORD_NEW	KEYWORD
NUSAT-48 (H. LEAVITT)	60498	ARGN	2026-05-20T11:48:37.416672	97.3903	15.2993811	0.00043006	483.1	94.12	MEDIUM	PAYLOAD	1 60498U 24149AG  26140.49209973  .00006800  00000-0  23720-3 0  9994	2 60498  97.3903 222.1322 0004301  35.9323 324.2206 15.29938110 97900	2024-08-16		2024-08-16		2024-08-16								OPT_SM		KEYWORD_NEW	KEYWORD
NUSAT-49(K.VON NEUMANN)	60500	ARGN	2026-05-20T11:17:59.513280	97.3775	15.29981458	0.00033025	483	94.12	MEDIUM	PAYLOAD	1 60500U 24149AJ  26140.47082770  .00006243  00000-0  21769-3 0  9992	2 60500  97.3775 221.9476 0003302  68.6059 291.5534 15.29981458 97898	2024-08-16		2024-08-16		2024-08-16								OPT_SM		KEYWORD_NEW	KEYWORD
NUSAT-47	66743	ARGN	2026-05-20T10:50:18.760128	97.4193	15.19947095	0.00034212	513.1	94.74		PAYLOAD	1 66743U 25276CF  26140.45160602  .00003767  00000-0  17831-3 0  9991	2 66743  97.4193 214.5145 0003421 100.6903 259.4718 15.19947095 26219	2025-11-28		2025-11-28		2025-11-28								OPT_SM		KEYWORD_NEW	KEYWORD
NUSAT-52	66692	ARGN	2026-05-20T10:10:46.022592	97.421	15.19390689	0.00047314	514.8	94.78		PAYLOAD	1 66692U 25276AC  26140.42414378  .00003835  00000-0  18439-3 0  9994	2 66692  97.4210 214.4431 0004731 107.3443 252.8310 15.19390689 26202	2025-11-28		2025-11-28		2025-11-28								OPT_SM		KEYWORD_NEW	KEYWORD
NUSAT-53 (JANE GOODALL)	68432	ARGN	2026-05-20T07:46:29.985888	97.455	15.18244985	0.00042525	518.3	94.85		PAYLOAD	1 68432U 26067S   26140.32395817  .00003514  00000-0  17489-3 0  9990	2 68432  97.4550  99.2127 0004252 106.5838 253.5864 15.18244985  7714	2026-03-30		2026-03-30		2026-03-30								OPT_SM		KEYWORD_NEW	KEYWORD
PELICAN-9 3010	69019	US	2026-05-20T15:27:30.752352	97.4066	15.20346412	0.00065454	511.9	94.72		PAYLOAD	1 69019U 26100AR  26140.64410593  .00001507  00000-0  72397-4 0  9994	2 69019  97.4066  38.9603 0006545 114.1502 246.0419 15.20346412  2626	2026-05-03		2026-05-03		2026-05-03								OPT_SM		KEYWORD_NEW	KEYWORD
PELICAN-7 300E	69017	US	2026-05-20T06:00:04.106592	97.4074	15.20197927	0.0006173	512.4	94.72		PAYLOAD	1 69017U 26100AP  26140.25004753  .00001511  00000-0  72902-4 0  9993	2 69017  97.4074  38.5767 0006173 113.6181 246.5703 15.20197927  2563	2026-05-03		2026-05-03		2026-05-03								OPT_SM		KEYWORD_NEW	KEYWORD
PELICAN-2 3009	62631	US	2026-05-20T05:56:18.288096	97.315	15.40588989	0.0002563	451.5	93.47	LARGE	PAYLOAD	1 62631U 25009Y   26140.24743389  .00000211  00000-0  72235-5 0  9995	2 62631  97.3150 231.1418 0002563  58.4435 301.7062 15.40588989 75255	2025-01-14		2025-01-14		2025-01-14								OPT_SM		KEYWORD_NEW	KEYWORD
PELICAN-5 300C	66667	US	2026-05-20T04:50:50.760096	97.4141	15.28750867	0.0004969	486.7	94.19		PAYLOAD	1 66667U 25276B   26140.20197639  .00007070  00000-0  25557-3 0  9994	2 66667  97.4141 215.2734 0004969  83.3848 276.7957 15.28750867 26241	2025-11-28		2025-11-28		2025-11-28								OPT_SM		KEYWORD_NEW	KEYWORD
PELICAN-4 300B	65316	US	2026-05-20T04:49:32.709792	97.1987	15.40678621	0.0002171	451.2	93.47	MEDIUM	PAYLOAD	1 65316U 25188B   26140.20107303  .00000807  00000-0  21773-4 0  9993	2 65316  97.1987 216.9216 0002171  96.2387 263.9107 15.40678621 41000	2025-08-26		2025-08-26		2025-08-26								OPT_SM		KEYWORD_NEW	KEYWORD
PELICAN-6 300D	66703	US	2026-05-20T04:45:59.397696	97.4139	15.29111539	0.00010179	485.6	94.17		PAYLOAD	1 66703U 25276AP  26140.19860414  .00003239  00000-0  11734-3 0  9996	2 66703  97.4139 215.4428 0001018  35.7266 324.4042 15.29111539 26253	2025-11-28		2025-11-28		2025-11-28								OPT_SM		KEYWORD_NEW	KEYWORD
PELICAN-3 300A	65315	US	2026-05-20T04:27:08.553024	97.1967	15.40735166	0.00025719	451.1	93.46	MEDIUM	PAYLOAD	1 65315U 25188A   26140.18551566  .00006020  00000-0  14931-3 0  9993	2 65315  97.1967 216.7582 0002572 111.3541 248.7981 15.40735166 41006	2025-08-26		2025-08-26		2025-08-26								OPT_SM		KEYWORD_NEW	KEYWORD
PELICAN-1 3001	58296	US	2026-05-19T05:43:58.952064	97.3888	15.72777135	0.0001816	358.1	91.56	LARGE	PAYLOAD	1 58296U 23174AS  26139.23887676  .00019658  00000-0  14673-3 0  9998	2 58296  97.3888 237.7821 0001816  13.3633 346.7678 15.72777135141619	2023-11-11		2023-11-11		2023-11-11								OPT_SM		KEYWORD_NEW	KEYWORD
TANAGER-1 4001	60507	US	2026-05-20T15:07:29.577216	97.3099	15.44642768	0.00055285	439.6	93.22	MEDIUM	PAYLOAD	1 60507U 24149AR  26140.63020344  .00010509  00000-0  22738-3 0  9993	2 60507  97.3099 234.8135 0005528  52.3882 307.7868 15.44642768 98789	2024-08-16		2024-08-16		2024-08-16								OPT_SM		KEYWORD_NEW	KEYWORD
